/*--------------------------------*- C++ -*----------------------------------*\
| =========                 |                                                 |
| \\      /  F ield         | OpenFOAM: The Open Source CFD Toolbox           |
|  \\    /   O peration     | Version:  2412                                  |
|   \\  /    A nd           | Website:  www.openfoam.com                      |
|    \\/     M anipulation  |                                                 |
\*---------------------------------------------------------------------------*/
FoamFile
{
    version     2.0;
    format      ascii;
    arch        "LSB;label=32;scalar=64";
    class       volVectorField;
    location    "0";
    object      C;
}
// * * * * * * * * * * * * * * * * * * * * * * * * * * * * * * * * * * * * * //

dimensions      [0 1 0 0 0 0 0];

internalField   nonuniform List<vector> 
18190
(
(0.00453382 0.0699883 0.5)
(0.00453381 0.0699716 0.5)
(0.00453381 0.0699538 0.5)
(0.00453381 0.0699347 0.5)
(0.00453381 0.0699143 0.5)
(0.00453381 0.0698924 0.5)
(0.00453381 0.0698691 0.5)
(0.00453381 0.0698441 0.5)
(0.00453381 0.0698174 0.5)
(0.00453381 0.0697888 0.5)
(0.00453381 0.0697583 0.5)
(0.00453381 0.0697256 0.5)
(0.00453381 0.0696906 0.5)
(0.00453381 0.0696532 0.5)
(0.0045338 0.0696133 0.5)
(0.0045338 0.0695705 0.5)
(0.0045338 0.0695248 0.5)
(0.0045338 0.0694758 0.5)
(0.0045338 0.0694235 0.5)
(0.0045338 0.0693676 0.5)
(0.0045338 0.0693077 0.5)
(0.00453379 0.0692437 0.5)
(0.00453379 0.0691753 0.5)
(0.00453379 0.0691021 0.5)
(0.00453379 0.0690238 0.5)
(0.00453379 0.06894 0.5)
(0.00453378 0.0688504 0.5)
(0.00453378 0.0687546 0.5)
(0.00453378 0.0686522 0.5)
(0.00453377 0.0685426 0.5)
(0.00453377 0.0684254 0.5)
(0.00453377 0.0683001 0.5)
(0.00453376 0.068166 0.5)
(0.00453376 0.0680227 0.5)
(0.00453376 0.0678693 0.5)
(0.00453375 0.0677053 0.5)
(0.00453375 0.0675299 0.5)
(0.00453374 0.0673423 0.5)
(0.00453373 0.0671417 0.5)
(0.00453373 0.0669271 0.5)
(0.00453372 0.0666976 0.5)
(0.00453372 0.0664521 0.5)
(0.00453371 0.0661896 0.5)
(0.0045337 0.0659088 0.5)
(0.00453369 0.0656085 0.5)
(0.00453368 0.0652874 0.5)
(0.00453367 0.0649439 0.5)
(0.00453366 0.0645765 0.5)
(0.00453365 0.0641836 0.5)
(0.00453364 0.0637634 0.5)
(0.00453363 0.0633139 0.5)
(0.00453361 0.0628333 0.5)
(0.0045336 0.0623191 0.5)
(0.00453358 0.0617693 0.5)
(0.00453357 0.0611812 0.5)
(0.00453355 0.0605523 0.5)
(0.00453353 0.0598796 0.5)
(0.00453351 0.0591602 0.5)
(0.00453349 0.0583907 0.5)
(0.00453346 0.0575678 0.5)
(0.00453344 0.0566877 0.5)
(0.00453341 0.0557463 0.5)
(0.00453338 0.0547395 0.5)
(0.00453335 0.0536628 0.5)
(0.00453332 0.0525112 0.5)
(0.00453329 0.0512795 0.5)
(0.00453325 0.0499622 0.5)
(0.00453321 0.0485533 0.5)
(0.00453317 0.0470465 0.5)
(0.00453312 0.0454349 0.5)
(0.00453307 0.0437113 0.5)
(0.00453302 0.0418678 0.5)
(0.00453296 0.0398963 0.5)
(0.00453291 0.0377876 0.5)
(0.00453284 0.0355324 0.5)
(0.00453277 0.0331203 0.5)
(0.0045327 0.0305406 0.5)
(0.00453262 0.0277816 0.5)
(0.00453254 0.0248307 0.5)
(0.00453245 0.0216748 0.5)
(0.00453235 0.0182994 0.5)
(0.00453225 0.0146893 0.5)
(0.00453214 0.0108283 0.5)
(0.00453203 0.00669892 0.5)
(0.0045319 0.00228243 0.5)
(0.0135788 0.069974 0.5)
(0.0135788 0.0699573 0.5)
(0.0135788 0.0699395 0.5)
(0.0135788 0.0699204 0.5)
(0.0135788 0.0699 0.5)
(0.0135788 0.0698781 0.5)
(0.0135788 0.0698548 0.5)
(0.0135788 0.0698298 0.5)
(0.0135788 0.0698031 0.5)
(0.0135788 0.0697745 0.5)
(0.0135787 0.069744 0.5)
(0.0135787 0.0697113 0.5)
(0.0135787 0.0696763 0.5)
(0.0135787 0.069639 0.5)
(0.0135787 0.069599 0.5)
(0.0135787 0.0695562 0.5)
(0.0135787 0.0695105 0.5)
(0.0135787 0.0694616 0.5)
(0.0135787 0.0694093 0.5)
(0.0135787 0.0693533 0.5)
(0.0135787 0.0692935 0.5)
(0.0135787 0.0692295 0.5)
(0.0135787 0.0691611 0.5)
(0.0135787 0.0690879 0.5)
(0.0135787 0.0690096 0.5)
(0.0135787 0.0689259 0.5)
(0.0135787 0.0688363 0.5)
(0.0135787 0.0687406 0.5)
(0.0135787 0.0686381 0.5)
(0.0135786 0.0685286 0.5)
(0.0135786 0.0684114 0.5)
(0.0135786 0.0682861 0.5)
(0.0135786 0.0681521 0.5)
(0.0135786 0.0680087 0.5)
(0.0135786 0.0678554 0.5)
(0.0135786 0.0676914 0.5)
(0.0135786 0.0675161 0.5)
(0.0135785 0.0673285 0.5)
(0.0135785 0.0671279 0.5)
(0.0135785 0.0669134 0.5)
(0.0135785 0.0666839 0.5)
(0.0135785 0.0664385 0.5)
(0.0135784 0.066176 0.5)
(0.0135784 0.0658953 0.5)
(0.0135784 0.0655951 0.5)
(0.0135784 0.065274 0.5)
(0.0135783 0.0649306 0.5)
(0.0135783 0.0645633 0.5)
(0.0135783 0.0641704 0.5)
(0.0135782 0.0637503 0.5)
(0.0135782 0.063301 0.5)
(0.0135782 0.0628204 0.5)
(0.0135781 0.0623064 0.5)
(0.0135781 0.0617566 0.5)
(0.013578 0.0611687 0.5)
(0.013578 0.0605399 0.5)
(0.0135779 0.0598674 0.5)
(0.0135779 0.0591481 0.5)
(0.0135778 0.0583788 0.5)
(0.0135777 0.057556 0.5)
(0.0135776 0.056676 0.5)
(0.0135776 0.0557349 0.5)
(0.0135775 0.0547283 0.5)
(0.0135774 0.0536518 0.5)
(0.0135773 0.0525004 0.5)
(0.0135772 0.051269 0.5)
(0.0135771 0.0499519 0.5)
(0.013577 0.0485433 0.5)
(0.0135768 0.0470368 0.5)
(0.0135767 0.0454256 0.5)
(0.0135765 0.0437023 0.5)
(0.0135764 0.0418593 0.5)
(0.0135762 0.0398881 0.5)
(0.013576 0.0377799 0.5)
(0.0135759 0.0355251 0.5)
(0.0135757 0.0331136 0.5)
(0.0135754 0.0305344 0.5)
(0.0135752 0.0277759 0.5)
(0.013575 0.0248257 0.5)
(0.0135747 0.0216703 0.5)
(0.0135744 0.0182956 0.5)
(0.0135741 0.0146863 0.5)
(0.0135738 0.0108261 0.5)
(0.0135734 0.00669755 0.5)
(0.013573 0.00228197 0.5)
(0.0225785 0.0699455 0.5)
(0.0225785 0.0699288 0.5)
(0.0225785 0.069911 0.5)
(0.0225785 0.0698919 0.5)
(0.0225785 0.0698715 0.5)
(0.0225785 0.0698497 0.5)
(0.0225784 0.0698263 0.5)
(0.0225784 0.0698014 0.5)
(0.0225784 0.0697747 0.5)
(0.0225784 0.0697461 0.5)
(0.0225784 0.0697156 0.5)
(0.0225784 0.0696829 0.5)
(0.0225784 0.069648 0.5)
(0.0225784 0.0696106 0.5)
(0.0225784 0.0695706 0.5)
(0.0225784 0.0695279 0.5)
(0.0225784 0.0694822 0.5)
(0.0225784 0.0694333 0.5)
(0.0225784 0.069381 0.5)
(0.0225784 0.0693251 0.5)
(0.0225784 0.0692653 0.5)
(0.0225784 0.0692013 0.5)
(0.0225784 0.0691329 0.5)
(0.0225783 0.0690598 0.5)
(0.0225783 0.0689815 0.5)
(0.0225783 0.0688978 0.5)
(0.0225783 0.0688083 0.5)
(0.0225783 0.0687126 0.5)
(0.0225783 0.0686102 0.5)
(0.0225783 0.0685007 0.5)
(0.0225782 0.0683835 0.5)
(0.0225782 0.0682583 0.5)
(0.0225782 0.0681243 0.5)
(0.0225782 0.067981 0.5)
(0.0225782 0.0678278 0.5)
(0.0225781 0.0676639 0.5)
(0.0225781 0.0674886 0.5)
(0.0225781 0.0673011 0.5)
(0.0225781 0.0671006 0.5)
(0.022578 0.0668861 0.5)
(0.022578 0.0666568 0.5)
(0.022578 0.0664115 0.5)
(0.0225779 0.0661491 0.5)
(0.0225779 0.0658685 0.5)
(0.0225779 0.0655684 0.5)
(0.0225778 0.0652474 0.5)
(0.0225778 0.0649041 0.5)
(0.0225777 0.064537 0.5)
(0.0225777 0.0641443 0.5)
(0.0225776 0.0637243 0.5)
(0.0225775 0.0632752 0.5)
(0.0225775 0.0627948 0.5)
(0.0225774 0.062281 0.5)
(0.0225773 0.0617315 0.5)
(0.0225772 0.0611438 0.5)
(0.0225771 0.0605152 0.5)
(0.0225771 0.059843 0.5)
(0.0225769 0.059124 0.5)
(0.0225768 0.058355 0.5)
(0.0225767 0.0575326 0.5)
(0.0225766 0.056653 0.5)
(0.0225765 0.0557122 0.5)
(0.0225763 0.054706 0.5)
(0.0225762 0.0536299 0.5)
(0.022576 0.052479 0.5)
(0.0225758 0.0512481 0.5)
(0.0225757 0.0499316 0.5)
(0.0225755 0.0485236 0.5)
(0.0225753 0.0470177 0.5)
(0.022575 0.0454071 0.5)
(0.0225748 0.0436845 0.5)
(0.0225745 0.0418422 0.5)
(0.0225743 0.0398718 0.5)
(0.022574 0.0377645 0.5)
(0.0225736 0.0355106 0.5)
(0.0225733 0.0331001 0.5)
(0.0225729 0.0305219 0.5)
(0.0225726 0.0277646 0.5)
(0.0225721 0.0248156 0.5)
(0.0225717 0.0216615 0.5)
(0.0225712 0.0182882 0.5)
(0.0225707 0.0146803 0.5)
(0.0225702 0.0108217 0.5)
(0.0225696 0.00669482 0.5)
(0.022569 0.00228104 0.5)
(0.0315331 0.0699031 0.5)
(0.0315331 0.0698864 0.5)
(0.0315331 0.0698686 0.5)
(0.0315331 0.0698495 0.5)
(0.0315331 0.0698291 0.5)
(0.0315331 0.0698073 0.5)
(0.0315331 0.069784 0.5)
(0.0315331 0.0697591 0.5)
(0.0315331 0.0697324 0.5)
(0.0315331 0.0697038 0.5)
(0.0315331 0.0696733 0.5)
(0.0315331 0.0696407 0.5)
(0.0315331 0.0696058 0.5)
(0.031533 0.0695684 0.5)
(0.031533 0.0695285 0.5)
(0.031533 0.0694858 0.5)
(0.031533 0.0694401 0.5)
(0.031533 0.0693912 0.5)
(0.031533 0.069339 0.5)
(0.031533 0.0692831 0.5)
(0.031533 0.0692233 0.5)
(0.031533 0.0691594 0.5)
(0.031533 0.069091 0.5)
(0.0315329 0.0690179 0.5)
(0.0315329 0.0689397 0.5)
(0.0315329 0.0688561 0.5)
(0.0315329 0.0687666 0.5)
(0.0315329 0.0686709 0.5)
(0.0315329 0.0685686 0.5)
(0.0315328 0.0684591 0.5)
(0.0315328 0.0683421 0.5)
(0.0315328 0.0682169 0.5)
(0.0315328 0.068083 0.5)
(0.0315327 0.0679398 0.5)
(0.0315327 0.0677867 0.5)
(0.0315327 0.0676229 0.5)
(0.0315326 0.0674477 0.5)
(0.0315326 0.0672603 0.5)
(0.0315326 0.0670599 0.5)
(0.0315325 0.0668456 0.5)
(0.0315325 0.0666164 0.5)
(0.0315324 0.0663712 0.5)
(0.0315324 0.066109 0.5)
(0.0315323 0.0658286 0.5)
(0.0315323 0.0655287 0.5)
(0.0315322 0.0652079 0.5)
(0.0315321 0.0648648 0.5)
(0.0315321 0.0644979 0.5)
(0.031532 0.0641054 0.5)
(0.0315319 0.0636857 0.5)
(0.0315318 0.0632368 0.5)
(0.0315317 0.0627567 0.5)
(0.0315316 0.0622433 0.5)
(0.0315315 0.0616941 0.5)
(0.0315314 0.0611067 0.5)
(0.0315313 0.0604786 0.5)
(0.0315311 0.0598067 0.5)
(0.031531 0.0590882 0.5)
(0.0315309 0.0583196 0.5)
(0.0315307 0.0574977 0.5)
(0.0315305 0.0566186 0.5)
(0.0315303 0.0556784 0.5)
(0.0315301 0.0546729 0.5)
(0.0315299 0.0535974 0.5)
(0.0315297 0.0524472 0.5)
(0.0315295 0.051217 0.5)
(0.0315292 0.0499013 0.5)
(0.0315289 0.0484942 0.5)
(0.0315287 0.0469892 0.5)
(0.0315283 0.0453796 0.5)
(0.031528 0.0436581 0.5)
(0.0315276 0.0418169 0.5)
(0.0315273 0.0398477 0.5)
(0.0315269 0.0377416 0.5)
(0.0315264 0.0354891 0.5)
(0.0315259 0.03308 0.5)
(0.0315254 0.0305034 0.5)
(0.0315249 0.0277478 0.5)
(0.0315243 0.0248005 0.5)
(0.0315237 0.0216484 0.5)
(0.0315231 0.0182771 0.5)
(0.0315224 0.0146715 0.5)
(0.0315216 0.0108152 0.5)
(0.0315208 0.00669076 0.5)
(0.03152 0.00227965 0.5)
(0.0404429 0.0698471 0.5)
(0.0404429 0.0698304 0.5)
(0.0404429 0.0698126 0.5)
(0.0404429 0.0697936 0.5)
(0.0404429 0.0697732 0.5)
(0.0404429 0.0697514 0.5)
(0.0404429 0.0697281 0.5)
(0.0404429 0.0697032 0.5)
(0.0404429 0.0696765 0.5)
(0.0404429 0.069648 0.5)
(0.0404429 0.0696175 0.5)
(0.0404428 0.0695849 0.5)
(0.0404428 0.06955 0.5)
(0.0404428 0.0695127 0.5)
(0.0404428 0.0694728 0.5)
(0.0404428 0.0694301 0.5)
(0.0404428 0.0693845 0.5)
(0.0404428 0.0693356 0.5)
(0.0404428 0.0692834 0.5)
(0.0404428 0.0692276 0.5)
(0.0404427 0.0691679 0.5)
(0.0404427 0.069104 0.5)
(0.0404427 0.0690357 0.5)
(0.0404427 0.0689626 0.5)
(0.0404427 0.0688845 0.5)
(0.0404427 0.0688009 0.5)
(0.0404426 0.0687115 0.5)
(0.0404426 0.0686159 0.5)
(0.0404426 0.0685137 0.5)
(0.0404426 0.0684043 0.5)
(0.0404425 0.0682873 0.5)
(0.0404425 0.0681623 0.5)
(0.0404425 0.0680285 0.5)
(0.0404424 0.0678854 0.5)
(0.0404424 0.0677324 0.5)
(0.0404423 0.0675687 0.5)
(0.0404423 0.0673936 0.5)
(0.0404423 0.0672064 0.5)
(0.0404422 0.0670062 0.5)
(0.0404422 0.066792 0.5)
(0.0404421 0.066563 0.5)
(0.040442 0.066318 0.5)
(0.040442 0.066056 0.5)
(0.0404419 0.0657758 0.5)
(0.0404418 0.0654761 0.5)
(0.0404417 0.0651556 0.5)
(0.0404417 0.0648128 0.5)
(0.0404416 0.0644462 0.5)
(0.0404415 0.0640541 0.5)
(0.0404414 0.0636347 0.5)
(0.0404413 0.0631862 0.5)
(0.0404411 0.0627065 0.5)
(0.040441 0.0621934 0.5)
(0.0404409 0.0616447 0.5)
(0.0404407 0.0610578 0.5)
(0.0404406 0.0604301 0.5)
(0.0404404 0.0597588 0.5)
(0.0404402 0.0590408 0.5)
(0.04044 0.0582729 0.5)
(0.0404398 0.0574516 0.5)
(0.0404396 0.0565733 0.5)
(0.0404394 0.0556338 0.5)
(0.0404391 0.0546291 0.5)
(0.0404389 0.0535545 0.5)
(0.0404386 0.0524052 0.5)
(0.0404383 0.051176 0.5)
(0.040438 0.0498614 0.5)
(0.0404376 0.0484553 0.5)
(0.0404372 0.0469515 0.5)
(0.0404368 0.0453432 0.5)
(0.0404364 0.0436231 0.5)
(0.040436 0.0417834 0.5)
(0.0404355 0.0398157 0.5)
(0.0404349 0.0377114 0.5)
(0.0404344 0.0354607 0.5)
(0.0404338 0.0330535 0.5)
(0.0404332 0.030479 0.5)
(0.0404325 0.0277255 0.5)
(0.0404317 0.0247806 0.5)
(0.040431 0.021631 0.5)
(0.0404301 0.0182624 0.5)
(0.0404292 0.0146597 0.5)
(0.0404283 0.0108065 0.5)
(0.0404273 0.0066854 0.5)
(0.0404262 0.00227783 0.5)
(0.0493081 0.0697777 0.5)
(0.0493081 0.0697611 0.5)
(0.0493081 0.0697433 0.5)
(0.0493081 0.0697243 0.5)
(0.049308 0.0697039 0.5)
(0.049308 0.0696821 0.5)
(0.049308 0.0696589 0.5)
(0.049308 0.069634 0.5)
(0.049308 0.0696073 0.5)
(0.049308 0.0695788 0.5)
(0.049308 0.0695484 0.5)
(0.049308 0.0695158 0.5)
(0.049308 0.0694809 0.5)
(0.049308 0.0694437 0.5)
(0.049308 0.0694038 0.5)
(0.0493079 0.0693612 0.5)
(0.0493079 0.0693156 0.5)
(0.0493079 0.0692668 0.5)
(0.0493079 0.0692146 0.5)
(0.0493079 0.0691588 0.5)
(0.0493079 0.0690992 0.5)
(0.0493078 0.0690354 0.5)
(0.0493078 0.0689671 0.5)
(0.0493078 0.0688941 0.5)
(0.0493078 0.0688161 0.5)
(0.0493078 0.0687326 0.5)
(0.0493077 0.0686433 0.5)
(0.0493077 0.0685478 0.5)
(0.0493077 0.0684456 0.5)
(0.0493076 0.0683364 0.5)
(0.0493076 0.0682195 0.5)
(0.0493076 0.0680946 0.5)
(0.0493075 0.0679609 0.5)
(0.0493075 0.067818 0.5)
(0.0493074 0.0676651 0.5)
(0.0493074 0.0675016 0.5)
(0.0493073 0.0673267 0.5)
(0.0493073 0.0671397 0.5)
(0.0493072 0.0669397 0.5)
(0.0493072 0.0667257 0.5)
(0.0493071 0.0664969 0.5)
(0.049307 0.0662522 0.5)
(0.0493069 0.0659905 0.5)
(0.0493069 0.0657105 0.5)
(0.0493068 0.0654111 0.5)
(0.0493067 0.0650909 0.5)
(0.0493066 0.0647485 0.5)
(0.0493065 0.0643822 0.5)
(0.0493063 0.0639905 0.5)
(0.0493062 0.0635715 0.5)
(0.0493061 0.0631234 0.5)
(0.0493059 0.0626442 0.5)
(0.0493058 0.0621316 0.5)
(0.0493056 0.0615835 0.5)
(0.0493054 0.0609972 0.5)
(0.0493053 0.0603701 0.5)
(0.0493051 0.0596995 0.5)
(0.0493048 0.0589822 0.5)
(0.0493046 0.0582151 0.5)
(0.0493044 0.0573946 0.5)
(0.0493041 0.0565171 0.5)
(0.0493038 0.0555786 0.5)
(0.0493035 0.0545748 0.5)
(0.0493032 0.0535013 0.5)
(0.0493028 0.0523532 0.5)
(0.0493025 0.0511252 0.5)
(0.0493021 0.0498118 0.5)
(0.0493017 0.0484072 0.5)
(0.0493012 0.0469049 0.5)
(0.0493007 0.0452982 0.5)
(0.0493002 0.0435798 0.5)
(0.0492997 0.0417419 0.5)
(0.0492991 0.0397762 0.5)
(0.0492984 0.0376739 0.5)
(0.0492978 0.0354255 0.5)
(0.0492971 0.0330207 0.5)
(0.0492963 0.0304487 0.5)
(0.0492955 0.027698 0.5)
(0.0492946 0.024756 0.5)
(0.0492936 0.0216095 0.5)
(0.0492926 0.0182443 0.5)
(0.0492915 0.0146451 0.5)
(0.0492904 0.0107958 0.5)
(0.0492892 0.00667876 0.5)
(0.0492878 0.00227557 0.5)
(0.0581288 0.0696953 0.5)
(0.0581288 0.0696787 0.5)
(0.0581288 0.069661 0.5)
(0.0581288 0.0696419 0.5)
(0.0581288 0.0696216 0.5)
(0.0581288 0.0695999 0.5)
(0.0581288 0.0695766 0.5)
(0.0581287 0.0695517 0.5)
(0.0581287 0.0695251 0.5)
(0.0581287 0.0694967 0.5)
(0.0581287 0.0694662 0.5)
(0.0581287 0.0694337 0.5)
(0.0581287 0.0693989 0.5)
(0.0581287 0.0693617 0.5)
(0.0581287 0.0693218 0.5)
(0.0581286 0.0692793 0.5)
(0.0581286 0.0692337 0.5)
(0.0581286 0.069185 0.5)
(0.0581286 0.0691329 0.5)
(0.0581286 0.0690772 0.5)
(0.0581286 0.0690176 0.5)
(0.0581285 0.0689539 0.5)
(0.0581285 0.0688857 0.5)
(0.0581285 0.0688128 0.5)
(0.0581285 0.0687348 0.5)
(0.0581284 0.0686514 0.5)
(0.0581284 0.0685622 0.5)
(0.0581284 0.0684668 0.5)
(0.0581283 0.0683648 0.5)
(0.0581283 0.0682557 0.5)
(0.0581282 0.068139 0.5)
(0.0581282 0.0680142 0.5)
(0.0581282 0.0678807 0.5)
(0.0581281 0.0677379 0.5)
(0.0581281 0.0675852 0.5)
(0.058128 0.0674219 0.5)
(0.0581279 0.0672472 0.5)
(0.0581279 0.0670604 0.5)
(0.0581278 0.0668606 0.5)
(0.0581277 0.0666469 0.5)
(0.0581276 0.0664184 0.5)
(0.0581276 0.066174 0.5)
(0.0581275 0.0659125 0.5)
(0.0581274 0.0656329 0.5)
(0.0581273 0.0653339 0.5)
(0.0581272 0.0650141 0.5)
(0.058127 0.064672 0.5)
(0.0581269 0.0643062 0.5)
(0.0581268 0.0639149 0.5)
(0.0581266 0.0634965 0.5)
(0.0581265 0.0630489 0.5)
(0.0581263 0.0625702 0.5)
(0.0581261 0.0620583 0.5)
(0.0581259 0.0615107 0.5)
(0.0581257 0.0609251 0.5)
(0.0581255 0.0602988 0.5)
(0.0581253 0.059629 0.5)
(0.058125 0.0589125 0.5)
(0.0581248 0.0581463 0.5)
(0.0581245 0.0573268 0.5)
(0.0581242 0.0564504 0.5)
(0.0581238 0.055513 0.5)
(0.0581235 0.0545104 0.5)
(0.0581231 0.0534381 0.5)
(0.0581227 0.0522913 0.5)
(0.0581223 0.0510648 0.5)
(0.0581218 0.049753 0.5)
(0.0581213 0.04835 0.5)
(0.0581208 0.0468495 0.5)
(0.0581202 0.0452447 0.5)
(0.0581196 0.0435283 0.5)
(0.058119 0.0416926 0.5)
(0.0581183 0.0397292 0.5)
(0.0581176 0.0376294 0.5)
(0.0581168 0.0353836 0.5)
(0.058116 0.0329817 0.5)
(0.0581151 0.0304128 0.5)
(0.0581141 0.0276653 0.5)
(0.0581131 0.0247268 0.5)
(0.058112 0.021584 0.5)
(0.0581108 0.0182228 0.5)
(0.0581095 0.0146278 0.5)
(0.0581082 0.010783 0.5)
(0.0581067 0.00667088 0.5)
(0.0581052 0.00227288 0.5)
(0.0669053 0.0696002 0.5)
(0.0669053 0.0695836 0.5)
(0.0669053 0.0695659 0.5)
(0.0669053 0.0695469 0.5)
(0.0669053 0.0695266 0.5)
(0.0669052 0.0695049 0.5)
(0.0669052 0.0694816 0.5)
(0.0669052 0.0694568 0.5)
(0.0669052 0.0694302 0.5)
(0.0669052 0.0694018 0.5)
(0.0669052 0.0693714 0.5)
(0.0669052 0.0693389 0.5)
(0.0669052 0.0693042 0.5)
(0.0669052 0.069267 0.5)
(0.0669051 0.0692272 0.5)
(0.0669051 0.0691847 0.5)
(0.0669051 0.0691392 0.5)
(0.0669051 0.0690906 0.5)
(0.0669051 0.0690385 0.5)
(0.066905 0.0689829 0.5)
(0.066905 0.0689234 0.5)
(0.066905 0.0688597 0.5)
(0.066905 0.0687917 0.5)
(0.0669049 0.0687189 0.5)
(0.0669049 0.068641 0.5)
(0.0669049 0.0685577 0.5)
(0.0669048 0.0684686 0.5)
(0.0669048 0.0683734 0.5)
(0.0669048 0.0682715 0.5)
(0.0669047 0.0681625 0.5)
(0.0669047 0.068046 0.5)
(0.0669046 0.0679213 0.5)
(0.0669046 0.067788 0.5)
(0.0669045 0.0676454 0.5)
(0.0669044 0.067493 0.5)
(0.0669044 0.0673299 0.5)
(0.0669043 0.0671554 0.5)
(0.0669042 0.0669689 0.5)
(0.0669042 0.0667694 0.5)
(0.0669041 0.066556 0.5)
(0.066904 0.0663277 0.5)
(0.0669039 0.0660836 0.5)
(0.0669038 0.0658226 0.5)
(0.0669037 0.0655434 0.5)
(0.0669036 0.0652447 0.5)
(0.0669034 0.0649253 0.5)
(0.0669033 0.0645838 0.5)
(0.0669031 0.0642184 0.5)
(0.066903 0.0638277 0.5)
(0.0669028 0.0634098 0.5)
(0.0669026 0.0629628 0.5)
(0.0669025 0.0624848 0.5)
(0.0669022 0.0619736 0.5)
(0.066902 0.0614268 0.5)
(0.0669018 0.060842 0.5)
(0.0669015 0.0602165 0.5)
(0.0669013 0.0595476 0.5)
(0.066901 0.0588321 0.5)
(0.0669007 0.058067 0.5)
(0.0669004 0.0572486 0.5)
(0.0669 0.0563733 0.5)
(0.0668996 0.0554372 0.5)
(0.0668992 0.054436 0.5)
(0.0668988 0.0533652 0.5)
(0.0668984 0.05222 0.5)
(0.0668979 0.0509951 0.5)
(0.0668974 0.0496851 0.5)
(0.0668968 0.0482841 0.5)
(0.0668962 0.0467856 0.5)
(0.0668956 0.0451829 0.5)
(0.0668949 0.0434689 0.5)
(0.0668942 0.0416357 0.5)
(0.0668934 0.039675 0.5)
(0.0668925 0.0375781 0.5)
(0.0668916 0.0353353 0.5)
(0.0668907 0.0329367 0.5)
(0.0668897 0.0303713 0.5)
(0.0668886 0.0276275 0.5)
(0.0668874 0.0246931 0.5)
(0.0668862 0.0215546 0.5)
(0.0668848 0.0181979 0.5)
(0.0668834 0.0146079 0.5)
(0.0668819 0.0107683 0.5)
(0.0668802 0.00666177 0.5)
(0.0668785 0.00226978 0.5)
(0.0756377 0.0694927 0.5)
(0.0756377 0.0694761 0.5)
(0.0756377 0.0694584 0.5)
(0.0756377 0.0694394 0.5)
(0.0756377 0.0694192 0.5)
(0.0756377 0.0693975 0.5)
(0.0756377 0.0693743 0.5)
(0.0756377 0.0693495 0.5)
(0.0756377 0.069323 0.5)
(0.0756377 0.0692946 0.5)
(0.0756376 0.0692643 0.5)
(0.0756376 0.0692318 0.5)
(0.0756376 0.0691971 0.5)
(0.0756376 0.06916 0.5)
(0.0756376 0.0691203 0.5)
(0.0756376 0.0690778 0.5)
(0.0756375 0.0690324 0.5)
(0.0756375 0.0689838 0.5)
(0.0756375 0.0689319 0.5)
(0.0756375 0.0688763 0.5)
(0.0756374 0.0688169 0.5)
(0.0756374 0.0687534 0.5)
(0.0756374 0.0686854 0.5)
(0.0756374 0.0686127 0.5)
(0.0756373 0.0685349 0.5)
(0.0756373 0.0684518 0.5)
(0.0756372 0.0683629 0.5)
(0.0756372 0.0682677 0.5)
(0.0756372 0.068166 0.5)
(0.0756371 0.0680572 0.5)
(0.0756371 0.0679408 0.5)
(0.075637 0.0678164 0.5)
(0.0756369 0.0676833 0.5)
(0.0756369 0.0675409 0.5)
(0.0756368 0.0673887 0.5)
(0.0756367 0.0672258 0.5)
(0.0756367 0.0670517 0.5)
(0.0756366 0.0668654 0.5)
(0.0756365 0.0666662 0.5)
(0.0756364 0.0664531 0.5)
(0.0756363 0.0662252 0.5)
(0.0756362 0.0659815 0.5)
(0.0756361 0.0657209 0.5)
(0.0756359 0.0654421 0.5)
(0.0756358 0.0651439 0.5)
(0.0756357 0.064825 0.5)
(0.0756355 0.064484 0.5)
(0.0756354 0.0641192 0.5)
(0.0756352 0.0637291 0.5)
(0.075635 0.0633118 0.5)
(0.0756348 0.0628656 0.5)
(0.0756346 0.0623883 0.5)
(0.0756344 0.0618778 0.5)
(0.0756341 0.0613319 0.5)
(0.0756339 0.060748 0.5)
(0.0756336 0.0601235 0.5)
(0.0756333 0.0594556 0.5)
(0.075633 0.0587412 0.5)
(0.0756326 0.0579772 0.5)
(0.0756323 0.0571601 0.5)
(0.0756319 0.0562862 0.5)
(0.0756315 0.0553515 0.5)
(0.075631 0.0543519 0.5)
(0.0756305 0.0532828 0.5)
(0.07563 0.0521393 0.5)
(0.0756295 0.0509163 0.5)
(0.0756289 0.0496084 0.5)
(0.0756283 0.0482095 0.5)
(0.0756276 0.0467133 0.5)
(0.0756269 0.0451131 0.5)
(0.0756262 0.0434017 0.5)
(0.0756254 0.0415713 0.5)
(0.0756245 0.0396137 0.5)
(0.0756236 0.03752 0.5)
(0.0756226 0.0352807 0.5)
(0.0756215 0.0328858 0.5)
(0.0756204 0.0303244 0.5)
(0.0756191 0.0275849 0.5)
(0.0756178 0.0246549 0.5)
(0.0756165 0.0215213 0.5)
(0.075615 0.0181698 0.5)
(0.0756134 0.0145853 0.5)
(0.0756117 0.0107517 0.5)
(0.0756099 0.00665148 0.5)
(0.0756079 0.00226627 0.5)
(0.0843264 0.0693731 0.5)
(0.0843264 0.0693565 0.5)
(0.0843264 0.0693388 0.5)
(0.0843264 0.0693199 0.5)
(0.0843263 0.0692997 0.5)
(0.0843263 0.069278 0.5)
(0.0843263 0.0692549 0.5)
(0.0843263 0.0692301 0.5)
(0.0843263 0.0692036 0.5)
(0.0843263 0.0691753 0.5)
(0.0843263 0.069145 0.5)
(0.0843263 0.0691126 0.5)
(0.0843262 0.069078 0.5)
(0.0843262 0.0690409 0.5)
(0.0843262 0.0690013 0.5)
(0.0843262 0.0689589 0.5)
(0.0843262 0.0689136 0.5)
(0.0843261 0.0688651 0.5)
(0.0843261 0.0688132 0.5)
(0.0843261 0.0687578 0.5)
(0.0843261 0.0686985 0.5)
(0.084326 0.068635 0.5)
(0.084326 0.0685672 0.5)
(0.084326 0.0684946 0.5)
(0.0843259 0.068417 0.5)
(0.0843259 0.068334 0.5)
(0.0843258 0.0682452 0.5)
(0.0843258 0.0681502 0.5)
(0.0843257 0.0680487 0.5)
(0.0843257 0.0679401 0.5)
(0.0843256 0.0678239 0.5)
(0.0843256 0.0676997 0.5)
(0.0843255 0.0675668 0.5)
(0.0843254 0.0674247 0.5)
(0.0843254 0.0672727 0.5)
(0.0843253 0.0671101 0.5)
(0.0843252 0.0669363 0.5)
(0.0843251 0.0667503 0.5)
(0.084325 0.0665514 0.5)
(0.0843249 0.0663388 0.5)
(0.0843248 0.0661113 0.5)
(0.0843247 0.065868 0.5)
(0.0843245 0.0656078 0.5)
(0.0843244 0.0653294 0.5)
(0.0843243 0.0650318 0.5)
(0.0843241 0.0647135 0.5)
(0.0843239 0.064373 0.5)
(0.0843238 0.0640088 0.5)
(0.0843236 0.0636194 0.5)
(0.0843234 0.0632028 0.5)
(0.0843232 0.0627574 0.5)
(0.0843229 0.0622809 0.5)
(0.0843227 0.0617713 0.5)
(0.0843224 0.0612263 0.5)
(0.0843221 0.0606434 0.5)
(0.0843218 0.06002 0.5)
(0.0843215 0.0593532 0.5)
(0.0843212 0.0586401 0.5)
(0.0843208 0.0578774 0.5)
(0.0843204 0.0570617 0.5)
(0.08432 0.0561893 0.5)
(0.0843195 0.0552563 0.5)
(0.084319 0.0542583 0.5)
(0.0843185 0.053191 0.5)
(0.0843179 0.0520496 0.5)
(0.0843173 0.0508287 0.5)
(0.0843167 0.049523 0.5)
(0.084316 0.0481265 0.5)
(0.0843153 0.0466329 0.5)
(0.0843145 0.0450355 0.5)
(0.0843137 0.043327 0.5)
(0.0843128 0.0414998 0.5)
(0.0843118 0.0395455 0.5)
(0.0843108 0.0374554 0.5)
(0.0843097 0.03522 0.5)
(0.0843086 0.0328292 0.5)
(0.0843073 0.0302722 0.5)
(0.084306 0.0275374 0.5)
(0.0843046 0.0246125 0.5)
(0.084303 0.0214842 0.5)
(0.0843014 0.0181385 0.5)
(0.0842997 0.0145602 0.5)
(0.0842978 0.0107331 0.5)
(0.0842958 0.00664003 0.5)
(0.0842937 0.00226237 0.5)
(0.0929714 0.0692417 0.5)
(0.0929714 0.0692252 0.5)
(0.0929714 0.0692076 0.5)
(0.0929714 0.0691887 0.5)
(0.0929714 0.0691685 0.5)
(0.0929714 0.0691469 0.5)
(0.0929713 0.0691238 0.5)
(0.0929713 0.0690991 0.5)
(0.0929713 0.0690726 0.5)
(0.0929713 0.0690444 0.5)
(0.0929713 0.0690141 0.5)
(0.0929713 0.0689818 0.5)
(0.0929712 0.0689472 0.5)
(0.0929712 0.0689102 0.5)
(0.0929712 0.0688707 0.5)
(0.0929712 0.0688284 0.5)
(0.0929712 0.0687831 0.5)
(0.0929711 0.0687347 0.5)
(0.0929711 0.068683 0.5)
(0.0929711 0.0686276 0.5)
(0.092971 0.0685684 0.5)
(0.092971 0.0685051 0.5)
(0.092971 0.0684373 0.5)
(0.0929709 0.0683649 0.5)
(0.0929709 0.0682875 0.5)
(0.0929709 0.0682046 0.5)
(0.0929708 0.068116 0.5)
(0.0929708 0.0680212 0.5)
(0.0929707 0.0679199 0.5)
(0.0929706 0.0678114 0.5)
(0.0929706 0.0676955 0.5)
(0.0929705 0.0675715 0.5)
(0.0929705 0.0674389 0.5)
(0.0929704 0.067297 0.5)
(0.0929703 0.0671453 0.5)
(0.0929702 0.0669831 0.5)
(0.0929701 0.0668095 0.5)
(0.09297 0.0666239 0.5)
(0.0929699 0.0664255 0.5)
(0.0929698 0.0662132 0.5)
(0.0929697 0.0659861 0.5)
(0.0929696 0.0657433 0.5)
(0.0929694 0.0654835 0.5)
(0.0929693 0.0652058 0.5)
(0.0929691 0.0649087 0.5)
(0.0929689 0.0645909 0.5)
(0.0929688 0.0642511 0.5)
(0.0929686 0.0638877 0.5)
(0.0929684 0.0634989 0.5)
(0.0929681 0.0630832 0.5)
(0.0929679 0.0626385 0.5)
(0.0929677 0.062163 0.5)
(0.0929674 0.0616544 0.5)
(0.0929671 0.0611104 0.5)
(0.0929668 0.0605286 0.5)
(0.0929665 0.0599064 0.5)
(0.0929661 0.0592409 0.5)
(0.0929657 0.0585291 0.5)
(0.0929653 0.0577679 0.5)
(0.0929649 0.0569537 0.5)
(0.0929644 0.056083 0.5)
(0.092964 0.0551517 0.5)
(0.0929634 0.0541556 0.5)
(0.0929629 0.0530903 0.5)
(0.0929623 0.051951 0.5)
(0.0929616 0.0507325 0.5)
(0.0929609 0.0494292 0.5)
(0.0929602 0.0480354 0.5)
(0.0929594 0.0465446 0.5)
(0.0929586 0.0449502 0.5)
(0.0929577 0.043245 0.5)
(0.0929567 0.0414212 0.5)
(0.0929557 0.0394707 0.5)
(0.0929546 0.0373845 0.5)
(0.0929534 0.0351533 0.5)
(0.0929521 0.032767 0.5)
(0.0929508 0.0302148 0.5)
(0.0929493 0.0274852 0.5)
(0.0929478 0.0245659 0.5)
(0.0929461 0.0214436 0.5)
(0.0929444 0.0181042 0.5)
(0.0929425 0.0145326 0.5)
(0.0929405 0.0107128 0.5)
(0.0929383 0.00662746 0.5)
(0.092936 0.00225808 0.5)
(0.101573 0.069099 0.5)
(0.101573 0.0690825 0.5)
(0.101573 0.0690649 0.5)
(0.101573 0.0690461 0.5)
(0.101573 0.0690259 0.5)
(0.101573 0.0690044 0.5)
(0.101573 0.0689813 0.5)
(0.101573 0.0689566 0.5)
(0.101573 0.0689303 0.5)
(0.101573 0.0689021 0.5)
(0.101573 0.0688719 0.5)
(0.101573 0.0688396 0.5)
(0.101573 0.0688051 0.5)
(0.101573 0.0687682 0.5)
(0.101573 0.0687287 0.5)
(0.101573 0.0686865 0.5)
(0.101573 0.0686413 0.5)
(0.101573 0.068593 0.5)
(0.101573 0.0685414 0.5)
(0.101573 0.0684861 0.5)
(0.101573 0.0684271 0.5)
(0.101573 0.0683639 0.5)
(0.101573 0.0682963 0.5)
(0.101573 0.068224 0.5)
(0.101572 0.0681467 0.5)
(0.101572 0.068064 0.5)
(0.101572 0.0679756 0.5)
(0.101572 0.067881 0.5)
(0.101572 0.0677799 0.5)
(0.101572 0.0676717 0.5)
(0.101572 0.067556 0.5)
(0.101572 0.0674322 0.5)
(0.101572 0.0672999 0.5)
(0.101572 0.0671583 0.5)
(0.101572 0.0670069 0.5)
(0.101572 0.066845 0.5)
(0.101572 0.0666718 0.5)
(0.101572 0.0664866 0.5)
(0.101571 0.0662885 0.5)
(0.101571 0.0660767 0.5)
(0.101571 0.0658501 0.5)
(0.101571 0.0656078 0.5)
(0.101571 0.0653486 0.5)
(0.101571 0.0650714 0.5)
(0.101571 0.0647749 0.5)
(0.10157 0.0644578 0.5)
(0.10157 0.0641187 0.5)
(0.10157 0.063756 0.5)
(0.10157 0.0633681 0.5)
(0.10157 0.0629532 0.5)
(0.101569 0.0625094 0.5)
(0.101569 0.0620349 0.5)
(0.101569 0.0615273 0.5)
(0.101568 0.0609844 0.5)
(0.101568 0.0604038 0.5)
(0.101568 0.0597829 0.5)
(0.101567 0.0591188 0.5)
(0.101567 0.0584085 0.5)
(0.101567 0.0576488 0.5)
(0.101566 0.0568363 0.5)
(0.101566 0.0559674 0.5)
(0.101565 0.055038 0.5)
(0.101564 0.054044 0.5)
(0.101564 0.0529809 0.5)
(0.101563 0.0518439 0.5)
(0.101563 0.0506279 0.5)
(0.101562 0.0493273 0.5)
(0.101561 0.0479364 0.5)
(0.10156 0.0464487 0.5)
(0.101559 0.0448576 0.5)
(0.101558 0.0431559 0.5)
(0.101557 0.0413359 0.5)
(0.101556 0.0393893 0.5)
(0.101555 0.0373075 0.5)
(0.101554 0.0350809 0.5)
(0.101552 0.0326995 0.5)
(0.101551 0.0301526 0.5)
(0.101549 0.0274286 0.5)
(0.101548 0.0245152 0.5)
(0.101546 0.0213994 0.5)
(0.101544 0.0180669 0.5)
(0.101542 0.0145027 0.5)
(0.10154 0.0106907 0.5)
(0.101538 0.0066138 0.5)
(0.101535 0.00225343 0.5)
(0.110131 0.0689453 0.5)
(0.110131 0.0689289 0.5)
(0.110131 0.0689113 0.5)
(0.110131 0.0688925 0.5)
(0.110131 0.0688723 0.5)
(0.110131 0.0688508 0.5)
(0.110131 0.0688278 0.5)
(0.110131 0.0688032 0.5)
(0.110131 0.0687769 0.5)
(0.110131 0.0687488 0.5)
(0.110131 0.0687187 0.5)
(0.110131 0.0686865 0.5)
(0.110131 0.068652 0.5)
(0.110131 0.0686152 0.5)
(0.110131 0.0685758 0.5)
(0.110131 0.0685337 0.5)
(0.110131 0.0684886 0.5)
(0.110131 0.0684404 0.5)
(0.110131 0.0683889 0.5)
(0.110131 0.0683338 0.5)
(0.110131 0.0682748 0.5)
(0.110131 0.0682118 0.5)
(0.110131 0.0681443 0.5)
(0.110131 0.0680722 0.5)
(0.110131 0.0679951 0.5)
(0.110131 0.0679126 0.5)
(0.110131 0.0678244 0.5)
(0.110131 0.06773 0.5)
(0.110131 0.0676291 0.5)
(0.110131 0.0675211 0.5)
(0.11013 0.0674057 0.5)
(0.11013 0.0672822 0.5)
(0.11013 0.0671501 0.5)
(0.11013 0.0670089 0.5)
(0.11013 0.0668579 0.5)
(0.11013 0.0666963 0.5)
(0.11013 0.0665235 0.5)
(0.11013 0.0663387 0.5)
(0.11013 0.0661411 0.5)
(0.11013 0.0659297 0.5)
(0.110129 0.0657036 0.5)
(0.110129 0.0654618 0.5)
(0.110129 0.0652032 0.5)
(0.110129 0.0649266 0.5)
(0.110129 0.0646308 0.5)
(0.110129 0.0643144 0.5)
(0.110128 0.063976 0.5)
(0.110128 0.0636141 0.5)
(0.110128 0.0632271 0.5)
(0.110128 0.0628131 0.5)
(0.110127 0.0623704 0.5)
(0.110127 0.0618968 0.5)
(0.110127 0.0613904 0.5)
(0.110127 0.0608488 0.5)
(0.110126 0.0602695 0.5)
(0.110126 0.0596499 0.5)
(0.110125 0.0589872 0.5)
(0.110125 0.0582785 0.5)
(0.110125 0.0575205 0.5)
(0.110124 0.0567099 0.5)
(0.110124 0.0558428 0.5)
(0.110123 0.0549155 0.5)
(0.110122 0.0539238 0.5)
(0.110122 0.052863 0.5)
(0.110121 0.0517286 0.5)
(0.11012 0.0505153 0.5)
(0.11012 0.0492176 0.5)
(0.110119 0.0478297 0.5)
(0.110118 0.0463453 0.5)
(0.110117 0.0447578 0.5)
(0.110116 0.0430599 0.5)
(0.110115 0.0412439 0.5)
(0.110114 0.0393017 0.5)
(0.110112 0.0372245 0.5)
(0.110111 0.0350028 0.5)
(0.11011 0.0326267 0.5)
(0.110108 0.0300855 0.5)
(0.110106 0.0273676 0.5)
(0.110105 0.0244607 0.5)
(0.110103 0.0213517 0.5)
(0.110101 0.0180267 0.5)
(0.110099 0.0144704 0.5)
(0.110096 0.010667 0.5)
(0.110094 0.00659908 0.5)
(0.110091 0.00224841 0.5)
(0.118647 0.0687809 0.5)
(0.118647 0.0687645 0.5)
(0.118647 0.068747 0.5)
(0.118647 0.0687282 0.5)
(0.118647 0.0687081 0.5)
(0.118647 0.0686867 0.5)
(0.118647 0.0686637 0.5)
(0.118647 0.0686392 0.5)
(0.118647 0.0686129 0.5)
(0.118647 0.0685849 0.5)
(0.118647 0.0685548 0.5)
(0.118647 0.0685227 0.5)
(0.118647 0.0684883 0.5)
(0.118647 0.0684516 0.5)
(0.118647 0.0684123 0.5)
(0.118647 0.0683703 0.5)
(0.118647 0.0683253 0.5)
(0.118646 0.0682773 0.5)
(0.118646 0.0682259 0.5)
(0.118646 0.0681709 0.5)
(0.118646 0.0681121 0.5)
(0.118646 0.0680492 0.5)
(0.118646 0.0679819 0.5)
(0.118646 0.0679099 0.5)
(0.118646 0.067833 0.5)
(0.118646 0.0677507 0.5)
(0.118646 0.0676627 0.5)
(0.118646 0.0675685 0.5)
(0.118646 0.0674678 0.5)
(0.118646 0.0673601 0.5)
(0.118646 0.067245 0.5)
(0.118646 0.0671218 0.5)
(0.118646 0.0669901 0.5)
(0.118646 0.0668491 0.5)
(0.118645 0.0666985 0.5)
(0.118645 0.0665373 0.5)
(0.118645 0.0663649 0.5)
(0.118645 0.0661805 0.5)
(0.118645 0.0659834 0.5)
(0.118645 0.0657725 0.5)
(0.118645 0.0655469 0.5)
(0.118645 0.0653057 0.5)
(0.118644 0.0650477 0.5)
(0.118644 0.0647718 0.5)
(0.118644 0.0644767 0.5)
(0.118644 0.0641611 0.5)
(0.118644 0.0638235 0.5)
(0.118643 0.0634625 0.5)
(0.118643 0.0630763 0.5)
(0.118643 0.0626634 0.5)
(0.118643 0.0622217 0.5)
(0.118642 0.0617493 0.5)
(0.118642 0.061244 0.5)
(0.118642 0.0607037 0.5)
(0.118641 0.0601258 0.5)
(0.118641 0.0595077 0.5)
(0.118641 0.0588466 0.5)
(0.11864 0.0581396 0.5)
(0.11864 0.0573834 0.5)
(0.118639 0.0565747 0.5)
(0.118639 0.0557097 0.5)
(0.118638 0.0547846 0.5)
(0.118637 0.0537952 0.5)
(0.118637 0.052737 0.5)
(0.118636 0.0516053 0.5)
(0.118635 0.0503948 0.5)
(0.118634 0.0491003 0.5)
(0.118633 0.0477157 0.5)
(0.118633 0.0462348 0.5)
(0.118631 0.0446511 0.5)
(0.11863 0.0429572 0.5)
(0.118629 0.0411456 0.5)
(0.118628 0.039208 0.5)
(0.118627 0.0371357 0.5)
(0.118625 0.0349194 0.5)
(0.118624 0.032549 0.5)
(0.118622 0.0300138 0.5)
(0.11862 0.0273023 0.5)
(0.118619 0.0244024 0.5)
(0.118617 0.0213008 0.5)
(0.118615 0.0179837 0.5)
(0.118612 0.0144359 0.5)
(0.11861 0.0106415 0.5)
(0.118607 0.00658335 0.5)
(0.118605 0.00224305 0.5)
(0.127119 0.0686063 0.5)
(0.127119 0.0685899 0.5)
(0.127119 0.0685724 0.5)
(0.127119 0.0685537 0.5)
(0.127119 0.0685337 0.5)
(0.127119 0.0685123 0.5)
(0.127119 0.0684894 0.5)
(0.127119 0.0684649 0.5)
(0.127119 0.0684387 0.5)
(0.127119 0.0684107 0.5)
(0.127119 0.0683807 0.5)
(0.127119 0.0683487 0.5)
(0.127119 0.0683144 0.5)
(0.127119 0.0682778 0.5)
(0.127119 0.0682386 0.5)
(0.127119 0.0681967 0.5)
(0.127119 0.0681518 0.5)
(0.127119 0.0681039 0.5)
(0.127119 0.0680526 0.5)
(0.127119 0.0679978 0.5)
(0.127119 0.0679391 0.5)
(0.127119 0.0678764 0.5)
(0.127119 0.0678093 0.5)
(0.127119 0.0677375 0.5)
(0.127119 0.0676607 0.5)
(0.127119 0.0675786 0.5)
(0.127119 0.0674908 0.5)
(0.127119 0.0673969 0.5)
(0.127119 0.0672965 0.5)
(0.127118 0.0671891 0.5)
(0.127118 0.0670742 0.5)
(0.127118 0.0669514 0.5)
(0.127118 0.06682 0.5)
(0.127118 0.0666794 0.5)
(0.127118 0.0665291 0.5)
(0.127118 0.0663683 0.5)
(0.127118 0.0661964 0.5)
(0.127118 0.0660125 0.5)
(0.127118 0.0658158 0.5)
(0.127117 0.0656055 0.5)
(0.127117 0.0653805 0.5)
(0.127117 0.0651399 0.5)
(0.127117 0.0648826 0.5)
(0.127117 0.0646073 0.5)
(0.127117 0.064313 0.5)
(0.127116 0.0639981 0.5)
(0.127116 0.0636614 0.5)
(0.127116 0.0633013 0.5)
(0.127116 0.0629162 0.5)
(0.127115 0.0625042 0.5)
(0.127115 0.0620637 0.5)
(0.127115 0.0615925 0.5)
(0.127114 0.0610885 0.5)
(0.127114 0.0605495 0.5)
(0.127114 0.0599731 0.5)
(0.127113 0.0593566 0.5)
(0.127113 0.0586972 0.5)
(0.127112 0.057992 0.5)
(0.127112 0.0572377 0.5)
(0.127111 0.056431 0.5)
(0.127111 0.0555682 0.5)
(0.12711 0.0546455 0.5)
(0.127109 0.0536586 0.5)
(0.127109 0.0526031 0.5)
(0.127108 0.0514742 0.5)
(0.127107 0.0502669 0.5)
(0.127106 0.0489756 0.5)
(0.127105 0.0475945 0.5)
(0.127104 0.0461174 0.5)
(0.127103 0.0445377 0.5)
(0.127102 0.0428481 0.5)
(0.127101 0.0410411 0.5)
(0.1271 0.0391084 0.5)
(0.127098 0.0370414 0.5)
(0.127097 0.0348307 0.5)
(0.127095 0.0324663 0.5)
(0.127094 0.0299376 0.5)
(0.127092 0.027233 0.5)
(0.12709 0.0243404 0.5)
(0.127088 0.0212467 0.5)
(0.127086 0.017938 0.5)
(0.127083 0.0143993 0.5)
(0.127081 0.0106145 0.5)
(0.127078 0.00656663 0.5)
(0.127075 0.00223736 0.5)
(0.135549 0.0684217 0.5)
(0.135549 0.0684054 0.5)
(0.135549 0.068388 0.5)
(0.135549 0.0683693 0.5)
(0.135549 0.0683493 0.5)
(0.135549 0.068328 0.5)
(0.135549 0.0683052 0.5)
(0.135549 0.0682807 0.5)
(0.135549 0.0682546 0.5)
(0.135549 0.0682267 0.5)
(0.135549 0.0681968 0.5)
(0.135549 0.0681649 0.5)
(0.135549 0.0681307 0.5)
(0.135549 0.0680941 0.5)
(0.135549 0.0680551 0.5)
(0.135549 0.0680132 0.5)
(0.135549 0.0679685 0.5)
(0.135549 0.0679207 0.5)
(0.135549 0.0678696 0.5)
(0.135549 0.0678149 0.5)
(0.135549 0.0677564 0.5)
(0.135549 0.0676938 0.5)
(0.135549 0.0676269 0.5)
(0.135549 0.0675553 0.5)
(0.135549 0.0674787 0.5)
(0.135549 0.0673969 0.5)
(0.135549 0.0673093 0.5)
(0.135549 0.0672157 0.5)
(0.135549 0.0671155 0.5)
(0.135548 0.0670084 0.5)
(0.135548 0.0668938 0.5)
(0.135548 0.0667713 0.5)
(0.135548 0.0666402 0.5)
(0.135548 0.0665001 0.5)
(0.135548 0.0663501 0.5)
(0.135548 0.0661898 0.5)
(0.135548 0.0660183 0.5)
(0.135548 0.0658349 0.5)
(0.135548 0.0656388 0.5)
(0.135547 0.065429 0.5)
(0.135547 0.0652047 0.5)
(0.135547 0.0649647 0.5)
(0.135547 0.064708 0.5)
(0.135547 0.0644336 0.5)
(0.135546 0.06414 0.5)
(0.135546 0.063826 0.5)
(0.135546 0.0634902 0.5)
(0.135546 0.0631311 0.5)
(0.135546 0.0627469 0.5)
(0.135545 0.0623361 0.5)
(0.135545 0.0618967 0.5)
(0.135545 0.0614268 0.5)
(0.135544 0.0609242 0.5)
(0.135544 0.0603867 0.5)
(0.135543 0.0598118 0.5)
(0.135543 0.0591969 0.5)
(0.135543 0.0585393 0.5)
(0.135542 0.057836 0.5)
(0.135542 0.0570837 0.5)
(0.135541 0.0562792 0.5)
(0.13554 0.0554188 0.5)
(0.13554 0.0544985 0.5)
(0.135539 0.0535143 0.5)
(0.135538 0.0524616 0.5)
(0.135538 0.0513358 0.5)
(0.135537 0.0501317 0.5)
(0.135536 0.0488438 0.5)
(0.135535 0.0474665 0.5)
(0.135534 0.0459934 0.5)
(0.135533 0.0444179 0.5)
(0.135532 0.0427329 0.5)
(0.13553 0.0409307 0.5)
(0.135529 0.0390032 0.5)
(0.135528 0.0369418 0.5)
(0.135526 0.034737 0.5)
(0.135525 0.032379 0.5)
(0.135523 0.029857 0.5)
(0.135521 0.0271597 0.5)
(0.135519 0.0242749 0.5)
(0.135517 0.0211896 0.5)
(0.135515 0.0178898 0.5)
(0.135512 0.0143605 0.5)
(0.13551 0.010586 0.5)
(0.135507 0.00654897 0.5)
(0.135504 0.00223134 0.5)
(0.143937 0.0682277 0.5)
(0.143937 0.0682114 0.5)
(0.143937 0.068194 0.5)
(0.143937 0.0681754 0.5)
(0.143937 0.0681555 0.5)
(0.143937 0.0681342 0.5)
(0.143937 0.0681115 0.5)
(0.143937 0.0680871 0.5)
(0.143937 0.0680611 0.5)
(0.143937 0.0680332 0.5)
(0.143937 0.0680034 0.5)
(0.143937 0.0679716 0.5)
(0.143937 0.0679375 0.5)
(0.143937 0.067901 0.5)
(0.143937 0.0678621 0.5)
(0.143937 0.0678204 0.5)
(0.143937 0.0677758 0.5)
(0.143937 0.0677281 0.5)
(0.143937 0.0676771 0.5)
(0.143937 0.0676225 0.5)
(0.143937 0.0675642 0.5)
(0.143937 0.0675018 0.5)
(0.143937 0.0674351 0.5)
(0.143936 0.0673637 0.5)
(0.143936 0.0672874 0.5)
(0.143936 0.0672057 0.5)
(0.143936 0.0671184 0.5)
(0.143936 0.067025 0.5)
(0.143936 0.0669252 0.5)
(0.143936 0.0668183 0.5)
(0.143936 0.0667041 0.5)
(0.143936 0.0665819 0.5)
(0.143936 0.0664512 0.5)
(0.143936 0.0663115 0.5)
(0.143936 0.066162 0.5)
(0.143935 0.0660021 0.5)
(0.143935 0.0658311 0.5)
(0.143935 0.0656482 0.5)
(0.143935 0.0654527 0.5)
(0.143935 0.0652435 0.5)
(0.143935 0.0650197 0.5)
(0.143935 0.0647805 0.5)
(0.143934 0.0645245 0.5)
(0.143934 0.0642508 0.5)
(0.143934 0.0639581 0.5)
(0.143934 0.063645 0.5)
(0.143934 0.0633102 0.5)
(0.143933 0.062952 0.5)
(0.143933 0.062569 0.5)
(0.143933 0.0621593 0.5)
(0.143932 0.0617212 0.5)
(0.143932 0.0612526 0.5)
(0.143932 0.0607514 0.5)
(0.143931 0.0602154 0.5)
(0.143931 0.0596422 0.5)
(0.143931 0.059029 0.5)
(0.14393 0.0583733 0.5)
(0.14393 0.057672 0.5)
(0.143929 0.0569219 0.5)
(0.143928 0.0561196 0.5)
(0.143928 0.0552616 0.5)
(0.143927 0.054344 0.5)
(0.143926 0.0533625 0.5)
(0.143926 0.0523128 0.5)
(0.143925 0.0511902 0.5)
(0.143924 0.0499895 0.5)
(0.143923 0.0487053 0.5)
(0.143922 0.0473319 0.5)
(0.143921 0.045863 0.5)
(0.14392 0.0442919 0.5)
(0.143919 0.0426117 0.5)
(0.143918 0.0408146 0.5)
(0.143916 0.0388926 0.5)
(0.143915 0.036837 0.5)
(0.143913 0.0346385 0.5)
(0.143911 0.0322872 0.5)
(0.14391 0.0297724 0.5)
(0.143908 0.0270827 0.5)
(0.143906 0.0242061 0.5)
(0.143904 0.0211295 0.5)
(0.143901 0.017839 0.5)
(0.143899 0.0143198 0.5)
(0.143896 0.0105559 0.5)
(0.143893 0.0065304 0.5)
(0.14389 0.00222501 0.5)
(0.152283 0.0680245 0.5)
(0.152283 0.0680083 0.5)
(0.152283 0.067991 0.5)
(0.152282 0.0679724 0.5)
(0.152282 0.0679526 0.5)
(0.152282 0.0679313 0.5)
(0.152282 0.0679086 0.5)
(0.152282 0.0678844 0.5)
(0.152282 0.0678584 0.5)
(0.152282 0.0678306 0.5)
(0.152282 0.0678009 0.5)
(0.152282 0.0677692 0.5)
(0.152282 0.0677352 0.5)
(0.152282 0.0676989 0.5)
(0.152282 0.06766 0.5)
(0.152282 0.0676184 0.5)
(0.152282 0.067574 0.5)
(0.152282 0.0675264 0.5)
(0.152282 0.0674756 0.5)
(0.152282 0.0674212 0.5)
(0.152282 0.067363 0.5)
(0.152282 0.0673008 0.5)
(0.152282 0.0672343 0.5)
(0.152282 0.0671631 0.5)
(0.152282 0.067087 0.5)
(0.152282 0.0670056 0.5)
(0.152282 0.0669186 0.5)
(0.152282 0.0668255 0.5)
(0.152282 0.0667259 0.5)
(0.152282 0.0666194 0.5)
(0.152281 0.0665055 0.5)
(0.152281 0.0663837 0.5)
(0.152281 0.0662534 0.5)
(0.152281 0.066114 0.5)
(0.152281 0.065965 0.5)
(0.152281 0.0658056 0.5)
(0.152281 0.0656351 0.5)
(0.152281 0.0654528 0.5)
(0.152281 0.0652578 0.5)
(0.15228 0.0650492 0.5)
(0.15228 0.0648261 0.5)
(0.15228 0.0645876 0.5)
(0.15228 0.0643324 0.5)
(0.15228 0.0640595 0.5)
(0.152279 0.0637677 0.5)
(0.152279 0.0634555 0.5)
(0.152279 0.0631216 0.5)
(0.152279 0.0627646 0.5)
(0.152278 0.0623827 0.5)
(0.152278 0.0619743 0.5)
(0.152278 0.0615374 0.5)
(0.152277 0.0610702 0.5)
(0.152277 0.0605706 0.5)
(0.152277 0.0600361 0.5)
(0.152276 0.0594646 0.5)
(0.152276 0.0588533 0.5)
(0.152275 0.0581995 0.5)
(0.152275 0.0575002 0.5)
(0.152274 0.0567524 0.5)
(0.152274 0.0559525 0.5)
(0.152273 0.0550971 0.5)
(0.152272 0.0541822 0.5)
(0.152272 0.0532036 0.5)
(0.152271 0.0521571 0.5)
(0.15227 0.0510378 0.5)
(0.152269 0.0498406 0.5)
(0.152268 0.0485603 0.5)
(0.152267 0.047191 0.5)
(0.152266 0.0457264 0.5)
(0.152265 0.04416 0.5)
(0.152264 0.0424848 0.5)
(0.152263 0.0406931 0.5)
(0.152261 0.0387768 0.5)
(0.15226 0.0367273 0.5)
(0.152258 0.0345354 0.5)
(0.152256 0.032191 0.5)
(0.152254 0.0296837 0.5)
(0.152252 0.0270021 0.5)
(0.15225 0.024134 0.5)
(0.152248 0.0210666 0.5)
(0.152246 0.0177859 0.5)
(0.152243 0.0142772 0.5)
(0.15224 0.0105245 0.5)
(0.152237 0.00651095 0.5)
(0.152234 0.00221838 0.5)
(0.160586 0.0678127 0.5)
(0.160586 0.0677965 0.5)
(0.160586 0.0677792 0.5)
(0.160586 0.0677607 0.5)
(0.160586 0.0677409 0.5)
(0.160586 0.0677198 0.5)
(0.160586 0.0676971 0.5)
(0.160586 0.0676729 0.5)
(0.160586 0.0676471 0.5)
(0.160586 0.0676194 0.5)
(0.160586 0.0675898 0.5)
(0.160586 0.0675581 0.5)
(0.160586 0.0675242 0.5)
(0.160586 0.067488 0.5)
(0.160586 0.0674493 0.5)
(0.160586 0.0674078 0.5)
(0.160586 0.0673635 0.5)
(0.160586 0.0673161 0.5)
(0.160586 0.0672654 0.5)
(0.160586 0.0672112 0.5)
(0.160586 0.0671532 0.5)
(0.160585 0.0670912 0.5)
(0.160585 0.0670249 0.5)
(0.160585 0.0669539 0.5)
(0.160585 0.0668781 0.5)
(0.160585 0.0667969 0.5)
(0.160585 0.0667102 0.5)
(0.160585 0.0666173 0.5)
(0.160585 0.0665181 0.5)
(0.160585 0.0664119 0.5)
(0.160585 0.0662983 0.5)
(0.160585 0.0661769 0.5)
(0.160585 0.066047 0.5)
(0.160585 0.0659081 0.5)
(0.160584 0.0657595 0.5)
(0.160584 0.0656006 0.5)
(0.160584 0.0654307 0.5)
(0.160584 0.0652489 0.5)
(0.160584 0.0650545 0.5)
(0.160584 0.0648466 0.5)
(0.160584 0.0646242 0.5)
(0.160583 0.0643864 0.5)
(0.160583 0.064132 0.5)
(0.160583 0.06386 0.5)
(0.160583 0.063569 0.5)
(0.160583 0.0632579 0.5)
(0.160582 0.062925 0.5)
(0.160582 0.0625691 0.5)
(0.160582 0.0621884 0.5)
(0.160582 0.0617812 0.5)
(0.160581 0.0613458 0.5)
(0.160581 0.06088 0.5)
(0.16058 0.0603819 0.5)
(0.16058 0.0598491 0.5)
(0.16058 0.0592794 0.5)
(0.160579 0.05867 0.5)
(0.160579 0.0580182 0.5)
(0.160578 0.0573211 0.5)
(0.160578 0.0565756 0.5)
(0.160577 0.0557783 0.5)
(0.160576 0.0549255 0.5)
(0.160576 0.0540134 0.5)
(0.160575 0.0530379 0.5)
(0.160574 0.0519946 0.5)
(0.160573 0.0508788 0.5)
(0.160572 0.0496854 0.5)
(0.160572 0.0484091 0.5)
(0.16057 0.047044 0.5)
(0.160569 0.045584 0.5)
(0.160568 0.0440225 0.5)
(0.160567 0.0423525 0.5)
(0.160566 0.0405663 0.5)
(0.160564 0.038656 0.5)
(0.160563 0.0366129 0.5)
(0.160561 0.0344278 0.5)
(0.160559 0.0320908 0.5)
(0.160557 0.0295912 0.5)
(0.160555 0.026918 0.5)
(0.160553 0.0240589 0.5)
(0.160551 0.021001 0.5)
(0.160549 0.0177305 0.5)
(0.160546 0.0142327 0.5)
(0.160543 0.0104917 0.5)
(0.16054 0.00649067 0.5)
(0.160537 0.00221147 0.5)
(0.168848 0.0675925 0.5)
(0.168848 0.0675764 0.5)
(0.168848 0.0675591 0.5)
(0.168848 0.0675407 0.5)
(0.168848 0.067521 0.5)
(0.168848 0.0674999 0.5)
(0.168848 0.0674773 0.5)
(0.168848 0.0674532 0.5)
(0.168848 0.0674274 0.5)
(0.168848 0.0673998 0.5)
(0.168848 0.0673703 0.5)
(0.168848 0.0673387 0.5)
(0.168848 0.067305 0.5)
(0.168848 0.0672689 0.5)
(0.168847 0.0672302 0.5)
(0.168847 0.0671889 0.5)
(0.168847 0.0671448 0.5)
(0.168847 0.0670975 0.5)
(0.168847 0.067047 0.5)
(0.168847 0.066993 0.5)
(0.168847 0.0669352 0.5)
(0.168847 0.0668734 0.5)
(0.168847 0.0668072 0.5)
(0.168847 0.0667365 0.5)
(0.168847 0.0666609 0.5)
(0.168847 0.06658 0.5)
(0.168847 0.0664935 0.5)
(0.168847 0.066401 0.5)
(0.168847 0.0663021 0.5)
(0.168847 0.0661963 0.5)
(0.168847 0.0660831 0.5)
(0.168847 0.065962 0.5)
(0.168846 0.0658326 0.5)
(0.168846 0.0656941 0.5)
(0.168846 0.065546 0.5)
(0.168846 0.0653876 0.5)
(0.168846 0.0652182 0.5)
(0.168846 0.065037 0.5)
(0.168846 0.0648433 0.5)
(0.168846 0.064636 0.5)
(0.168845 0.0644144 0.5)
(0.168845 0.0641773 0.5)
(0.168845 0.0639238 0.5)
(0.168845 0.0636526 0.5)
(0.168845 0.0633626 0.5)
(0.168844 0.0630525 0.5)
(0.168844 0.0627207 0.5)
(0.168844 0.0623659 0.5)
(0.168844 0.0619865 0.5)
(0.168843 0.0615806 0.5)
(0.168843 0.0611466 0.5)
(0.168843 0.0606823 0.5)
(0.168842 0.0601858 0.5)
(0.168842 0.0596548 0.5)
(0.168841 0.0590869 0.5)
(0.168841 0.0584795 0.5)
(0.16884 0.0578298 0.5)
(0.16884 0.057135 0.5)
(0.168839 0.0563919 0.5)
(0.168839 0.0555971 0.5)
(0.168838 0.0547471 0.5)
(0.168837 0.053838 0.5)
(0.168837 0.0528657 0.5)
(0.168836 0.0518258 0.5)
(0.168835 0.0507136 0.5)
(0.168834 0.0495241 0.5)
(0.168833 0.0482519 0.5)
(0.168832 0.0468912 0.5)
(0.168831 0.045436 0.5)
(0.16883 0.0438796 0.5)
(0.168828 0.042215 0.5)
(0.168827 0.0404346 0.5)
(0.168826 0.0385305 0.5)
(0.168824 0.0364941 0.5)
(0.168822 0.034316 0.5)
(0.168821 0.0319866 0.5)
(0.168819 0.0294952 0.5)
(0.168817 0.0268306 0.5)
(0.168815 0.0239807 0.5)
(0.168812 0.0209328 0.5)
(0.16881 0.0176729 0.5)
(0.168807 0.0141865 0.5)
(0.168804 0.0104577 0.5)
(0.168801 0.00646959 0.5)
(0.168798 0.00220429 0.5)
(0.177068 0.0673644 0.5)
(0.177068 0.0673483 0.5)
(0.177068 0.0673311 0.5)
(0.177068 0.0673127 0.5)
(0.177068 0.0672931 0.5)
(0.177068 0.0672721 0.5)
(0.177068 0.0672496 0.5)
(0.177068 0.0672255 0.5)
(0.177068 0.0671998 0.5)
(0.177068 0.0671723 0.5)
(0.177068 0.0671429 0.5)
(0.177068 0.0671115 0.5)
(0.177068 0.0670778 0.5)
(0.177068 0.0670418 0.5)
(0.177068 0.0670033 0.5)
(0.177068 0.0669622 0.5)
(0.177068 0.0669182 0.5)
(0.177068 0.0668711 0.5)
(0.177068 0.0668207 0.5)
(0.177067 0.0667669 0.5)
(0.177067 0.0667093 0.5)
(0.177067 0.0666477 0.5)
(0.177067 0.0665818 0.5)
(0.177067 0.0665113 0.5)
(0.177067 0.0664359 0.5)
(0.177067 0.0663553 0.5)
(0.177067 0.0662691 0.5)
(0.177067 0.0661769 0.5)
(0.177067 0.0660783 0.5)
(0.177067 0.0659728 0.5)
(0.177067 0.06586 0.5)
(0.177067 0.0657394 0.5)
(0.177067 0.0656104 0.5)
(0.177066 0.0654724 0.5)
(0.177066 0.0653248 0.5)
(0.177066 0.0651669 0.5)
(0.177066 0.0649981 0.5)
(0.177066 0.0648175 0.5)
(0.177066 0.0646244 0.5)
(0.177066 0.0644179 0.5)
(0.177066 0.064197 0.5)
(0.177065 0.0639607 0.5)
(0.177065 0.0637081 0.5)
(0.177065 0.0634378 0.5)
(0.177065 0.0631488 0.5)
(0.177064 0.0628397 0.5)
(0.177064 0.062509 0.5)
(0.177064 0.0621554 0.5)
(0.177064 0.0617773 0.5)
(0.177063 0.0613728 0.5)
(0.177063 0.0609402 0.5)
(0.177063 0.0604775 0.5)
(0.177062 0.0599827 0.5)
(0.177062 0.0594535 0.5)
(0.177061 0.0588875 0.5)
(0.177061 0.0582821 0.5)
(0.17706 0.0576346 0.5)
(0.17706 0.0569422 0.5)
(0.177059 0.0562016 0.5)
(0.177059 0.0554095 0.5)
(0.177058 0.0545624 0.5)
(0.177057 0.0536563 0.5)
(0.177057 0.0526873 0.5)
(0.177056 0.0516509 0.5)
(0.177055 0.0505424 0.5)
(0.177054 0.0493569 0.5)
(0.177053 0.048089 0.5)
(0.177052 0.046733 0.5)
(0.177051 0.0452826 0.5)
(0.17705 0.0437315 0.5)
(0.177048 0.0420725 0.5)
(0.177047 0.0402982 0.5)
(0.177046 0.0384005 0.5)
(0.177044 0.0363709 0.5)
(0.177042 0.0342002 0.5)
(0.177041 0.0318786 0.5)
(0.177039 0.0293956 0.5)
(0.177037 0.02674 0.5)
(0.177035 0.0238998 0.5)
(0.177032 0.0208621 0.5)
(0.17703 0.0176133 0.5)
(0.177027 0.0141386 0.5)
(0.177024 0.0104224 0.5)
(0.177021 0.00644776 0.5)
(0.177018 0.00219685 0.5)
(0.185247 0.0671287 0.5)
(0.185247 0.0671127 0.5)
(0.185247 0.0670956 0.5)
(0.185247 0.0670773 0.5)
(0.185247 0.0670577 0.5)
(0.185247 0.0670367 0.5)
(0.185247 0.0670143 0.5)
(0.185247 0.0669904 0.5)
(0.185247 0.0669648 0.5)
(0.185247 0.0669374 0.5)
(0.185247 0.066908 0.5)
(0.185247 0.0668767 0.5)
(0.185247 0.0668432 0.5)
(0.185247 0.0668073 0.5)
(0.185247 0.066769 0.5)
(0.185246 0.0667279 0.5)
(0.185246 0.0666841 0.5)
(0.185246 0.0666372 0.5)
(0.185246 0.066587 0.5)
(0.185246 0.0665333 0.5)
(0.185246 0.0664759 0.5)
(0.185246 0.0664145 0.5)
(0.185246 0.0663489 0.5)
(0.185246 0.0662786 0.5)
(0.185246 0.0662035 0.5)
(0.185246 0.0661232 0.5)
(0.185246 0.0660373 0.5)
(0.185246 0.0659454 0.5)
(0.185246 0.0658472 0.5)
(0.185246 0.0657421 0.5)
(0.185246 0.0656297 0.5)
(0.185246 0.0655094 0.5)
(0.185245 0.0653809 0.5)
(0.185245 0.0652434 0.5)
(0.185245 0.0650963 0.5)
(0.185245 0.064939 0.5)
(0.185245 0.0647707 0.5)
(0.185245 0.0645908 0.5)
(0.185245 0.0643984 0.5)
(0.185245 0.0641926 0.5)
(0.185244 0.0639724 0.5)
(0.185244 0.063737 0.5)
(0.185244 0.0634852 0.5)
(0.185244 0.0632159 0.5)
(0.185244 0.0629279 0.5)
(0.185243 0.0626198 0.5)
(0.185243 0.0622904 0.5)
(0.185243 0.061938 0.5)
(0.185242 0.0615612 0.5)
(0.185242 0.0611581 0.5)
(0.185242 0.060727 0.5)
(0.185241 0.060266 0.5)
(0.185241 0.0597729 0.5)
(0.185241 0.0592455 0.5)
(0.18524 0.0586815 0.5)
(0.18524 0.0580782 0.5)
(0.185239 0.057433 0.5)
(0.185239 0.056743 0.5)
(0.185238 0.056005 0.5)
(0.185238 0.0552157 0.5)
(0.185237 0.0543715 0.5)
(0.185236 0.0534686 0.5)
(0.185235 0.052503 0.5)
(0.185235 0.0514702 0.5)
(0.185234 0.0503656 0.5)
(0.185233 0.0491843 0.5)
(0.185232 0.0479208 0.5)
(0.185231 0.0465695 0.5)
(0.18523 0.0451242 0.5)
(0.185229 0.0435785 0.5)
(0.185227 0.0419253 0.5)
(0.185226 0.0401572 0.5)
(0.185224 0.0382662 0.5)
(0.185223 0.0362437 0.5)
(0.185221 0.0340806 0.5)
(0.185219 0.0317671 0.5)
(0.185217 0.0292928 0.5)
(0.185215 0.0266465 0.5)
(0.185213 0.0238162 0.5)
(0.185211 0.0207892 0.5)
(0.185208 0.0175517 0.5)
(0.185206 0.0140891 0.5)
(0.185203 0.0103859 0.5)
(0.1852 0.0064252 0.5)
(0.185196 0.00218917 0.5)
(0.193385 0.0668859 0.5)
(0.193384 0.06687 0.5)
(0.193384 0.0668529 0.5)
(0.193384 0.0668347 0.5)
(0.193384 0.0668152 0.5)
(0.193384 0.0667943 0.5)
(0.193384 0.066772 0.5)
(0.193384 0.0667481 0.5)
(0.193384 0.0667226 0.5)
(0.193384 0.0666953 0.5)
(0.193384 0.0666661 0.5)
(0.193384 0.0666348 0.5)
(0.193384 0.0666014 0.5)
(0.193384 0.0665657 0.5)
(0.193384 0.0665275 0.5)
(0.193384 0.0664866 0.5)
(0.193384 0.0664429 0.5)
(0.193384 0.0663962 0.5)
(0.193384 0.0663462 0.5)
(0.193384 0.0662927 0.5)
(0.193384 0.0662355 0.5)
(0.193384 0.0661743 0.5)
(0.193384 0.0661089 0.5)
(0.193384 0.0660389 0.5)
(0.193384 0.0659641 0.5)
(0.193384 0.0658841 0.5)
(0.193384 0.0657985 0.5)
(0.193384 0.0657069 0.5)
(0.193384 0.065609 0.5)
(0.193383 0.0655043 0.5)
(0.193383 0.0653923 0.5)
(0.193383 0.0652725 0.5)
(0.193383 0.0651444 0.5)
(0.193383 0.0650074 0.5)
(0.193383 0.0648609 0.5)
(0.193383 0.0647041 0.5)
(0.193383 0.0645365 0.5)
(0.193383 0.0643572 0.5)
(0.193382 0.0641655 0.5)
(0.193382 0.0639604 0.5)
(0.193382 0.0637411 0.5)
(0.193382 0.0635065 0.5)
(0.193382 0.0632556 0.5)
(0.193381 0.0629873 0.5)
(0.193381 0.0627003 0.5)
(0.193381 0.0623934 0.5)
(0.193381 0.0620651 0.5)
(0.19338 0.061714 0.5)
(0.19338 0.0613385 0.5)
(0.19338 0.0609369 0.5)
(0.19338 0.0605074 0.5)
(0.193379 0.060048 0.5)
(0.193379 0.0595567 0.5)
(0.193378 0.0590312 0.5)
(0.193378 0.0584692 0.5)
(0.193378 0.0578682 0.5)
(0.193377 0.0572253 0.5)
(0.193376 0.0565378 0.5)
(0.193376 0.0558024 0.5)
(0.193375 0.055016 0.5)
(0.193375 0.0541749 0.5)
(0.193374 0.0532752 0.5)
(0.193373 0.0523131 0.5)
(0.193372 0.0512841 0.5)
(0.193372 0.0501835 0.5)
(0.193371 0.0490064 0.5)
(0.19337 0.0477475 0.5)
(0.193369 0.0464011 0.5)
(0.193367 0.044961 0.5)
(0.193366 0.0434209 0.5)
(0.193365 0.0417737 0.5)
(0.193364 0.040012 0.5)
(0.193362 0.0381278 0.5)
(0.193361 0.0361126 0.5)
(0.193359 0.0339573 0.5)
(0.193357 0.0316522 0.5)
(0.193355 0.0291869 0.5)
(0.193353 0.0265501 0.5)
(0.193351 0.0237301 0.5)
(0.193349 0.020714 0.5)
(0.193346 0.0174882 0.5)
(0.193343 0.0140382 0.5)
(0.193341 0.0103483 0.5)
(0.193338 0.00640197 0.5)
(0.193334 0.00218125 0.5)
(0.201481 0.0666364 0.5)
(0.201481 0.0666205 0.5)
(0.201481 0.0666036 0.5)
(0.201481 0.0665854 0.5)
(0.201481 0.0665659 0.5)
(0.201481 0.0665451 0.5)
(0.201481 0.0665229 0.5)
(0.201481 0.0664991 0.5)
(0.201481 0.0664737 0.5)
(0.201481 0.0664465 0.5)
(0.201481 0.0664174 0.5)
(0.201481 0.0663863 0.5)
(0.201481 0.066353 0.5)
(0.201481 0.0663174 0.5)
(0.201481 0.0662793 0.5)
(0.201481 0.0662386 0.5)
(0.201481 0.0661951 0.5)
(0.201481 0.0661485 0.5)
(0.201481 0.0660987 0.5)
(0.201481 0.0660454 0.5)
(0.201481 0.0659884 0.5)
(0.201481 0.0659275 0.5)
(0.201481 0.0658623 0.5)
(0.201481 0.0657926 0.5)
(0.201481 0.0657181 0.5)
(0.201481 0.0656383 0.5)
(0.20148 0.065553 0.5)
(0.20148 0.0654618 0.5)
(0.20148 0.0653643 0.5)
(0.20148 0.06526 0.5)
(0.20148 0.0651484 0.5)
(0.20148 0.065029 0.5)
(0.20148 0.0649014 0.5)
(0.20148 0.0647649 0.5)
(0.20148 0.0646189 0.5)
(0.20148 0.0644628 0.5)
(0.201479 0.0642958 0.5)
(0.201479 0.0641171 0.5)
(0.201479 0.0639261 0.5)
(0.201479 0.0637218 0.5)
(0.201479 0.0635033 0.5)
(0.201479 0.0632696 0.5)
(0.201478 0.0630196 0.5)
(0.201478 0.0627523 0.5)
(0.201478 0.0624664 0.5)
(0.201478 0.0621606 0.5)
(0.201478 0.0618336 0.5)
(0.201477 0.0614838 0.5)
(0.201477 0.0611097 0.5)
(0.201477 0.0607096 0.5)
(0.201476 0.0602817 0.5)
(0.201476 0.059824 0.5)
(0.201476 0.0593346 0.5)
(0.201475 0.058811 0.5)
(0.201475 0.0582511 0.5)
(0.201474 0.0576523 0.5)
(0.201474 0.0570119 0.5)
(0.201473 0.0563269 0.5)
(0.201473 0.0555943 0.5)
(0.201472 0.0548108 0.5)
(0.201471 0.0539728 0.5)
(0.201471 0.0530765 0.5)
(0.20147 0.052118 0.5)
(0.201469 0.0510928 0.5)
(0.201468 0.0499963 0.5)
(0.201467 0.0488236 0.5)
(0.201467 0.0475694 0.5)
(0.201465 0.046228 0.5)
(0.201464 0.0447933 0.5)
(0.201463 0.0432589 0.5)
(0.201462 0.0416179 0.5)
(0.201461 0.0398627 0.5)
(0.201459 0.0379855 0.5)
(0.201458 0.0359779 0.5)
(0.201456 0.0338306 0.5)
(0.201454 0.0315341 0.5)
(0.201452 0.029078 0.5)
(0.20145 0.0264511 0.5)
(0.201448 0.0236415 0.5)
(0.201446 0.0206367 0.5)
(0.201443 0.017423 0.5)
(0.20144 0.0139858 0.5)
(0.201438 0.0103097 0.5)
(0.201435 0.00637809 0.5)
(0.201431 0.00217311 0.5)
(0.209537 0.0663806 0.5)
(0.209537 0.0663648 0.5)
(0.209537 0.0663478 0.5)
(0.209537 0.0663297 0.5)
(0.209537 0.0663104 0.5)
(0.209537 0.0662897 0.5)
(0.209537 0.0662675 0.5)
(0.209537 0.0662438 0.5)
(0.209537 0.0662185 0.5)
(0.209537 0.0661914 0.5)
(0.209537 0.0661624 0.5)
(0.209537 0.0661314 0.5)
(0.209537 0.0660982 0.5)
(0.209537 0.0660628 0.5)
(0.209537 0.0660249 0.5)
(0.209537 0.0659843 0.5)
(0.209537 0.0659409 0.5)
(0.209537 0.0658945 0.5)
(0.209537 0.0658449 0.5)
(0.209537 0.0657918 0.5)
(0.209537 0.0657351 0.5)
(0.209537 0.0656744 0.5)
(0.209537 0.0656095 0.5)
(0.209537 0.06554 0.5)
(0.209537 0.0654657 0.5)
(0.209537 0.0653863 0.5)
(0.209537 0.0653014 0.5)
(0.209536 0.0652105 0.5)
(0.209536 0.0651133 0.5)
(0.209536 0.0650094 0.5)
(0.209536 0.0648983 0.5)
(0.209536 0.0647794 0.5)
(0.209536 0.0646522 0.5)
(0.209536 0.0645163 0.5)
(0.209536 0.0643708 0.5)
(0.209536 0.0642153 0.5)
(0.209536 0.0640489 0.5)
(0.209535 0.063871 0.5)
(0.209535 0.0636807 0.5)
(0.209535 0.0634772 0.5)
(0.209535 0.0632595 0.5)
(0.209535 0.0630267 0.5)
(0.209535 0.0627777 0.5)
(0.209534 0.0625114 0.5)
(0.209534 0.0622266 0.5)
(0.209534 0.061922 0.5)
(0.209534 0.0615962 0.5)
(0.209533 0.0612478 0.5)
(0.209533 0.0608751 0.5)
(0.209533 0.0604765 0.5)
(0.209532 0.0600503 0.5)
(0.209532 0.0595944 0.5)
(0.209532 0.0591068 0.5)
(0.209531 0.0585853 0.5)
(0.209531 0.0580275 0.5)
(0.20953 0.057431 0.5)
(0.20953 0.056793 0.5)
(0.209529 0.0561106 0.5)
(0.209529 0.0553808 0.5)
(0.209528 0.0546003 0.5)
(0.209528 0.0537656 0.5)
(0.209527 0.0528727 0.5)
(0.209526 0.0519179 0.5)
(0.209525 0.0508966 0.5)
(0.209525 0.0498043 0.5)
(0.209524 0.0486362 0.5)
(0.209523 0.0473868 0.5)
(0.209522 0.0460505 0.5)
(0.209521 0.0446213 0.5)
(0.209519 0.0430928 0.5)
(0.209518 0.0414581 0.5)
(0.209517 0.0397097 0.5)
(0.209515 0.0378397 0.5)
(0.209514 0.0358397 0.5)
(0.209512 0.0337008 0.5)
(0.20951 0.0314131 0.5)
(0.209509 0.0289663 0.5)
(0.209507 0.0263495 0.5)
(0.209504 0.0235508 0.5)
(0.209502 0.0205575 0.5)
(0.2095 0.0173561 0.5)
(0.209497 0.0139321 0.5)
(0.209494 0.0102702 0.5)
(0.209491 0.0063536 0.5)
(0.209488 0.00216477 0.5)
(0.217553 0.0661188 0.5)
(0.217553 0.0661031 0.5)
(0.217553 0.0660862 0.5)
(0.217553 0.0660682 0.5)
(0.217553 0.0660489 0.5)
(0.217553 0.0660283 0.5)
(0.217553 0.0660062 0.5)
(0.217553 0.0659826 0.5)
(0.217553 0.0659574 0.5)
(0.217553 0.0659304 0.5)
(0.217553 0.0659015 0.5)
(0.217553 0.0658706 0.5)
(0.217553 0.0658376 0.5)
(0.217553 0.0658023 0.5)
(0.217553 0.0657645 0.5)
(0.217553 0.0657241 0.5)
(0.217553 0.0656809 0.5)
(0.217553 0.0656347 0.5)
(0.217553 0.0655853 0.5)
(0.217552 0.0655324 0.5)
(0.217552 0.0654759 0.5)
(0.217552 0.0654154 0.5)
(0.217552 0.0653507 0.5)
(0.217552 0.0652816 0.5)
(0.217552 0.0652076 0.5)
(0.217552 0.0651285 0.5)
(0.217552 0.0650439 0.5)
(0.217552 0.0649534 0.5)
(0.217552 0.0648566 0.5)
(0.217552 0.0647531 0.5)
(0.217552 0.0646423 0.5)
(0.217552 0.0645239 0.5)
(0.217552 0.0643973 0.5)
(0.217552 0.0642618 0.5)
(0.217551 0.064117 0.5)
(0.217551 0.063962 0.5)
(0.217551 0.0637963 0.5)
(0.217551 0.0636191 0.5)
(0.217551 0.0634296 0.5)
(0.217551 0.0632269 0.5)
(0.217551 0.06301 0.5)
(0.21755 0.0627781 0.5)
(0.21755 0.0625301 0.5)
(0.21755 0.0622649 0.5)
(0.21755 0.0619812 0.5)
(0.21755 0.0616778 0.5)
(0.217549 0.0613533 0.5)
(0.217549 0.0610062 0.5)
(0.217549 0.060635 0.5)
(0.217548 0.0602381 0.5)
(0.217548 0.0598135 0.5)
(0.217548 0.0593593 0.5)
(0.217547 0.0588737 0.5)
(0.217547 0.0583542 0.5)
(0.217547 0.0577987 0.5)
(0.217546 0.0572045 0.5)
(0.217546 0.056569 0.5)
(0.217545 0.0558894 0.5)
(0.217545 0.0551625 0.5)
(0.217544 0.054385 0.5)
(0.217543 0.0535535 0.5)
(0.217543 0.0526642 0.5)
(0.217542 0.0517131 0.5)
(0.217541 0.0506959 0.5)
(0.21754 0.0496079 0.5)
(0.217539 0.0484444 0.5)
(0.217539 0.0471999 0.5)
(0.217538 0.0458689 0.5)
(0.217536 0.0444454 0.5)
(0.217535 0.0429229 0.5)
(0.217534 0.0412946 0.5)
(0.217533 0.0395531 0.5)
(0.217531 0.0376905 0.5)
(0.21753 0.0356984 0.5)
(0.217528 0.0335679 0.5)
(0.217526 0.0312892 0.5)
(0.217525 0.0288521 0.5)
(0.217523 0.0262456 0.5)
(0.21752 0.0234579 0.5)
(0.217518 0.0204764 0.5)
(0.217516 0.0172876 0.5)
(0.217513 0.0138772 0.5)
(0.21751 0.0102297 0.5)
(0.217507 0.00632854 0.5)
(0.217504 0.00215623 0.5)
(0.225528 0.0658515 0.5)
(0.225528 0.0658358 0.5)
(0.225528 0.065819 0.5)
(0.225528 0.0658011 0.5)
(0.225528 0.0657819 0.5)
(0.225528 0.0657613 0.5)
(0.225528 0.0657393 0.5)
(0.225528 0.0657158 0.5)
(0.225528 0.0656907 0.5)
(0.225528 0.0656638 0.5)
(0.225528 0.0656351 0.5)
(0.225528 0.0656043 0.5)
(0.225528 0.0655714 0.5)
(0.225528 0.0655363 0.5)
(0.225528 0.0654986 0.5)
(0.225528 0.0654584 0.5)
(0.225528 0.0654154 0.5)
(0.225528 0.0653693 0.5)
(0.225528 0.0653201 0.5)
(0.225528 0.0652675 0.5)
(0.225528 0.0652112 0.5)
(0.225528 0.0651509 0.5)
(0.225528 0.0650865 0.5)
(0.225528 0.0650176 0.5)
(0.225527 0.064944 0.5)
(0.225527 0.0648652 0.5)
(0.225527 0.0647809 0.5)
(0.225527 0.0646908 0.5)
(0.225527 0.0645944 0.5)
(0.225527 0.0644913 0.5)
(0.225527 0.064381 0.5)
(0.225527 0.0642631 0.5)
(0.225527 0.0641369 0.5)
(0.225527 0.064002 0.5)
(0.225527 0.0638578 0.5)
(0.225527 0.0637035 0.5)
(0.225526 0.0635384 0.5)
(0.225526 0.0633619 0.5)
(0.225526 0.0631731 0.5)
(0.225526 0.0629712 0.5)
(0.225526 0.0627553 0.5)
(0.225526 0.0625244 0.5)
(0.225525 0.0622773 0.5)
(0.225525 0.0620132 0.5)
(0.225525 0.0617306 0.5)
(0.225525 0.0614284 0.5)
(0.225525 0.0611053 0.5)
(0.225524 0.0607596 0.5)
(0.225524 0.0603899 0.5)
(0.225524 0.0599945 0.5)
(0.225523 0.0595716 0.5)
(0.225523 0.0591194 0.5)
(0.225523 0.0586357 0.5)
(0.225522 0.0581183 0.5)
(0.225522 0.057565 0.5)
(0.225522 0.0569732 0.5)
(0.225521 0.0563403 0.5)
(0.225521 0.0556634 0.5)
(0.22552 0.0549395 0.5)
(0.225519 0.0541652 0.5)
(0.225519 0.053337 0.5)
(0.225518 0.0524513 0.5)
(0.225517 0.0515041 0.5)
(0.225517 0.0504909 0.5)
(0.225516 0.0494074 0.5)
(0.225515 0.0482485 0.5)
(0.225514 0.0470091 0.5)
(0.225513 0.0456835 0.5)
(0.225512 0.0442657 0.5)
(0.225511 0.0427494 0.5)
(0.22551 0.0411276 0.5)
(0.225508 0.0393932 0.5)
(0.225507 0.0375381 0.5)
(0.225505 0.0355541 0.5)
(0.225504 0.0334322 0.5)
(0.225502 0.0311627 0.5)
(0.2255 0.0287355 0.5)
(0.225498 0.0261395 0.5)
(0.225496 0.0233631 0.5)
(0.225494 0.0203936 0.5)
(0.225492 0.0172178 0.5)
(0.225489 0.0138211 0.5)
(0.225486 0.0101883 0.5)
(0.225484 0.00630296 0.5)
(0.22548 0.00214751 0.5)
(0.233463 0.0655791 0.5)
(0.233463 0.0655635 0.5)
(0.233463 0.0655467 0.5)
(0.233463 0.0655288 0.5)
(0.233463 0.0655097 0.5)
(0.233463 0.0654892 0.5)
(0.233463 0.0654674 0.5)
(0.233463 0.065444 0.5)
(0.233463 0.0654189 0.5)
(0.233463 0.0653922 0.5)
(0.233463 0.0653635 0.5)
(0.233463 0.0653329 0.5)
(0.233463 0.0653001 0.5)
(0.233463 0.0652651 0.5)
(0.233463 0.0652276 0.5)
(0.233463 0.0651876 0.5)
(0.233463 0.0651447 0.5)
(0.233463 0.0650989 0.5)
(0.233463 0.0650499 0.5)
(0.233463 0.0649974 0.5)
(0.233463 0.0649414 0.5)
(0.233463 0.0648814 0.5)
(0.233463 0.0648172 0.5)
(0.233463 0.0647486 0.5)
(0.233463 0.0646753 0.5)
(0.233463 0.0645968 0.5)
(0.233463 0.0645129 0.5)
(0.233462 0.0644231 0.5)
(0.233462 0.0643271 0.5)
(0.233462 0.0642245 0.5)
(0.233462 0.0641146 0.5)
(0.233462 0.0639972 0.5)
(0.233462 0.0638716 0.5)
(0.233462 0.0637372 0.5)
(0.233462 0.0635936 0.5)
(0.233462 0.0634399 0.5)
(0.233462 0.0632755 0.5)
(0.233462 0.0630998 0.5)
(0.233461 0.0629118 0.5)
(0.233461 0.0627107 0.5)
(0.233461 0.0624957 0.5)
(0.233461 0.0622657 0.5)
(0.233461 0.0620197 0.5)
(0.233461 0.0617566 0.5)
(0.23346 0.0614752 0.5)
(0.23346 0.0611743 0.5)
(0.23346 0.0608524 0.5)
(0.23346 0.0605082 0.5)
(0.233459 0.0601401 0.5)
(0.233459 0.0597463 0.5)
(0.233459 0.0593252 0.5)
(0.233458 0.0588748 0.5)
(0.233458 0.0583931 0.5)
(0.233458 0.0578779 0.5)
(0.233457 0.0573268 0.5)
(0.233457 0.0567375 0.5)
(0.233456 0.0561072 0.5)
(0.233456 0.0554331 0.5)
(0.233455 0.0547121 0.5)
(0.233455 0.0539411 0.5)
(0.233454 0.0531164 0.5)
(0.233454 0.0522343 0.5)
(0.233453 0.051291 0.5)
(0.233452 0.050282 0.5)
(0.233451 0.049203 0.5)
(0.23345 0.0480489 0.5)
(0.23345 0.0468146 0.5)
(0.233449 0.0454945 0.5)
(0.233448 0.0440826 0.5)
(0.233446 0.0425725 0.5)
(0.233445 0.0409575 0.5)
(0.233444 0.0392302 0.5)
(0.233443 0.0373828 0.5)
(0.233441 0.035407 0.5)
(0.23344 0.0332938 0.5)
(0.233438 0.0310338 0.5)
(0.233436 0.0286166 0.5)
(0.233434 0.0260314 0.5)
(0.233432 0.0232664 0.5)
(0.23343 0.0203093 0.5)
(0.233428 0.0171465 0.5)
(0.233425 0.0137639 0.5)
(0.233423 0.0101461 0.5)
(0.23342 0.00627688 0.5)
(0.233417 0.00213863 0.5)
(0.241359 0.0653019 0.5)
(0.241359 0.0652863 0.5)
(0.241359 0.0652697 0.5)
(0.241359 0.0652518 0.5)
(0.241359 0.0652328 0.5)
(0.241359 0.0652124 0.5)
(0.241359 0.0651906 0.5)
(0.241359 0.0651673 0.5)
(0.241359 0.0651424 0.5)
(0.241358 0.0651157 0.5)
(0.241358 0.0650872 0.5)
(0.241358 0.0650567 0.5)
(0.241358 0.0650241 0.5)
(0.241358 0.0649892 0.5)
(0.241358 0.0649519 0.5)
(0.241358 0.064912 0.5)
(0.241358 0.0648694 0.5)
(0.241358 0.0648237 0.5)
(0.241358 0.0647749 0.5)
(0.241358 0.0647227 0.5)
(0.241358 0.0646669 0.5)
(0.241358 0.0646071 0.5)
(0.241358 0.0645433 0.5)
(0.241358 0.064475 0.5)
(0.241358 0.0644019 0.5)
(0.241358 0.0643238 0.5)
(0.241358 0.0642402 0.5)
(0.241358 0.0641508 0.5)
(0.241358 0.0640552 0.5)
(0.241358 0.063953 0.5)
(0.241358 0.0638436 0.5)
(0.241357 0.0637267 0.5)
(0.241357 0.0636016 0.5)
(0.241357 0.0634678 0.5)
(0.241357 0.0633248 0.5)
(0.241357 0.0631717 0.5)
(0.241357 0.0630081 0.5)
(0.241357 0.062833 0.5)
(0.241357 0.0626458 0.5)
(0.241357 0.0624456 0.5)
(0.241356 0.0622315 0.5)
(0.241356 0.0620025 0.5)
(0.241356 0.0617575 0.5)
(0.241356 0.0614956 0.5)
(0.241356 0.0612154 0.5)
(0.241355 0.0609157 0.5)
(0.241355 0.0605952 0.5)
(0.241355 0.0602524 0.5)
(0.241355 0.0598858 0.5)
(0.241354 0.0594938 0.5)
(0.241354 0.0590744 0.5)
(0.241354 0.0586259 0.5)
(0.241354 0.0581462 0.5)
(0.241353 0.0576332 0.5)
(0.241353 0.0570845 0.5)
(0.241352 0.0564977 0.5)
(0.241352 0.0558701 0.5)
(0.241351 0.0551988 0.5)
(0.241351 0.0544809 0.5)
(0.24135 0.053713 0.5)
(0.24135 0.0528918 0.5)
(0.241349 0.0520135 0.5)
(0.241348 0.0510742 0.5)
(0.241348 0.0500695 0.5)
(0.241347 0.048995 0.5)
(0.241346 0.0478458 0.5)
(0.241345 0.0466167 0.5)
(0.241344 0.0453022 0.5)
(0.241343 0.0438962 0.5)
(0.241342 0.0423926 0.5)
(0.241341 0.0407844 0.5)
(0.24134 0.0390644 0.5)
(0.241339 0.0372248 0.5)
(0.241337 0.0352573 0.5)
(0.241336 0.0331531 0.5)
(0.241334 0.0309026 0.5)
(0.241332 0.0284956 0.5)
(0.24133 0.0259213 0.5)
(0.241328 0.0231681 0.5)
(0.241326 0.0202234 0.5)
(0.241324 0.017074 0.5)
(0.241322 0.0137057 0.5)
(0.241319 0.0101033 0.5)
(0.241316 0.00625035 0.5)
(0.241313 0.00212959 0.5)
(0.249214 0.0650203 0.5)
(0.249214 0.0650048 0.5)
(0.249214 0.0649882 0.5)
(0.249214 0.0649705 0.5)
(0.249214 0.0649515 0.5)
(0.249214 0.0649312 0.5)
(0.249214 0.0649095 0.5)
(0.249214 0.0648863 0.5)
(0.249214 0.0648615 0.5)
(0.249214 0.064835 0.5)
(0.249214 0.0648066 0.5)
(0.249214 0.0647762 0.5)
(0.249214 0.0647437 0.5)
(0.249214 0.064709 0.5)
(0.249214 0.0646719 0.5)
(0.249214 0.0646321 0.5)
(0.249214 0.0645896 0.5)
(0.249214 0.0645442 0.5)
(0.249214 0.0644956 0.5)
(0.249214 0.0644436 0.5)
(0.249214 0.064388 0.5)
(0.249214 0.0643286 0.5)
(0.249214 0.064265 0.5)
(0.249214 0.0641969 0.5)
(0.249214 0.0641242 0.5)
(0.249214 0.0640464 0.5)
(0.249213 0.0639632 0.5)
(0.249213 0.0638742 0.5)
(0.249213 0.063779 0.5)
(0.249213 0.0636772 0.5)
(0.249213 0.0635683 0.5)
(0.249213 0.0634519 0.5)
(0.249213 0.0633274 0.5)
(0.249213 0.0631942 0.5)
(0.249213 0.0630517 0.5)
(0.249213 0.0628993 0.5)
(0.249213 0.0627364 0.5)
(0.249213 0.0625621 0.5)
(0.249212 0.0623757 0.5)
(0.249212 0.0621764 0.5)
(0.249212 0.0619632 0.5)
(0.249212 0.0617351 0.5)
(0.249212 0.0614912 0.5)
(0.249212 0.0612304 0.5)
(0.249211 0.0609514 0.5)
(0.249211 0.060653 0.5)
(0.249211 0.0603339 0.5)
(0.249211 0.0599926 0.5)
(0.24921 0.0596276 0.5)
(0.24921 0.0592372 0.5)
(0.24921 0.0588197 0.5)
(0.24921 0.0583731 0.5)
(0.249209 0.0578955 0.5)
(0.249209 0.0573847 0.5)
(0.249209 0.0568384 0.5)
(0.249208 0.0562541 0.5)
(0.249208 0.0556292 0.5)
(0.249207 0.0549608 0.5)
(0.249207 0.054246 0.5)
(0.249206 0.0534814 0.5)
(0.249206 0.0526638 0.5)
(0.249205 0.0517893 0.5)
(0.249204 0.0508539 0.5)
(0.249204 0.0498536 0.5)
(0.249203 0.0487837 0.5)
(0.249202 0.0476395 0.5)
(0.249201 0.0464157 0.5)
(0.2492 0.0451068 0.5)
(0.249199 0.0437069 0.5)
(0.249198 0.0422098 0.5)
(0.249197 0.0406085 0.5)
(0.249196 0.0388959 0.5)
(0.249195 0.0370643 0.5)
(0.249193 0.0351053 0.5)
(0.249192 0.0330101 0.5)
(0.24919 0.0307693 0.5)
(0.249189 0.0283728 0.5)
(0.249187 0.0258096 0.5)
(0.249185 0.0230682 0.5)
(0.249183 0.0201362 0.5)
(0.249181 0.0170004 0.5)
(0.249179 0.0136466 0.5)
(0.249176 0.0100597 0.5)
(0.249173 0.00622339 0.5)
(0.249171 0.0021204 0.5)
(0.25703 0.0647347 0.5)
(0.25703 0.0647193 0.5)
(0.25703 0.0647028 0.5)
(0.25703 0.0646851 0.5)
(0.25703 0.0646663 0.5)
(0.25703 0.0646461 0.5)
(0.25703 0.0646245 0.5)
(0.25703 0.0646014 0.5)
(0.25703 0.0645766 0.5)
(0.25703 0.0645502 0.5)
(0.25703 0.0645219 0.5)
(0.25703 0.0644917 0.5)
(0.25703 0.0644594 0.5)
(0.25703 0.0644248 0.5)
(0.25703 0.0643878 0.5)
(0.25703 0.0643483 0.5)
(0.25703 0.064306 0.5)
(0.25703 0.0642607 0.5)
(0.25703 0.0642123 0.5)
(0.25703 0.0641606 0.5)
(0.25703 0.0641052 0.5)
(0.25703 0.064046 0.5)
(0.25703 0.0639827 0.5)
(0.25703 0.063915 0.5)
(0.25703 0.0638426 0.5)
(0.25703 0.0637651 0.5)
(0.25703 0.0636823 0.5)
(0.25703 0.0635937 0.5)
(0.25703 0.0634989 0.5)
(0.257029 0.0633975 0.5)
(0.257029 0.0632892 0.5)
(0.257029 0.0631732 0.5)
(0.257029 0.0630492 0.5)
(0.257029 0.0629166 0.5)
(0.257029 0.0627748 0.5)
(0.257029 0.0626231 0.5)
(0.257029 0.0624609 0.5)
(0.257029 0.0622873 0.5)
(0.257029 0.0621018 0.5)
(0.257028 0.0619033 0.5)
(0.257028 0.061691 0.5)
(0.257028 0.061464 0.5)
(0.257028 0.0612212 0.5)
(0.257028 0.0609615 0.5)
(0.257028 0.0606837 0.5)
(0.257027 0.0603867 0.5)
(0.257027 0.060069 0.5)
(0.257027 0.0597292 0.5)
(0.257027 0.0593657 0.5)
(0.257027 0.0589771 0.5)
(0.257026 0.0585614 0.5)
(0.257026 0.0581168 0.5)
(0.257026 0.0576412 0.5)
(0.257025 0.0571327 0.5)
(0.257025 0.0565888 0.5)
(0.257025 0.056007 0.5)
(0.257024 0.0553848 0.5)
(0.257024 0.0547194 0.5)
(0.257023 0.0540077 0.5)
(0.257023 0.0532466 0.5)
(0.257022 0.0524325 0.5)
(0.257022 0.0515618 0.5)
(0.257021 0.0506306 0.5)
(0.25702 0.0496347 0.5)
(0.25702 0.0485695 0.5)
(0.257019 0.0474303 0.5)
(0.257018 0.0462118 0.5)
(0.257017 0.0449087 0.5)
(0.257016 0.043515 0.5)
(0.257015 0.0420244 0.5)
(0.257014 0.0404301 0.5)
(0.257013 0.0387251 0.5)
(0.257012 0.0369015 0.5)
(0.25701 0.0349511 0.5)
(0.257009 0.0328652 0.5)
(0.257008 0.0306342 0.5)
(0.257006 0.0282481 0.5)
(0.257004 0.0256962 0.5)
(0.257002 0.0229669 0.5)
(0.257 0.0200478 0.5)
(0.256998 0.0169257 0.5)
(0.256996 0.0135867 0.5)
(0.256994 0.0100155 0.5)
(0.256991 0.00619606 0.5)
(0.256988 0.00211109 0.5)
(0.264807 0.0644456 0.5)
(0.264807 0.0644302 0.5)
(0.264807 0.0644138 0.5)
(0.264807 0.0643962 0.5)
(0.264807 0.0643774 0.5)
(0.264807 0.0643573 0.5)
(0.264807 0.0643358 0.5)
(0.264807 0.0643128 0.5)
(0.264807 0.0642882 0.5)
(0.264807 0.0642619 0.5)
(0.264807 0.0642337 0.5)
(0.264807 0.0642036 0.5)
(0.264807 0.0641714 0.5)
(0.264807 0.064137 0.5)
(0.264807 0.0641002 0.5)
(0.264807 0.0640608 0.5)
(0.264807 0.0640187 0.5)
(0.264807 0.0639737 0.5)
(0.264807 0.0639255 0.5)
(0.264807 0.063874 0.5)
(0.264807 0.0638189 0.5)
(0.264807 0.0637599 0.5)
(0.264807 0.0636969 0.5)
(0.264807 0.0636295 0.5)
(0.264807 0.0635574 0.5)
(0.264807 0.0634803 0.5)
(0.264807 0.0633978 0.5)
(0.264806 0.0633096 0.5)
(0.264806 0.0632152 0.5)
(0.264806 0.0631143 0.5)
(0.264806 0.0630064 0.5)
(0.264806 0.062891 0.5)
(0.264806 0.0627676 0.5)
(0.264806 0.0626356 0.5)
(0.264806 0.0624944 0.5)
(0.264806 0.0623434 0.5)
(0.264806 0.0621818 0.5)
(0.264806 0.0620091 0.5)
(0.264806 0.0618244 0.5)
(0.264805 0.0616268 0.5)
(0.264805 0.0614154 0.5)
(0.264805 0.0611894 0.5)
(0.264805 0.0609477 0.5)
(0.264805 0.0606892 0.5)
(0.264805 0.0604126 0.5)
(0.264804 0.0601169 0.5)
(0.264804 0.0598006 0.5)
(0.264804 0.0594623 0.5)
(0.264804 0.0591006 0.5)
(0.264804 0.0587136 0.5)
(0.264803 0.0582998 0.5)
(0.264803 0.0578571 0.5)
(0.264803 0.0573838 0.5)
(0.264802 0.0568775 0.5)
(0.264802 0.056336 0.5)
(0.264802 0.0557568 0.5)
(0.264801 0.0551374 0.5)
(0.264801 0.054475 0.5)
(0.2648 0.0537665 0.5)
(0.2648 0.0530087 0.5)
(0.264799 0.0521983 0.5)
(0.264799 0.0513315 0.5)
(0.264798 0.0504044 0.5)
(0.264798 0.0494129 0.5)
(0.264797 0.0483525 0.5)
(0.264796 0.0472184 0.5)
(0.264795 0.0460054 0.5)
(0.264795 0.0447081 0.5)
(0.264794 0.0433206 0.5)
(0.264793 0.0418367 0.5)
(0.264792 0.0402495 0.5)
(0.264791 0.0385521 0.5)
(0.264789 0.0367367 0.5)
(0.264788 0.034795 0.5)
(0.264787 0.0327184 0.5)
(0.264785 0.0304974 0.5)
(0.264784 0.028122 0.5)
(0.264782 0.0255814 0.5)
(0.264781 0.0228643 0.5)
(0.264779 0.0199582 0.5)
(0.264777 0.0168501 0.5)
(0.264775 0.013526 0.5)
(0.264772 0.00997077 0.5)
(0.26477 0.00616838 0.5)
(0.264767 0.00210166 0.5)
(0.272545 0.0641532 0.5)
(0.272545 0.0641379 0.5)
(0.272545 0.0641215 0.5)
(0.272545 0.064104 0.5)
(0.272545 0.0640853 0.5)
(0.272545 0.0640653 0.5)
(0.272545 0.0640439 0.5)
(0.272545 0.064021 0.5)
(0.272545 0.0639965 0.5)
(0.272545 0.0639703 0.5)
(0.272545 0.0639423 0.5)
(0.272545 0.0639123 0.5)
(0.272545 0.0638803 0.5)
(0.272545 0.063846 0.5)
(0.272545 0.0638094 0.5)
(0.272545 0.0637702 0.5)
(0.272545 0.0637282 0.5)
(0.272545 0.0636834 0.5)
(0.272545 0.0636354 0.5)
(0.272545 0.0635842 0.5)
(0.272545 0.0635293 0.5)
(0.272545 0.0634706 0.5)
(0.272545 0.0634079 0.5)
(0.272545 0.0633408 0.5)
(0.272544 0.063269 0.5)
(0.272544 0.0631922 0.5)
(0.272544 0.0631101 0.5)
(0.272544 0.0630223 0.5)
(0.272544 0.0629284 0.5)
(0.272544 0.062828 0.5)
(0.272544 0.0627206 0.5)
(0.272544 0.0626057 0.5)
(0.272544 0.0624828 0.5)
(0.272544 0.0623514 0.5)
(0.272544 0.0622108 0.5)
(0.272544 0.0620605 0.5)
(0.272544 0.0618997 0.5)
(0.272544 0.0617277 0.5)
(0.272543 0.0615438 0.5)
(0.272543 0.0613471 0.5)
(0.272543 0.0611368 0.5)
(0.272543 0.0609118 0.5)
(0.272543 0.0606711 0.5)
(0.272543 0.0604138 0.5)
(0.272543 0.0601385 0.5)
(0.272542 0.0598441 0.5)
(0.272542 0.0595293 0.5)
(0.272542 0.0591925 0.5)
(0.272542 0.0588324 0.5)
(0.272542 0.0584472 0.5)
(0.272541 0.0580352 0.5)
(0.272541 0.0575946 0.5)
(0.272541 0.0571234 0.5)
(0.27254 0.0566194 0.5)
(0.27254 0.0560803 0.5)
(0.27254 0.0555038 0.5)
(0.272539 0.0548873 0.5)
(0.272539 0.0542278 0.5)
(0.272539 0.0535225 0.5)
(0.272538 0.0527682 0.5)
(0.272538 0.0519614 0.5)
(0.272537 0.0510986 0.5)
(0.272537 0.0501757 0.5)
(0.272536 0.0491887 0.5)
(0.272535 0.0481331 0.5)
(0.272535 0.0470041 0.5)
(0.272534 0.0457967 0.5)
(0.272533 0.0445052 0.5)
(0.272532 0.043124 0.5)
(0.272531 0.0416468 0.5)
(0.27253 0.0400669 0.5)
(0.272529 0.0383772 0.5)
(0.272528 0.03657 0.5)
(0.272527 0.0346371 0.5)
(0.272526 0.0325699 0.5)
(0.272524 0.030359 0.5)
(0.272523 0.0279944 0.5)
(0.272521 0.0254653 0.5)
(0.27252 0.0227605 0.5)
(0.272518 0.0198677 0.5)
(0.272516 0.0167737 0.5)
(0.272514 0.0134646 0.5)
(0.272512 0.00992553 0.5)
(0.27251 0.00614039 0.5)
(0.272507 0.00209212 0.5)
(0.280244 0.0638579 0.5)
(0.280244 0.0638426 0.5)
(0.280244 0.0638264 0.5)
(0.280244 0.0638089 0.5)
(0.280244 0.0637903 0.5)
(0.280244 0.0637704 0.5)
(0.280244 0.0637491 0.5)
(0.280244 0.0637263 0.5)
(0.280244 0.0637019 0.5)
(0.280244 0.0636758 0.5)
(0.280244 0.063648 0.5)
(0.280244 0.0636181 0.5)
(0.280244 0.0635862 0.5)
(0.280244 0.0635521 0.5)
(0.280244 0.0635157 0.5)
(0.280244 0.0634766 0.5)
(0.280244 0.0634349 0.5)
(0.280244 0.0633903 0.5)
(0.280244 0.0633425 0.5)
(0.280244 0.0632915 0.5)
(0.280244 0.0632369 0.5)
(0.280244 0.0631785 0.5)
(0.280244 0.063116 0.5)
(0.280244 0.0630492 0.5)
(0.280243 0.0629778 0.5)
(0.280243 0.0629014 0.5)
(0.280243 0.0628197 0.5)
(0.280243 0.0627322 0.5)
(0.280243 0.0626388 0.5)
(0.280243 0.0625388 0.5)
(0.280243 0.0624319 0.5)
(0.280243 0.0623175 0.5)
(0.280243 0.0621952 0.5)
(0.280243 0.0620644 0.5)
(0.280243 0.0619245 0.5)
(0.280243 0.0617748 0.5)
(0.280243 0.0616148 0.5)
(0.280243 0.0614436 0.5)
(0.280243 0.0612606 0.5)
(0.280242 0.0610648 0.5)
(0.280242 0.0608554 0.5)
(0.280242 0.0606314 0.5)
(0.280242 0.0603919 0.5)
(0.280242 0.0601357 0.5)
(0.280242 0.0598617 0.5)
(0.280242 0.0595687 0.5)
(0.280241 0.0592553 0.5)
(0.280241 0.0589201 0.5)
(0.280241 0.0585616 0.5)
(0.280241 0.0581782 0.5)
(0.28024 0.0577681 0.5)
(0.28024 0.0573295 0.5)
(0.28024 0.0568605 0.5)
(0.28024 0.0563588 0.5)
(0.280239 0.0558222 0.5)
(0.280239 0.0552484 0.5)
(0.280239 0.0546346 0.5)
(0.280238 0.0539782 0.5)
(0.280238 0.0532762 0.5)
(0.280237 0.0525253 0.5)
(0.280237 0.0517222 0.5)
(0.280236 0.0508634 0.5)
(0.280236 0.0499448 0.5)
(0.280235 0.0489623 0.5)
(0.280235 0.0479116 0.5)
(0.280234 0.0467878 0.5)
(0.280233 0.0455859 0.5)
(0.280233 0.0443004 0.5)
(0.280232 0.0429256 0.5)
(0.280231 0.0414551 0.5)
(0.28023 0.0398825 0.5)
(0.280229 0.0382005 0.5)
(0.280228 0.0364016 0.5)
(0.280227 0.0344777 0.5)
(0.280226 0.03242 0.5)
(0.280225 0.0302192 0.5)
(0.280223 0.0278655 0.5)
(0.280222 0.0253481 0.5)
(0.28022 0.0226558 0.5)
(0.280219 0.0197762 0.5)
(0.280217 0.0166965 0.5)
(0.280215 0.0134027 0.5)
(0.280213 0.00987984 0.5)
(0.280211 0.00611213 0.5)
(0.280208 0.00208249 0.5)
(0.287904 0.0635601 0.5)
(0.287904 0.0635449 0.5)
(0.287904 0.0635287 0.5)
(0.287904 0.0635114 0.5)
(0.287904 0.0634928 0.5)
(0.287904 0.063473 0.5)
(0.287904 0.0634518 0.5)
(0.287904 0.0634291 0.5)
(0.287904 0.0634048 0.5)
(0.287904 0.0633789 0.5)
(0.287904 0.0633511 0.5)
(0.287904 0.0633215 0.5)
(0.287904 0.0632897 0.5)
(0.287904 0.0632558 0.5)
(0.287904 0.0632195 0.5)
(0.287904 0.0631806 0.5)
(0.287904 0.0631391 0.5)
(0.287904 0.0630947 0.5)
(0.287904 0.0630472 0.5)
(0.287904 0.0629963 0.5)
(0.287904 0.062942 0.5)
(0.287904 0.0628839 0.5)
(0.287904 0.0628217 0.5)
(0.287904 0.0627552 0.5)
(0.287904 0.0626841 0.5)
(0.287904 0.062608 0.5)
(0.287904 0.0625267 0.5)
(0.287904 0.0624397 0.5)
(0.287904 0.0623467 0.5)
(0.287904 0.0622472 0.5)
(0.287904 0.0621407 0.5)
(0.287903 0.0620269 0.5)
(0.287903 0.0619052 0.5)
(0.287903 0.0617749 0.5)
(0.287903 0.0616357 0.5)
(0.287903 0.0614868 0.5)
(0.287903 0.0613275 0.5)
(0.287903 0.0611571 0.5)
(0.287903 0.0609749 0.5)
(0.287903 0.06078 0.5)
(0.287903 0.0605716 0.5)
(0.287903 0.0603487 0.5)
(0.287902 0.0601103 0.5)
(0.287902 0.0598553 0.5)
(0.287902 0.0595826 0.5)
(0.287902 0.0592909 0.5)
(0.287902 0.058979 0.5)
(0.287902 0.0586453 0.5)
(0.287901 0.0582885 0.5)
(0.287901 0.0579069 0.5)
(0.287901 0.0574987 0.5)
(0.287901 0.0570622 0.5)
(0.287901 0.0565953 0.5)
(0.2879 0.056096 0.5)
(0.2879 0.0555619 0.5)
(0.2879 0.0549907 0.5)
(0.287899 0.0543798 0.5)
(0.287899 0.0537265 0.5)
(0.287899 0.0530277 0.5)
(0.287898 0.0522804 0.5)
(0.287898 0.051481 0.5)
(0.287897 0.0506262 0.5)
(0.287897 0.0497119 0.5)
(0.287896 0.048734 0.5)
(0.287896 0.0476881 0.5)
(0.287895 0.0465696 0.5)
(0.287894 0.0453733 0.5)
(0.287894 0.0440938 0.5)
(0.287893 0.0427254 0.5)
(0.287892 0.0412618 0.5)
(0.287891 0.0396965 0.5)
(0.28789 0.0380224 0.5)
(0.28789 0.0362319 0.5)
(0.287888 0.0343169 0.5)
(0.287887 0.0322688 0.5)
(0.287886 0.0300783 0.5)
(0.287885 0.0277356 0.5)
(0.287884 0.0252299 0.5)
(0.287882 0.0225501 0.5)
(0.287881 0.019684 0.5)
(0.287879 0.0166186 0.5)
(0.287877 0.0133402 0.5)
(0.287875 0.00983377 0.5)
(0.287873 0.00608363 0.5)
(0.287871 0.00207278 0.5)
(0.295526 0.0632601 0.5)
(0.295526 0.0632451 0.5)
(0.295526 0.0632289 0.5)
(0.295526 0.0632117 0.5)
(0.295526 0.0631932 0.5)
(0.295526 0.0631735 0.5)
(0.295526 0.0631524 0.5)
(0.295526 0.0631298 0.5)
(0.295526 0.0631056 0.5)
(0.295526 0.0630798 0.5)
(0.295526 0.0630522 0.5)
(0.295526 0.0630227 0.5)
(0.295526 0.0629911 0.5)
(0.295526 0.0629573 0.5)
(0.295526 0.0629211 0.5)
(0.295526 0.0628825 0.5)
(0.295526 0.0628411 0.5)
(0.295526 0.0627969 0.5)
(0.295526 0.0627496 0.5)
(0.295526 0.0626991 0.5)
(0.295526 0.062645 0.5)
(0.295526 0.0625871 0.5)
(0.295526 0.0625252 0.5)
(0.295526 0.0624591 0.5)
(0.295526 0.0623883 0.5)
(0.295526 0.0623126 0.5)
(0.295526 0.0622316 0.5)
(0.295526 0.0621451 0.5)
(0.295526 0.0620524 0.5)
(0.295526 0.0619534 0.5)
(0.295525 0.0618475 0.5)
(0.295525 0.0617342 0.5)
(0.295525 0.061613 0.5)
(0.295525 0.0614834 0.5)
(0.295525 0.0613448 0.5)
(0.295525 0.0611966 0.5)
(0.295525 0.0610381 0.5)
(0.295525 0.0608685 0.5)
(0.295525 0.0606871 0.5)
(0.295525 0.0604932 0.5)
(0.295525 0.0602857 0.5)
(0.295525 0.0600639 0.5)
(0.295524 0.0598266 0.5)
(0.295524 0.0595728 0.5)
(0.295524 0.0593014 0.5)
(0.295524 0.0590111 0.5)
(0.295524 0.0587006 0.5)
(0.295524 0.0583686 0.5)
(0.295524 0.0580134 0.5)
(0.295523 0.0576336 0.5)
(0.295523 0.0572274 0.5)
(0.295523 0.0567929 0.5)
(0.295523 0.0563282 0.5)
(0.295522 0.0558312 0.5)
(0.295522 0.0552997 0.5)
(0.295522 0.0547312 0.5)
(0.295522 0.0541232 0.5)
(0.295521 0.0534729 0.5)
(0.295521 0.0527775 0.5)
(0.295521 0.0520336 0.5)
(0.29552 0.0512381 0.5)
(0.29552 0.0503873 0.5)
(0.295519 0.0494773 0.5)
(0.295519 0.048504 0.5)
(0.295518 0.0474631 0.5)
(0.295518 0.0463498 0.5)
(0.295517 0.0451592 0.5)
(0.295516 0.0438857 0.5)
(0.295516 0.0425238 0.5)
(0.295515 0.0410671 0.5)
(0.295514 0.0395092 0.5)
(0.295513 0.037843 0.5)
(0.295512 0.0360609 0.5)
(0.295512 0.034155 0.5)
(0.295511 0.0321165 0.5)
(0.295509 0.0299364 0.5)
(0.295508 0.0276047 0.5)
(0.295507 0.0251109 0.5)
(0.295506 0.0224437 0.5)
(0.295504 0.0195911 0.5)
(0.295503 0.0165402 0.5)
(0.295501 0.0132772 0.5)
(0.295499 0.00978736 0.5)
(0.295497 0.00605492 0.5)
(0.295495 0.002063 0.5)
(0.30311 0.0629584 0.5)
(0.30311 0.0629434 0.5)
(0.30311 0.0629273 0.5)
(0.30311 0.0629102 0.5)
(0.30311 0.0628918 0.5)
(0.30311 0.0628721 0.5)
(0.30311 0.0628511 0.5)
(0.30311 0.0628287 0.5)
(0.30311 0.0628046 0.5)
(0.30311 0.0627789 0.5)
(0.30311 0.0627514 0.5)
(0.30311 0.062722 0.5)
(0.30311 0.0626906 0.5)
(0.30311 0.062657 0.5)
(0.30311 0.062621 0.5)
(0.30311 0.0625825 0.5)
(0.30311 0.0625414 0.5)
(0.30311 0.0624974 0.5)
(0.30311 0.0624503 0.5)
(0.30311 0.0624 0.5)
(0.30311 0.0623462 0.5)
(0.30311 0.0622886 0.5)
(0.303109 0.062227 0.5)
(0.303109 0.0621611 0.5)
(0.303109 0.0620907 0.5)
(0.303109 0.0620154 0.5)
(0.303109 0.0619348 0.5)
(0.303109 0.0618486 0.5)
(0.303109 0.0617565 0.5)
(0.303109 0.0616579 0.5)
(0.303109 0.0615525 0.5)
(0.303109 0.0614397 0.5)
(0.303109 0.0613191 0.5)
(0.303109 0.0611902 0.5)
(0.303109 0.0610522 0.5)
(0.303109 0.0609047 0.5)
(0.303109 0.0607469 0.5)
(0.303109 0.0605782 0.5)
(0.303109 0.0603977 0.5)
(0.303109 0.0602046 0.5)
(0.303108 0.0599982 0.5)
(0.303108 0.0597774 0.5)
(0.303108 0.0595412 0.5)
(0.303108 0.0592887 0.5)
(0.303108 0.0590185 0.5)
(0.303108 0.0587296 0.5)
(0.303108 0.0584206 0.5)
(0.303108 0.0580902 0.5)
(0.303107 0.0577367 0.5)
(0.303107 0.0573587 0.5)
(0.303107 0.0569544 0.5)
(0.303107 0.056522 0.5)
(0.303107 0.0560595 0.5)
(0.303106 0.0555649 0.5)
(0.303106 0.0550359 0.5)
(0.303106 0.0544702 0.5)
(0.303106 0.0538651 0.5)
(0.303105 0.0532179 0.5)
(0.303105 0.0525257 0.5)
(0.303105 0.0517854 0.5)
(0.303104 0.0509937 0.5)
(0.303104 0.0501469 0.5)
(0.303103 0.0492413 0.5)
(0.303103 0.0482727 0.5)
(0.303103 0.0472367 0.5)
(0.303102 0.0461287 0.5)
(0.303101 0.0449438 0.5)
(0.303101 0.0436764 0.5)
(0.3031 0.0423209 0.5)
(0.3031 0.0408712 0.5)
(0.303099 0.0393207 0.5)
(0.303098 0.0376625 0.5)
(0.303097 0.0358889 0.5)
(0.303096 0.0339921 0.5)
(0.303095 0.0319633 0.5)
(0.303094 0.0297936 0.5)
(0.303093 0.027473 0.5)
(0.303092 0.0249911 0.5)
(0.303091 0.0223366 0.5)
(0.30309 0.0194976 0.5)
(0.303088 0.0164613 0.5)
(0.303087 0.0132139 0.5)
(0.303085 0.00974068 0.5)
(0.303083 0.00602604 0.5)
(0.303082 0.00205316 0.5)
(0.310655 0.0626552 0.5)
(0.310655 0.0626403 0.5)
(0.310655 0.0626243 0.5)
(0.310655 0.0626072 0.5)
(0.310655 0.0625889 0.5)
(0.310655 0.0625694 0.5)
(0.310655 0.0625484 0.5)
(0.310655 0.0625261 0.5)
(0.310655 0.0625022 0.5)
(0.310655 0.0624766 0.5)
(0.310655 0.0624492 0.5)
(0.310655 0.06242 0.5)
(0.310655 0.0623887 0.5)
(0.310655 0.0623552 0.5)
(0.310655 0.0623194 0.5)
(0.310655 0.0622811 0.5)
(0.310655 0.0622402 0.5)
(0.310655 0.0621964 0.5)
(0.310655 0.0621496 0.5)
(0.310655 0.0620995 0.5)
(0.310655 0.0620459 0.5)
(0.310655 0.0619886 0.5)
(0.310655 0.0619273 0.5)
(0.310655 0.0618618 0.5)
(0.310655 0.0617917 0.5)
(0.310655 0.0617167 0.5)
(0.310655 0.0616365 0.5)
(0.310655 0.0615508 0.5)
(0.310655 0.0614591 0.5)
(0.310655 0.061361 0.5)
(0.310655 0.061256 0.5)
(0.310655 0.0611438 0.5)
(0.310655 0.0610238 0.5)
(0.310655 0.0608955 0.5)
(0.310655 0.0607582 0.5)
(0.310655 0.0606114 0.5)
(0.310655 0.0604544 0.5)
(0.310654 0.0602864 0.5)
(0.310654 0.0601068 0.5)
(0.310654 0.0599147 0.5)
(0.310654 0.0597092 0.5)
(0.310654 0.0594895 0.5)
(0.310654 0.0592545 0.5)
(0.310654 0.0590031 0.5)
(0.310654 0.0587343 0.5)
(0.310654 0.0584468 0.5)
(0.310654 0.0581393 0.5)
(0.310653 0.0578104 0.5)
(0.310653 0.0574587 0.5)
(0.310653 0.0570825 0.5)
(0.310653 0.0566801 0.5)
(0.310653 0.0562498 0.5)
(0.310653 0.0557896 0.5)
(0.310652 0.0552973 0.5)
(0.310652 0.0547709 0.5)
(0.310652 0.0542078 0.5)
(0.310652 0.0536056 0.5)
(0.310651 0.0529616 0.5)
(0.310651 0.0522728 0.5)
(0.310651 0.0515361 0.5)
(0.31065 0.0507481 0.5)
(0.31065 0.0499054 0.5)
(0.31065 0.0490041 0.5)
(0.310649 0.0480402 0.5)
(0.310649 0.0470092 0.5)
(0.310648 0.0459066 0.5)
(0.310648 0.0447273 0.5)
(0.310647 0.0434661 0.5)
(0.310647 0.0421171 0.5)
(0.310646 0.0406744 0.5)
(0.310646 0.0391314 0.5)
(0.310645 0.0374811 0.5)
(0.310644 0.0357161 0.5)
(0.310643 0.0338283 0.5)
(0.310642 0.0318094 0.5)
(0.310642 0.0296501 0.5)
(0.310641 0.0273407 0.5)
(0.31064 0.0248707 0.5)
(0.310638 0.0222291 0.5)
(0.310637 0.0194037 0.5)
(0.310636 0.016382 0.5)
(0.310635 0.0131502 0.5)
(0.310633 0.00969377 0.5)
(0.310632 0.00599702 0.5)
(0.31063 0.00204327 0.5)
(0.318163 0.0623509 0.5)
(0.318163 0.062336 0.5)
(0.318163 0.0623201 0.5)
(0.318163 0.0623031 0.5)
(0.318163 0.0622849 0.5)
(0.318163 0.0622655 0.5)
(0.318163 0.0622446 0.5)
(0.318163 0.0622224 0.5)
(0.318163 0.0621986 0.5)
(0.318163 0.0621731 0.5)
(0.318163 0.0621459 0.5)
(0.318163 0.0621168 0.5)
(0.318163 0.0620857 0.5)
(0.318163 0.0620523 0.5)
(0.318163 0.0620167 0.5)
(0.318163 0.0619786 0.5)
(0.318163 0.0619379 0.5)
(0.318163 0.0618943 0.5)
(0.318163 0.0618477 0.5)
(0.318163 0.0617979 0.5)
(0.318163 0.0617445 0.5)
(0.318163 0.0616875 0.5)
(0.318163 0.0616265 0.5)
(0.318163 0.0615613 0.5)
(0.318163 0.0614916 0.5)
(0.318163 0.0614169 0.5)
(0.318163 0.0613372 0.5)
(0.318163 0.0612518 0.5)
(0.318163 0.0611605 0.5)
(0.318163 0.0610629 0.5)
(0.318163 0.0609585 0.5)
(0.318163 0.0608469 0.5)
(0.318163 0.0607274 0.5)
(0.318163 0.0605997 0.5)
(0.318163 0.0604631 0.5)
(0.318162 0.060317 0.5)
(0.318162 0.0601607 0.5)
(0.318162 0.0599936 0.5)
(0.318162 0.0598149 0.5)
(0.318162 0.0596237 0.5)
(0.318162 0.0594192 0.5)
(0.318162 0.0592006 0.5)
(0.318162 0.0589667 0.5)
(0.318162 0.0587166 0.5)
(0.318162 0.058449 0.5)
(0.318162 0.0581629 0.5)
(0.318162 0.0578569 0.5)
(0.318161 0.0575296 0.5)
(0.318161 0.0571796 0.5)
(0.318161 0.0568052 0.5)
(0.318161 0.0564048 0.5)
(0.318161 0.0559766 0.5)
(0.318161 0.0555186 0.5)
(0.31816 0.0550287 0.5)
(0.31816 0.0545049 0.5)
(0.31816 0.0539445 0.5)
(0.31816 0.0533453 0.5)
(0.31816 0.0527044 0.5)
(0.318159 0.0520189 0.5)
(0.318159 0.0512857 0.5)
(0.318159 0.0505016 0.5)
(0.318158 0.049663 0.5)
(0.318158 0.0487661 0.5)
(0.318158 0.0478068 0.5)
(0.318157 0.0467809 0.5)
(0.318157 0.0456836 0.5)
(0.318156 0.0445101 0.5)
(0.318156 0.0432549 0.5)
(0.318156 0.0419125 0.5)
(0.318155 0.0404768 0.5)
(0.318154 0.0389413 0.5)
(0.318154 0.037299 0.5)
(0.318153 0.0355426 0.5)
(0.318152 0.033664 0.5)
(0.318152 0.0316549 0.5)
(0.318151 0.0295061 0.5)
(0.31815 0.0272079 0.5)
(0.318149 0.0247499 0.5)
(0.318148 0.0221211 0.5)
(0.318147 0.0193095 0.5)
(0.318146 0.0163025 0.5)
(0.318145 0.0130864 0.5)
(0.318143 0.00964668 0.5)
(0.318142 0.00596789 0.5)
(0.31814 0.00203335 0.5)
(0.325633 0.0620458 0.5)
(0.325633 0.062031 0.5)
(0.325633 0.0620151 0.5)
(0.325633 0.0619982 0.5)
(0.325633 0.0619801 0.5)
(0.325633 0.0619608 0.5)
(0.325633 0.0619401 0.5)
(0.325633 0.0619179 0.5)
(0.325633 0.0618942 0.5)
(0.325633 0.0618689 0.5)
(0.325633 0.0618418 0.5)
(0.325633 0.0618128 0.5)
(0.325633 0.0617818 0.5)
(0.325633 0.0617487 0.5)
(0.325633 0.0617133 0.5)
(0.325633 0.0616753 0.5)
(0.325633 0.0616348 0.5)
(0.325633 0.0615914 0.5)
(0.325633 0.061545 0.5)
(0.325633 0.0614954 0.5)
(0.325633 0.0614424 0.5)
(0.325633 0.0613857 0.5)
(0.325633 0.061325 0.5)
(0.325633 0.0612601 0.5)
(0.325633 0.0611906 0.5)
(0.325633 0.0611164 0.5)
(0.325633 0.061037 0.5)
(0.325633 0.0609521 0.5)
(0.325633 0.0608613 0.5)
(0.325633 0.0607641 0.5)
(0.325633 0.0606602 0.5)
(0.325633 0.0605491 0.5)
(0.325633 0.0604303 0.5)
(0.325633 0.0603032 0.5)
(0.325633 0.0601672 0.5)
(0.325633 0.0600218 0.5)
(0.325633 0.0598663 0.5)
(0.325633 0.0597 0.5)
(0.325633 0.0595222 0.5)
(0.325632 0.0593319 0.5)
(0.325632 0.0591285 0.5)
(0.325632 0.0589109 0.5)
(0.325632 0.0586781 0.5)
(0.325632 0.0584292 0.5)
(0.325632 0.058163 0.5)
(0.325632 0.0578783 0.5)
(0.325632 0.0575738 0.5)
(0.325632 0.0572481 0.5)
(0.325632 0.0568998 0.5)
(0.325632 0.0565272 0.5)
(0.325631 0.0561288 0.5)
(0.325631 0.0557027 0.5)
(0.325631 0.0552469 0.5)
(0.325631 0.0547595 0.5)
(0.325631 0.0542381 0.5)
(0.325631 0.0536806 0.5)
(0.32563 0.0530842 0.5)
(0.32563 0.0524464 0.5)
(0.32563 0.0517643 0.5)
(0.32563 0.0510348 0.5)
(0.325629 0.0502545 0.5)
(0.325629 0.04942 0.5)
(0.325629 0.0485275 0.5)
(0.325629 0.0475729 0.5)
(0.325628 0.046552 0.5)
(0.325628 0.0454601 0.5)
(0.325627 0.0442923 0.5)
(0.325627 0.0430433 0.5)
(0.325627 0.0417074 0.5)
(0.325626 0.0402788 0.5)
(0.325626 0.0387507 0.5)
(0.325625 0.0371165 0.5)
(0.325625 0.0353687 0.5)
(0.325624 0.0334993 0.5)
(0.325623 0.0315 0.5)
(0.325623 0.0293617 0.5)
(0.325622 0.0270748 0.5)
(0.325621 0.0246288 0.5)
(0.32562 0.0220128 0.5)
(0.325619 0.019215 0.5)
(0.325618 0.0162227 0.5)
(0.325617 0.0130223 0.5)
(0.325616 0.00959948 0.5)
(0.325615 0.00593868 0.5)
(0.325614 0.0020234 0.5)
(0.333066 0.0617402 0.5)
(0.333066 0.0617255 0.5)
(0.333066 0.0617097 0.5)
(0.333066 0.0616929 0.5)
(0.333066 0.0616749 0.5)
(0.333066 0.0616556 0.5)
(0.333066 0.061635 0.5)
(0.333066 0.061613 0.5)
(0.333066 0.0615894 0.5)
(0.333066 0.0615642 0.5)
(0.333066 0.0615372 0.5)
(0.333066 0.0615084 0.5)
(0.333066 0.0614776 0.5)
(0.333066 0.0614446 0.5)
(0.333066 0.0614093 0.5)
(0.333066 0.0613716 0.5)
(0.333066 0.0613312 0.5)
(0.333066 0.0612881 0.5)
(0.333066 0.0612419 0.5)
(0.333066 0.0611926 0.5)
(0.333066 0.0611398 0.5)
(0.333066 0.0610833 0.5)
(0.333066 0.0610229 0.5)
(0.333066 0.0609584 0.5)
(0.333066 0.0608893 0.5)
(0.333066 0.0608154 0.5)
(0.333066 0.0607364 0.5)
(0.333066 0.0606519 0.5)
(0.333066 0.0605615 0.5)
(0.333066 0.0604648 0.5)
(0.333066 0.0603615 0.5)
(0.333066 0.0602509 0.5)
(0.333066 0.0601326 0.5)
(0.333066 0.0600062 0.5)
(0.333066 0.0598709 0.5)
(0.333066 0.0597262 0.5)
(0.333065 0.0595715 0.5)
(0.333065 0.059406 0.5)
(0.333065 0.059229 0.5)
(0.333065 0.0590397 0.5)
(0.333065 0.0588373 0.5)
(0.333065 0.0586207 0.5)
(0.333065 0.0583891 0.5)
(0.333065 0.0581415 0.5)
(0.333065 0.0578766 0.5)
(0.333065 0.0575932 0.5)
(0.333065 0.0572902 0.5)
(0.333065 0.0569661 0.5)
(0.333065 0.0566195 0.5)
(0.333065 0.0562488 0.5)
(0.333064 0.0558524 0.5)
(0.333064 0.0554283 0.5)
(0.333064 0.0549748 0.5)
(0.333064 0.0544898 0.5)
(0.333064 0.053971 0.5)
(0.333064 0.0534162 0.5)
(0.333064 0.0528228 0.5)
(0.333063 0.0521881 0.5)
(0.333063 0.0515094 0.5)
(0.333063 0.0507834 0.5)
(0.333063 0.050007 0.5)
(0.333063 0.0491766 0.5)
(0.333062 0.0482885 0.5)
(0.333062 0.0473386 0.5)
(0.333062 0.0463227 0.5)
(0.333061 0.0452362 0.5)
(0.333061 0.0440741 0.5)
(0.333061 0.0428313 0.5)
(0.33306 0.041502 0.5)
(0.33306 0.0400804 0.5)
(0.33306 0.0385599 0.5)
(0.333059 0.0369337 0.5)
(0.333059 0.0351945 0.5)
(0.333058 0.0333343 0.5)
(0.333057 0.0313449 0.5)
(0.333057 0.0292171 0.5)
(0.333056 0.0269414 0.5)
(0.333056 0.0245075 0.5)
(0.333055 0.0219044 0.5)
(0.333054 0.0191204 0.5)
(0.333053 0.0161428 0.5)
(0.333052 0.0129582 0.5)
(0.333051 0.0095522 0.5)
(0.33305 0.00590943 0.5)
(0.333049 0.00201343 0.5)
(0.340462 0.0614344 0.5)
(0.340462 0.0614198 0.5)
(0.340462 0.0614041 0.5)
(0.340462 0.0613874 0.5)
(0.340462 0.0613695 0.5)
(0.340462 0.0613503 0.5)
(0.340462 0.0613298 0.5)
(0.340462 0.0613079 0.5)
(0.340462 0.0612844 0.5)
(0.340462 0.0612593 0.5)
(0.340462 0.0612325 0.5)
(0.340462 0.0612038 0.5)
(0.340462 0.0611731 0.5)
(0.340461 0.0611403 0.5)
(0.340461 0.0611052 0.5)
(0.340461 0.0610677 0.5)
(0.340461 0.0610275 0.5)
(0.340461 0.0609846 0.5)
(0.340461 0.0609387 0.5)
(0.340461 0.0608896 0.5)
(0.340461 0.060837 0.5)
(0.340461 0.0607808 0.5)
(0.340461 0.0607208 0.5)
(0.340461 0.0606565 0.5)
(0.340461 0.0605878 0.5)
(0.340461 0.0605143 0.5)
(0.340461 0.0604356 0.5)
(0.340461 0.0603515 0.5)
(0.340461 0.0602616 0.5)
(0.340461 0.0601654 0.5)
(0.340461 0.0600626 0.5)
(0.340461 0.0599525 0.5)
(0.340461 0.0598349 0.5)
(0.340461 0.059709 0.5)
(0.340461 0.0595744 0.5)
(0.340461 0.0594305 0.5)
(0.340461 0.0592765 0.5)
(0.340461 0.0591118 0.5)
(0.340461 0.0589357 0.5)
(0.340461 0.0587474 0.5)
(0.340461 0.0585459 0.5)
(0.340461 0.0583304 0.5)
(0.340461 0.0581 0.5)
(0.340461 0.0578535 0.5)
(0.340461 0.05759 0.5)
(0.340461 0.057308 0.5)
(0.340461 0.0570065 0.5)
(0.34046 0.0566841 0.5)
(0.34046 0.0563392 0.5)
(0.34046 0.0559703 0.5)
(0.34046 0.0555758 0.5)
(0.34046 0.0551539 0.5)
(0.34046 0.0547026 0.5)
(0.34046 0.0542199 0.5)
(0.34046 0.0537038 0.5)
(0.34046 0.0531517 0.5)
(0.340459 0.0525612 0.5)
(0.340459 0.0519297 0.5)
(0.340459 0.0512543 0.5)
(0.340459 0.0505319 0.5)
(0.340459 0.0497594 0.5)
(0.340459 0.0489331 0.5)
(0.340458 0.0480494 0.5)
(0.340458 0.0471042 0.5)
(0.340458 0.0460933 0.5)
(0.340458 0.0450122 0.5)
(0.340457 0.0438559 0.5)
(0.340457 0.0426192 0.5)
(0.340457 0.0412965 0.5)
(0.340457 0.0398819 0.5)
(0.340456 0.0383689 0.5)
(0.340456 0.0367508 0.5)
(0.340455 0.0350202 0.5)
(0.340455 0.0331693 0.5)
(0.340454 0.0311896 0.5)
(0.340454 0.0290724 0.5)
(0.340453 0.026808 0.5)
(0.340453 0.0243862 0.5)
(0.340452 0.021796 0.5)
(0.340452 0.0190257 0.5)
(0.340451 0.0160628 0.5)
(0.34045 0.012894 0.5)
(0.340449 0.0095049 0.5)
(0.340449 0.00588017 0.5)
(0.340448 0.00200346 0.5)
(0.34782 0.0611289 0.5)
(0.34782 0.0611143 0.5)
(0.34782 0.0610987 0.5)
(0.34782 0.061082 0.5)
(0.34782 0.0610642 0.5)
(0.34782 0.0610451 0.5)
(0.34782 0.0610247 0.5)
(0.34782 0.0610029 0.5)
(0.34782 0.0609796 0.5)
(0.34782 0.0609546 0.5)
(0.34782 0.0609279 0.5)
(0.34782 0.0608994 0.5)
(0.34782 0.0608689 0.5)
(0.34782 0.0608362 0.5)
(0.34782 0.0608013 0.5)
(0.34782 0.0607639 0.5)
(0.34782 0.060724 0.5)
(0.34782 0.0606813 0.5)
(0.34782 0.0606356 0.5)
(0.34782 0.0605867 0.5)
(0.34782 0.0605344 0.5)
(0.34782 0.0604785 0.5)
(0.34782 0.0604187 0.5)
(0.34782 0.0603548 0.5)
(0.34782 0.0602864 0.5)
(0.34782 0.0602133 0.5)
(0.34782 0.060135 0.5)
(0.34782 0.0600514 0.5)
(0.34782 0.0599619 0.5)
(0.34782 0.0598662 0.5)
(0.34782 0.0597638 0.5)
(0.34782 0.0596543 0.5)
(0.34782 0.0595372 0.5)
(0.34782 0.059412 0.5)
(0.34782 0.0592781 0.5)
(0.34782 0.0591349 0.5)
(0.34782 0.0589817 0.5)
(0.34782 0.0588178 0.5)
(0.34782 0.0586426 0.5)
(0.34782 0.0584551 0.5)
(0.347819 0.0582547 0.5)
(0.347819 0.0580403 0.5)
(0.347819 0.057811 0.5)
(0.347819 0.0575658 0.5)
(0.347819 0.0573035 0.5)
(0.347819 0.057023 0.5)
(0.347819 0.056723 0.5)
(0.347819 0.0564021 0.5)
(0.347819 0.0560589 0.5)
(0.347819 0.0556919 0.5)
(0.347819 0.0552994 0.5)
(0.347819 0.0548795 0.5)
(0.347819 0.0544305 0.5)
(0.347819 0.0539503 0.5)
(0.347819 0.0534366 0.5)
(0.347819 0.0528873 0.5)
(0.347818 0.0522998 0.5)
(0.347818 0.0516714 0.5)
(0.347818 0.0509994 0.5)
(0.347818 0.0502806 0.5)
(0.347818 0.0495119 0.5)
(0.347818 0.0486897 0.5)
(0.347818 0.0478104 0.5)
(0.347817 0.0468699 0.5)
(0.347817 0.0458641 0.5)
(0.347817 0.0447883 0.5)
(0.347817 0.0436377 0.5)
(0.347817 0.0424072 0.5)
(0.347816 0.0410911 0.5)
(0.347816 0.0396835 0.5)
(0.347816 0.0381781 0.5)
(0.347815 0.036568 0.5)
(0.347815 0.034846 0.5)
(0.347815 0.0330043 0.5)
(0.347814 0.0310345 0.5)
(0.347814 0.0289278 0.5)
(0.347814 0.0266747 0.5)
(0.347813 0.0242649 0.5)
(0.347813 0.0216875 0.5)
(0.347812 0.0189311 0.5)
(0.347812 0.0159829 0.5)
(0.347811 0.0128299 0.5)
(0.34781 0.00945762 0.5)
(0.34781 0.00585092 0.5)
(0.347809 0.00199349 0.5)
(0.355142 0.0608238 0.5)
(0.355142 0.0608093 0.5)
(0.355142 0.0607937 0.5)
(0.355142 0.0607772 0.5)
(0.355142 0.0607594 0.5)
(0.355142 0.0607404 0.5)
(0.355142 0.0607201 0.5)
(0.355142 0.0606984 0.5)
(0.355142 0.0606752 0.5)
(0.355142 0.0606504 0.5)
(0.355142 0.0606238 0.5)
(0.355142 0.0605954 0.5)
(0.355142 0.060565 0.5)
(0.355142 0.0605325 0.5)
(0.355142 0.0604978 0.5)
(0.355142 0.0604606 0.5)
(0.355142 0.0604209 0.5)
(0.355142 0.0603784 0.5)
(0.355142 0.0603329 0.5)
(0.355142 0.0602843 0.5)
(0.355142 0.0602323 0.5)
(0.355142 0.0601767 0.5)
(0.355142 0.0601172 0.5)
(0.355142 0.0600535 0.5)
(0.355142 0.0599855 0.5)
(0.355142 0.0599127 0.5)
(0.355142 0.0598349 0.5)
(0.355142 0.0597516 0.5)
(0.355141 0.0596626 0.5)
(0.355141 0.0595674 0.5)
(0.355141 0.0594655 0.5)
(0.355141 0.0593566 0.5)
(0.355141 0.0592401 0.5)
(0.355141 0.0591155 0.5)
(0.355141 0.0589822 0.5)
(0.355141 0.0588397 0.5)
(0.355141 0.0586873 0.5)
(0.355141 0.0585242 0.5)
(0.355141 0.0583499 0.5)
(0.355141 0.0581634 0.5)
(0.355141 0.0579639 0.5)
(0.355141 0.0577506 0.5)
(0.355141 0.0575225 0.5)
(0.355141 0.0572785 0.5)
(0.355141 0.0570175 0.5)
(0.355141 0.0567384 0.5)
(0.355141 0.0564399 0.5)
(0.355141 0.0561206 0.5)
(0.355141 0.0557791 0.5)
(0.355141 0.0554139 0.5)
(0.355141 0.0550233 0.5)
(0.355141 0.0546056 0.5)
(0.355141 0.0541588 0.5)
(0.355141 0.053681 0.5)
(0.355141 0.0531699 0.5)
(0.355141 0.0526233 0.5)
(0.35514 0.0520387 0.5)
(0.35514 0.0514135 0.5)
(0.35514 0.0507448 0.5)
(0.35514 0.0500296 0.5)
(0.35514 0.0492647 0.5)
(0.35514 0.0484467 0.5)
(0.35514 0.0475717 0.5)
(0.35514 0.046636 0.5)
(0.35514 0.0456351 0.5)
(0.355139 0.0445647 0.5)
(0.355139 0.0434199 0.5)
(0.355139 0.0421955 0.5)
(0.355139 0.040886 0.5)
(0.355139 0.0394855 0.5)
(0.355139 0.0379875 0.5)
(0.355138 0.0363855 0.5)
(0.355138 0.0346721 0.5)
(0.355138 0.0328395 0.5)
(0.355138 0.0308796 0.5)
(0.355137 0.0287834 0.5)
(0.355137 0.0265415 0.5)
(0.355137 0.0241437 0.5)
(0.355136 0.0215793 0.5)
(0.355136 0.0188366 0.5)
(0.355136 0.0159032 0.5)
(0.355135 0.0127658 0.5)
(0.355135 0.00941041 0.5)
(0.355134 0.00582172 0.5)
(0.355134 0.00198354 0.5)
(0.362427 0.0605194 0.5)
(0.362427 0.060505 0.5)
(0.362427 0.0604895 0.5)
(0.362427 0.060473 0.5)
(0.362427 0.0604554 0.5)
(0.362427 0.0604365 0.5)
(0.362427 0.0604163 0.5)
(0.362427 0.0603947 0.5)
(0.362427 0.0603716 0.5)
(0.362427 0.0603469 0.5)
(0.362427 0.0603205 0.5)
(0.362427 0.0602922 0.5)
(0.362427 0.060262 0.5)
(0.362427 0.0602296 0.5)
(0.362427 0.0601951 0.5)
(0.362427 0.0601581 0.5)
(0.362427 0.0601185 0.5)
(0.362427 0.0600762 0.5)
(0.362427 0.060031 0.5)
(0.362427 0.0599826 0.5)
(0.362427 0.0599309 0.5)
(0.362427 0.0598755 0.5)
(0.362427 0.0598163 0.5)
(0.362427 0.059753 0.5)
(0.362427 0.0596853 0.5)
(0.362427 0.0596129 0.5)
(0.362427 0.0595355 0.5)
(0.362427 0.0594526 0.5)
(0.362427 0.059364 0.5)
(0.362427 0.0592693 0.5)
(0.362427 0.0591679 0.5)
(0.362427 0.0590596 0.5)
(0.362427 0.0589436 0.5)
(0.362426 0.0588197 0.5)
(0.362426 0.0586871 0.5)
(0.362426 0.0585453 0.5)
(0.362426 0.0583936 0.5)
(0.362426 0.0582314 0.5)
(0.362426 0.0580579 0.5)
(0.362426 0.0578723 0.5)
(0.362426 0.0576739 0.5)
(0.362426 0.0574616 0.5)
(0.362426 0.0572346 0.5)
(0.362426 0.0569918 0.5)
(0.362426 0.0567322 0.5)
(0.362426 0.0564545 0.5)
(0.362426 0.0561574 0.5)
(0.362426 0.0558398 0.5)
(0.362426 0.0555 0.5)
(0.362426 0.0551366 0.5)
(0.362426 0.054748 0.5)
(0.362426 0.0543323 0.5)
(0.362426 0.0538878 0.5)
(0.362426 0.0534123 0.5)
(0.362426 0.0529038 0.5)
(0.362426 0.05236 0.5)
(0.362426 0.0517783 0.5)
(0.362426 0.0511562 0.5)
(0.362426 0.0504909 0.5)
(0.362426 0.0497793 0.5)
(0.362426 0.0490182 0.5)
(0.362426 0.0482042 0.5)
(0.362426 0.0473337 0.5)
(0.362425 0.0464026 0.5)
(0.362425 0.0454068 0.5)
(0.362425 0.0443417 0.5)
(0.362425 0.0432026 0.5)
(0.362425 0.0419844 0.5)
(0.362425 0.0406814 0.5)
(0.362425 0.0392879 0.5)
(0.362425 0.0377974 0.5)
(0.362425 0.0362034 0.5)
(0.362424 0.0344986 0.5)
(0.362424 0.0326752 0.5)
(0.362424 0.0307251 0.5)
(0.362424 0.0286394 0.5)
(0.362424 0.0264087 0.5)
(0.362424 0.0240229 0.5)
(0.362423 0.0214713 0.5)
(0.362423 0.0187423 0.5)
(0.362423 0.0158236 0.5)
(0.362423 0.012702 0.5)
(0.362422 0.00936332 0.5)
(0.362422 0.00579259 0.5)
(0.362422 0.00197362 0.5)
(0.369675 0.0602161 0.5)
(0.369675 0.0602017 0.5)
(0.369675 0.0601863 0.5)
(0.369675 0.0601699 0.5)
(0.369675 0.0601524 0.5)
(0.369675 0.0601336 0.5)
(0.369675 0.0601135 0.5)
(0.369675 0.060092 0.5)
(0.369675 0.060069 0.5)
(0.369675 0.0600444 0.5)
(0.369675 0.0600181 0.5)
(0.369675 0.05999 0.5)
(0.369675 0.0599599 0.5)
(0.369675 0.0599278 0.5)
(0.369675 0.0598934 0.5)
(0.369675 0.0598566 0.5)
(0.369675 0.0598172 0.5)
(0.369675 0.0597751 0.5)
(0.369675 0.0597301 0.5)
(0.369675 0.059682 0.5)
(0.369675 0.0596305 0.5)
(0.369675 0.0595754 0.5)
(0.369675 0.0595165 0.5)
(0.369675 0.0594535 0.5)
(0.369675 0.0593862 0.5)
(0.369675 0.0593141 0.5)
(0.369675 0.0592371 0.5)
(0.369675 0.0591546 0.5)
(0.369675 0.0590665 0.5)
(0.369675 0.0589722 0.5)
(0.369675 0.0588714 0.5)
(0.369675 0.0587635 0.5)
(0.369675 0.0586482 0.5)
(0.369675 0.0585248 0.5)
(0.369675 0.0583929 0.5)
(0.369675 0.0582518 0.5)
(0.369675 0.0581009 0.5)
(0.369675 0.0579395 0.5)
(0.369675 0.0577669 0.5)
(0.369675 0.0575823 0.5)
(0.369675 0.0573848 0.5)
(0.369675 0.0571736 0.5)
(0.369675 0.0569477 0.5)
(0.369675 0.0567062 0.5)
(0.369675 0.0564478 0.5)
(0.369675 0.0561715 0.5)
(0.369675 0.055876 0.5)
(0.369675 0.0555599 0.5)
(0.369675 0.0552218 0.5)
(0.369675 0.0548603 0.5)
(0.369675 0.0544736 0.5)
(0.369675 0.05406 0.5)
(0.369675 0.0536177 0.5)
(0.369675 0.0531446 0.5)
(0.369675 0.0526387 0.5)
(0.369675 0.0520976 0.5)
(0.369675 0.0515188 0.5)
(0.369675 0.0508998 0.5)
(0.369675 0.0502378 0.5)
(0.369675 0.0495298 0.5)
(0.369675 0.0487725 0.5)
(0.369675 0.0479626 0.5)
(0.369675 0.0470964 0.5)
(0.369675 0.04617 0.5)
(0.369675 0.0451792 0.5)
(0.369675 0.0441195 0.5)
(0.369675 0.0429861 0.5)
(0.369675 0.0417739 0.5)
(0.369675 0.0404775 0.5)
(0.369675 0.039091 0.5)
(0.369674 0.037608 0.5)
(0.369674 0.036022 0.5)
(0.369674 0.0343257 0.5)
(0.369674 0.0325114 0.5)
(0.369674 0.0305711 0.5)
(0.369674 0.0284958 0.5)
(0.369674 0.0262763 0.5)
(0.369674 0.0239025 0.5)
(0.369674 0.0213637 0.5)
(0.369674 0.0186484 0.5)
(0.369674 0.0157443 0.5)
(0.369674 0.0126383 0.5)
(0.369674 0.00931639 0.5)
(0.369674 0.00576355 0.5)
(0.369673 0.00196373 0.5)
(0.376887 0.059914 0.5)
(0.376887 0.0598998 0.5)
(0.376887 0.0598845 0.5)
(0.376887 0.0598681 0.5)
(0.376887 0.0598507 0.5)
(0.376887 0.059832 0.5)
(0.376887 0.059812 0.5)
(0.376887 0.0597906 0.5)
(0.376887 0.0597677 0.5)
(0.376887 0.0597433 0.5)
(0.376887 0.0597171 0.5)
(0.376887 0.0596891 0.5)
(0.376887 0.0596592 0.5)
(0.376887 0.0596272 0.5)
(0.376887 0.059593 0.5)
(0.376887 0.0595564 0.5)
(0.376887 0.0595172 0.5)
(0.376887 0.0594753 0.5)
(0.376887 0.0594305 0.5)
(0.376887 0.0593826 0.5)
(0.376887 0.0593314 0.5)
(0.376887 0.0592766 0.5)
(0.376887 0.059218 0.5)
(0.376887 0.0591553 0.5)
(0.376887 0.0590883 0.5)
(0.376887 0.0590166 0.5)
(0.376887 0.0589399 0.5)
(0.376887 0.0588579 0.5)
(0.376887 0.0587702 0.5)
(0.376887 0.0586764 0.5)
(0.376887 0.0585761 0.5)
(0.376887 0.0584688 0.5)
(0.376888 0.058354 0.5)
(0.376888 0.0582313 0.5)
(0.376888 0.0581 0.5)
(0.376888 0.0579596 0.5)
(0.376888 0.0578095 0.5)
(0.376888 0.0576489 0.5)
(0.376888 0.0574771 0.5)
(0.376888 0.0572934 0.5)
(0.376888 0.057097 0.5)
(0.376888 0.0568869 0.5)
(0.376888 0.0566621 0.5)
(0.376888 0.0564218 0.5)
(0.376888 0.0561647 0.5)
(0.376888 0.0558898 0.5)
(0.376888 0.0555957 0.5)
(0.376888 0.0552812 0.5)
(0.376888 0.0549449 0.5)
(0.376888 0.0545851 0.5)
(0.376888 0.0542004 0.5)
(0.376888 0.0537889 0.5)
(0.376888 0.0533488 0.5)
(0.376888 0.0528781 0.5)
(0.376888 0.0523747 0.5)
(0.376888 0.0518363 0.5)
(0.376888 0.0512604 0.5)
(0.376888 0.0506445 0.5)
(0.376888 0.0499858 0.5)
(0.376888 0.0492814 0.5)
(0.376888 0.0485279 0.5)
(0.376888 0.0477221 0.5)
(0.376888 0.0468602 0.5)
(0.376888 0.0459384 0.5)
(0.376888 0.0449526 0.5)
(0.376888 0.0438982 0.5)
(0.376888 0.0427705 0.5)
(0.376888 0.0415644 0.5)
(0.376888 0.0402745 0.5)
(0.376888 0.0388949 0.5)
(0.376888 0.0374194 0.5)
(0.376888 0.0358413 0.5)
(0.376888 0.0341535 0.5)
(0.376888 0.0323484 0.5)
(0.376888 0.0304177 0.5)
(0.376888 0.0283529 0.5)
(0.376888 0.0261445 0.5)
(0.376888 0.0237826 0.5)
(0.376888 0.0212565 0.5)
(0.376888 0.0185548 0.5)
(0.376888 0.0156653 0.5)
(0.376889 0.0125749 0.5)
(0.376889 0.00926967 0.5)
(0.376889 0.00573465 0.5)
(0.376889 0.00195388 0.5)
(0.384064 0.0596136 0.5)
(0.384064 0.0595994 0.5)
(0.384064 0.0595842 0.5)
(0.384064 0.0595679 0.5)
(0.384064 0.0595505 0.5)
(0.384064 0.0595319 0.5)
(0.384064 0.059512 0.5)
(0.384064 0.0594908 0.5)
(0.384064 0.059468 0.5)
(0.384064 0.0594437 0.5)
(0.384064 0.0594176 0.5)
(0.384064 0.0593898 0.5)
(0.384064 0.05936 0.5)
(0.384064 0.0593282 0.5)
(0.384064 0.0592941 0.5)
(0.384064 0.0592577 0.5)
(0.384064 0.0592187 0.5)
(0.384064 0.0591771 0.5)
(0.384064 0.0591325 0.5)
(0.384064 0.0590849 0.5)
(0.384064 0.0590339 0.5)
(0.384064 0.0589794 0.5)
(0.384064 0.0589211 0.5)
(0.384064 0.0588587 0.5)
(0.384064 0.058792 0.5)
(0.384064 0.0587207 0.5)
(0.384064 0.0586444 0.5)
(0.384064 0.0585628 0.5)
(0.384064 0.0584755 0.5)
(0.384064 0.0583822 0.5)
(0.384064 0.0582824 0.5)
(0.384064 0.0581756 0.5)
(0.384064 0.0580614 0.5)
(0.384064 0.0579393 0.5)
(0.384064 0.0578087 0.5)
(0.384064 0.057669 0.5)
(0.384064 0.0575196 0.5)
(0.384064 0.0573598 0.5)
(0.384064 0.0571889 0.5)
(0.384064 0.0570061 0.5)
(0.384064 0.0568107 0.5)
(0.384064 0.0566016 0.5)
(0.384064 0.056378 0.5)
(0.384064 0.0561388 0.5)
(0.384064 0.0558831 0.5)
(0.384064 0.0556095 0.5)
(0.384064 0.0553169 0.5)
(0.384064 0.055004 0.5)
(0.384064 0.0546693 0.5)
(0.384064 0.0543114 0.5)
(0.384064 0.0539286 0.5)
(0.384064 0.0535192 0.5)
(0.384064 0.0530813 0.5)
(0.384064 0.0526129 0.5)
(0.384064 0.052112 0.5)
(0.384064 0.0515763 0.5)
(0.384064 0.0510034 0.5)
(0.384064 0.0503906 0.5)
(0.384064 0.0497352 0.5)
(0.384065 0.0490342 0.5)
(0.384065 0.0482846 0.5)
(0.384065 0.0474828 0.5)
(0.384065 0.0466252 0.5)
(0.384065 0.0457081 0.5)
(0.384065 0.0447272 0.5)
(0.384065 0.0436781 0.5)
(0.384065 0.042556 0.5)
(0.384065 0.041356 0.5)
(0.384065 0.0400725 0.5)
(0.384065 0.0386998 0.5)
(0.384065 0.0372317 0.5)
(0.384066 0.0356616 0.5)
(0.384066 0.0339822 0.5)
(0.384066 0.0321862 0.5)
(0.384066 0.0302652 0.5)
(0.384066 0.0282107 0.5)
(0.384066 0.0260134 0.5)
(0.384066 0.0236634 0.5)
(0.384067 0.02115 0.5)
(0.384067 0.0184618 0.5)
(0.384067 0.0155868 0.5)
(0.384067 0.0125119 0.5)
(0.384068 0.00922318 0.5)
(0.384068 0.00570589 0.5)
(0.384068 0.00194408 0.5)
(0.391204 0.059315 0.5)
(0.391204 0.0593009 0.5)
(0.391204 0.0592857 0.5)
(0.391204 0.0592696 0.5)
(0.391204 0.0592523 0.5)
(0.391204 0.0592337 0.5)
(0.391204 0.059214 0.5)
(0.391204 0.0591928 0.5)
(0.391204 0.0591701 0.5)
(0.391204 0.0591459 0.5)
(0.391204 0.05912 0.5)
(0.391204 0.0590923 0.5)
(0.391204 0.0590627 0.5)
(0.391204 0.059031 0.5)
(0.391204 0.0589971 0.5)
(0.391204 0.0589609 0.5)
(0.391204 0.0589221 0.5)
(0.391204 0.0588807 0.5)
(0.391204 0.0588363 0.5)
(0.391204 0.0587889 0.5)
(0.391204 0.0587382 0.5)
(0.391204 0.058684 0.5)
(0.391204 0.0586259 0.5)
(0.391204 0.0585639 0.5)
(0.391204 0.0584975 0.5)
(0.391204 0.0584266 0.5)
(0.391204 0.0583506 0.5)
(0.391204 0.0582695 0.5)
(0.391204 0.0581826 0.5)
(0.391204 0.0580898 0.5)
(0.391204 0.0579904 0.5)
(0.391204 0.0578842 0.5)
(0.391204 0.0577706 0.5)
(0.391204 0.0576491 0.5)
(0.391204 0.0575191 0.5)
(0.391204 0.0573802 0.5)
(0.391204 0.0572315 0.5)
(0.391204 0.0570725 0.5)
(0.391204 0.0569025 0.5)
(0.391204 0.0567206 0.5)
(0.391204 0.0565261 0.5)
(0.391204 0.0563181 0.5)
(0.391204 0.0560956 0.5)
(0.391205 0.0558576 0.5)
(0.391205 0.0556031 0.5)
(0.391205 0.055331 0.5)
(0.391205 0.0550398 0.5)
(0.391205 0.0547285 0.5)
(0.391205 0.0543955 0.5)
(0.391205 0.0540394 0.5)
(0.391205 0.0536585 0.5)
(0.391205 0.0532511 0.5)
(0.391205 0.0528154 0.5)
(0.391205 0.0523494 0.5)
(0.391205 0.051851 0.5)
(0.391205 0.051318 0.5)
(0.391205 0.0507479 0.5)
(0.391205 0.0501382 0.5)
(0.391205 0.0494861 0.5)
(0.391205 0.0487886 0.5)
(0.391206 0.0480427 0.5)
(0.391206 0.0472449 0.5)
(0.391206 0.0463917 0.5)
(0.391206 0.0454791 0.5)
(0.391206 0.0445031 0.5)
(0.391206 0.0434593 0.5)
(0.391206 0.0423429 0.5)
(0.391206 0.0411488 0.5)
(0.391207 0.0398718 0.5)
(0.391207 0.038506 0.5)
(0.391207 0.0370452 0.5)
(0.391207 0.0354829 0.5)
(0.391207 0.033812 0.5)
(0.391208 0.0320249 0.5)
(0.391208 0.0301136 0.5)
(0.391208 0.0280694 0.5)
(0.391208 0.0258831 0.5)
(0.391209 0.0235449 0.5)
(0.391209 0.021044 0.5)
(0.391209 0.0183693 0.5)
(0.39121 0.0155087 0.5)
(0.39121 0.0124492 0.5)
(0.391211 0.00917699 0.5)
(0.391211 0.00567731 0.5)
(0.391211 0.00193434 0.5)
(0.398309 0.0590185 0.5)
(0.398309 0.0590044 0.5)
(0.398309 0.0589894 0.5)
(0.398309 0.0589733 0.5)
(0.398309 0.0589561 0.5)
(0.398309 0.0589376 0.5)
(0.398309 0.058918 0.5)
(0.398309 0.0588969 0.5)
(0.398309 0.0588744 0.5)
(0.398309 0.0588503 0.5)
(0.398309 0.0588245 0.5)
(0.398309 0.0587969 0.5)
(0.398309 0.0587675 0.5)
(0.398309 0.0587359 0.5)
(0.398309 0.0587022 0.5)
(0.398309 0.0586662 0.5)
(0.398309 0.0586276 0.5)
(0.398309 0.0585863 0.5)
(0.398309 0.0585422 0.5)
(0.398309 0.058495 0.5)
(0.398309 0.0584446 0.5)
(0.398309 0.0583906 0.5)
(0.398309 0.0583329 0.5)
(0.398309 0.0582711 0.5)
(0.398309 0.0582051 0.5)
(0.398309 0.0581345 0.5)
(0.398309 0.058059 0.5)
(0.398309 0.0579782 0.5)
(0.398309 0.0578918 0.5)
(0.398309 0.0577994 0.5)
(0.398309 0.0577006 0.5)
(0.398309 0.0575949 0.5)
(0.398309 0.0574818 0.5)
(0.398309 0.0573609 0.5)
(0.398309 0.0572316 0.5)
(0.398309 0.0570933 0.5)
(0.398309 0.0569454 0.5)
(0.398309 0.0567872 0.5)
(0.398309 0.056618 0.5)
(0.398309 0.0564371 0.5)
(0.398309 0.0562435 0.5)
(0.398309 0.0560366 0.5)
(0.398309 0.0558152 0.5)
(0.398309 0.0555784 0.5)
(0.398309 0.0553252 0.5)
(0.398309 0.0550544 0.5)
(0.39831 0.0547647 0.5)
(0.39831 0.0544549 0.5)
(0.39831 0.0541236 0.5)
(0.39831 0.0537692 0.5)
(0.39831 0.0533902 0.5)
(0.39831 0.0529849 0.5)
(0.39831 0.0525514 0.5)
(0.39831 0.0520877 0.5)
(0.39831 0.0515918 0.5)
(0.39831 0.0510615 0.5)
(0.39831 0.0504942 0.5)
(0.39831 0.0498875 0.5)
(0.398311 0.0492387 0.5)
(0.398311 0.0485447 0.5)
(0.398311 0.0478026 0.5)
(0.398311 0.0470088 0.5)
(0.398311 0.0461598 0.5)
(0.398311 0.0452518 0.5)
(0.398311 0.0442807 0.5)
(0.398312 0.043242 0.5)
(0.398312 0.0421312 0.5)
(0.398312 0.0409432 0.5)
(0.398312 0.0396725 0.5)
(0.398313 0.0383135 0.5)
(0.398313 0.0368601 0.5)
(0.398313 0.0353056 0.5)
(0.398313 0.033643 0.5)
(0.398314 0.0318649 0.5)
(0.398314 0.0299631 0.5)
(0.398314 0.0279291 0.5)
(0.398315 0.0257538 0.5)
(0.398315 0.0234272 0.5)
(0.398316 0.0209388 0.5)
(0.398316 0.0182775 0.5)
(0.398317 0.0154312 0.5)
(0.398317 0.012387 0.5)
(0.398318 0.00913111 0.5)
(0.398318 0.00564893 0.5)
(0.398319 0.00192467 0.5)
(0.405378 0.0587243 0.5)
(0.405378 0.0587103 0.5)
(0.405378 0.0586954 0.5)
(0.405378 0.0586793 0.5)
(0.405378 0.0586622 0.5)
(0.405378 0.0586439 0.5)
(0.405378 0.0586243 0.5)
(0.405378 0.0586033 0.5)
(0.405378 0.0585809 0.5)
(0.405378 0.0585569 0.5)
(0.405378 0.0585313 0.5)
(0.405378 0.0585039 0.5)
(0.405378 0.0584745 0.5)
(0.405378 0.0584432 0.5)
(0.405378 0.0584096 0.5)
(0.405378 0.0583737 0.5)
(0.405378 0.0583354 0.5)
(0.405378 0.0582943 0.5)
(0.405378 0.0582504 0.5)
(0.405378 0.0582035 0.5)
(0.405378 0.0581533 0.5)
(0.405378 0.0580996 0.5)
(0.405378 0.0580421 0.5)
(0.405378 0.0579807 0.5)
(0.405378 0.057915 0.5)
(0.405378 0.0578447 0.5)
(0.405378 0.0577696 0.5)
(0.405378 0.0576892 0.5)
(0.405378 0.0576032 0.5)
(0.405378 0.0575113 0.5)
(0.405378 0.057413 0.5)
(0.405378 0.0573078 0.5)
(0.405378 0.0571953 0.5)
(0.405378 0.057075 0.5)
(0.405378 0.0569464 0.5)
(0.405378 0.0568087 0.5)
(0.405378 0.0566616 0.5)
(0.405379 0.0565042 0.5)
(0.405379 0.0563358 0.5)
(0.405379 0.0561558 0.5)
(0.405379 0.0559632 0.5)
(0.405379 0.0557573 0.5)
(0.405379 0.055537 0.5)
(0.405379 0.0553014 0.5)
(0.405379 0.0550494 0.5)
(0.405379 0.05478 0.5)
(0.405379 0.0544917 0.5)
(0.405379 0.0541835 0.5)
(0.405379 0.0538538 0.5)
(0.405379 0.0535012 0.5)
(0.405379 0.0531241 0.5)
(0.405379 0.0527208 0.5)
(0.405379 0.0522894 0.5)
(0.40538 0.0518281 0.5)
(0.40538 0.0513347 0.5)
(0.40538 0.0508069 0.5)
(0.40538 0.0502425 0.5)
(0.40538 0.0496389 0.5)
(0.40538 0.0489933 0.5)
(0.40538 0.0483028 0.5)
(0.405381 0.0475643 0.5)
(0.405381 0.0467745 0.5)
(0.405381 0.0459297 0.5)
(0.405381 0.0450262 0.5)
(0.405381 0.04406 0.5)
(0.405382 0.0430265 0.5)
(0.405382 0.0419212 0.5)
(0.405382 0.0407391 0.5)
(0.405382 0.0394748 0.5)
(0.405383 0.0381226 0.5)
(0.405383 0.0366763 0.5)
(0.405384 0.0351296 0.5)
(0.405384 0.0334753 0.5)
(0.405384 0.031706 0.5)
(0.405385 0.0298137 0.5)
(0.405385 0.0277899 0.5)
(0.405386 0.0256254 0.5)
(0.405386 0.0233104 0.5)
(0.405387 0.0208345 0.5)
(0.405387 0.0181864 0.5)
(0.405388 0.0153542 0.5)
(0.405389 0.0123252 0.5)
(0.40539 0.0090856 0.5)
(0.40539 0.00562077 0.5)
(0.405391 0.00191508 0.5)
(0.412412 0.0584327 0.5)
(0.412412 0.0584188 0.5)
(0.412412 0.0584039 0.5)
(0.412412 0.058388 0.5)
(0.412412 0.0583709 0.5)
(0.412412 0.0583527 0.5)
(0.412412 0.0583332 0.5)
(0.412412 0.0583123 0.5)
(0.412412 0.05829 0.5)
(0.412412 0.0582662 0.5)
(0.412412 0.0582407 0.5)
(0.412412 0.0582134 0.5)
(0.412412 0.0581842 0.5)
(0.412412 0.058153 0.5)
(0.412412 0.0581196 0.5)
(0.412412 0.0580839 0.5)
(0.412412 0.0580457 0.5)
(0.412412 0.0580049 0.5)
(0.412412 0.0579612 0.5)
(0.412412 0.0579145 0.5)
(0.412412 0.0578645 0.5)
(0.412412 0.0578111 0.5)
(0.412412 0.0577539 0.5)
(0.412412 0.0576928 0.5)
(0.412412 0.0576274 0.5)
(0.412412 0.0575575 0.5)
(0.412412 0.0574827 0.5)
(0.412412 0.0574027 0.5)
(0.412412 0.0573172 0.5)
(0.412412 0.0572257 0.5)
(0.412412 0.0571279 0.5)
(0.412412 0.0570232 0.5)
(0.412412 0.0569113 0.5)
(0.412412 0.0567916 0.5)
(0.412412 0.0566636 0.5)
(0.412412 0.0565267 0.5)
(0.412412 0.0563802 0.5)
(0.412413 0.0562236 0.5)
(0.412413 0.0560561 0.5)
(0.412413 0.0558769 0.5)
(0.412413 0.0556853 0.5)
(0.412413 0.0554804 0.5)
(0.412413 0.0552612 0.5)
(0.412413 0.0550268 0.5)
(0.412413 0.0547761 0.5)
(0.412413 0.0545079 0.5)
(0.412413 0.0542212 0.5)
(0.412413 0.0539145 0.5)
(0.412413 0.0535864 0.5)
(0.412413 0.0532356 0.5)
(0.412413 0.0528603 0.5)
(0.412414 0.052459 0.5)
(0.412414 0.0520298 0.5)
(0.412414 0.0515707 0.5)
(0.412414 0.0510798 0.5)
(0.412414 0.0505547 0.5)
(0.412414 0.0499931 0.5)
(0.412414 0.0493924 0.5)
(0.412415 0.04875 0.5)
(0.412415 0.0480629 0.5)
(0.412415 0.0473281 0.5)
(0.412415 0.0465422 0.5)
(0.412416 0.0457016 0.5)
(0.412416 0.0448027 0.5)
(0.412416 0.0438412 0.5)
(0.412416 0.0428129 0.5)
(0.412417 0.0417131 0.5)
(0.412417 0.0405368 0.5)
(0.412417 0.0392787 0.5)
(0.412418 0.0379333 0.5)
(0.412418 0.0364942 0.5)
(0.412419 0.0349552 0.5)
(0.412419 0.0333091 0.5)
(0.41242 0.0315486 0.5)
(0.41242 0.0296657 0.5)
(0.412421 0.0276519 0.5)
(0.412421 0.0254981 0.5)
(0.412422 0.0231946 0.5)
(0.412423 0.020731 0.5)
(0.412423 0.0180961 0.5)
(0.412424 0.015278 0.5)
(0.412425 0.012264 0.5)
(0.412426 0.00904048 0.5)
(0.412427 0.00559286 0.5)
(0.412428 0.00190557 0.5)
(0.419411 0.0581439 0.5)
(0.419411 0.0581301 0.5)
(0.419411 0.0581152 0.5)
(0.419411 0.0580994 0.5)
(0.419411 0.0580824 0.5)
(0.419411 0.0580643 0.5)
(0.419411 0.0580449 0.5)
(0.419411 0.0580241 0.5)
(0.419411 0.0580019 0.5)
(0.419411 0.0579782 0.5)
(0.419411 0.0579528 0.5)
(0.419411 0.0579257 0.5)
(0.419411 0.0578966 0.5)
(0.419411 0.0578656 0.5)
(0.419411 0.0578323 0.5)
(0.419411 0.0577968 0.5)
(0.419411 0.0577588 0.5)
(0.419411 0.0577182 0.5)
(0.419411 0.0576747 0.5)
(0.419411 0.0576282 0.5)
(0.419411 0.0575785 0.5)
(0.419411 0.0575253 0.5)
(0.419411 0.0574685 0.5)
(0.419411 0.0574076 0.5)
(0.419411 0.0573426 0.5)
(0.419411 0.057273 0.5)
(0.419411 0.0571986 0.5)
(0.419411 0.057119 0.5)
(0.419411 0.0570339 0.5)
(0.419411 0.0569429 0.5)
(0.419411 0.0568455 0.5)
(0.419411 0.0567414 0.5)
(0.419411 0.05663 0.5)
(0.419411 0.0565109 0.5)
(0.419411 0.0563835 0.5)
(0.419411 0.0562473 0.5)
(0.419411 0.0561016 0.5)
(0.419411 0.0559457 0.5)
(0.419412 0.055779 0.5)
(0.419412 0.0556008 0.5)
(0.419412 0.0554101 0.5)
(0.419412 0.0552062 0.5)
(0.419412 0.0549881 0.5)
(0.419412 0.0547548 0.5)
(0.419412 0.0545054 0.5)
(0.419412 0.0542385 0.5)
(0.419412 0.0539532 0.5)
(0.419412 0.053648 0.5)
(0.419412 0.0533216 0.5)
(0.419412 0.0529725 0.5)
(0.419413 0.0525991 0.5)
(0.419413 0.0521997 0.5)
(0.419413 0.0517726 0.5)
(0.419413 0.0513159 0.5)
(0.419413 0.0508273 0.5)
(0.419413 0.0503048 0.5)
(0.419414 0.049746 0.5)
(0.419414 0.0491483 0.5)
(0.419414 0.0485091 0.5)
(0.419414 0.0478254 0.5)
(0.419414 0.0470942 0.5)
(0.419415 0.0463122 0.5)
(0.419415 0.0454758 0.5)
(0.419415 0.0445812 0.5)
(0.419416 0.0436245 0.5)
(0.419416 0.0426013 0.5)
(0.419416 0.0415069 0.5)
(0.419417 0.0403364 0.5)
(0.419417 0.0390846 0.5)
(0.419418 0.0377458 0.5)
(0.419418 0.0363139 0.5)
(0.419419 0.0347824 0.5)
(0.419419 0.0331445 0.5)
(0.41942 0.0313927 0.5)
(0.41942 0.0295191 0.5)
(0.419421 0.0275153 0.5)
(0.419422 0.0253721 0.5)
(0.419423 0.02308 0.5)
(0.419423 0.0206285 0.5)
(0.419424 0.0180067 0.5)
(0.419425 0.0152025 0.5)
(0.419426 0.0122034 0.5)
(0.419427 0.0089958 0.5)
(0.419428 0.00556522 0.5)
(0.41943 0.00189615 0.5)
(0.426375 0.0578582 0.5)
(0.426375 0.0578444 0.5)
(0.426375 0.0578296 0.5)
(0.426375 0.0578138 0.5)
(0.426375 0.0577969 0.5)
(0.426375 0.0577789 0.5)
(0.426375 0.0577596 0.5)
(0.426375 0.0577389 0.5)
(0.426375 0.0577168 0.5)
(0.426375 0.0576932 0.5)
(0.426375 0.057668 0.5)
(0.426375 0.0576409 0.5)
(0.426375 0.0576121 0.5)
(0.426375 0.0575811 0.5)
(0.426375 0.0575481 0.5)
(0.426375 0.0575127 0.5)
(0.426375 0.0574749 0.5)
(0.426375 0.0574345 0.5)
(0.426375 0.0573912 0.5)
(0.426375 0.057345 0.5)
(0.426375 0.0572955 0.5)
(0.426375 0.0572426 0.5)
(0.426375 0.057186 0.5)
(0.426375 0.0571255 0.5)
(0.426375 0.0570608 0.5)
(0.426375 0.0569915 0.5)
(0.426375 0.0569175 0.5)
(0.426375 0.0568383 0.5)
(0.426375 0.0567536 0.5)
(0.426375 0.056663 0.5)
(0.426375 0.0565661 0.5)
(0.426375 0.0564625 0.5)
(0.426375 0.0563517 0.5)
(0.426375 0.0562332 0.5)
(0.426375 0.0561064 0.5)
(0.426375 0.0559708 0.5)
(0.426375 0.0558258 0.5)
(0.426375 0.0556707 0.5)
(0.426375 0.0555049 0.5)
(0.426376 0.0553275 0.5)
(0.426376 0.0551378 0.5)
(0.426376 0.0549348 0.5)
(0.426376 0.0547178 0.5)
(0.426376 0.0544857 0.5)
(0.426376 0.0542375 0.5)
(0.426376 0.053972 0.5)
(0.426376 0.053688 0.5)
(0.426376 0.0533843 0.5)
(0.426376 0.0530595 0.5)
(0.426377 0.0527121 0.5)
(0.426377 0.0523405 0.5)
(0.426377 0.0519432 0.5)
(0.426377 0.0515182 0.5)
(0.426377 0.0510636 0.5)
(0.426377 0.0505775 0.5)
(0.426378 0.0500575 0.5)
(0.426378 0.0495015 0.5)
(0.426378 0.0489067 0.5)
(0.426378 0.0482706 0.5)
(0.426379 0.0475903 0.5)
(0.426379 0.0468627 0.5)
(0.426379 0.0460845 0.5)
(0.426379 0.0452522 0.5)
(0.42638 0.0443621 0.5)
(0.42638 0.0434101 0.5)
(0.426381 0.0423919 0.5)
(0.426381 0.0413029 0.5)
(0.426381 0.0401382 0.5)
(0.426382 0.0388925 0.5)
(0.426382 0.0375603 0.5)
(0.426383 0.0361354 0.5)
(0.426384 0.0346114 0.5)
(0.426384 0.0329816 0.5)
(0.426385 0.0312384 0.5)
(0.426386 0.029374 0.5)
(0.426386 0.02738 0.5)
(0.426387 0.0252474 0.5)
(0.426388 0.0229666 0.5)
(0.426389 0.0205271 0.5)
(0.42639 0.0179181 0.5)
(0.426391 0.0151278 0.5)
(0.426392 0.0121434 0.5)
(0.426394 0.00895159 0.5)
(0.426395 0.00553787 0.5)
(0.426396 0.00188683 0.5)
(0.433304 0.0575756 0.5)
(0.433304 0.0575619 0.5)
(0.433304 0.0575472 0.5)
(0.433304 0.0575315 0.5)
(0.433304 0.0575147 0.5)
(0.433304 0.0574967 0.5)
(0.433304 0.0574775 0.5)
(0.433304 0.057457 0.5)
(0.433304 0.057435 0.5)
(0.433304 0.0574115 0.5)
(0.433304 0.0573863 0.5)
(0.433304 0.0573595 0.5)
(0.433304 0.0573307 0.5)
(0.433304 0.0572999 0.5)
(0.433304 0.0572671 0.5)
(0.433304 0.0572319 0.5)
(0.433304 0.0571942 0.5)
(0.433304 0.057154 0.5)
(0.433304 0.057111 0.5)
(0.433304 0.0570649 0.5)
(0.433304 0.0570157 0.5)
(0.433304 0.0569631 0.5)
(0.433304 0.0569067 0.5)
(0.433304 0.0568465 0.5)
(0.433304 0.0567821 0.5)
(0.433304 0.0567132 0.5)
(0.433304 0.0566395 0.5)
(0.433304 0.0565607 0.5)
(0.433304 0.0564764 0.5)
(0.433304 0.0563863 0.5)
(0.433304 0.0562899 0.5)
(0.433304 0.0561868 0.5)
(0.433304 0.0560765 0.5)
(0.433304 0.0559585 0.5)
(0.433304 0.0558324 0.5)
(0.433305 0.0556975 0.5)
(0.433305 0.0555532 0.5)
(0.433305 0.0553989 0.5)
(0.433305 0.0552338 0.5)
(0.433305 0.0550573 0.5)
(0.433305 0.0548685 0.5)
(0.433305 0.0546666 0.5)
(0.433305 0.0544506 0.5)
(0.433305 0.0542196 0.5)
(0.433305 0.0539726 0.5)
(0.433305 0.0537084 0.5)
(0.433306 0.0534258 0.5)
(0.433306 0.0531236 0.5)
(0.433306 0.0528004 0.5)
(0.433306 0.0524547 0.5)
(0.433306 0.0520849 0.5)
(0.433306 0.0516895 0.5)
(0.433306 0.0512666 0.5)
(0.433307 0.0508143 0.5)
(0.433307 0.0503305 0.5)
(0.433307 0.0498131 0.5)
(0.433307 0.0492597 0.5)
(0.433308 0.0486679 0.5)
(0.433308 0.0480349 0.5)
(0.433308 0.0473579 0.5)
(0.433309 0.0466339 0.5)
(0.433309 0.0458595 0.5)
(0.433309 0.0450313 0.5)
(0.43331 0.0441455 0.5)
(0.43331 0.0431981 0.5)
(0.43331 0.0421849 0.5)
(0.433311 0.0411012 0.5)
(0.433311 0.0399422 0.5)
(0.433312 0.0387026 0.5)
(0.433313 0.0373768 0.5)
(0.433313 0.0359589 0.5)
(0.433314 0.0344424 0.5)
(0.433315 0.0328205 0.5)
(0.433315 0.0310858 0.5)
(0.433316 0.0292305 0.5)
(0.433317 0.0272463 0.5)
(0.433318 0.0251241 0.5)
(0.433319 0.0228544 0.5)
(0.43332 0.0204269 0.5)
(0.433321 0.0178306 0.5)
(0.433322 0.0150539 0.5)
(0.433324 0.0120841 0.5)
(0.433325 0.00890787 0.5)
(0.433326 0.00551082 0.5)
(0.433328 0.00187762 0.5)
(0.440198 0.0572965 0.5)
(0.440198 0.0572828 0.5)
(0.440198 0.0572682 0.5)
(0.440198 0.0572526 0.5)
(0.440198 0.0572359 0.5)
(0.440198 0.057218 0.5)
(0.440198 0.0571989 0.5)
(0.440198 0.0571784 0.5)
(0.440198 0.0571565 0.5)
(0.440198 0.0571332 0.5)
(0.440198 0.0571081 0.5)
(0.440198 0.0570814 0.5)
(0.440198 0.0570528 0.5)
(0.440198 0.0570222 0.5)
(0.440198 0.0569894 0.5)
(0.440198 0.0569544 0.5)
(0.440198 0.056917 0.5)
(0.440198 0.0568769 0.5)
(0.440199 0.0568341 0.5)
(0.440199 0.0567883 0.5)
(0.440199 0.0567393 0.5)
(0.440199 0.0566869 0.5)
(0.440199 0.0566309 0.5)
(0.440199 0.0565709 0.5)
(0.440199 0.0565068 0.5)
(0.440199 0.0564383 0.5)
(0.440199 0.0563649 0.5)
(0.440199 0.0562865 0.5)
(0.440199 0.0562026 0.5)
(0.440199 0.0561129 0.5)
(0.440199 0.056017 0.5)
(0.440199 0.0559144 0.5)
(0.440199 0.0558046 0.5)
(0.440199 0.0556873 0.5)
(0.440199 0.0555617 0.5)
(0.440199 0.0554275 0.5)
(0.440199 0.0552839 0.5)
(0.440199 0.0551303 0.5)
(0.440199 0.054966 0.5)
(0.4402 0.0547904 0.5)
(0.4402 0.0546025 0.5)
(0.4402 0.0544015 0.5)
(0.4402 0.0541866 0.5)
(0.4402 0.0539568 0.5)
(0.4402 0.0537109 0.5)
(0.4402 0.053448 0.5)
(0.4402 0.0531668 0.5)
(0.4402 0.0528661 0.5)
(0.440201 0.0525444 0.5)
(0.440201 0.0522004 0.5)
(0.440201 0.0518324 0.5)
(0.440201 0.0514389 0.5)
(0.440201 0.051018 0.5)
(0.440202 0.0505679 0.5)
(0.440202 0.0500865 0.5)
(0.440202 0.0495716 0.5)
(0.440202 0.0490209 0.5)
(0.440203 0.0484319 0.5)
(0.440203 0.047802 0.5)
(0.440203 0.0471283 0.5)
(0.440204 0.0464078 0.5)
(0.440204 0.0456372 0.5)
(0.440204 0.0448129 0.5)
(0.440205 0.0439314 0.5)
(0.440205 0.0429887 0.5)
(0.440206 0.0419803 0.5)
(0.440206 0.0409019 0.5)
(0.440207 0.0397485 0.5)
(0.440207 0.038515 0.5)
(0.440208 0.0371956 0.5)
(0.440209 0.0357846 0.5)
(0.440209 0.0342754 0.5)
(0.44021 0.0326614 0.5)
(0.440211 0.0309351 0.5)
(0.440212 0.0290888 0.5)
(0.440213 0.0271142 0.5)
(0.440214 0.0250023 0.5)
(0.440215 0.0227436 0.5)
(0.440216 0.0203279 0.5)
(0.440217 0.0177442 0.5)
(0.440219 0.0149809 0.5)
(0.44022 0.0120255 0.5)
(0.440222 0.00886469 0.5)
(0.440223 0.00548411 0.5)
(0.440225 0.00186851 0.5)
(0.447058 0.057021 0.5)
(0.447058 0.0570074 0.5)
(0.447058 0.0569928 0.5)
(0.447059 0.0569773 0.5)
(0.447059 0.0569607 0.5)
(0.447059 0.0569429 0.5)
(0.447059 0.0569238 0.5)
(0.447059 0.0569035 0.5)
(0.447059 0.0568817 0.5)
(0.447059 0.0568584 0.5)
(0.447059 0.0568335 0.5)
(0.447059 0.0568069 0.5)
(0.447059 0.0567784 0.5)
(0.447059 0.056748 0.5)
(0.447059 0.0567154 0.5)
(0.447059 0.0566806 0.5)
(0.447059 0.0566433 0.5)
(0.447059 0.0566034 0.5)
(0.447059 0.0565608 0.5)
(0.447059 0.0565152 0.5)
(0.447059 0.0564665 0.5)
(0.447059 0.0564143 0.5)
(0.447059 0.0563586 0.5)
(0.447059 0.0562989 0.5)
(0.447059 0.0562351 0.5)
(0.447059 0.0561669 0.5)
(0.447059 0.0560939 0.5)
(0.447059 0.0560159 0.5)
(0.447059 0.0559324 0.5)
(0.447059 0.0558431 0.5)
(0.447059 0.0557476 0.5)
(0.447059 0.0556455 0.5)
(0.447059 0.0555363 0.5)
(0.447059 0.0554195 0.5)
(0.447059 0.0552946 0.5)
(0.447059 0.055161 0.5)
(0.44706 0.0550181 0.5)
(0.44706 0.0548652 0.5)
(0.44706 0.0547018 0.5)
(0.44706 0.0545269 0.5)
(0.44706 0.0543399 0.5)
(0.44706 0.05414 0.5)
(0.44706 0.0539261 0.5)
(0.44706 0.0536973 0.5)
(0.44706 0.0534527 0.5)
(0.447061 0.053191 0.5)
(0.447061 0.0529112 0.5)
(0.447061 0.0526119 0.5)
(0.447061 0.0522917 0.5)
(0.447061 0.0519494 0.5)
(0.447061 0.0515832 0.5)
(0.447062 0.0511916 0.5)
(0.447062 0.0507727 0.5)
(0.447062 0.0503248 0.5)
(0.447062 0.0498457 0.5)
(0.447063 0.0493332 0.5)
(0.447063 0.0487852 0.5)
(0.447063 0.0481991 0.5)
(0.447064 0.0475722 0.5)
(0.447064 0.0469017 0.5)
(0.447064 0.0461846 0.5)
(0.447065 0.0454177 0.5)
(0.447065 0.0445975 0.5)
(0.447066 0.0437202 0.5)
(0.447066 0.042782 0.5)
(0.447067 0.0417785 0.5)
(0.447067 0.0407052 0.5)
(0.447068 0.0395574 0.5)
(0.447068 0.0383298 0.5)
(0.447069 0.0370168 0.5)
(0.44707 0.0356125 0.5)
(0.447071 0.0341106 0.5)
(0.447072 0.0325043 0.5)
(0.447072 0.0307864 0.5)
(0.447073 0.028949 0.5)
(0.447074 0.0269838 0.5)
(0.447076 0.0248821 0.5)
(0.447077 0.0226343 0.5)
(0.447078 0.0202301 0.5)
(0.447079 0.0176589 0.5)
(0.447081 0.0149089 0.5)
(0.447082 0.0119677 0.5)
(0.447084 0.00882206 0.5)
(0.447086 0.00545774 0.5)
(0.447088 0.00185953 0.5)
(0.453884 0.0567493 0.5)
(0.453884 0.0567358 0.5)
(0.453884 0.0567213 0.5)
(0.453884 0.0567058 0.5)
(0.453885 0.0566892 0.5)
(0.453885 0.0566715 0.5)
(0.453885 0.0566526 0.5)
(0.453885 0.0566324 0.5)
(0.453885 0.0566107 0.5)
(0.453885 0.0565875 0.5)
(0.453885 0.0565627 0.5)
(0.453885 0.0565362 0.5)
(0.453885 0.0565079 0.5)
(0.453885 0.0564776 0.5)
(0.453885 0.0564452 0.5)
(0.453885 0.0564105 0.5)
(0.453885 0.0563734 0.5)
(0.453885 0.0563337 0.5)
(0.453885 0.0562913 0.5)
(0.453885 0.056246 0.5)
(0.453885 0.0561974 0.5)
(0.453885 0.0561455 0.5)
(0.453885 0.05609 0.5)
(0.453885 0.0560307 0.5)
(0.453885 0.0559672 0.5)
(0.453885 0.0558993 0.5)
(0.453885 0.0558266 0.5)
(0.453885 0.055749 0.5)
(0.453885 0.0556659 0.5)
(0.453885 0.055577 0.5)
(0.453885 0.055482 0.5)
(0.453885 0.0553804 0.5)
(0.453885 0.0552717 0.5)
(0.453885 0.0551554 0.5)
(0.453885 0.0550311 0.5)
(0.453886 0.0548981 0.5)
(0.453886 0.0547559 0.5)
(0.453886 0.0546038 0.5)
(0.453886 0.0544411 0.5)
(0.453886 0.0542671 0.5)
(0.453886 0.054081 0.5)
(0.453886 0.053882 0.5)
(0.453886 0.0536691 0.5)
(0.453886 0.0534415 0.5)
(0.453887 0.053198 0.5)
(0.453887 0.0529376 0.5)
(0.453887 0.0526591 0.5)
(0.453887 0.0523612 0.5)
(0.453887 0.0520426 0.5)
(0.453887 0.0517019 0.5)
(0.453888 0.0513374 0.5)
(0.453888 0.0509477 0.5)
(0.453888 0.0505308 0.5)
(0.453888 0.050085 0.5)
(0.453889 0.0496082 0.5)
(0.453889 0.0490982 0.5)
(0.453889 0.0485528 0.5)
(0.45389 0.0479694 0.5)
(0.45389 0.0473455 0.5)
(0.45389 0.0466782 0.5)
(0.453891 0.0459646 0.5)
(0.453891 0.0452013 0.5)
(0.453892 0.044385 0.5)
(0.453892 0.0435119 0.5)
(0.453893 0.0425781 0.5)
(0.453893 0.0415794 0.5)
(0.453894 0.0405113 0.5)
(0.453895 0.0393689 0.5)
(0.453895 0.0381471 0.5)
(0.453896 0.0368404 0.5)
(0.453897 0.0354428 0.5)
(0.453898 0.0339481 0.5)
(0.453899 0.0323495 0.5)
(0.4539 0.0306397 0.5)
(0.453901 0.028811 0.5)
(0.453902 0.0268553 0.5)
(0.453903 0.0247635 0.5)
(0.453904 0.0225264 0.5)
(0.453906 0.0201337 0.5)
(0.453907 0.0175747 0.5)
(0.453909 0.0148378 0.5)
(0.45391 0.0119107 0.5)
(0.453912 0.00878003 0.5)
(0.453914 0.00543173 0.5)
(0.453916 0.00185067 0.5)
(0.460676 0.0564816 0.5)
(0.460676 0.0564681 0.5)
(0.460676 0.0564537 0.5)
(0.460676 0.0564383 0.5)
(0.460676 0.0564218 0.5)
(0.460676 0.0564042 0.5)
(0.460676 0.0563854 0.5)
(0.460677 0.0563652 0.5)
(0.460677 0.0563436 0.5)
(0.460677 0.0563206 0.5)
(0.460677 0.0562959 0.5)
(0.460677 0.0562695 0.5)
(0.460677 0.0562413 0.5)
(0.460677 0.0562112 0.5)
(0.460677 0.0561789 0.5)
(0.460677 0.0561444 0.5)
(0.460677 0.0561075 0.5)
(0.460677 0.056068 0.5)
(0.460677 0.0560258 0.5)
(0.460677 0.0559806 0.5)
(0.460677 0.0559323 0.5)
(0.460677 0.0558807 0.5)
(0.460677 0.0558254 0.5)
(0.460677 0.0557663 0.5)
(0.460677 0.0557032 0.5)
(0.460677 0.0556356 0.5)
(0.460677 0.0555633 0.5)
(0.460677 0.055486 0.5)
(0.460677 0.0554033 0.5)
(0.460677 0.0553149 0.5)
(0.460677 0.0552203 0.5)
(0.460677 0.0551191 0.5)
(0.460677 0.055011 0.5)
(0.460677 0.0548953 0.5)
(0.460677 0.0547715 0.5)
(0.460678 0.0546392 0.5)
(0.460678 0.0544976 0.5)
(0.460678 0.0543462 0.5)
(0.460678 0.0541843 0.5)
(0.460678 0.0540111 0.5)
(0.460678 0.0538259 0.5)
(0.460678 0.0536278 0.5)
(0.460678 0.053416 0.5)
(0.460678 0.0531894 0.5)
(0.460679 0.052947 0.5)
(0.460679 0.0526878 0.5)
(0.460679 0.0524106 0.5)
(0.460679 0.0521142 0.5)
(0.460679 0.0517971 0.5)
(0.46068 0.051458 0.5)
(0.46068 0.0510953 0.5)
(0.46068 0.0507073 0.5)
(0.46068 0.0502924 0.5)
(0.460681 0.0498487 0.5)
(0.460681 0.0493741 0.5)
(0.460681 0.0488666 0.5)
(0.460682 0.0483237 0.5)
(0.460682 0.0477431 0.5)
(0.460682 0.0471222 0.5)
(0.460683 0.046458 0.5)
(0.460683 0.0457478 0.5)
(0.460684 0.0449881 0.5)
(0.460684 0.0441756 0.5)
(0.460685 0.0433066 0.5)
(0.460685 0.0423773 0.5)
(0.460686 0.0413833 0.5)
(0.460686 0.0403202 0.5)
(0.460687 0.0391832 0.5)
(0.460688 0.0379672 0.5)
(0.460689 0.0366666 0.5)
(0.46069 0.0352756 0.5)
(0.460691 0.0337879 0.5)
(0.460692 0.0321968 0.5)
(0.460693 0.0304951 0.5)
(0.460694 0.0286751 0.5)
(0.460695 0.0267286 0.5)
(0.460696 0.0246467 0.5)
(0.460698 0.0224201 0.5)
(0.460699 0.0200388 0.5)
(0.460701 0.0174918 0.5)
(0.460702 0.0147679 0.5)
(0.460704 0.0118545 0.5)
(0.460706 0.00873861 0.5)
(0.460708 0.00540611 0.5)
(0.46071 0.00184194 0.5)
(0.467435 0.056218 0.5)
(0.467435 0.0562046 0.5)
(0.467435 0.0561903 0.5)
(0.467435 0.056175 0.5)
(0.467435 0.0561586 0.5)
(0.467435 0.056141 0.5)
(0.467435 0.0561223 0.5)
(0.467435 0.0561022 0.5)
(0.467435 0.0560807 0.5)
(0.467435 0.0560578 0.5)
(0.467435 0.0560332 0.5)
(0.467435 0.056007 0.5)
(0.467435 0.0559789 0.5)
(0.467435 0.0559489 0.5)
(0.467435 0.0559168 0.5)
(0.467435 0.0558824 0.5)
(0.467435 0.0558457 0.5)
(0.467435 0.0558064 0.5)
(0.467435 0.0557643 0.5)
(0.467435 0.0557194 0.5)
(0.467435 0.0556713 0.5)
(0.467435 0.0556199 0.5)
(0.467435 0.0555649 0.5)
(0.467435 0.0555061 0.5)
(0.467435 0.0554432 0.5)
(0.467435 0.055376 0.5)
(0.467435 0.055304 0.5)
(0.467435 0.0552271 0.5)
(0.467435 0.0551448 0.5)
(0.467435 0.0550568 0.5)
(0.467435 0.0549626 0.5)
(0.467435 0.0548619 0.5)
(0.467436 0.0547543 0.5)
(0.467436 0.0546391 0.5)
(0.467436 0.0545159 0.5)
(0.467436 0.0543842 0.5)
(0.467436 0.0542433 0.5)
(0.467436 0.0540926 0.5)
(0.467436 0.0539315 0.5)
(0.467436 0.0537591 0.5)
(0.467436 0.0535747 0.5)
(0.467436 0.0533776 0.5)
(0.467437 0.0531667 0.5)
(0.467437 0.0529412 0.5)
(0.467437 0.0527 0.5)
(0.467437 0.052442 0.5)
(0.467437 0.0521661 0.5)
(0.467437 0.051871 0.5)
(0.467438 0.0515554 0.5)
(0.467438 0.0512178 0.5)
(0.467438 0.0508568 0.5)
(0.467438 0.0504707 0.5)
(0.467439 0.0500578 0.5)
(0.467439 0.0496161 0.5)
(0.467439 0.0491437 0.5)
(0.46744 0.0486385 0.5)
(0.46744 0.0480982 0.5)
(0.46744 0.0475203 0.5)
(0.467441 0.0469023 0.5)
(0.467441 0.0462413 0.5)
(0.467442 0.0455343 0.5)
(0.467442 0.0447782 0.5)
(0.467443 0.0439695 0.5)
(0.467443 0.0431046 0.5)
(0.467444 0.0421795 0.5)
(0.467445 0.0411902 0.5)
(0.467445 0.0401321 0.5)
(0.467446 0.0390004 0.5)
(0.467447 0.03779 0.5)
(0.467448 0.0364955 0.5)
(0.467449 0.035111 0.5)
(0.46745 0.0336303 0.5)
(0.467451 0.0320466 0.5)
(0.467452 0.0303528 0.5)
(0.467453 0.0285413 0.5)
(0.467454 0.0266039 0.5)
(0.467456 0.0245317 0.5)
(0.467457 0.0223155 0.5)
(0.467459 0.0199453 0.5)
(0.46746 0.0174102 0.5)
(0.467462 0.0146989 0.5)
(0.467464 0.0117992 0.5)
(0.467466 0.00869783 0.5)
(0.467468 0.00538089 0.5)
(0.467471 0.00183335 0.5)
(0.474159 0.0559588 0.5)
(0.474159 0.0559454 0.5)
(0.474159 0.0559312 0.5)
(0.474159 0.0559159 0.5)
(0.474159 0.0558996 0.5)
(0.474159 0.0558821 0.5)
(0.474159 0.0558635 0.5)
(0.474159 0.0558435 0.5)
(0.474159 0.0558221 0.5)
(0.474159 0.0557993 0.5)
(0.474159 0.0557748 0.5)
(0.474159 0.0557487 0.5)
(0.474159 0.0557208 0.5)
(0.474159 0.0556909 0.5)
(0.474159 0.0556589 0.5)
(0.474159 0.0556247 0.5)
(0.474159 0.0555881 0.5)
(0.474159 0.055549 0.5)
(0.474159 0.0555072 0.5)
(0.474159 0.0554625 0.5)
(0.474159 0.0554146 0.5)
(0.474159 0.0553634 0.5)
(0.474159 0.0553087 0.5)
(0.474159 0.0552502 0.5)
(0.47416 0.0551876 0.5)
(0.47416 0.0551206 0.5)
(0.47416 0.055049 0.5)
(0.47416 0.0549724 0.5)
(0.47416 0.0548905 0.5)
(0.47416 0.0548029 0.5)
(0.47416 0.0547092 0.5)
(0.47416 0.054609 0.5)
(0.47416 0.0545018 0.5)
(0.47416 0.0543871 0.5)
(0.47416 0.0542645 0.5)
(0.47416 0.0541334 0.5)
(0.47416 0.0539932 0.5)
(0.47416 0.0538432 0.5)
(0.474161 0.0536828 0.5)
(0.474161 0.0535112 0.5)
(0.474161 0.0533277 0.5)
(0.474161 0.0531314 0.5)
(0.474161 0.0529215 0.5)
(0.474161 0.0526971 0.5)
(0.474161 0.052457 0.5)
(0.474162 0.0522002 0.5)
(0.474162 0.0519255 0.5)
(0.474162 0.0516318 0.5)
(0.474162 0.0513177 0.5)
(0.474162 0.0509817 0.5)
(0.474163 0.0506223 0.5)
(0.474163 0.050238 0.5)
(0.474163 0.0498269 0.5)
(0.474164 0.0493873 0.5)
(0.474164 0.0489171 0.5)
(0.474164 0.0484143 0.5)
(0.474165 0.0478764 0.5)
(0.474165 0.0473012 0.5)
(0.474166 0.046686 0.5)
(0.474166 0.046028 0.5)
(0.474166 0.0453243 0.5)
(0.474167 0.0445717 0.5)
(0.474168 0.0437667 0.5)
(0.474168 0.0429058 0.5)
(0.474169 0.041985 0.5)
(0.47417 0.0410002 0.5)
(0.47417 0.039947 0.5)
(0.474171 0.0388205 0.5)
(0.474172 0.0376158 0.5)
(0.474173 0.0363272 0.5)
(0.474174 0.0349491 0.5)
(0.474175 0.0334752 0.5)
(0.474176 0.0318988 0.5)
(0.474177 0.0302129 0.5)
(0.474178 0.0284097 0.5)
(0.47418 0.0264812 0.5)
(0.474181 0.0244186 0.5)
(0.474183 0.0222126 0.5)
(0.474184 0.0198533 0.5)
(0.474186 0.0173299 0.5)
(0.474188 0.0146312 0.5)
(0.47419 0.0117448 0.5)
(0.474192 0.00865773 0.5)
(0.474195 0.00535607 0.5)
(0.474197 0.00182489 0.5)
(0.48085 0.055704 0.5)
(0.48085 0.0556907 0.5)
(0.48085 0.0556765 0.5)
(0.48085 0.0556613 0.5)
(0.48085 0.0556451 0.5)
(0.48085 0.0556277 0.5)
(0.48085 0.0556091 0.5)
(0.48085 0.0555892 0.5)
(0.48085 0.055568 0.5)
(0.48085 0.0555452 0.5)
(0.48085 0.0555209 0.5)
(0.48085 0.0554949 0.5)
(0.48085 0.0554671 0.5)
(0.48085 0.0554373 0.5)
(0.48085 0.0554055 0.5)
(0.48085 0.0553715 0.5)
(0.48085 0.0553351 0.5)
(0.48085 0.0552961 0.5)
(0.48085 0.0552545 0.5)
(0.48085 0.05521 0.5)
(0.48085 0.0551623 0.5)
(0.48085 0.0551114 0.5)
(0.48085 0.0550569 0.5)
(0.48085 0.0549986 0.5)
(0.480851 0.0549363 0.5)
(0.480851 0.0548697 0.5)
(0.480851 0.0547984 0.5)
(0.480851 0.0547221 0.5)
(0.480851 0.0546406 0.5)
(0.480851 0.0545534 0.5)
(0.480851 0.0544601 0.5)
(0.480851 0.0543603 0.5)
(0.480851 0.0542536 0.5)
(0.480851 0.0541395 0.5)
(0.480851 0.0540175 0.5)
(0.480851 0.053887 0.5)
(0.480851 0.0537474 0.5)
(0.480852 0.053598 0.5)
(0.480852 0.0534384 0.5)
(0.480852 0.0532676 0.5)
(0.480852 0.0530849 0.5)
(0.480852 0.0528895 0.5)
(0.480852 0.0526806 0.5)
(0.480852 0.0524571 0.5)
(0.480853 0.0522181 0.5)
(0.480853 0.0519625 0.5)
(0.480853 0.0516891 0.5)
(0.480853 0.0513967 0.5)
(0.480853 0.051084 0.5)
(0.480854 0.0507496 0.5)
(0.480854 0.0503918 0.5)
(0.480854 0.0500093 0.5)
(0.480854 0.0496001 0.5)
(0.480855 0.0491625 0.5)
(0.480855 0.0486944 0.5)
(0.480856 0.0481938 0.5)
(0.480856 0.0476585 0.5)
(0.480856 0.0470859 0.5)
(0.480857 0.0464735 0.5)
(0.480857 0.0458185 0.5)
(0.480858 0.045118 0.5)
(0.480858 0.0443687 0.5)
(0.480859 0.0435674 0.5)
(0.48086 0.0427104 0.5)
(0.48086 0.0417939 0.5)
(0.480861 0.0408136 0.5)
(0.480862 0.0397651 0.5)
(0.480863 0.0386438 0.5)
(0.480863 0.0374445 0.5)
(0.480864 0.0361618 0.5)
(0.480865 0.03479 0.5)
(0.480867 0.0333228 0.5)
(0.480868 0.0317536 0.5)
(0.480869 0.0300753 0.5)
(0.48087 0.0282804 0.5)
(0.480872 0.0263606 0.5)
(0.480873 0.0243074 0.5)
(0.480875 0.0221115 0.5)
(0.480877 0.0197629 0.5)
(0.480878 0.017251 0.5)
(0.48088 0.0145645 0.5)
(0.480883 0.0116913 0.5)
(0.480885 0.00861831 0.5)
(0.480887 0.00533169 0.5)
(0.48089 0.00181658 0.5)
(0.487508 0.0554539 0.5)
(0.487508 0.0554406 0.5)
(0.487508 0.0554265 0.5)
(0.487508 0.0554114 0.5)
(0.487508 0.0553952 0.5)
(0.487508 0.0553779 0.5)
(0.487508 0.0553594 0.5)
(0.487508 0.0553396 0.5)
(0.487508 0.0553184 0.5)
(0.487508 0.0552958 0.5)
(0.487508 0.0552716 0.5)
(0.487508 0.0552457 0.5)
(0.487508 0.055218 0.5)
(0.487508 0.0551884 0.5)
(0.487508 0.0551567 0.5)
(0.487508 0.0551228 0.5)
(0.487508 0.0550866 0.5)
(0.487508 0.0550478 0.5)
(0.487508 0.0550063 0.5)
(0.487508 0.054962 0.5)
(0.487508 0.0549146 0.5)
(0.487508 0.0548639 0.5)
(0.487508 0.0548096 0.5)
(0.487508 0.0547516 0.5)
(0.487508 0.0546896 0.5)
(0.487508 0.0546232 0.5)
(0.487508 0.0545523 0.5)
(0.487508 0.0544764 0.5)
(0.487508 0.0543952 0.5)
(0.487508 0.0543084 0.5)
(0.487509 0.0542155 0.5)
(0.487509 0.0541162 0.5)
(0.487509 0.05401 0.5)
(0.487509 0.0538964 0.5)
(0.487509 0.0537749 0.5)
(0.487509 0.053645 0.5)
(0.487509 0.053506 0.5)
(0.487509 0.0533573 0.5)
(0.487509 0.0531984 0.5)
(0.487509 0.0530284 0.5)
(0.48751 0.0528465 0.5)
(0.48751 0.052652 0.5)
(0.48751 0.052444 0.5)
(0.48751 0.0522216 0.5)
(0.48751 0.0519836 0.5)
(0.48751 0.0517292 0.5)
(0.487511 0.051457 0.5)
(0.487511 0.0511659 0.5)
(0.487511 0.0508546 0.5)
(0.487511 0.0505216 0.5)
(0.487512 0.0501655 0.5)
(0.487512 0.0497847 0.5)
(0.487512 0.0493773 0.5)
(0.487513 0.0489417 0.5)
(0.487513 0.0484757 0.5)
(0.487513 0.0479774 0.5)
(0.487514 0.0474444 0.5)
(0.487514 0.0468744 0.5)
(0.487515 0.0462647 0.5)
(0.487515 0.0456127 0.5)
(0.487516 0.0449153 0.5)
(0.487516 0.0441695 0.5)
(0.487517 0.0433718 0.5)
(0.487518 0.0425186 0.5)
(0.487518 0.0416062 0.5)
(0.487519 0.0406303 0.5)
(0.48752 0.0395865 0.5)
(0.487521 0.0384702 0.5)
(0.487522 0.0372763 0.5)
(0.487523 0.0359994 0.5)
(0.487524 0.0346338 0.5)
(0.487525 0.0331732 0.5)
(0.487526 0.031611 0.5)
(0.487527 0.0299403 0.5)
(0.487529 0.0281534 0.5)
(0.48753 0.0262422 0.5)
(0.487532 0.0241983 0.5)
(0.487534 0.0220122 0.5)
(0.487535 0.0196741 0.5)
(0.487537 0.0171736 0.5)
(0.487539 0.0144991 0.5)
(0.487542 0.0116388 0.5)
(0.487544 0.00857961 0.5)
(0.487546 0.00530774 0.5)
(0.487549 0.00180843 0.5)
(0.494132 0.0552085 0.5)
(0.494132 0.0551953 0.5)
(0.494132 0.0551812 0.5)
(0.494132 0.0551661 0.5)
(0.494132 0.05515 0.5)
(0.494132 0.0551328 0.5)
(0.494132 0.0551144 0.5)
(0.494132 0.0550947 0.5)
(0.494132 0.0550736 0.5)
(0.494132 0.0550511 0.5)
(0.494132 0.055027 0.5)
(0.494132 0.0550012 0.5)
(0.494132 0.0549736 0.5)
(0.494132 0.0549441 0.5)
(0.494132 0.0549126 0.5)
(0.494132 0.0548789 0.5)
(0.494132 0.0548428 0.5)
(0.494132 0.0548042 0.5)
(0.494132 0.0547629 0.5)
(0.494132 0.0547188 0.5)
(0.494132 0.0546716 0.5)
(0.494133 0.0546211 0.5)
(0.494133 0.0545671 0.5)
(0.494133 0.0545093 0.5)
(0.494133 0.0544476 0.5)
(0.494133 0.0543815 0.5)
(0.494133 0.0543109 0.5)
(0.494133 0.0542353 0.5)
(0.494133 0.0541545 0.5)
(0.494133 0.054068 0.5)
(0.494133 0.0539756 0.5)
(0.494133 0.0538767 0.5)
(0.494133 0.053771 0.5)
(0.494133 0.0536579 0.5)
(0.494133 0.0535369 0.5)
(0.494133 0.0534076 0.5)
(0.494134 0.0532692 0.5)
(0.494134 0.0531212 0.5)
(0.494134 0.0529629 0.5)
(0.494134 0.0527937 0.5)
(0.494134 0.0526126 0.5)
(0.494134 0.052419 0.5)
(0.494134 0.0522119 0.5)
(0.494135 0.0519905 0.5)
(0.494135 0.0517536 0.5)
(0.494135 0.0515002 0.5)
(0.494135 0.0512293 0.5)
(0.494135 0.0509395 0.5)
(0.494136 0.0506295 0.5)
(0.494136 0.0502981 0.5)
(0.494136 0.0499435 0.5)
(0.494137 0.0495644 0.5)
(0.494137 0.0491588 0.5)
(0.494137 0.0487251 0.5)
(0.494138 0.0482612 0.5)
(0.494138 0.0477651 0.5)
(0.494138 0.0472345 0.5)
(0.494139 0.046667 0.5)
(0.494139 0.04606 0.5)
(0.49414 0.0454109 0.5)
(0.494141 0.0447166 0.5)
(0.494141 0.043974 0.5)
(0.494142 0.0431799 0.5)
(0.494142 0.0423305 0.5)
(0.494143 0.041422 0.5)
(0.494144 0.0404505 0.5)
(0.494145 0.0394114 0.5)
(0.494146 0.0383 0.5)
(0.494147 0.0371114 0.5)
(0.494148 0.0358401 0.5)
(0.494149 0.0344805 0.5)
(0.49415 0.0330263 0.5)
(0.494151 0.0314711 0.5)
(0.494153 0.0298078 0.5)
(0.494154 0.0280288 0.5)
(0.494156 0.0261261 0.5)
(0.494157 0.0240912 0.5)
(0.494159 0.0219148 0.5)
(0.494161 0.0195871 0.5)
(0.494163 0.0170976 0.5)
(0.494165 0.014435 0.5)
(0.494167 0.0115873 0.5)
(0.49417 0.00854164 0.5)
(0.494172 0.00528426 0.5)
(0.494175 0.00180042 0.5)
(0.500724 0.0549679 0.5)
(0.500724 0.0549548 0.5)
(0.500724 0.0549408 0.5)
(0.500724 0.0549258 0.5)
(0.500724 0.0549098 0.5)
(0.500724 0.0548926 0.5)
(0.500724 0.0548743 0.5)
(0.500724 0.0548547 0.5)
(0.500724 0.0548337 0.5)
(0.500724 0.0548112 0.5)
(0.500724 0.0547872 0.5)
(0.500724 0.0547616 0.5)
(0.500724 0.0547341 0.5)
(0.500724 0.0547047 0.5)
(0.500724 0.0546733 0.5)
(0.500724 0.0546398 0.5)
(0.500724 0.0546038 0.5)
(0.500724 0.0545654 0.5)
(0.500724 0.0545243 0.5)
(0.500724 0.0544804 0.5)
(0.500724 0.0544334 0.5)
(0.500724 0.0543831 0.5)
(0.500724 0.0543294 0.5)
(0.500724 0.0542719 0.5)
(0.500724 0.0542104 0.5)
(0.500724 0.0541446 0.5)
(0.500724 0.0540742 0.5)
(0.500724 0.053999 0.5)
(0.500724 0.0539185 0.5)
(0.500724 0.0538325 0.5)
(0.500725 0.0537404 0.5)
(0.500725 0.053642 0.5)
(0.500725 0.0535367 0.5)
(0.500725 0.0534241 0.5)
(0.500725 0.0533037 0.5)
(0.500725 0.0531749 0.5)
(0.500725 0.0530371 0.5)
(0.500725 0.0528898 0.5)
(0.500725 0.0527322 0.5)
(0.500726 0.0525637 0.5)
(0.500726 0.0523834 0.5)
(0.500726 0.0521906 0.5)
(0.500726 0.0519845 0.5)
(0.500726 0.0517639 0.5)
(0.500726 0.0515281 0.5)
(0.500727 0.0512759 0.5)
(0.500727 0.0510061 0.5)
(0.500727 0.0507176 0.5)
(0.500727 0.050409 0.5)
(0.500728 0.0500789 0.5)
(0.500728 0.0497259 0.5)
(0.500728 0.0493484 0.5)
(0.500729 0.0489446 0.5)
(0.500729 0.0485128 0.5)
(0.500729 0.0480509 0.5)
(0.50073 0.047557 0.5)
(0.50073 0.0470287 0.5)
(0.500731 0.0464636 0.5)
(0.500731 0.0458593 0.5)
(0.500732 0.045213 0.5)
(0.500732 0.0445217 0.5)
(0.500733 0.0437824 0.5)
(0.500734 0.0429917 0.5)
(0.500734 0.042146 0.5)
(0.500735 0.0412416 0.5)
(0.500736 0.0402742 0.5)
(0.500737 0.0392396 0.5)
(0.500738 0.0381331 0.5)
(0.500739 0.0369497 0.5)
(0.50074 0.035684 0.5)
(0.500741 0.0343303 0.5)
(0.500742 0.0328825 0.5)
(0.500743 0.031334 0.5)
(0.500745 0.0296779 0.5)
(0.500746 0.0279067 0.5)
(0.500748 0.0260123 0.5)
(0.50075 0.0239862 0.5)
(0.500751 0.0218193 0.5)
(0.500753 0.0195017 0.5)
(0.500755 0.0170231 0.5)
(0.500758 0.0143721 0.5)
(0.50076 0.0115368 0.5)
(0.500763 0.00850442 0.5)
(0.500765 0.00526123 0.5)
(0.500768 0.00179258 0.5)
(0.507282 0.0547324 0.5)
(0.507282 0.0547193 0.5)
(0.507282 0.0547054 0.5)
(0.507282 0.0546904 0.5)
(0.507282 0.0546745 0.5)
(0.507282 0.0546574 0.5)
(0.507282 0.0546391 0.5)
(0.507282 0.0546196 0.5)
(0.507282 0.0545987 0.5)
(0.507282 0.0545764 0.5)
(0.507282 0.0545525 0.5)
(0.507282 0.0545269 0.5)
(0.507282 0.0544996 0.5)
(0.507282 0.0544703 0.5)
(0.507282 0.0544391 0.5)
(0.507282 0.0544056 0.5)
(0.507282 0.0543699 0.5)
(0.507283 0.0543316 0.5)
(0.507283 0.0542907 0.5)
(0.507283 0.0542469 0.5)
(0.507283 0.0542001 0.5)
(0.507283 0.0541501 0.5)
(0.507283 0.0540966 0.5)
(0.507283 0.0540393 0.5)
(0.507283 0.0539781 0.5)
(0.507283 0.0539126 0.5)
(0.507283 0.0538425 0.5)
(0.507283 0.0537676 0.5)
(0.507283 0.0536875 0.5)
(0.507283 0.0536018 0.5)
(0.507283 0.0535102 0.5)
(0.507283 0.0534121 0.5)
(0.507283 0.0533073 0.5)
(0.507284 0.0531952 0.5)
(0.507284 0.0530753 0.5)
(0.507284 0.052947 0.5)
(0.507284 0.0528098 0.5)
(0.507284 0.0526631 0.5)
(0.507284 0.0525062 0.5)
(0.507284 0.0523384 0.5)
(0.507284 0.052159 0.5)
(0.507285 0.051967 0.5)
(0.507285 0.0517617 0.5)
(0.507285 0.0515421 0.5)
(0.507285 0.0513073 0.5)
(0.507285 0.0510561 0.5)
(0.507286 0.0507875 0.5)
(0.507286 0.0505002 0.5)
(0.507286 0.050193 0.5)
(0.507286 0.0498643 0.5)
(0.507287 0.0495129 0.5)
(0.507287 0.049137 0.5)
(0.507287 0.0487349 0.5)
(0.507288 0.0483049 0.5)
(0.507288 0.0478451 0.5)
(0.507289 0.0473532 0.5)
(0.507289 0.0468272 0.5)
(0.50729 0.0462646 0.5)
(0.50729 0.0456628 0.5)
(0.507291 0.0450193 0.5)
(0.507291 0.044331 0.5)
(0.507292 0.0435948 0.5)
(0.507293 0.0428075 0.5)
(0.507293 0.0419655 0.5)
(0.507294 0.0410649 0.5)
(0.507295 0.0401017 0.5)
(0.507296 0.0390715 0.5)
(0.507297 0.0379697 0.5)
(0.507298 0.0367914 0.5)
(0.507299 0.0355311 0.5)
(0.5073 0.0341832 0.5)
(0.507301 0.0327416 0.5)
(0.507303 0.0311997 0.5)
(0.507304 0.0295507 0.5)
(0.507306 0.0277871 0.5)
(0.507307 0.0259008 0.5)
(0.507309 0.0238834 0.5)
(0.507311 0.0217258 0.5)
(0.507313 0.0194182 0.5)
(0.507315 0.0169501 0.5)
(0.507317 0.0143105 0.5)
(0.50732 0.0114874 0.5)
(0.507322 0.00846798 0.5)
(0.507325 0.00523869 0.5)
(0.507328 0.0017849 0.5)
(0.513808 0.054502 0.5)
(0.513808 0.054489 0.5)
(0.513808 0.0544751 0.5)
(0.513808 0.0544602 0.5)
(0.513808 0.0544443 0.5)
(0.513808 0.0544273 0.5)
(0.513808 0.0544091 0.5)
(0.513808 0.0543897 0.5)
(0.513808 0.0543689 0.5)
(0.513808 0.0543466 0.5)
(0.513808 0.0543228 0.5)
(0.513808 0.0542974 0.5)
(0.513808 0.0542701 0.5)
(0.513808 0.054241 0.5)
(0.513808 0.0542099 0.5)
(0.513808 0.0541766 0.5)
(0.513808 0.054141 0.5)
(0.513809 0.0541029 0.5)
(0.513809 0.0540621 0.5)
(0.513809 0.0540186 0.5)
(0.513809 0.053972 0.5)
(0.513809 0.0539221 0.5)
(0.513809 0.0538688 0.5)
(0.513809 0.0538118 0.5)
(0.513809 0.0537508 0.5)
(0.513809 0.0536856 0.5)
(0.513809 0.0536159 0.5)
(0.513809 0.0535413 0.5)
(0.513809 0.0534615 0.5)
(0.513809 0.0533761 0.5)
(0.513809 0.0532849 0.5)
(0.513809 0.0531873 0.5)
(0.513809 0.0530829 0.5)
(0.51381 0.0529712 0.5)
(0.51381 0.0528518 0.5)
(0.51381 0.0527241 0.5)
(0.51381 0.0525875 0.5)
(0.51381 0.0524414 0.5)
(0.51381 0.0522852 0.5)
(0.51381 0.0521181 0.5)
(0.51381 0.0519394 0.5)
(0.513811 0.0517482 0.5)
(0.513811 0.0515438 0.5)
(0.513811 0.0513251 0.5)
(0.513811 0.0510913 0.5)
(0.513811 0.0508412 0.5)
(0.513812 0.0505737 0.5)
(0.513812 0.0502876 0.5)
(0.513812 0.0499817 0.5)
(0.513813 0.0496544 0.5)
(0.513813 0.0493044 0.5)
(0.513813 0.0489301 0.5)
(0.513814 0.0485298 0.5)
(0.513814 0.0481016 0.5)
(0.513814 0.0476436 0.5)
(0.513815 0.0471539 0.5)
(0.513815 0.04663 0.5)
(0.513816 0.0460698 0.5)
(0.513816 0.0454706 0.5)
(0.513817 0.0448297 0.5)
(0.513817 0.0441443 0.5)
(0.513818 0.0434113 0.5)
(0.513819 0.0426273 0.5)
(0.51382 0.0417888 0.5)
(0.51382 0.040892 0.5)
(0.513821 0.0399328 0.5)
(0.513822 0.038907 0.5)
(0.513823 0.0378099 0.5)
(0.513824 0.0366365 0.5)
(0.513825 0.0353815 0.5)
(0.513826 0.0340393 0.5)
(0.513828 0.0326037 0.5)
(0.513829 0.0310684 0.5)
(0.513831 0.0294263 0.5)
(0.513832 0.0276701 0.5)
(0.513834 0.0257918 0.5)
(0.513836 0.0237829 0.5)
(0.513838 0.0216343 0.5)
(0.51384 0.0193364 0.5)
(0.513842 0.0168788 0.5)
(0.513844 0.0142503 0.5)
(0.513847 0.011439 0.5)
(0.513849 0.00843233 0.5)
(0.513852 0.00521664 0.5)
(0.513855 0.00177739 0.5)
(0.520302 0.0542768 0.5)
(0.520302 0.0542638 0.5)
(0.520302 0.05425 0.5)
(0.520302 0.0542352 0.5)
(0.520302 0.0542193 0.5)
(0.520302 0.0542024 0.5)
(0.520302 0.0541843 0.5)
(0.520302 0.0541649 0.5)
(0.520302 0.0541442 0.5)
(0.520302 0.054122 0.5)
(0.520302 0.0540983 0.5)
(0.520302 0.054073 0.5)
(0.520302 0.0540459 0.5)
(0.520302 0.0540169 0.5)
(0.520302 0.0539859 0.5)
(0.520302 0.0539527 0.5)
(0.520302 0.0539173 0.5)
(0.520302 0.0538793 0.5)
(0.520302 0.0538387 0.5)
(0.520302 0.0537954 0.5)
(0.520302 0.0537489 0.5)
(0.520302 0.0536993 0.5)
(0.520302 0.0536462 0.5)
(0.520302 0.0535894 0.5)
(0.520302 0.0535287 0.5)
(0.520302 0.0534638 0.5)
(0.520303 0.0533943 0.5)
(0.520303 0.05332 0.5)
(0.520303 0.0532406 0.5)
(0.520303 0.0531556 0.5)
(0.520303 0.0530647 0.5)
(0.520303 0.0529675 0.5)
(0.520303 0.0528635 0.5)
(0.520303 0.0527524 0.5)
(0.520303 0.0526334 0.5)
(0.520303 0.0525063 0.5)
(0.520303 0.0523702 0.5)
(0.520304 0.0522247 0.5)
(0.520304 0.0520692 0.5)
(0.520304 0.0519027 0.5)
(0.520304 0.0517248 0.5)
(0.520304 0.0515344 0.5)
(0.520304 0.0513308 0.5)
(0.520305 0.0511131 0.5)
(0.520305 0.0508802 0.5)
(0.520305 0.0506311 0.5)
(0.520305 0.0503647 0.5)
(0.520306 0.0500798 0.5)
(0.520306 0.0497751 0.5)
(0.520306 0.0494492 0.5)
(0.520306 0.0491007 0.5)
(0.520307 0.0487279 0.5)
(0.520307 0.0483292 0.5)
(0.520308 0.0479028 0.5)
(0.520308 0.0474468 0.5)
(0.520308 0.046959 0.5)
(0.520309 0.0464373 0.5)
(0.520309 0.0458794 0.5)
(0.52031 0.0452827 0.5)
(0.520311 0.0446445 0.5)
(0.520311 0.0439619 0.5)
(0.520312 0.0432319 0.5)
(0.520313 0.0424512 0.5)
(0.520313 0.0416161 0.5)
(0.520314 0.040723 0.5)
(0.520315 0.0397678 0.5)
(0.520316 0.0387463 0.5)
(0.520317 0.0376536 0.5)
(0.520318 0.0364851 0.5)
(0.520319 0.0352353 0.5)
(0.52032 0.0338986 0.5)
(0.520322 0.032469 0.5)
(0.520323 0.03094 0.5)
(0.520325 0.0293047 0.5)
(0.520326 0.0275558 0.5)
(0.520328 0.0256852 0.5)
(0.52033 0.0236846 0.5)
(0.520332 0.0215449 0.5)
(0.520334 0.0192565 0.5)
(0.520336 0.016809 0.5)
(0.520338 0.0141914 0.5)
(0.520341 0.0113917 0.5)
(0.520344 0.00839749 0.5)
(0.520347 0.00519508 0.5)
(0.52035 0.00177004 0.5)
(0.526763 0.0540569 0.5)
(0.526763 0.054044 0.5)
(0.526763 0.0540302 0.5)
(0.526763 0.0540155 0.5)
(0.526763 0.0539997 0.5)
(0.526763 0.0539828 0.5)
(0.526763 0.0539648 0.5)
(0.526763 0.0539455 0.5)
(0.526763 0.0539249 0.5)
(0.526763 0.0539028 0.5)
(0.526763 0.0538792 0.5)
(0.526763 0.0538539 0.5)
(0.526763 0.0538269 0.5)
(0.526763 0.0537981 0.5)
(0.526763 0.0537672 0.5)
(0.526763 0.0537342 0.5)
(0.526763 0.0536988 0.5)
(0.526763 0.053661 0.5)
(0.526763 0.0536206 0.5)
(0.526763 0.0535774 0.5)
(0.526763 0.0535312 0.5)
(0.526763 0.0534818 0.5)
(0.526763 0.0534289 0.5)
(0.526764 0.0533723 0.5)
(0.526764 0.0533119 0.5)
(0.526764 0.0532472 0.5)
(0.526764 0.053178 0.5)
(0.526764 0.053104 0.5)
(0.526764 0.0530249 0.5)
(0.526764 0.0529403 0.5)
(0.526764 0.0528497 0.5)
(0.526764 0.0527529 0.5)
(0.526764 0.0526494 0.5)
(0.526764 0.0525386 0.5)
(0.526764 0.0524202 0.5)
(0.526765 0.0522935 0.5)
(0.526765 0.0521581 0.5)
(0.526765 0.0520132 0.5)
(0.526765 0.0518582 0.5)
(0.526765 0.0516925 0.5)
(0.526765 0.0515152 0.5)
(0.526765 0.0513256 0.5)
(0.526766 0.0511229 0.5)
(0.526766 0.050906 0.5)
(0.526766 0.0506741 0.5)
(0.526766 0.050426 0.5)
(0.526767 0.0501607 0.5)
(0.526767 0.049877 0.5)
(0.526767 0.0495735 0.5)
(0.526767 0.0492489 0.5)
(0.526768 0.0489018 0.5)
(0.526768 0.0485305 0.5)
(0.526768 0.0481334 0.5)
(0.526769 0.0477088 0.5)
(0.526769 0.0472546 0.5)
(0.52677 0.0467688 0.5)
(0.52677 0.0462492 0.5)
(0.526771 0.0456936 0.5)
(0.526771 0.0450993 0.5)
(0.526772 0.0444636 0.5)
(0.526773 0.0437838 0.5)
(0.526773 0.0430568 0.5)
(0.526774 0.0422792 0.5)
(0.526775 0.0414475 0.5)
(0.526776 0.040558 0.5)
(0.526776 0.0396067 0.5)
(0.526777 0.0385893 0.5)
(0.526778 0.0375011 0.5)
(0.52678 0.0363373 0.5)
(0.526781 0.0350925 0.5)
(0.526782 0.0337613 0.5)
(0.526783 0.0323375 0.5)
(0.526785 0.0308147 0.5)
(0.526786 0.029186 0.5)
(0.526788 0.0274441 0.5)
(0.52679 0.0255812 0.5)
(0.526791 0.0235887 0.5)
(0.526793 0.0214577 0.5)
(0.526796 0.0191785 0.5)
(0.526798 0.0167409 0.5)
(0.5268 0.0141339 0.5)
(0.526803 0.0113456 0.5)
(0.526806 0.00836347 0.5)
(0.526809 0.00517403 0.5)
(0.526812 0.00176287 0.5)
(0.533192 0.0538424 0.5)
(0.533192 0.0538296 0.5)
(0.533192 0.0538158 0.5)
(0.533192 0.0538011 0.5)
(0.533192 0.0537854 0.5)
(0.533192 0.0537686 0.5)
(0.533192 0.0537507 0.5)
(0.533192 0.0537315 0.5)
(0.533192 0.0537109 0.5)
(0.533192 0.0536889 0.5)
(0.533192 0.0536654 0.5)
(0.533192 0.0536403 0.5)
(0.533192 0.0536134 0.5)
(0.533192 0.0535846 0.5)
(0.533192 0.0535539 0.5)
(0.533192 0.053521 0.5)
(0.533192 0.0534858 0.5)
(0.533192 0.0534481 0.5)
(0.533192 0.0534079 0.5)
(0.533192 0.0533648 0.5)
(0.533192 0.0533188 0.5)
(0.533192 0.0532696 0.5)
(0.533193 0.0532169 0.5)
(0.533193 0.0531606 0.5)
(0.533193 0.0531003 0.5)
(0.533193 0.0530359 0.5)
(0.533193 0.052967 0.5)
(0.533193 0.0528933 0.5)
(0.533193 0.0528145 0.5)
(0.533193 0.0527302 0.5)
(0.533193 0.0526401 0.5)
(0.533193 0.0525436 0.5)
(0.533193 0.0524405 0.5)
(0.533193 0.0523302 0.5)
(0.533193 0.0522122 0.5)
(0.533194 0.0520861 0.5)
(0.533194 0.0519511 0.5)
(0.533194 0.0518068 0.5)
(0.533194 0.0516525 0.5)
(0.533194 0.0514874 0.5)
(0.533194 0.0513108 0.5)
(0.533195 0.051122 0.5)
(0.533195 0.05092 0.5)
(0.533195 0.050704 0.5)
(0.533195 0.050473 0.5)
(0.533195 0.0502259 0.5)
(0.533196 0.0499617 0.5)
(0.533196 0.0496791 0.5)
(0.533196 0.0493768 0.5)
(0.533197 0.0490535 0.5)
(0.533197 0.0487078 0.5)
(0.533197 0.048338 0.5)
(0.533198 0.0479425 0.5)
(0.533198 0.0475195 0.5)
(0.533198 0.0470671 0.5)
(0.533199 0.0465832 0.5)
(0.533199 0.0460657 0.5)
(0.5332 0.0455123 0.5)
(0.5332 0.0449203 0.5)
(0.533201 0.0442872 0.5)
(0.533202 0.0436101 0.5)
(0.533202 0.042886 0.5)
(0.533203 0.0421114 0.5)
(0.533204 0.0412831 0.5)
(0.533205 0.0403971 0.5)
(0.533206 0.0394496 0.5)
(0.533207 0.0384362 0.5)
(0.533208 0.0373523 0.5)
(0.533209 0.0361931 0.5)
(0.53321 0.0349533 0.5)
(0.533211 0.0336273 0.5)
(0.533213 0.0322092 0.5)
(0.533214 0.0306924 0.5)
(0.533216 0.0290702 0.5)
(0.533217 0.0273352 0.5)
(0.533219 0.0254797 0.5)
(0.533221 0.0234951 0.5)
(0.533223 0.0213725 0.5)
(0.533225 0.0191024 0.5)
(0.533227 0.0166745 0.5)
(0.53323 0.0140778 0.5)
(0.533233 0.0113006 0.5)
(0.533235 0.00833029 0.5)
(0.533239 0.00515351 0.5)
(0.533242 0.00175588 0.5)
(0.539589 0.0536334 0.5)
(0.539589 0.0536206 0.5)
(0.539589 0.053607 0.5)
(0.539589 0.0535923 0.5)
(0.539589 0.0535767 0.5)
(0.539589 0.0535599 0.5)
(0.539589 0.053542 0.5)
(0.539589 0.0535229 0.5)
(0.539589 0.0535024 0.5)
(0.539589 0.0534805 0.5)
(0.539589 0.0534571 0.5)
(0.539589 0.0534321 0.5)
(0.539589 0.0534053 0.5)
(0.539589 0.0533766 0.5)
(0.539589 0.053346 0.5)
(0.539589 0.0533132 0.5)
(0.539589 0.0532782 0.5)
(0.539589 0.0532407 0.5)
(0.539589 0.0532006 0.5)
(0.539589 0.0531577 0.5)
(0.539589 0.0531119 0.5)
(0.53959 0.0530628 0.5)
(0.53959 0.0530104 0.5)
(0.53959 0.0529543 0.5)
(0.53959 0.0528942 0.5)
(0.53959 0.0528301 0.5)
(0.53959 0.0527614 0.5)
(0.53959 0.052688 0.5)
(0.53959 0.0526095 0.5)
(0.53959 0.0525255 0.5)
(0.53959 0.0524357 0.5)
(0.53959 0.0523397 0.5)
(0.53959 0.052237 0.5)
(0.53959 0.0521271 0.5)
(0.539591 0.0520096 0.5)
(0.539591 0.0518839 0.5)
(0.539591 0.0517495 0.5)
(0.539591 0.0516057 0.5)
(0.539591 0.051452 0.5)
(0.539591 0.0512875 0.5)
(0.539591 0.0511117 0.5)
(0.539592 0.0509236 0.5)
(0.539592 0.0507224 0.5)
(0.539592 0.0505072 0.5)
(0.539592 0.0502771 0.5)
(0.539592 0.050031 0.5)
(0.539593 0.0497678 0.5)
(0.539593 0.0494862 0.5)
(0.539593 0.0491851 0.5)
(0.539594 0.0488631 0.5)
(0.539594 0.0485187 0.5)
(0.539594 0.0481503 0.5)
(0.539595 0.0477564 0.5)
(0.539595 0.047335 0.5)
(0.539596 0.0468844 0.5)
(0.539596 0.0464024 0.5)
(0.539597 0.0458869 0.5)
(0.539597 0.0453356 0.5)
(0.539598 0.044746 0.5)
(0.539598 0.0441153 0.5)
(0.539599 0.0434409 0.5)
(0.5396 0.0427195 0.5)
(0.5396 0.041948 0.5)
(0.539601 0.0411228 0.5)
(0.539602 0.0402403 0.5)
(0.539603 0.0392965 0.5)
(0.539604 0.038287 0.5)
(0.539605 0.0372073 0.5)
(0.539606 0.0360526 0.5)
(0.539607 0.0348176 0.5)
(0.539609 0.0334968 0.5)
(0.53961 0.0320841 0.5)
(0.539611 0.0305733 0.5)
(0.539613 0.0289574 0.5)
(0.539615 0.0272291 0.5)
(0.539616 0.0253808 0.5)
(0.539618 0.0234039 0.5)
(0.53962 0.0212896 0.5)
(0.539623 0.0190283 0.5)
(0.539625 0.0166098 0.5)
(0.539627 0.0140232 0.5)
(0.53963 0.0112567 0.5)
(0.539633 0.00829796 0.5)
(0.539636 0.0051335 0.5)
(0.539639 0.00174906 0.5)
(0.545954 0.05343 0.5)
(0.545954 0.0534173 0.5)
(0.545954 0.0534036 0.5)
(0.545954 0.0533891 0.5)
(0.545954 0.0533735 0.5)
(0.545954 0.0533568 0.5)
(0.545954 0.053339 0.5)
(0.545954 0.0533199 0.5)
(0.545954 0.0532995 0.5)
(0.545954 0.0532777 0.5)
(0.545954 0.0532544 0.5)
(0.545954 0.0532294 0.5)
(0.545954 0.0532027 0.5)
(0.545954 0.0531742 0.5)
(0.545954 0.0531437 0.5)
(0.545954 0.053111 0.5)
(0.545955 0.0530761 0.5)
(0.545955 0.0530388 0.5)
(0.545955 0.0529988 0.5)
(0.545955 0.0529561 0.5)
(0.545955 0.0529104 0.5)
(0.545955 0.0528616 0.5)
(0.545955 0.0528093 0.5)
(0.545955 0.0527534 0.5)
(0.545955 0.0526936 0.5)
(0.545955 0.0526297 0.5)
(0.545955 0.0525613 0.5)
(0.545955 0.0524882 0.5)
(0.545955 0.05241 0.5)
(0.545955 0.0523263 0.5)
(0.545955 0.0522369 0.5)
(0.545955 0.0521412 0.5)
(0.545956 0.0520388 0.5)
(0.545956 0.0519294 0.5)
(0.545956 0.0518123 0.5)
(0.545956 0.0516871 0.5)
(0.545956 0.0515532 0.5)
(0.545956 0.05141 0.5)
(0.545956 0.0512568 0.5)
(0.545956 0.051093 0.5)
(0.545957 0.0509178 0.5)
(0.545957 0.0507304 0.5)
(0.545957 0.05053 0.5)
(0.545957 0.0503157 0.5)
(0.545957 0.0500864 0.5)
(0.545958 0.0498412 0.5)
(0.545958 0.049579 0.5)
(0.545958 0.0492986 0.5)
(0.545959 0.0489986 0.5)
(0.545959 0.0486778 0.5)
(0.545959 0.0483347 0.5)
(0.54596 0.0479677 0.5)
(0.54596 0.0475753 0.5)
(0.54596 0.0471555 0.5)
(0.545961 0.0467066 0.5)
(0.545961 0.0462264 0.5)
(0.545962 0.0457129 0.5)
(0.545962 0.0451637 0.5)
(0.545963 0.0445763 0.5)
(0.545964 0.043948 0.5)
(0.545964 0.0432761 0.5)
(0.545965 0.0425575 0.5)
(0.545966 0.0417889 0.5)
(0.545966 0.0409669 0.5)
(0.545967 0.0400877 0.5)
(0.545968 0.0391474 0.5)
(0.545969 0.0381418 0.5)
(0.54597 0.0370662 0.5)
(0.545971 0.0359159 0.5)
(0.545973 0.0346856 0.5)
(0.545974 0.0333698 0.5)
(0.545975 0.0319625 0.5)
(0.545977 0.0304573 0.5)
(0.545978 0.0288476 0.5)
(0.54598 0.0271259 0.5)
(0.545982 0.0252845 0.5)
(0.545984 0.0233151 0.5)
(0.545986 0.0212088 0.5)
(0.545988 0.0189561 0.5)
(0.54599 0.0165468 0.5)
(0.545993 0.01397 0.5)
(0.545996 0.011214 0.5)
(0.545999 0.00826649 0.5)
(0.546002 0.00511404 0.5)
(0.546005 0.00174243 0.5)
(0.552288 0.0532322 0.5)
(0.552288 0.0532196 0.5)
(0.552288 0.053206 0.5)
(0.552288 0.0531915 0.5)
(0.552288 0.0531759 0.5)
(0.552288 0.0531593 0.5)
(0.552288 0.0531416 0.5)
(0.552288 0.0531226 0.5)
(0.552288 0.0531022 0.5)
(0.552288 0.0530805 0.5)
(0.552288 0.0530573 0.5)
(0.552288 0.0530324 0.5)
(0.552288 0.0530058 0.5)
(0.552288 0.0529774 0.5)
(0.552288 0.052947 0.5)
(0.552288 0.0529144 0.5)
(0.552288 0.0528797 0.5)
(0.552288 0.0528425 0.5)
(0.552288 0.0528027 0.5)
(0.552288 0.0527601 0.5)
(0.552288 0.0527146 0.5)
(0.552288 0.0526659 0.5)
(0.552288 0.0526138 0.5)
(0.552288 0.0525582 0.5)
(0.552288 0.0524986 0.5)
(0.552288 0.0524349 0.5)
(0.552289 0.0523668 0.5)
(0.552289 0.0522939 0.5)
(0.552289 0.052216 0.5)
(0.552289 0.0521327 0.5)
(0.552289 0.0520435 0.5)
(0.552289 0.0519482 0.5)
(0.552289 0.0518462 0.5)
(0.552289 0.0517372 0.5)
(0.552289 0.0516205 0.5)
(0.552289 0.0514958 0.5)
(0.55229 0.0513624 0.5)
(0.55229 0.0512197 0.5)
(0.55229 0.0510671 0.5)
(0.55229 0.0509039 0.5)
(0.55229 0.0507294 0.5)
(0.55229 0.0505427 0.5)
(0.552291 0.050343 0.5)
(0.552291 0.0501294 0.5)
(0.552291 0.049901 0.5)
(0.552291 0.0496568 0.5)
(0.552292 0.0493955 0.5)
(0.552292 0.0491161 0.5)
(0.552292 0.0488172 0.5)
(0.552292 0.0484976 0.5)
(0.552293 0.0481558 0.5)
(0.552293 0.0477902 0.5)
(0.552294 0.0473992 0.5)
(0.552294 0.046981 0.5)
(0.552294 0.0465337 0.5)
(0.552295 0.0460553 0.5)
(0.552295 0.0455437 0.5)
(0.552296 0.0449965 0.5)
(0.552296 0.0444113 0.5)
(0.552297 0.0437854 0.5)
(0.552298 0.0431159 0.5)
(0.552298 0.0424 0.5)
(0.552299 0.0416342 0.5)
(0.5523 0.0408152 0.5)
(0.552301 0.0399393 0.5)
(0.552302 0.0390025 0.5)
(0.552303 0.0380006 0.5)
(0.552304 0.036929 0.5)
(0.552305 0.035783 0.5)
(0.552306 0.0345572 0.5)
(0.552308 0.0332463 0.5)
(0.552309 0.0318442 0.5)
(0.55231 0.0303446 0.5)
(0.552312 0.0287408 0.5)
(0.552314 0.0270255 0.5)
(0.552316 0.0251909 0.5)
(0.552318 0.0232288 0.5)
(0.55232 0.0211303 0.5)
(0.552322 0.018886 0.5)
(0.552324 0.0164855 0.5)
(0.552327 0.0139183 0.5)
(0.55233 0.0111725 0.5)
(0.552332 0.00823589 0.5)
(0.552336 0.00509511 0.5)
(0.552339 0.00173598 0.5)
(0.55859 0.0530402 0.5)
(0.55859 0.0530275 0.5)
(0.55859 0.053014 0.5)
(0.55859 0.0529995 0.5)
(0.55859 0.0529841 0.5)
(0.55859 0.0529675 0.5)
(0.55859 0.0529498 0.5)
(0.55859 0.0529309 0.5)
(0.55859 0.0529106 0.5)
(0.55859 0.052889 0.5)
(0.55859 0.0528658 0.5)
(0.55859 0.0528411 0.5)
(0.55859 0.0528146 0.5)
(0.55859 0.0527862 0.5)
(0.55859 0.0527559 0.5)
(0.55859 0.0527235 0.5)
(0.55859 0.0526889 0.5)
(0.55859 0.0526518 0.5)
(0.55859 0.0526122 0.5)
(0.55859 0.0525697 0.5)
(0.55859 0.0525244 0.5)
(0.55859 0.0524759 0.5)
(0.55859 0.052424 0.5)
(0.55859 0.0523685 0.5)
(0.55859 0.0523092 0.5)
(0.558591 0.0522457 0.5)
(0.558591 0.0521778 0.5)
(0.558591 0.0521052 0.5)
(0.558591 0.0520276 0.5)
(0.558591 0.0519446 0.5)
(0.558591 0.0518557 0.5)
(0.558591 0.0517608 0.5)
(0.558591 0.0516592 0.5)
(0.558591 0.0515505 0.5)
(0.558591 0.0514343 0.5)
(0.558591 0.05131 0.5)
(0.558592 0.0511771 0.5)
(0.558592 0.0510349 0.5)
(0.558592 0.0508829 0.5)
(0.558592 0.0507202 0.5)
(0.558592 0.0505463 0.5)
(0.558592 0.0503603 0.5)
(0.558593 0.0501614 0.5)
(0.558593 0.0499486 0.5)
(0.558593 0.049721 0.5)
(0.558593 0.0494776 0.5)
(0.558594 0.0492173 0.5)
(0.558594 0.0489389 0.5)
(0.558594 0.0486411 0.5)
(0.558594 0.0483226 0.5)
(0.558595 0.047982 0.5)
(0.558595 0.0476178 0.5)
(0.558596 0.0472282 0.5)
(0.558596 0.0468115 0.5)
(0.558596 0.0463658 0.5)
(0.558597 0.0458892 0.5)
(0.558597 0.0453794 0.5)
(0.558598 0.0448342 0.5)
(0.558599 0.044251 0.5)
(0.558599 0.0436274 0.5)
(0.5586 0.0429604 0.5)
(0.558601 0.042247 0.5)
(0.558601 0.041484 0.5)
(0.558602 0.040668 0.5)
(0.558603 0.0397952 0.5)
(0.558604 0.0388618 0.5)
(0.558605 0.0378635 0.5)
(0.558606 0.0367958 0.5)
(0.558607 0.0356539 0.5)
(0.558608 0.0344325 0.5)
(0.55861 0.0331263 0.5)
(0.558611 0.0317293 0.5)
(0.558613 0.0302351 0.5)
(0.558614 0.0286371 0.5)
(0.558616 0.026928 0.5)
(0.558618 0.0251 0.5)
(0.55862 0.023145 0.5)
(0.558622 0.0210541 0.5)
(0.558624 0.0188178 0.5)
(0.558626 0.0164261 0.5)
(0.558629 0.0138681 0.5)
(0.558632 0.0111322 0.5)
(0.558635 0.00820618 0.5)
(0.558638 0.00507672 0.5)
(0.558641 0.00172972 0.5)
(0.56486 0.0528539 0.5)
(0.56486 0.0528413 0.5)
(0.56486 0.0528278 0.5)
(0.56486 0.0528134 0.5)
(0.56486 0.052798 0.5)
(0.56486 0.0527815 0.5)
(0.56486 0.0527638 0.5)
(0.56486 0.052745 0.5)
(0.56486 0.0527248 0.5)
(0.56486 0.0527032 0.5)
(0.564861 0.0526801 0.5)
(0.564861 0.0526555 0.5)
(0.564861 0.0526291 0.5)
(0.564861 0.0526008 0.5)
(0.564861 0.0525706 0.5)
(0.564861 0.0525383 0.5)
(0.564861 0.0525038 0.5)
(0.564861 0.0524669 0.5)
(0.564861 0.0524274 0.5)
(0.564861 0.0523851 0.5)
(0.564861 0.0523399 0.5)
(0.564861 0.0522916 0.5)
(0.564861 0.0522399 0.5)
(0.564861 0.0521846 0.5)
(0.564861 0.0521255 0.5)
(0.564861 0.0520622 0.5)
(0.564861 0.0519946 0.5)
(0.564861 0.0519222 0.5)
(0.564861 0.0518449 0.5)
(0.564861 0.0517621 0.5)
(0.564862 0.0516736 0.5)
(0.564862 0.051579 0.5)
(0.564862 0.0514777 0.5)
(0.564862 0.0513694 0.5)
(0.564862 0.0512536 0.5)
(0.564862 0.0511298 0.5)
(0.564862 0.0509973 0.5)
(0.564862 0.0508557 0.5)
(0.564863 0.0507041 0.5)
(0.564863 0.0505421 0.5)
(0.564863 0.0503688 0.5)
(0.564863 0.0501834 0.5)
(0.564863 0.0499852 0.5)
(0.564863 0.0497731 0.5)
(0.564864 0.0495464 0.5)
(0.564864 0.0493038 0.5)
(0.564864 0.0490444 0.5)
(0.564864 0.048767 0.5)
(0.564865 0.0484703 0.5)
(0.564865 0.0481529 0.5)
(0.564865 0.0478135 0.5)
(0.564866 0.0474505 0.5)
(0.564866 0.0470623 0.5)
(0.564867 0.046647 0.5)
(0.564867 0.0462029 0.5)
(0.564868 0.045728 0.5)
(0.564868 0.04522 0.5)
(0.564869 0.0446767 0.5)
(0.564869 0.0440956 0.5)
(0.56487 0.0434741 0.5)
(0.56487 0.0428095 0.5)
(0.564871 0.0420986 0.5)
(0.564872 0.0413383 0.5)
(0.564873 0.0405251 0.5)
(0.564874 0.0396555 0.5)
(0.564875 0.0387253 0.5)
(0.564876 0.0377305 0.5)
(0.564877 0.0366666 0.5)
(0.564878 0.0355286 0.5)
(0.564879 0.0343116 0.5)
(0.56488 0.03301 0.5)
(0.564882 0.0316178 0.5)
(0.564883 0.0301289 0.5)
(0.564885 0.0285365 0.5)
(0.564886 0.0268334 0.5)
(0.564888 0.0250119 0.5)
(0.56489 0.0230637 0.5)
(0.564892 0.0209801 0.5)
(0.564895 0.0187517 0.5)
(0.564897 0.0163684 0.5)
(0.5649 0.0138193 0.5)
(0.564902 0.0110931 0.5)
(0.564905 0.00817735 0.5)
(0.564908 0.00505889 0.5)
(0.564912 0.00172364 0.5)
(0.5711 0.0526734 0.5)
(0.5711 0.0526608 0.5)
(0.5711 0.0526474 0.5)
(0.5711 0.052633 0.5)
(0.5711 0.0526177 0.5)
(0.5711 0.0526012 0.5)
(0.5711 0.0525837 0.5)
(0.5711 0.0525649 0.5)
(0.5711 0.0525448 0.5)
(0.5711 0.0525233 0.5)
(0.5711 0.0525003 0.5)
(0.5711 0.0524757 0.5)
(0.5711 0.0524494 0.5)
(0.5711 0.0524212 0.5)
(0.5711 0.0523911 0.5)
(0.5711 0.0523589 0.5)
(0.5711 0.0523245 0.5)
(0.5711 0.0522877 0.5)
(0.5711 0.0522483 0.5)
(0.5711 0.0522062 0.5)
(0.5711 0.0521612 0.5)
(0.5711 0.052113 0.5)
(0.5711 0.0520615 0.5)
(0.5711 0.0520064 0.5)
(0.571101 0.0519475 0.5)
(0.571101 0.0518844 0.5)
(0.571101 0.051817 0.5)
(0.571101 0.0517449 0.5)
(0.571101 0.0516678 0.5)
(0.571101 0.0515854 0.5)
(0.571101 0.0514972 0.5)
(0.571101 0.0514028 0.5)
(0.571101 0.0513019 0.5)
(0.571101 0.051194 0.5)
(0.571101 0.0510786 0.5)
(0.571102 0.0509552 0.5)
(0.571102 0.0508232 0.5)
(0.571102 0.050682 0.5)
(0.571102 0.050531 0.5)
(0.571102 0.0503695 0.5)
(0.571102 0.0501968 0.5)
(0.571102 0.0500121 0.5)
(0.571103 0.0498145 0.5)
(0.571103 0.0496032 0.5)
(0.571103 0.0493772 0.5)
(0.571103 0.0491355 0.5)
(0.571104 0.0488769 0.5)
(0.571104 0.0486005 0.5)
(0.571104 0.0483048 0.5)
(0.571104 0.0479885 0.5)
(0.571105 0.0476502 0.5)
(0.571105 0.0472885 0.5)
(0.571106 0.0469016 0.5)
(0.571106 0.0464878 0.5)
(0.571106 0.0460452 0.5)
(0.571107 0.0455718 0.5)
(0.571107 0.0450656 0.5)
(0.571108 0.0445241 0.5)
(0.571109 0.043945 0.5)
(0.571109 0.0433257 0.5)
(0.57111 0.0426633 0.5)
(0.571111 0.0419548 0.5)
(0.571111 0.0411971 0.5)
(0.571112 0.0403868 0.5)
(0.571113 0.03952 0.5)
(0.571114 0.0385931 0.5)
(0.571115 0.0376017 0.5)
(0.571116 0.0365413 0.5)
(0.571117 0.0354073 0.5)
(0.571118 0.0341944 0.5)
(0.57112 0.0328972 0.5)
(0.571121 0.0315099 0.5)
(0.571123 0.030026 0.5)
(0.571124 0.0284391 0.5)
(0.571126 0.0267418 0.5)
(0.571128 0.0249265 0.5)
(0.57113 0.022985 0.5)
(0.571132 0.0209085 0.5)
(0.571134 0.0186877 0.5)
(0.571136 0.0163125 0.5)
(0.571139 0.0137722 0.5)
(0.571142 0.0110552 0.5)
(0.571145 0.00814943 0.5)
(0.571148 0.00504162 0.5)
(0.571151 0.00171776 0.5)
(0.577308 0.0524988 0.5)
(0.577308 0.0524863 0.5)
(0.577308 0.0524729 0.5)
(0.577308 0.0524586 0.5)
(0.577308 0.0524432 0.5)
(0.577308 0.0524269 0.5)
(0.577308 0.0524093 0.5)
(0.577308 0.0523906 0.5)
(0.577308 0.0523706 0.5)
(0.577308 0.0523491 0.5)
(0.577308 0.0523262 0.5)
(0.577308 0.0523017 0.5)
(0.577308 0.0522755 0.5)
(0.577308 0.0522474 0.5)
(0.577308 0.0522174 0.5)
(0.577308 0.0521854 0.5)
(0.577308 0.0521511 0.5)
(0.577309 0.0521144 0.5)
(0.577309 0.0520751 0.5)
(0.577309 0.0520331 0.5)
(0.577309 0.0519883 0.5)
(0.577309 0.0519403 0.5)
(0.577309 0.0518889 0.5)
(0.577309 0.051834 0.5)
(0.577309 0.0517753 0.5)
(0.577309 0.0517124 0.5)
(0.577309 0.0516452 0.5)
(0.577309 0.0515734 0.5)
(0.577309 0.0514965 0.5)
(0.577309 0.0514143 0.5)
(0.577309 0.0513264 0.5)
(0.577309 0.0512324 0.5)
(0.57731 0.0511319 0.5)
(0.57731 0.0510243 0.5)
(0.57731 0.0509093 0.5)
(0.57731 0.0507863 0.5)
(0.57731 0.0506547 0.5)
(0.57731 0.050514 0.5)
(0.57731 0.0503635 0.5)
(0.57731 0.0502025 0.5)
(0.577311 0.0500304 0.5)
(0.577311 0.0498463 0.5)
(0.577311 0.0496493 0.5)
(0.577311 0.0494387 0.5)
(0.577311 0.0492135 0.5)
(0.577312 0.0489726 0.5)
(0.577312 0.0487149 0.5)
(0.577312 0.0484393 0.5)
(0.577313 0.0481446 0.5)
(0.577313 0.0478294 0.5)
(0.577313 0.0474923 0.5)
(0.577314 0.0471317 0.5)
(0.577314 0.0467461 0.5)
(0.577314 0.0463336 0.5)
(0.577315 0.0458925 0.5)
(0.577315 0.0454207 0.5)
(0.577316 0.0449162 0.5)
(0.577316 0.0443765 0.5)
(0.577317 0.0437994 0.5)
(0.577318 0.0431821 0.5)
(0.577318 0.0425219 0.5)
(0.577319 0.0418157 0.5)
(0.57732 0.0410606 0.5)
(0.57732 0.0402529 0.5)
(0.577321 0.039389 0.5)
(0.577322 0.0384651 0.5)
(0.577323 0.037477 0.5)
(0.577324 0.0364202 0.5)
(0.577325 0.0352899 0.5)
(0.577327 0.0340811 0.5)
(0.577328 0.0327882 0.5)
(0.577329 0.0314054 0.5)
(0.577331 0.0299265 0.5)
(0.577332 0.0283448 0.5)
(0.577334 0.0266531 0.5)
(0.577336 0.0248438 0.5)
(0.577338 0.0229088 0.5)
(0.57734 0.0208392 0.5)
(0.577342 0.0186257 0.5)
(0.577345 0.0162584 0.5)
(0.577347 0.0137265 0.5)
(0.57735 0.0110186 0.5)
(0.577353 0.00812241 0.5)
(0.577356 0.00502491 0.5)
(0.577359 0.00171206 0.5)
(0.583486 0.0523301 0.5)
(0.583486 0.0523176 0.5)
(0.583486 0.0523042 0.5)
(0.583486 0.05229 0.5)
(0.583486 0.0522747 0.5)
(0.583486 0.0522584 0.5)
(0.583486 0.0522409 0.5)
(0.583486 0.0522222 0.5)
(0.583486 0.0522023 0.5)
(0.583486 0.0521809 0.5)
(0.583486 0.052158 0.5)
(0.583486 0.0521336 0.5)
(0.583486 0.0521075 0.5)
(0.583486 0.0520795 0.5)
(0.583486 0.0520496 0.5)
(0.583486 0.0520176 0.5)
(0.583486 0.0519835 0.5)
(0.583486 0.0519469 0.5)
(0.583486 0.0519078 0.5)
(0.583486 0.0518659 0.5)
(0.583486 0.0518212 0.5)
(0.583486 0.0517733 0.5)
(0.583486 0.0517221 0.5)
(0.583486 0.0516674 0.5)
(0.583486 0.0516089 0.5)
(0.583486 0.0515462 0.5)
(0.583486 0.0514793 0.5)
(0.583487 0.0514076 0.5)
(0.583487 0.051331 0.5)
(0.583487 0.0512491 0.5)
(0.583487 0.0511615 0.5)
(0.583487 0.0510678 0.5)
(0.583487 0.0509675 0.5)
(0.583487 0.0508603 0.5)
(0.583487 0.0507457 0.5)
(0.583487 0.0506231 0.5)
(0.583487 0.0504919 0.5)
(0.583488 0.0503516 0.5)
(0.583488 0.0502016 0.5)
(0.583488 0.0500412 0.5)
(0.583488 0.0498696 0.5)
(0.583488 0.0496861 0.5)
(0.583488 0.0494898 0.5)
(0.583489 0.0492798 0.5)
(0.583489 0.0490553 0.5)
(0.583489 0.0488152 0.5)
(0.583489 0.0485584 0.5)
(0.58349 0.0482837 0.5)
(0.58349 0.0479899 0.5)
(0.58349 0.0476757 0.5)
(0.583491 0.0473396 0.5)
(0.583491 0.0469802 0.5)
(0.583491 0.0465958 0.5)
(0.583492 0.0461847 0.5)
(0.583492 0.045745 0.5)
(0.583493 0.0452748 0.5)
(0.583493 0.0447718 0.5)
(0.583494 0.0442339 0.5)
(0.583494 0.0436586 0.5)
(0.583495 0.0430433 0.5)
(0.583496 0.0423852 0.5)
(0.583496 0.0416814 0.5)
(0.583497 0.0409286 0.5)
(0.583498 0.0401235 0.5)
(0.583499 0.0392624 0.5)
(0.5835 0.0383415 0.5)
(0.583501 0.0373566 0.5)
(0.583502 0.0363032 0.5)
(0.583503 0.0351765 0.5)
(0.583504 0.0339715 0.5)
(0.583505 0.0326828 0.5)
(0.583507 0.0313045 0.5)
(0.583508 0.0298303 0.5)
(0.58351 0.0282537 0.5)
(0.583511 0.0265674 0.5)
(0.583513 0.024764 0.5)
(0.583515 0.0228351 0.5)
(0.583517 0.0207722 0.5)
(0.583519 0.0185659 0.5)
(0.583522 0.0162062 0.5)
(0.583524 0.0136824 0.5)
(0.583527 0.0109832 0.5)
(0.58353 0.00809631 0.5)
(0.583533 0.00500876 0.5)
(0.583536 0.00170656 0.5)
(0.589632 0.0521673 0.5)
(0.589632 0.0521548 0.5)
(0.589632 0.0521415 0.5)
(0.589632 0.0521273 0.5)
(0.589632 0.0521121 0.5)
(0.589632 0.0520958 0.5)
(0.589632 0.0520784 0.5)
(0.589632 0.0520598 0.5)
(0.589632 0.0520399 0.5)
(0.589632 0.0520186 0.5)
(0.589633 0.0519958 0.5)
(0.589633 0.0519714 0.5)
(0.589633 0.0519454 0.5)
(0.589633 0.0519175 0.5)
(0.589633 0.0518877 0.5)
(0.589633 0.0518558 0.5)
(0.589633 0.0518217 0.5)
(0.589633 0.0517853 0.5)
(0.589633 0.0517463 0.5)
(0.589633 0.0517046 0.5)
(0.589633 0.05166 0.5)
(0.589633 0.0516123 0.5)
(0.589633 0.0515612 0.5)
(0.589633 0.0515067 0.5)
(0.589633 0.0514483 0.5)
(0.589633 0.0513859 0.5)
(0.589633 0.0513191 0.5)
(0.589633 0.0512477 0.5)
(0.589633 0.0511714 0.5)
(0.589633 0.0510897 0.5)
(0.589633 0.0510023 0.5)
(0.589634 0.0509089 0.5)
(0.589634 0.050809 0.5)
(0.589634 0.0507021 0.5)
(0.589634 0.0505878 0.5)
(0.589634 0.0504656 0.5)
(0.589634 0.0503348 0.5)
(0.589634 0.050195 0.5)
(0.589634 0.0500455 0.5)
(0.589635 0.0498855 0.5)
(0.589635 0.0497145 0.5)
(0.589635 0.0495315 0.5)
(0.589635 0.0493358 0.5)
(0.589635 0.0491265 0.5)
(0.589636 0.0489027 0.5)
(0.589636 0.0486633 0.5)
(0.589636 0.0484073 0.5)
(0.589636 0.0481335 0.5)
(0.589637 0.0478406 0.5)
(0.589637 0.0475274 0.5)
(0.589637 0.0471924 0.5)
(0.589638 0.0468341 0.5)
(0.589638 0.0464509 0.5)
(0.589638 0.0460411 0.5)
(0.589639 0.0456027 0.5)
(0.589639 0.0451339 0.5)
(0.58964 0.0446325 0.5)
(0.58964 0.0440963 0.5)
(0.589641 0.0435228 0.5)
(0.589642 0.0429094 0.5)
(0.589642 0.0422533 0.5)
(0.589643 0.0415517 0.5)
(0.589644 0.0408013 0.5)
(0.589644 0.0399987 0.5)
(0.589645 0.0391403 0.5)
(0.589646 0.0382222 0.5)
(0.589647 0.0372404 0.5)
(0.589648 0.0361902 0.5)
(0.589649 0.0350671 0.5)
(0.589651 0.0338659 0.5)
(0.589652 0.0325811 0.5)
(0.589653 0.0312071 0.5)
(0.589655 0.0297375 0.5)
(0.589656 0.0281658 0.5)
(0.589658 0.0264848 0.5)
(0.58966 0.0246869 0.5)
(0.589662 0.0227641 0.5)
(0.589664 0.0207076 0.5)
(0.589666 0.0185081 0.5)
(0.589668 0.0161557 0.5)
(0.589671 0.0136398 0.5)
(0.589673 0.010949 0.5)
(0.589676 0.00807112 0.5)
(0.589679 0.00499318 0.5)
(0.589682 0.00170125 0.5)
(0.595748 0.0520104 0.5)
(0.595748 0.051998 0.5)
(0.595748 0.0519848 0.5)
(0.595749 0.0519706 0.5)
(0.595749 0.0519554 0.5)
(0.595749 0.0519392 0.5)
(0.595749 0.0519218 0.5)
(0.595749 0.0519033 0.5)
(0.595749 0.0518834 0.5)
(0.595749 0.0518622 0.5)
(0.595749 0.0518395 0.5)
(0.595749 0.0518152 0.5)
(0.595749 0.0517892 0.5)
(0.595749 0.0517614 0.5)
(0.595749 0.0517317 0.5)
(0.595749 0.0516999 0.5)
(0.595749 0.0516659 0.5)
(0.595749 0.0516296 0.5)
(0.595749 0.0515907 0.5)
(0.595749 0.0515491 0.5)
(0.595749 0.0515047 0.5)
(0.595749 0.0514571 0.5)
(0.595749 0.0514062 0.5)
(0.595749 0.0513518 0.5)
(0.595749 0.0512936 0.5)
(0.595749 0.0512314 0.5)
(0.595749 0.0511648 0.5)
(0.595749 0.0510937 0.5)
(0.595749 0.0510175 0.5)
(0.59575 0.0509361 0.5)
(0.59575 0.050849 0.5)
(0.59575 0.0507559 0.5)
(0.59575 0.0506562 0.5)
(0.59575 0.0505497 0.5)
(0.59575 0.0504357 0.5)
(0.59575 0.0503139 0.5)
(0.59575 0.0501835 0.5)
(0.59575 0.0500441 0.5)
(0.595751 0.049895 0.5)
(0.595751 0.0497355 0.5)
(0.595751 0.049565 0.5)
(0.595751 0.0493826 0.5)
(0.595751 0.0491875 0.5)
(0.595751 0.0489788 0.5)
(0.595752 0.0487557 0.5)
(0.595752 0.048517 0.5)
(0.595752 0.0482618 0.5)
(0.595752 0.0479888 0.5)
(0.595753 0.0476968 0.5)
(0.595753 0.0473845 0.5)
(0.595753 0.0470505 0.5)
(0.595754 0.0466933 0.5)
(0.595754 0.0463112 0.5)
(0.595754 0.0459026 0.5)
(0.595755 0.0454656 0.5)
(0.595755 0.0449982 0.5)
(0.595756 0.0444984 0.5)
(0.595756 0.0439637 0.5)
(0.595757 0.0433919 0.5)
(0.595758 0.0427804 0.5)
(0.595758 0.0421263 0.5)
(0.595759 0.0414268 0.5)
(0.59576 0.0406786 0.5)
(0.59576 0.0398784 0.5)
(0.595761 0.0390226 0.5)
(0.595762 0.0381073 0.5)
(0.595763 0.0371284 0.5)
(0.595764 0.0360814 0.5)
(0.595765 0.0349617 0.5)
(0.595766 0.033764 0.5)
(0.595768 0.0324832 0.5)
(0.595769 0.0311133 0.5)
(0.59577 0.0296481 0.5)
(0.595772 0.0280811 0.5)
(0.595774 0.0264052 0.5)
(0.595775 0.0246127 0.5)
(0.595777 0.0226957 0.5)
(0.595779 0.0206453 0.5)
(0.595781 0.0184525 0.5)
(0.595784 0.0161072 0.5)
(0.595786 0.0135988 0.5)
(0.595789 0.0109161 0.5)
(0.595792 0.00804686 0.5)
(0.595795 0.00497817 0.5)
(0.595798 0.00169614 0.5)
(0.601834 0.0518596 0.5)
(0.601834 0.0518472 0.5)
(0.601834 0.051834 0.5)
(0.601834 0.0518199 0.5)
(0.601834 0.0518047 0.5)
(0.601834 0.0517885 0.5)
(0.601834 0.0517712 0.5)
(0.601834 0.0517527 0.5)
(0.601834 0.0517329 0.5)
(0.601834 0.0517118 0.5)
(0.601834 0.0516891 0.5)
(0.601834 0.0516649 0.5)
(0.601834 0.051639 0.5)
(0.601834 0.0516113 0.5)
(0.601834 0.0515817 0.5)
(0.601834 0.05155 0.5)
(0.601834 0.0515161 0.5)
(0.601835 0.0514799 0.5)
(0.601835 0.0514411 0.5)
(0.601835 0.0513996 0.5)
(0.601835 0.0513553 0.5)
(0.601835 0.0513079 0.5)
(0.601835 0.0512571 0.5)
(0.601835 0.0512029 0.5)
(0.601835 0.0511449 0.5)
(0.601835 0.0510828 0.5)
(0.601835 0.0510164 0.5)
(0.601835 0.0509455 0.5)
(0.601835 0.0508695 0.5)
(0.601835 0.0507884 0.5)
(0.601835 0.0507015 0.5)
(0.601835 0.0506086 0.5)
(0.601835 0.0505093 0.5)
(0.601836 0.0504031 0.5)
(0.601836 0.0502895 0.5)
(0.601836 0.0501679 0.5)
(0.601836 0.050038 0.5)
(0.601836 0.049899 0.5)
(0.601836 0.0497503 0.5)
(0.601836 0.0495913 0.5)
(0.601837 0.0494212 0.5)
(0.601837 0.0492394 0.5)
(0.601837 0.0490448 0.5)
(0.601837 0.0488368 0.5)
(0.601837 0.0486143 0.5)
(0.601838 0.0483763 0.5)
(0.601838 0.0481218 0.5)
(0.601838 0.0478496 0.5)
(0.601838 0.0475584 0.5)
(0.601839 0.0472471 0.5)
(0.601839 0.046914 0.5)
(0.601839 0.0465579 0.5)
(0.60184 0.0461769 0.5)
(0.60184 0.0457695 0.5)
(0.60184 0.0453338 0.5)
(0.601841 0.0448677 0.5)
(0.601841 0.0443693 0.5)
(0.601842 0.0438362 0.5)
(0.601842 0.0432661 0.5)
(0.601843 0.0426563 0.5)
(0.601844 0.0420041 0.5)
(0.601844 0.0413066 0.5)
(0.601845 0.0405606 0.5)
(0.601846 0.0397628 0.5)
(0.601847 0.0389095 0.5)
(0.601848 0.0379968 0.5)
(0.601849 0.0370207 0.5)
(0.60185 0.0359768 0.5)
(0.601851 0.0348603 0.5)
(0.601852 0.0336661 0.5)
(0.601853 0.032389 0.5)
(0.601854 0.031023 0.5)
(0.601856 0.0295621 0.5)
(0.601857 0.0279997 0.5)
(0.601859 0.0263286 0.5)
(0.601861 0.0245413 0.5)
(0.601863 0.0226298 0.5)
(0.601865 0.0205855 0.5)
(0.601867 0.018399 0.5)
(0.601869 0.0160605 0.5)
(0.601871 0.0135594 0.5)
(0.601874 0.0108844 0.5)
(0.601877 0.00802352 0.5)
(0.60188 0.00496373 0.5)
(0.601883 0.00169122 0.5)
(0.60789 0.0517147 0.5)
(0.60789 0.0517024 0.5)
(0.60789 0.0516892 0.5)
(0.60789 0.0516751 0.5)
(0.60789 0.05166 0.5)
(0.60789 0.0516439 0.5)
(0.60789 0.0516266 0.5)
(0.60789 0.0516082 0.5)
(0.60789 0.0515884 0.5)
(0.60789 0.0515673 0.5)
(0.60789 0.0515447 0.5)
(0.60789 0.0515206 0.5)
(0.60789 0.0514948 0.5)
(0.60789 0.0514671 0.5)
(0.60789 0.0514376 0.5)
(0.60789 0.051406 0.5)
(0.60789 0.0513722 0.5)
(0.60789 0.0513361 0.5)
(0.60789 0.0512974 0.5)
(0.60789 0.0512561 0.5)
(0.60789 0.0512118 0.5)
(0.60789 0.0511645 0.5)
(0.60789 0.051114 0.5)
(0.60789 0.0510599 0.5)
(0.60789 0.051002 0.5)
(0.60789 0.0509401 0.5)
(0.60789 0.0508739 0.5)
(0.60789 0.0508032 0.5)
(0.60789 0.0507275 0.5)
(0.607891 0.0506465 0.5)
(0.607891 0.0505599 0.5)
(0.607891 0.0504673 0.5)
(0.607891 0.0503682 0.5)
(0.607891 0.0502623 0.5)
(0.607891 0.050149 0.5)
(0.607891 0.0500278 0.5)
(0.607891 0.0498982 0.5)
(0.607891 0.0497596 0.5)
(0.607892 0.0496113 0.5)
(0.607892 0.0494528 0.5)
(0.607892 0.0492832 0.5)
(0.607892 0.0491018 0.5)
(0.607892 0.0489078 0.5)
(0.607892 0.0487004 0.5)
(0.607893 0.0484785 0.5)
(0.607893 0.0482412 0.5)
(0.607893 0.0479874 0.5)
(0.607893 0.0477159 0.5)
(0.607894 0.0474256 0.5)
(0.607894 0.0471151 0.5)
(0.607894 0.046783 0.5)
(0.607895 0.0464278 0.5)
(0.607895 0.0460479 0.5)
(0.607895 0.0456417 0.5)
(0.607896 0.0452071 0.5)
(0.607896 0.0447424 0.5)
(0.607897 0.0442454 0.5)
(0.607897 0.0437138 0.5)
(0.607898 0.0431452 0.5)
(0.607898 0.0425372 0.5)
(0.607899 0.0418868 0.5)
(0.6079 0.0411912 0.5)
(0.6079 0.0404473 0.5)
(0.607901 0.0396517 0.5)
(0.607902 0.0388008 0.5)
(0.607903 0.0378907 0.5)
(0.607904 0.0369173 0.5)
(0.607905 0.0358763 0.5)
(0.607906 0.0347629 0.5)
(0.607907 0.0335721 0.5)
(0.607908 0.0322985 0.5)
(0.607909 0.0309364 0.5)
(0.607911 0.0294796 0.5)
(0.607912 0.0279215 0.5)
(0.607914 0.026255 0.5)
(0.607916 0.0244728 0.5)
(0.607917 0.0225666 0.5)
(0.607919 0.020528 0.5)
(0.607921 0.0183476 0.5)
(0.607924 0.0160156 0.5)
(0.607926 0.0135215 0.5)
(0.607929 0.010854 0.5)
(0.607931 0.00800111 0.5)
(0.607934 0.00494986 0.5)
(0.607937 0.0016865 0.5)
(0.613915 0.0515759 0.5)
(0.613915 0.0515636 0.5)
(0.613915 0.0515504 0.5)
(0.613915 0.0515364 0.5)
(0.613915 0.0515213 0.5)
(0.613915 0.0515052 0.5)
(0.613915 0.051488 0.5)
(0.613915 0.0514696 0.5)
(0.613915 0.0514499 0.5)
(0.613915 0.0514289 0.5)
(0.613915 0.0514064 0.5)
(0.613915 0.0513823 0.5)
(0.613915 0.0513565 0.5)
(0.613915 0.051329 0.5)
(0.613915 0.0512995 0.5)
(0.613915 0.051268 0.5)
(0.613915 0.0512343 0.5)
(0.613915 0.0511982 0.5)
(0.613915 0.0511597 0.5)
(0.613915 0.0511184 0.5)
(0.613915 0.0510743 0.5)
(0.613915 0.0510272 0.5)
(0.613915 0.0509767 0.5)
(0.613915 0.0509228 0.5)
(0.613915 0.0508651 0.5)
(0.613915 0.0508034 0.5)
(0.613916 0.0507374 0.5)
(0.613916 0.0506668 0.5)
(0.613916 0.0505913 0.5)
(0.613916 0.0505105 0.5)
(0.613916 0.0504241 0.5)
(0.613916 0.0503318 0.5)
(0.613916 0.050233 0.5)
(0.613916 0.0501273 0.5)
(0.613916 0.0500143 0.5)
(0.613916 0.0498935 0.5)
(0.613916 0.0497642 0.5)
(0.613917 0.049626 0.5)
(0.613917 0.0494781 0.5)
(0.613917 0.04932 0.5)
(0.613917 0.0491509 0.5)
(0.613917 0.04897 0.5)
(0.613917 0.0487765 0.5)
(0.613918 0.0485696 0.5)
(0.613918 0.0483483 0.5)
(0.613918 0.0481117 0.5)
(0.613918 0.0478585 0.5)
(0.613918 0.0475878 0.5)
(0.613919 0.0472983 0.5)
(0.613919 0.0469886 0.5)
(0.613919 0.0466574 0.5)
(0.61392 0.0463032 0.5)
(0.61392 0.0459243 0.5)
(0.61392 0.0455191 0.5)
(0.613921 0.0450858 0.5)
(0.613921 0.0446223 0.5)
(0.613922 0.0441266 0.5)
(0.613922 0.0435964 0.5)
(0.613923 0.0430294 0.5)
(0.613923 0.0424229 0.5)
(0.613924 0.0417743 0.5)
(0.613925 0.0410807 0.5)
(0.613925 0.0403387 0.5)
(0.613926 0.0395452 0.5)
(0.613927 0.0386966 0.5)
(0.613928 0.0377889 0.5)
(0.613929 0.0368182 0.5)
(0.61393 0.03578 0.5)
(0.613931 0.0346695 0.5)
(0.613932 0.0334819 0.5)
(0.613933 0.0322118 0.5)
(0.613934 0.0308533 0.5)
(0.613936 0.0294004 0.5)
(0.613937 0.0278465 0.5)
(0.613939 0.0261846 0.5)
(0.61394 0.0244071 0.5)
(0.613942 0.022506 0.5)
(0.613944 0.0204728 0.5)
(0.613946 0.0182983 0.5)
(0.613948 0.0159726 0.5)
(0.61395 0.0134852 0.5)
(0.613953 0.0108249 0.5)
(0.613956 0.00797963 0.5)
(0.613959 0.00493657 0.5)
(0.613962 0.00168197 0.5)
(0.61991 0.0514431 0.5)
(0.61991 0.0514308 0.5)
(0.61991 0.0514177 0.5)
(0.61991 0.0514036 0.5)
(0.61991 0.0513886 0.5)
(0.61991 0.0513726 0.5)
(0.61991 0.0513554 0.5)
(0.61991 0.0513371 0.5)
(0.61991 0.0513174 0.5)
(0.61991 0.0512964 0.5)
(0.61991 0.051274 0.5)
(0.61991 0.0512499 0.5)
(0.61991 0.0512242 0.5)
(0.61991 0.0511968 0.5)
(0.61991 0.0511674 0.5)
(0.61991 0.0511359 0.5)
(0.61991 0.0511023 0.5)
(0.61991 0.0510664 0.5)
(0.61991 0.0510279 0.5)
(0.61991 0.0509868 0.5)
(0.61991 0.0509428 0.5)
(0.61991 0.0508957 0.5)
(0.61991 0.0508454 0.5)
(0.619911 0.0507916 0.5)
(0.619911 0.0507341 0.5)
(0.619911 0.0506725 0.5)
(0.619911 0.0506067 0.5)
(0.619911 0.0505363 0.5)
(0.619911 0.050461 0.5)
(0.619911 0.0503804 0.5)
(0.619911 0.0502943 0.5)
(0.619911 0.0502022 0.5)
(0.619911 0.0501036 0.5)
(0.619911 0.0499982 0.5)
(0.619911 0.0498855 0.5)
(0.619911 0.049765 0.5)
(0.619912 0.0496361 0.5)
(0.619912 0.0494982 0.5)
(0.619912 0.0493507 0.5)
(0.619912 0.049193 0.5)
(0.619912 0.0490243 0.5)
(0.619912 0.0488439 0.5)
(0.619913 0.0486509 0.5)
(0.619913 0.0484445 0.5)
(0.619913 0.0482238 0.5)
(0.619913 0.0479877 0.5)
(0.619913 0.0477353 0.5)
(0.619914 0.0474652 0.5)
(0.619914 0.0471764 0.5)
(0.619914 0.0468676 0.5)
(0.619914 0.0465372 0.5)
(0.619915 0.0461839 0.5)
(0.619915 0.045806 0.5)
(0.619916 0.0454019 0.5)
(0.619916 0.0449696 0.5)
(0.619916 0.0445074 0.5)
(0.619917 0.0440129 0.5)
(0.619917 0.0434841 0.5)
(0.619918 0.0429186 0.5)
(0.619918 0.0423137 0.5)
(0.619919 0.0416668 0.5)
(0.61992 0.0409748 0.5)
(0.61992 0.0402348 0.5)
(0.619921 0.0394434 0.5)
(0.619922 0.0385969 0.5)
(0.619923 0.0376916 0.5)
(0.619923 0.0367234 0.5)
(0.619924 0.0356878 0.5)
(0.619925 0.0345803 0.5)
(0.619927 0.0333957 0.5)
(0.619928 0.0321288 0.5)
(0.619929 0.0307738 0.5)
(0.61993 0.0293247 0.5)
(0.619932 0.0277748 0.5)
(0.619933 0.0261171 0.5)
(0.619935 0.0243442 0.5)
(0.619937 0.0224481 0.5)
(0.619938 0.0204201 0.5)
(0.61994 0.0182512 0.5)
(0.619943 0.0159315 0.5)
(0.619945 0.0134505 0.5)
(0.619947 0.010797 0.5)
(0.61995 0.00795908 0.5)
(0.619953 0.00492386 0.5)
(0.619956 0.00167764 0.5)
(0.625875 0.0513162 0.5)
(0.625875 0.051304 0.5)
(0.625875 0.0512909 0.5)
(0.625875 0.0512769 0.5)
(0.625875 0.0512619 0.5)
(0.625875 0.0512459 0.5)
(0.625875 0.0512288 0.5)
(0.625875 0.0512105 0.5)
(0.625875 0.0511909 0.5)
(0.625875 0.05117 0.5)
(0.625875 0.0511475 0.5)
(0.625875 0.0511236 0.5)
(0.625876 0.051098 0.5)
(0.625876 0.0510705 0.5)
(0.625876 0.0510412 0.5)
(0.625876 0.0510099 0.5)
(0.625876 0.0509763 0.5)
(0.625876 0.0509405 0.5)
(0.625876 0.0509021 0.5)
(0.625876 0.0508611 0.5)
(0.625876 0.0508172 0.5)
(0.625876 0.0507703 0.5)
(0.625876 0.0507201 0.5)
(0.625876 0.0506664 0.5)
(0.625876 0.050609 0.5)
(0.625876 0.0505476 0.5)
(0.625876 0.0504819 0.5)
(0.625876 0.0504117 0.5)
(0.625876 0.0503366 0.5)
(0.625876 0.0502562 0.5)
(0.625876 0.0501703 0.5)
(0.625876 0.0500784 0.5)
(0.625877 0.0499801 0.5)
(0.625877 0.049875 0.5)
(0.625877 0.0497625 0.5)
(0.625877 0.0496423 0.5)
(0.625877 0.0495137 0.5)
(0.625877 0.0493761 0.5)
(0.625877 0.049229 0.5)
(0.625877 0.0490717 0.5)
(0.625877 0.0489034 0.5)
(0.625878 0.0487235 0.5)
(0.625878 0.048531 0.5)
(0.625878 0.0483251 0.5)
(0.625878 0.0481049 0.5)
(0.625878 0.0478694 0.5)
(0.625879 0.0476176 0.5)
(0.625879 0.0473482 0.5)
(0.625879 0.0470601 0.5)
(0.625879 0.046752 0.5)
(0.62588 0.0464225 0.5)
(0.62588 0.04607 0.5)
(0.62588 0.0456931 0.5)
(0.625881 0.04529 0.5)
(0.625881 0.0448588 0.5)
(0.625882 0.0443976 0.5)
(0.625882 0.0439044 0.5)
(0.625882 0.0433769 0.5)
(0.625883 0.0428128 0.5)
(0.625883 0.0422094 0.5)
(0.625884 0.041564 0.5)
(0.625885 0.0408738 0.5)
(0.625885 0.0401357 0.5)
(0.625886 0.0393462 0.5)
(0.625887 0.0385018 0.5)
(0.625888 0.0375987 0.5)
(0.625888 0.0366328 0.5)
(0.625889 0.0355998 0.5)
(0.62589 0.034495 0.5)
(0.625891 0.0333134 0.5)
(0.625893 0.0320496 0.5)
(0.625894 0.030698 0.5)
(0.625895 0.0292524 0.5)
(0.625896 0.0277063 0.5)
(0.625898 0.0260527 0.5)
(0.6259 0.0242842 0.5)
(0.625901 0.0223927 0.5)
(0.625903 0.0203698 0.5)
(0.625905 0.0182062 0.5)
(0.625907 0.0158922 0.5)
(0.625909 0.0134173 0.5)
(0.625912 0.0107704 0.5)
(0.625914 0.00793946 0.5)
(0.625917 0.00491172 0.5)
(0.62592 0.0016735 0.5)
(0.631811 0.0511954 0.5)
(0.631811 0.0511832 0.5)
(0.631811 0.0511702 0.5)
(0.631811 0.0511562 0.5)
(0.631811 0.0511413 0.5)
(0.631811 0.0511253 0.5)
(0.631811 0.0511082 0.5)
(0.631811 0.0510899 0.5)
(0.631811 0.0510704 0.5)
(0.631811 0.0510495 0.5)
(0.631811 0.0510271 0.5)
(0.631811 0.0510032 0.5)
(0.631811 0.0509777 0.5)
(0.631811 0.0509503 0.5)
(0.631811 0.0509211 0.5)
(0.631811 0.0508898 0.5)
(0.631811 0.0508563 0.5)
(0.631811 0.0508205 0.5)
(0.631811 0.0507823 0.5)
(0.631811 0.0507413 0.5)
(0.631811 0.0506976 0.5)
(0.631811 0.0506507 0.5)
(0.631811 0.0506007 0.5)
(0.631812 0.0505471 0.5)
(0.631812 0.0504898 0.5)
(0.631812 0.0504286 0.5)
(0.631812 0.0503631 0.5)
(0.631812 0.050293 0.5)
(0.631812 0.0502181 0.5)
(0.631812 0.0501379 0.5)
(0.631812 0.0500522 0.5)
(0.631812 0.0499605 0.5)
(0.631812 0.0498624 0.5)
(0.631812 0.0497576 0.5)
(0.631812 0.0496454 0.5)
(0.631812 0.0495254 0.5)
(0.631813 0.0493971 0.5)
(0.631813 0.0492599 0.5)
(0.631813 0.0491131 0.5)
(0.631813 0.0489562 0.5)
(0.631813 0.0487883 0.5)
(0.631813 0.0486087 0.5)
(0.631813 0.0484167 0.5)
(0.631814 0.0482113 0.5)
(0.631814 0.0479917 0.5)
(0.631814 0.0477567 0.5)
(0.631814 0.0475055 0.5)
(0.631814 0.0472368 0.5)
(0.631815 0.0469493 0.5)
(0.631815 0.046642 0.5)
(0.631815 0.0463132 0.5)
(0.631816 0.0459616 0.5)
(0.631816 0.0455855 0.5)
(0.631816 0.0451833 0.5)
(0.631817 0.0447532 0.5)
(0.631817 0.0442931 0.5)
(0.631817 0.0438011 0.5)
(0.631818 0.0432748 0.5)
(0.631818 0.042712 0.5)
(0.631819 0.04211 0.5)
(0.631819 0.0414662 0.5)
(0.63182 0.0407776 0.5)
(0.631821 0.0400412 0.5)
(0.631821 0.0392535 0.5)
(0.631822 0.0384111 0.5)
(0.631823 0.0375102 0.5)
(0.631824 0.0365466 0.5)
(0.631825 0.035516 0.5)
(0.631826 0.0344138 0.5)
(0.631827 0.0332349 0.5)
(0.631828 0.0319742 0.5)
(0.631829 0.0306257 0.5)
(0.63183 0.0291835 0.5)
(0.631831 0.0276411 0.5)
(0.631833 0.0259914 0.5)
(0.631834 0.024227 0.5)
(0.631836 0.02234 0.5)
(0.631838 0.0203218 0.5)
(0.63184 0.0181633 0.5)
(0.631842 0.0158548 0.5)
(0.631844 0.0133857 0.5)
(0.631846 0.010745 0.5)
(0.631849 0.00792076 0.5)
(0.631851 0.00490016 0.5)
(0.631854 0.00166956 0.5)
(0.637717 0.0510806 0.5)
(0.637717 0.0510684 0.5)
(0.637717 0.0510554 0.5)
(0.637717 0.0510415 0.5)
(0.637717 0.0510266 0.5)
(0.637717 0.0510106 0.5)
(0.637717 0.0509936 0.5)
(0.637717 0.0509753 0.5)
(0.637717 0.0509558 0.5)
(0.637717 0.050935 0.5)
(0.637717 0.0509127 0.5)
(0.637717 0.0508888 0.5)
(0.637717 0.0508633 0.5)
(0.637717 0.050836 0.5)
(0.637717 0.0508069 0.5)
(0.637717 0.0507756 0.5)
(0.637717 0.0507423 0.5)
(0.637717 0.0507066 0.5)
(0.637717 0.0506684 0.5)
(0.637717 0.0506275 0.5)
(0.637717 0.0505839 0.5)
(0.637717 0.0505372 0.5)
(0.637718 0.0504872 0.5)
(0.637718 0.0504338 0.5)
(0.637718 0.0503766 0.5)
(0.637718 0.0503155 0.5)
(0.637718 0.0502501 0.5)
(0.637718 0.0501802 0.5)
(0.637718 0.0501054 0.5)
(0.637718 0.0500255 0.5)
(0.637718 0.0499399 0.5)
(0.637718 0.0498484 0.5)
(0.637718 0.0497506 0.5)
(0.637718 0.049646 0.5)
(0.637718 0.0495341 0.5)
(0.637718 0.0494144 0.5)
(0.637719 0.0492863 0.5)
(0.637719 0.0491494 0.5)
(0.637719 0.049003 0.5)
(0.637719 0.0488464 0.5)
(0.637719 0.0486789 0.5)
(0.637719 0.0484997 0.5)
(0.637719 0.0483081 0.5)
(0.63772 0.0481032 0.5)
(0.63772 0.047884 0.5)
(0.63772 0.0476496 0.5)
(0.63772 0.0473989 0.5)
(0.63772 0.0471308 0.5)
(0.637721 0.0468441 0.5)
(0.637721 0.0465374 0.5)
(0.637721 0.0462093 0.5)
(0.637721 0.0458585 0.5)
(0.637722 0.0454833 0.5)
(0.637722 0.045082 0.5)
(0.637722 0.0446528 0.5)
(0.637723 0.0441938 0.5)
(0.637723 0.0437028 0.5)
(0.637724 0.0431777 0.5)
(0.637724 0.0426162 0.5)
(0.637725 0.0420156 0.5)
(0.637725 0.0413732 0.5)
(0.637726 0.0406862 0.5)
(0.637726 0.0399514 0.5)
(0.637727 0.0391655 0.5)
(0.637728 0.038325 0.5)
(0.637729 0.0374261 0.5)
(0.637729 0.0364646 0.5)
(0.63773 0.0354364 0.5)
(0.637731 0.0343366 0.5)
(0.637732 0.0331604 0.5)
(0.637733 0.0319024 0.5)
(0.637734 0.030557 0.5)
(0.637736 0.0291181 0.5)
(0.637737 0.0275791 0.5)
(0.637738 0.0259331 0.5)
(0.63774 0.0241727 0.5)
(0.637741 0.0222899 0.5)
(0.637743 0.0202762 0.5)
(0.637745 0.0181226 0.5)
(0.637747 0.0158192 0.5)
(0.637749 0.0133557 0.5)
(0.637751 0.0107209 0.5)
(0.637754 0.007903 0.5)
(0.637756 0.00488917 0.5)
(0.637759 0.00166582 0.5)
(0.643594 0.0509718 0.5)
(0.643594 0.0509596 0.5)
(0.643594 0.0509466 0.5)
(0.643594 0.0509327 0.5)
(0.643594 0.0509178 0.5)
(0.643594 0.0509019 0.5)
(0.643594 0.0508849 0.5)
(0.643594 0.0508667 0.5)
(0.643594 0.0508473 0.5)
(0.643594 0.0508265 0.5)
(0.643594 0.0508042 0.5)
(0.643594 0.0507804 0.5)
(0.643594 0.050755 0.5)
(0.643594 0.0507277 0.5)
(0.643594 0.0506986 0.5)
(0.643594 0.0506675 0.5)
(0.643594 0.0506342 0.5)
(0.643594 0.0505985 0.5)
(0.643594 0.0505604 0.5)
(0.643594 0.0505197 0.5)
(0.643594 0.0504761 0.5)
(0.643594 0.0504295 0.5)
(0.643594 0.0503796 0.5)
(0.643594 0.0503263 0.5)
(0.643594 0.0502693 0.5)
(0.643594 0.0502083 0.5)
(0.643594 0.0501431 0.5)
(0.643594 0.0500733 0.5)
(0.643594 0.0499987 0.5)
(0.643595 0.0499189 0.5)
(0.643595 0.0498335 0.5)
(0.643595 0.0497422 0.5)
(0.643595 0.0496446 0.5)
(0.643595 0.0495402 0.5)
(0.643595 0.0494285 0.5)
(0.643595 0.0493091 0.5)
(0.643595 0.0491813 0.5)
(0.643595 0.0490447 0.5)
(0.643595 0.0488986 0.5)
(0.643595 0.0487423 0.5)
(0.643596 0.0485752 0.5)
(0.643596 0.0483964 0.5)
(0.643596 0.0482052 0.5)
(0.643596 0.0480007 0.5)
(0.643596 0.047782 0.5)
(0.643596 0.0475481 0.5)
(0.643597 0.047298 0.5)
(0.643597 0.0470304 0.5)
(0.643597 0.0467443 0.5)
(0.643597 0.0464382 0.5)
(0.643598 0.0461109 0.5)
(0.643598 0.0457608 0.5)
(0.643598 0.0453864 0.5)
(0.643599 0.0449859 0.5)
(0.643599 0.0445577 0.5)
(0.643599 0.0440996 0.5)
(0.6436 0.0436097 0.5)
(0.6436 0.0430858 0.5)
(0.643601 0.0425254 0.5)
(0.643601 0.041926 0.5)
(0.643602 0.041285 0.5)
(0.643602 0.0405995 0.5)
(0.643603 0.0398662 0.5)
(0.643603 0.039082 0.5)
(0.643604 0.0382433 0.5)
(0.643605 0.0373463 0.5)
(0.643606 0.0363869 0.5)
(0.643606 0.0353609 0.5)
(0.643607 0.0342635 0.5)
(0.643608 0.0330898 0.5)
(0.643609 0.0318345 0.5)
(0.64361 0.0304919 0.5)
(0.643612 0.029056 0.5)
(0.643613 0.0275203 0.5)
(0.643614 0.0258779 0.5)
(0.643616 0.0241212 0.5)
(0.643617 0.0222424 0.5)
(0.643619 0.020233 0.5)
(0.643621 0.018084 0.5)
(0.643622 0.0157855 0.5)
(0.643624 0.0133272 0.5)
(0.643627 0.0106981 0.5)
(0.643629 0.00788616 0.5)
(0.643631 0.00487875 0.5)
(0.643634 0.00166227 0.5)
(0.649441 0.0508689 0.5)
(0.649441 0.0508568 0.5)
(0.649441 0.0508438 0.5)
(0.649441 0.0508299 0.5)
(0.649441 0.0508151 0.5)
(0.649441 0.0507992 0.5)
(0.649441 0.0507822 0.5)
(0.649441 0.0507641 0.5)
(0.649441 0.0507447 0.5)
(0.649441 0.0507239 0.5)
(0.649441 0.0507017 0.5)
(0.649441 0.0506779 0.5)
(0.649441 0.0506525 0.5)
(0.649441 0.0506254 0.5)
(0.649441 0.0505963 0.5)
(0.649441 0.0505652 0.5)
(0.649441 0.050532 0.5)
(0.649441 0.0504964 0.5)
(0.649441 0.0504584 0.5)
(0.649441 0.0504177 0.5)
(0.649441 0.0503742 0.5)
(0.649441 0.0503277 0.5)
(0.649441 0.050278 0.5)
(0.649442 0.0502248 0.5)
(0.649442 0.0501678 0.5)
(0.649442 0.050107 0.5)
(0.649442 0.0500419 0.5)
(0.649442 0.0499722 0.5)
(0.649442 0.0498978 0.5)
(0.649442 0.0498181 0.5)
(0.649442 0.049733 0.5)
(0.649442 0.0496419 0.5)
(0.649442 0.0495444 0.5)
(0.649442 0.0494402 0.5)
(0.649442 0.0493288 0.5)
(0.649442 0.0492096 0.5)
(0.649442 0.0490821 0.5)
(0.649443 0.0489457 0.5)
(0.649443 0.0487999 0.5)
(0.649443 0.0486439 0.5)
(0.649443 0.0484771 0.5)
(0.649443 0.0482987 0.5)
(0.649443 0.0481079 0.5)
(0.649443 0.0479039 0.5)
(0.649444 0.0476856 0.5)
(0.649444 0.0474522 0.5)
(0.649444 0.0472025 0.5)
(0.649444 0.0469355 0.5)
(0.649444 0.0466499 0.5)
(0.649445 0.0463445 0.5)
(0.649445 0.0460178 0.5)
(0.649445 0.0456685 0.5)
(0.649445 0.0452948 0.5)
(0.649446 0.0448952 0.5)
(0.649446 0.0444677 0.5)
(0.649446 0.0440106 0.5)
(0.649447 0.0435217 0.5)
(0.649447 0.0429988 0.5)
(0.649448 0.0424396 0.5)
(0.649448 0.0418414 0.5)
(0.649449 0.0412017 0.5)
(0.649449 0.0405175 0.5)
(0.64945 0.0397858 0.5)
(0.64945 0.0390032 0.5)
(0.649451 0.0381662 0.5)
(0.649452 0.037271 0.5)
(0.649452 0.0363135 0.5)
(0.649453 0.0352895 0.5)
(0.649454 0.0341943 0.5)
(0.649455 0.033023 0.5)
(0.649456 0.0317702 0.5)
(0.649457 0.0304304 0.5)
(0.649458 0.0289974 0.5)
(0.649459 0.0274648 0.5)
(0.649461 0.0258256 0.5)
(0.649462 0.0240725 0.5)
(0.649464 0.0221975 0.5)
(0.649465 0.0201922 0.5)
(0.649467 0.0180475 0.5)
(0.649469 0.0157536 0.5)
(0.649471 0.0133004 0.5)
(0.649473 0.0106765 0.5)
(0.649475 0.00787025 0.5)
(0.649477 0.00486891 0.5)
(0.64948 0.00165892 0.5)
(0.655259 0.050772 0.5)
(0.655259 0.0507599 0.5)
(0.655259 0.0507469 0.5)
(0.655259 0.0507331 0.5)
(0.655259 0.0507183 0.5)
(0.655259 0.0507024 0.5)
(0.655259 0.0506855 0.5)
(0.655259 0.0506674 0.5)
(0.655259 0.050648 0.5)
(0.655259 0.0506273 0.5)
(0.655259 0.0506051 0.5)
(0.655259 0.0505814 0.5)
(0.655259 0.050556 0.5)
(0.655259 0.0505289 0.5)
(0.655259 0.0504999 0.5)
(0.655259 0.0504689 0.5)
(0.655259 0.0504357 0.5)
(0.65526 0.0504002 0.5)
(0.65526 0.0503623 0.5)
(0.65526 0.0503217 0.5)
(0.65526 0.0502783 0.5)
(0.65526 0.0502318 0.5)
(0.65526 0.0501822 0.5)
(0.65526 0.0501291 0.5)
(0.65526 0.0500723 0.5)
(0.65526 0.0500115 0.5)
(0.65526 0.0499465 0.5)
(0.65526 0.049877 0.5)
(0.65526 0.0498027 0.5)
(0.65526 0.0497232 0.5)
(0.65526 0.0496382 0.5)
(0.65526 0.0495473 0.5)
(0.65526 0.04945 0.5)
(0.65526 0.049346 0.5)
(0.65526 0.0492348 0.5)
(0.65526 0.0491158 0.5)
(0.655261 0.0489886 0.5)
(0.655261 0.0488525 0.5)
(0.655261 0.0487069 0.5)
(0.655261 0.0485513 0.5)
(0.655261 0.0483848 0.5)
(0.655261 0.0482067 0.5)
(0.655261 0.0480163 0.5)
(0.655261 0.0478126 0.5)
(0.655262 0.0475947 0.5)
(0.655262 0.0473618 0.5)
(0.655262 0.0471126 0.5)
(0.655262 0.0468461 0.5)
(0.655262 0.046561 0.5)
(0.655263 0.0462562 0.5)
(0.655263 0.0459302 0.5)
(0.655263 0.0455815 0.5)
(0.655263 0.0452085 0.5)
(0.655264 0.0448096 0.5)
(0.655264 0.044383 0.5)
(0.655264 0.0439268 0.5)
(0.655265 0.0434388 0.5)
(0.655265 0.0429169 0.5)
(0.655266 0.0423587 0.5)
(0.655266 0.0417617 0.5)
(0.655266 0.0411232 0.5)
(0.655267 0.0404403 0.5)
(0.655268 0.03971 0.5)
(0.655268 0.0389289 0.5)
(0.655269 0.0380934 0.5)
(0.655269 0.0371999 0.5)
(0.65527 0.0362443 0.5)
(0.655271 0.0352223 0.5)
(0.655272 0.0341292 0.5)
(0.655273 0.0329601 0.5)
(0.655274 0.0317097 0.5)
(0.655275 0.0303724 0.5)
(0.655276 0.0289422 0.5)
(0.655277 0.0274125 0.5)
(0.655278 0.0257764 0.5)
(0.655279 0.0240267 0.5)
(0.655281 0.0221553 0.5)
(0.655282 0.0201537 0.5)
(0.655284 0.0180131 0.5)
(0.655286 0.0157236 0.5)
(0.655287 0.013275 0.5)
(0.655289 0.0106562 0.5)
(0.655292 0.00785525 0.5)
(0.655294 0.00485963 0.5)
(0.655296 0.00165576 0.5)
(0.661048 0.050681 0.5)
(0.661048 0.0506689 0.5)
(0.661048 0.050656 0.5)
(0.661048 0.0506422 0.5)
(0.661048 0.0506274 0.5)
(0.661048 0.0506116 0.5)
(0.661048 0.0505947 0.5)
(0.661049 0.0505766 0.5)
(0.661049 0.0505572 0.5)
(0.661049 0.0505365 0.5)
(0.661049 0.0505144 0.5)
(0.661049 0.0504907 0.5)
(0.661049 0.0504654 0.5)
(0.661049 0.0504384 0.5)
(0.661049 0.0504094 0.5)
(0.661049 0.0503784 0.5)
(0.661049 0.0503453 0.5)
(0.661049 0.0503099 0.5)
(0.661049 0.050272 0.5)
(0.661049 0.0502315 0.5)
(0.661049 0.0501881 0.5)
(0.661049 0.0501418 0.5)
(0.661049 0.0500922 0.5)
(0.661049 0.0500392 0.5)
(0.661049 0.0499825 0.5)
(0.661049 0.0499219 0.5)
(0.661049 0.049857 0.5)
(0.661049 0.0497876 0.5)
(0.661049 0.0497135 0.5)
(0.661049 0.0496341 0.5)
(0.661049 0.0495492 0.5)
(0.661049 0.0494585 0.5)
(0.661049 0.0493614 0.5)
(0.661049 0.0492576 0.5)
(0.66105 0.0491465 0.5)
(0.66105 0.0490278 0.5)
(0.66105 0.0489008 0.5)
(0.66105 0.0487649 0.5)
(0.66105 0.0486196 0.5)
(0.66105 0.0484642 0.5)
(0.66105 0.0482981 0.5)
(0.66105 0.0481203 0.5)
(0.66105 0.0479302 0.5)
(0.661051 0.0477269 0.5)
(0.661051 0.0475094 0.5)
(0.661051 0.0472769 0.5)
(0.661051 0.0470281 0.5)
(0.661051 0.0467621 0.5)
(0.661051 0.0464776 0.5)
(0.661052 0.0461733 0.5)
(0.661052 0.0458478 0.5)
(0.661052 0.0454998 0.5)
(0.661052 0.0451275 0.5)
(0.661053 0.0447293 0.5)
(0.661053 0.0443035 0.5)
(0.661053 0.043848 0.5)
(0.661054 0.0433609 0.5)
(0.661054 0.04284 0.5)
(0.661054 0.0422828 0.5)
(0.661055 0.0416869 0.5)
(0.661055 0.0410495 0.5)
(0.661056 0.0403679 0.5)
(0.661056 0.0396388 0.5)
(0.661057 0.0388591 0.5)
(0.661058 0.0380252 0.5)
(0.661058 0.0371333 0.5)
(0.661059 0.0361794 0.5)
(0.66106 0.0351591 0.5)
(0.66106 0.034068 0.5)
(0.661061 0.032901 0.5)
(0.661062 0.0316529 0.5)
(0.661063 0.030318 0.5)
(0.661064 0.0288903 0.5)
(0.661065 0.0273633 0.5)
(0.661066 0.0257302 0.5)
(0.661068 0.0239836 0.5)
(0.661069 0.0221155 0.5)
(0.66107 0.0201176 0.5)
(0.661072 0.0179808 0.5)
(0.661074 0.0156955 0.5)
(0.661075 0.0132512 0.5)
(0.661077 0.0106371 0.5)
(0.661079 0.00784118 0.5)
(0.661081 0.00485092 0.5)
(0.661084 0.00165279 0.5)
(0.666809 0.0505959 0.5)
(0.666809 0.0505838 0.5)
(0.666809 0.0505709 0.5)
(0.666809 0.0505571 0.5)
(0.666809 0.0505424 0.5)
(0.666809 0.0505266 0.5)
(0.666809 0.0505097 0.5)
(0.666809 0.0504916 0.5)
(0.666809 0.0504723 0.5)
(0.666809 0.0504517 0.5)
(0.666809 0.0504296 0.5)
(0.666809 0.0504059 0.5)
(0.666809 0.0503807 0.5)
(0.666809 0.0503536 0.5)
(0.666809 0.0503247 0.5)
(0.666809 0.0502938 0.5)
(0.666809 0.0502608 0.5)
(0.666809 0.0502254 0.5)
(0.666809 0.0501876 0.5)
(0.666809 0.0501471 0.5)
(0.666809 0.0501039 0.5)
(0.666809 0.0500576 0.5)
(0.666809 0.0500081 0.5)
(0.666809 0.0499552 0.5)
(0.666809 0.0498986 0.5)
(0.666809 0.049838 0.5)
(0.666809 0.0497733 0.5)
(0.666809 0.049704 0.5)
(0.666809 0.04963 0.5)
(0.666809 0.0495508 0.5)
(0.66681 0.049466 0.5)
(0.66681 0.0493754 0.5)
(0.66681 0.0492785 0.5)
(0.66681 0.0491749 0.5)
(0.66681 0.049064 0.5)
(0.66681 0.0489455 0.5)
(0.66681 0.0488187 0.5)
(0.66681 0.048683 0.5)
(0.66681 0.048538 0.5)
(0.66681 0.0483829 0.5)
(0.66681 0.048217 0.5)
(0.666811 0.0480395 0.5)
(0.666811 0.0478497 0.5)
(0.666811 0.0476467 0.5)
(0.666811 0.0474297 0.5)
(0.666811 0.0471975 0.5)
(0.666811 0.0469492 0.5)
(0.666811 0.0466836 0.5)
(0.666812 0.0463995 0.5)
(0.666812 0.0460958 0.5)
(0.666812 0.0457708 0.5)
(0.666812 0.0454233 0.5)
(0.666813 0.0450517 0.5)
(0.666813 0.0446542 0.5)
(0.666813 0.0442291 0.5)
(0.666813 0.0437744 0.5)
(0.666814 0.0432881 0.5)
(0.666814 0.042768 0.5)
(0.666815 0.0422118 0.5)
(0.666815 0.0416169 0.5)
(0.666815 0.0409806 0.5)
(0.666816 0.0403001 0.5)
(0.666816 0.0395723 0.5)
(0.666817 0.0387938 0.5)
(0.666817 0.0379613 0.5)
(0.666818 0.0370709 0.5)
(0.666819 0.0361186 0.5)
(0.666819 0.0351001 0.5)
(0.66682 0.0340108 0.5)
(0.666821 0.0328457 0.5)
(0.666822 0.0315997 0.5)
(0.666823 0.0302671 0.5)
(0.666824 0.0288418 0.5)
(0.666825 0.0273174 0.5)
(0.666826 0.025687 0.5)
(0.666827 0.0239433 0.5)
(0.666828 0.0220784 0.5)
(0.66683 0.0200838 0.5)
(0.666831 0.0179506 0.5)
(0.666833 0.0156691 0.5)
(0.666834 0.013229 0.5)
(0.666836 0.0106192 0.5)
(0.666838 0.00782801 0.5)
(0.66684 0.00484278 0.5)
(0.666842 0.00165001 0.5)
(0.67254 0.0505166 0.5)
(0.67254 0.0505046 0.5)
(0.67254 0.0504917 0.5)
(0.67254 0.0504779 0.5)
(0.67254 0.0504632 0.5)
(0.67254 0.0504474 0.5)
(0.67254 0.0504306 0.5)
(0.67254 0.0504125 0.5)
(0.67254 0.0503933 0.5)
(0.67254 0.0503726 0.5)
(0.672541 0.0503506 0.5)
(0.672541 0.050327 0.5)
(0.672541 0.0503018 0.5)
(0.672541 0.0502748 0.5)
(0.672541 0.0502459 0.5)
(0.672541 0.050215 0.5)
(0.672541 0.050182 0.5)
(0.672541 0.0501467 0.5)
(0.672541 0.050109 0.5)
(0.672541 0.0500686 0.5)
(0.672541 0.0500254 0.5)
(0.672541 0.0499792 0.5)
(0.672541 0.0499298 0.5)
(0.672541 0.0498769 0.5)
(0.672541 0.0498204 0.5)
(0.672541 0.04976 0.5)
(0.672541 0.0496953 0.5)
(0.672541 0.0496262 0.5)
(0.672541 0.0495522 0.5)
(0.672541 0.0494731 0.5)
(0.672541 0.0493885 0.5)
(0.672541 0.0492981 0.5)
(0.672541 0.0492013 0.5)
(0.672541 0.0490978 0.5)
(0.672541 0.0489872 0.5)
(0.672541 0.0488688 0.5)
(0.672542 0.0487422 0.5)
(0.672542 0.0486068 0.5)
(0.672542 0.048462 0.5)
(0.672542 0.0483071 0.5)
(0.672542 0.0481414 0.5)
(0.672542 0.0479643 0.5)
(0.672542 0.0477748 0.5)
(0.672542 0.0475721 0.5)
(0.672542 0.0473554 0.5)
(0.672543 0.0471236 0.5)
(0.672543 0.0468756 0.5)
(0.672543 0.0466105 0.5)
(0.672543 0.0463269 0.5)
(0.672543 0.0460235 0.5)
(0.672544 0.0456991 0.5)
(0.672544 0.0453522 0.5)
(0.672544 0.0449811 0.5)
(0.672544 0.0445843 0.5)
(0.672545 0.0441598 0.5)
(0.672545 0.0437058 0.5)
(0.672545 0.0432203 0.5)
(0.672545 0.042701 0.5)
(0.672546 0.0421457 0.5)
(0.672546 0.0415517 0.5)
(0.672547 0.0409164 0.5)
(0.672547 0.0402369 0.5)
(0.672548 0.0395103 0.5)
(0.672548 0.0387331 0.5)
(0.672549 0.0379019 0.5)
(0.672549 0.0370128 0.5)
(0.67255 0.036062 0.5)
(0.67255 0.0350451 0.5)
(0.672551 0.0339575 0.5)
(0.672552 0.0327943 0.5)
(0.672553 0.0315502 0.5)
(0.672553 0.0302196 0.5)
(0.672554 0.0287966 0.5)
(0.672555 0.0272746 0.5)
(0.672556 0.0256468 0.5)
(0.672558 0.0239058 0.5)
(0.672559 0.0220438 0.5)
(0.67256 0.0200524 0.5)
(0.672561 0.0179225 0.5)
(0.672563 0.0156446 0.5)
(0.672564 0.0132082 0.5)
(0.672566 0.0106026 0.5)
(0.672568 0.00781575 0.5)
(0.67257 0.00483519 0.5)
(0.672572 0.00164743 0.5)
(0.678243 0.0504432 0.5)
(0.678243 0.0504312 0.5)
(0.678243 0.0504183 0.5)
(0.678243 0.0504045 0.5)
(0.678243 0.0503898 0.5)
(0.678243 0.0503741 0.5)
(0.678243 0.0503573 0.5)
(0.678244 0.0503393 0.5)
(0.678244 0.05032 0.5)
(0.678244 0.0502994 0.5)
(0.678244 0.0502774 0.5)
(0.678244 0.0502538 0.5)
(0.678244 0.0502286 0.5)
(0.678244 0.0502017 0.5)
(0.678244 0.0501729 0.5)
(0.678244 0.050142 0.5)
(0.678244 0.0501091 0.5)
(0.678244 0.0500738 0.5)
(0.678244 0.0500361 0.5)
(0.678244 0.0499958 0.5)
(0.678244 0.0499527 0.5)
(0.678244 0.0499065 0.5)
(0.678244 0.0498572 0.5)
(0.678244 0.0498044 0.5)
(0.678244 0.049748 0.5)
(0.678244 0.0496876 0.5)
(0.678244 0.0496231 0.5)
(0.678244 0.049554 0.5)
(0.678244 0.0494802 0.5)
(0.678244 0.0494012 0.5)
(0.678244 0.0493167 0.5)
(0.678244 0.0492264 0.5)
(0.678244 0.0491298 0.5)
(0.678244 0.0490265 0.5)
(0.678244 0.0489159 0.5)
(0.678244 0.0487977 0.5)
(0.678245 0.0486713 0.5)
(0.678245 0.0485361 0.5)
(0.678245 0.0483915 0.5)
(0.678245 0.0482368 0.5)
(0.678245 0.0480714 0.5)
(0.678245 0.0478945 0.5)
(0.678245 0.0477053 0.5)
(0.678245 0.047503 0.5)
(0.678245 0.0472865 0.5)
(0.678245 0.047055 0.5)
(0.678246 0.0468075 0.5)
(0.678246 0.0465427 0.5)
(0.678246 0.0462595 0.5)
(0.678246 0.0459566 0.5)
(0.678246 0.0456327 0.5)
(0.678247 0.0452863 0.5)
(0.678247 0.0449157 0.5)
(0.678247 0.0445194 0.5)
(0.678247 0.0440956 0.5)
(0.678248 0.0436423 0.5)
(0.678248 0.0431575 0.5)
(0.678248 0.042639 0.5)
(0.678249 0.0420844 0.5)
(0.678249 0.0414913 0.5)
(0.678249 0.0408569 0.5)
(0.67825 0.0401785 0.5)
(0.67825 0.0394528 0.5)
(0.678251 0.0386768 0.5)
(0.678251 0.0378468 0.5)
(0.678252 0.036959 0.5)
(0.678252 0.0360096 0.5)
(0.678253 0.0349942 0.5)
(0.678253 0.0339081 0.5)
(0.678254 0.0327466 0.5)
(0.678255 0.0315044 0.5)
(0.678256 0.0301757 0.5)
(0.678257 0.0287547 0.5)
(0.678258 0.0272349 0.5)
(0.678258 0.0256095 0.5)
(0.67826 0.0238711 0.5)
(0.678261 0.0220118 0.5)
(0.678262 0.0200232 0.5)
(0.678263 0.0178964 0.5)
(0.678265 0.0156218 0.5)
(0.678266 0.013189 0.5)
(0.678268 0.0105872 0.5)
(0.678269 0.00780438 0.5)
(0.678271 0.00482816 0.5)
(0.678273 0.00164503 0.5)
(0.683918 0.0503755 0.5)
(0.683918 0.0503635 0.5)
(0.683918 0.0503507 0.5)
(0.683918 0.0503369 0.5)
(0.683918 0.0503222 0.5)
(0.683918 0.0503065 0.5)
(0.683918 0.0502897 0.5)
(0.683918 0.0502717 0.5)
(0.683918 0.0502525 0.5)
(0.683918 0.0502319 0.5)
(0.683918 0.0502099 0.5)
(0.683918 0.0501864 0.5)
(0.683918 0.0501613 0.5)
(0.683918 0.0501343 0.5)
(0.683918 0.0501056 0.5)
(0.683918 0.0500748 0.5)
(0.683918 0.0500419 0.5)
(0.683918 0.0500067 0.5)
(0.683918 0.049969 0.5)
(0.683918 0.0499287 0.5)
(0.683918 0.0498857 0.5)
(0.683918 0.0498396 0.5)
(0.683918 0.0497903 0.5)
(0.683918 0.0497376 0.5)
(0.683918 0.0496813 0.5)
(0.683918 0.049621 0.5)
(0.683918 0.0495565 0.5)
(0.683919 0.0494876 0.5)
(0.683919 0.0494138 0.5)
(0.683919 0.0493349 0.5)
(0.683919 0.0492506 0.5)
(0.683919 0.0491604 0.5)
(0.683919 0.0490639 0.5)
(0.683919 0.0489607 0.5)
(0.683919 0.0488503 0.5)
(0.683919 0.0487323 0.5)
(0.683919 0.048606 0.5)
(0.683919 0.048471 0.5)
(0.683919 0.0483266 0.5)
(0.683919 0.0481721 0.5)
(0.683919 0.048007 0.5)
(0.683919 0.0478303 0.5)
(0.68392 0.0476413 0.5)
(0.68392 0.0474392 0.5)
(0.68392 0.0472231 0.5)
(0.68392 0.0469919 0.5)
(0.68392 0.0467447 0.5)
(0.68392 0.0464803 0.5)
(0.68392 0.0461975 0.5)
(0.683921 0.045895 0.5)
(0.683921 0.0455715 0.5)
(0.683921 0.0452255 0.5)
(0.683921 0.0448555 0.5)
(0.683921 0.0444597 0.5)
(0.683922 0.0440365 0.5)
(0.683922 0.0435838 0.5)
(0.683922 0.0430996 0.5)
(0.683922 0.0425818 0.5)
(0.683923 0.0420279 0.5)
(0.683923 0.0414356 0.5)
(0.683923 0.0408021 0.5)
(0.683924 0.0401246 0.5)
(0.683924 0.0393999 0.5)
(0.683925 0.0386249 0.5)
(0.683925 0.037796 0.5)
(0.683926 0.0369095 0.5)
(0.683926 0.0359613 0.5)
(0.683927 0.0349472 0.5)
(0.683927 0.0338627 0.5)
(0.683928 0.0327027 0.5)
(0.683929 0.0314621 0.5)
(0.683929 0.0301352 0.5)
(0.68393 0.0287161 0.5)
(0.683931 0.0271984 0.5)
(0.683932 0.0255751 0.5)
(0.683933 0.023839 0.5)
(0.683934 0.0219822 0.5)
(0.683935 0.0199964 0.5)
(0.683936 0.0178724 0.5)
(0.683938 0.0156009 0.5)
(0.683939 0.0131714 0.5)
(0.683941 0.010573 0.5)
(0.683942 0.00779392 0.5)
(0.683944 0.00482168 0.5)
(0.683946 0.00164283 0.5)
(0.689564 0.0503136 0.5)
(0.689564 0.0503016 0.5)
(0.689564 0.0502888 0.5)
(0.689564 0.050275 0.5)
(0.689564 0.0502604 0.5)
(0.689564 0.0502447 0.5)
(0.689564 0.0502279 0.5)
(0.689564 0.0502099 0.5)
(0.689564 0.0501907 0.5)
(0.689564 0.0501702 0.5)
(0.689564 0.0501482 0.5)
(0.689564 0.0501247 0.5)
(0.689564 0.0500996 0.5)
(0.689564 0.0500727 0.5)
(0.689564 0.050044 0.5)
(0.689564 0.0500132 0.5)
(0.689564 0.0499803 0.5)
(0.689564 0.0499452 0.5)
(0.689565 0.0499076 0.5)
(0.689565 0.0498673 0.5)
(0.689565 0.0498243 0.5)
(0.689565 0.0497783 0.5)
(0.689565 0.0497291 0.5)
(0.689565 0.0496765 0.5)
(0.689565 0.0496202 0.5)
(0.689565 0.04956 0.5)
(0.689565 0.0494956 0.5)
(0.689565 0.0494267 0.5)
(0.689565 0.0493531 0.5)
(0.689565 0.0492743 0.5)
(0.689565 0.04919 0.5)
(0.689565 0.0490999 0.5)
(0.689565 0.0490036 0.5)
(0.689565 0.0489005 0.5)
(0.689565 0.0487903 0.5)
(0.689565 0.0486724 0.5)
(0.689565 0.0485463 0.5)
(0.689565 0.0484114 0.5)
(0.689565 0.0482672 0.5)
(0.689565 0.0481129 0.5)
(0.689566 0.0479479 0.5)
(0.689566 0.0477715 0.5)
(0.689566 0.0475828 0.5)
(0.689566 0.0473809 0.5)
(0.689566 0.047165 0.5)
(0.689566 0.0469342 0.5)
(0.689566 0.0466872 0.5)
(0.689566 0.0464231 0.5)
(0.689566 0.0461407 0.5)
(0.689567 0.0458386 0.5)
(0.689567 0.0455155 0.5)
(0.689567 0.0451699 0.5)
(0.689567 0.0448003 0.5)
(0.689567 0.0444051 0.5)
(0.689568 0.0439823 0.5)
(0.689568 0.0435302 0.5)
(0.689568 0.0430466 0.5)
(0.689568 0.0425294 0.5)
(0.689569 0.0419763 0.5)
(0.689569 0.0413847 0.5)
(0.689569 0.0407519 0.5)
(0.68957 0.0400752 0.5)
(0.68957 0.0393515 0.5)
(0.68957 0.0385774 0.5)
(0.689571 0.0377495 0.5)
(0.689571 0.0368641 0.5)
(0.689572 0.0359171 0.5)
(0.689572 0.0349043 0.5)
(0.689573 0.033821 0.5)
(0.689574 0.0326625 0.5)
(0.689574 0.0314234 0.5)
(0.689575 0.0300982 0.5)
(0.689576 0.0286808 0.5)
(0.689576 0.027165 0.5)
(0.689577 0.0255437 0.5)
(0.689578 0.0238097 0.5)
(0.689579 0.0219552 0.5)
(0.68958 0.0199718 0.5)
(0.689581 0.0178505 0.5)
(0.689583 0.0155817 0.5)
(0.689584 0.0131552 0.5)
(0.689585 0.01056 0.5)
(0.689587 0.00778433 0.5)
(0.689588 0.00481576 0.5)
(0.68959 0.00164081 0.5)
(0.695182 0.0502573 0.5)
(0.695182 0.0502454 0.5)
(0.695182 0.0502325 0.5)
(0.695182 0.0502188 0.5)
(0.695182 0.0502042 0.5)
(0.695182 0.0501885 0.5)
(0.695182 0.0501717 0.5)
(0.695182 0.0501538 0.5)
(0.695182 0.0501346 0.5)
(0.695182 0.0501141 0.5)
(0.695182 0.0500921 0.5)
(0.695182 0.0500687 0.5)
(0.695183 0.0500436 0.5)
(0.695183 0.0500167 0.5)
(0.695183 0.049988 0.5)
(0.695183 0.0499573 0.5)
(0.695183 0.0499245 0.5)
(0.695183 0.0498893 0.5)
(0.695183 0.0498518 0.5)
(0.695183 0.0498116 0.5)
(0.695183 0.0497686 0.5)
(0.695183 0.0497227 0.5)
(0.695183 0.0496735 0.5)
(0.695183 0.0496209 0.5)
(0.695183 0.0495647 0.5)
(0.695183 0.0495046 0.5)
(0.695183 0.0494402 0.5)
(0.695183 0.0493715 0.5)
(0.695183 0.0492979 0.5)
(0.695183 0.0492192 0.5)
(0.695183 0.0491351 0.5)
(0.695183 0.049045 0.5)
(0.695183 0.0489488 0.5)
(0.695183 0.0488458 0.5)
(0.695183 0.0487357 0.5)
(0.695183 0.048618 0.5)
(0.695183 0.048492 0.5)
(0.695183 0.0483573 0.5)
(0.695183 0.0482132 0.5)
(0.695183 0.0480591 0.5)
(0.695184 0.0478943 0.5)
(0.695184 0.0477181 0.5)
(0.695184 0.0475296 0.5)
(0.695184 0.0473279 0.5)
(0.695184 0.0471123 0.5)
(0.695184 0.0468817 0.5)
(0.695184 0.046635 0.5)
(0.695184 0.0463712 0.5)
(0.695184 0.0460891 0.5)
(0.695185 0.0457873 0.5)
(0.695185 0.0454646 0.5)
(0.695185 0.0451194 0.5)
(0.695185 0.0447503 0.5)
(0.695185 0.0443554 0.5)
(0.695185 0.0439331 0.5)
(0.695186 0.0434815 0.5)
(0.695186 0.0429985 0.5)
(0.695186 0.0424819 0.5)
(0.695186 0.0419293 0.5)
(0.695187 0.0413384 0.5)
(0.695187 0.0407064 0.5)
(0.695187 0.0400304 0.5)
(0.695188 0.0393075 0.5)
(0.695188 0.0385343 0.5)
(0.695188 0.0377073 0.5)
(0.695189 0.0368229 0.5)
(0.695189 0.0358769 0.5)
(0.69519 0.0348652 0.5)
(0.69519 0.0337832 0.5)
(0.695191 0.032626 0.5)
(0.695191 0.0313883 0.5)
(0.695192 0.0300645 0.5)
(0.695193 0.0286488 0.5)
(0.695194 0.0271346 0.5)
(0.695194 0.0255151 0.5)
(0.695195 0.0237831 0.5)
(0.695196 0.0219307 0.5)
(0.695197 0.0199495 0.5)
(0.695198 0.0178305 0.5)
(0.695199 0.0155643 0.5)
(0.6952 0.0131405 0.5)
(0.695202 0.0105481 0.5)
(0.695203 0.00777563 0.5)
(0.695204 0.00481037 0.5)
(0.695206 0.00163897 0.5)
(0.700772 0.0502067 0.5)
(0.700772 0.0501948 0.5)
(0.700772 0.050182 0.5)
(0.700772 0.0501683 0.5)
(0.700772 0.0501536 0.5)
(0.700772 0.0501379 0.5)
(0.700772 0.0501212 0.5)
(0.700773 0.0501033 0.5)
(0.700773 0.0500841 0.5)
(0.700773 0.0500636 0.5)
(0.700773 0.0500417 0.5)
(0.700773 0.0500182 0.5)
(0.700773 0.0499932 0.5)
(0.700773 0.0499664 0.5)
(0.700773 0.0499377 0.5)
(0.700773 0.049907 0.5)
(0.700773 0.0498742 0.5)
(0.700773 0.0498391 0.5)
(0.700773 0.0498016 0.5)
(0.700773 0.0497614 0.5)
(0.700773 0.0497185 0.5)
(0.700773 0.0496726 0.5)
(0.700773 0.0496235 0.5)
(0.700773 0.049571 0.5)
(0.700773 0.0495148 0.5)
(0.700773 0.0494547 0.5)
(0.700773 0.0493905 0.5)
(0.700773 0.0493217 0.5)
(0.700773 0.0492482 0.5)
(0.700773 0.0491696 0.5)
(0.700773 0.0490856 0.5)
(0.700773 0.0489956 0.5)
(0.700773 0.0488995 0.5)
(0.700773 0.0487966 0.5)
(0.700773 0.0486866 0.5)
(0.700773 0.048569 0.5)
(0.700773 0.0484432 0.5)
(0.700773 0.0483086 0.5)
(0.700773 0.0481647 0.5)
(0.700773 0.0480107 0.5)
(0.700773 0.0478461 0.5)
(0.700774 0.04767 0.5)
(0.700774 0.0474817 0.5)
(0.700774 0.0472803 0.5)
(0.700774 0.0470649 0.5)
(0.700774 0.0468345 0.5)
(0.700774 0.0465881 0.5)
(0.700774 0.0463245 0.5)
(0.700774 0.0460427 0.5)
(0.700774 0.0457412 0.5)
(0.700775 0.0454188 0.5)
(0.700775 0.045074 0.5)
(0.700775 0.0447052 0.5)
(0.700775 0.0443107 0.5)
(0.700775 0.0438889 0.5)
(0.700775 0.0434377 0.5)
(0.700776 0.0429552 0.5)
(0.700776 0.0424391 0.5)
(0.700776 0.0418871 0.5)
(0.700776 0.0412968 0.5)
(0.700777 0.0406654 0.5)
(0.700777 0.0399901 0.5)
(0.700777 0.0392679 0.5)
(0.700778 0.0384955 0.5)
(0.700778 0.0376693 0.5)
(0.700778 0.0367858 0.5)
(0.700779 0.0358408 0.5)
(0.700779 0.0348301 0.5)
(0.70078 0.0337492 0.5)
(0.70078 0.0325931 0.5)
(0.700781 0.0313567 0.5)
(0.700781 0.0300343 0.5)
(0.700782 0.0286199 0.5)
(0.700783 0.0271073 0.5)
(0.700783 0.0254894 0.5)
(0.700784 0.0237592 0.5)
(0.700785 0.0219086 0.5)
(0.700786 0.0199294 0.5)
(0.700787 0.0178126 0.5)
(0.700788 0.0155486 0.5)
(0.700789 0.0131272 0.5)
(0.70079 0.0105375 0.5)
(0.700791 0.0077678 0.5)
(0.700792 0.00480553 0.5)
(0.700794 0.00163732 0.5)
(0.706335 0.0501617 0.5)
(0.706335 0.0501497 0.5)
(0.706335 0.0501369 0.5)
(0.706335 0.0501233 0.5)
(0.706335 0.0501086 0.5)
(0.706335 0.050093 0.5)
(0.706335 0.0500762 0.5)
(0.706335 0.0500583 0.5)
(0.706335 0.0500392 0.5)
(0.706335 0.0500187 0.5)
(0.706335 0.0499968 0.5)
(0.706335 0.0499734 0.5)
(0.706335 0.0499483 0.5)
(0.706335 0.0499215 0.5)
(0.706335 0.0498929 0.5)
(0.706335 0.0498622 0.5)
(0.706335 0.0498294 0.5)
(0.706335 0.0497944 0.5)
(0.706335 0.0497569 0.5)
(0.706335 0.0497168 0.5)
(0.706335 0.0496739 0.5)
(0.706335 0.049628 0.5)
(0.706335 0.049579 0.5)
(0.706335 0.0495265 0.5)
(0.706335 0.0494704 0.5)
(0.706335 0.0494103 0.5)
(0.706335 0.0493461 0.5)
(0.706335 0.0492775 0.5)
(0.706335 0.0492041 0.5)
(0.706335 0.0491255 0.5)
(0.706335 0.0490415 0.5)
(0.706335 0.0489517 0.5)
(0.706335 0.0488556 0.5)
(0.706335 0.0487529 0.5)
(0.706335 0.048643 0.5)
(0.706335 0.0485254 0.5)
(0.706335 0.0483997 0.5)
(0.706335 0.0482652 0.5)
(0.706335 0.0481214 0.5)
(0.706335 0.0479677 0.5)
(0.706336 0.0478032 0.5)
(0.706336 0.0476272 0.5)
(0.706336 0.0474391 0.5)
(0.706336 0.0472379 0.5)
(0.706336 0.0470226 0.5)
(0.706336 0.0467924 0.5)
(0.706336 0.0465463 0.5)
(0.706336 0.046283 0.5)
(0.706336 0.0460014 0.5)
(0.706336 0.0457002 0.5)
(0.706336 0.0453781 0.5)
(0.706337 0.0450335 0.5)
(0.706337 0.0446651 0.5)
(0.706337 0.044271 0.5)
(0.706337 0.0438495 0.5)
(0.706337 0.0433987 0.5)
(0.706337 0.0429166 0.5)
(0.706338 0.042401 0.5)
(0.706338 0.0418495 0.5)
(0.706338 0.0412597 0.5)
(0.706338 0.0406289 0.5)
(0.706339 0.0399542 0.5)
(0.706339 0.0392327 0.5)
(0.706339 0.0384609 0.5)
(0.70634 0.0376355 0.5)
(0.70634 0.0367528 0.5)
(0.70634 0.0358086 0.5)
(0.706341 0.0347989 0.5)
(0.706341 0.0337189 0.5)
(0.706342 0.0325639 0.5)
(0.706342 0.0313285 0.5)
(0.706343 0.0300073 0.5)
(0.706343 0.0285943 0.5)
(0.706344 0.0270829 0.5)
(0.706344 0.0254666 0.5)
(0.706345 0.0237378 0.5)
(0.706346 0.0218889 0.5)
(0.706347 0.0199115 0.5)
(0.706347 0.0177966 0.5)
(0.706348 0.0155346 0.5)
(0.706349 0.0131154 0.5)
(0.70635 0.0105281 0.5)
(0.706351 0.00776083 0.5)
(0.706352 0.00480122 0.5)
(0.706354 0.00163585 0.5)
(0.711869 0.0501222 0.5)
(0.711869 0.0501102 0.5)
(0.711869 0.0500974 0.5)
(0.711869 0.0500838 0.5)
(0.711869 0.0500691 0.5)
(0.711869 0.0500535 0.5)
(0.711869 0.0500368 0.5)
(0.711869 0.0500189 0.5)
(0.711869 0.0499998 0.5)
(0.711869 0.0499793 0.5)
(0.711869 0.0499574 0.5)
(0.711869 0.049934 0.5)
(0.711869 0.049909 0.5)
(0.711869 0.0498822 0.5)
(0.711869 0.0498536 0.5)
(0.711869 0.0498229 0.5)
(0.711869 0.0497902 0.5)
(0.711869 0.0497552 0.5)
(0.711869 0.0497177 0.5)
(0.711869 0.0496776 0.5)
(0.711869 0.0496348 0.5)
(0.711869 0.0495889 0.5)
(0.711869 0.0495399 0.5)
(0.711869 0.0494875 0.5)
(0.711869 0.0494314 0.5)
(0.711869 0.0493714 0.5)
(0.711869 0.0493073 0.5)
(0.711869 0.0492387 0.5)
(0.711869 0.0491653 0.5)
(0.711869 0.0490868 0.5)
(0.711869 0.0490029 0.5)
(0.711869 0.0489131 0.5)
(0.711869 0.0488171 0.5)
(0.711869 0.0487144 0.5)
(0.71187 0.0486046 0.5)
(0.71187 0.0484872 0.5)
(0.71187 0.0483616 0.5)
(0.71187 0.0482272 0.5)
(0.71187 0.0480835 0.5)
(0.71187 0.0479299 0.5)
(0.71187 0.0477655 0.5)
(0.71187 0.0475897 0.5)
(0.71187 0.0474017 0.5)
(0.71187 0.0472006 0.5)
(0.71187 0.0469856 0.5)
(0.71187 0.0467556 0.5)
(0.71187 0.0465096 0.5)
(0.71187 0.0462465 0.5)
(0.71187 0.0459651 0.5)
(0.711871 0.0456642 0.5)
(0.711871 0.0453423 0.5)
(0.711871 0.0449981 0.5)
(0.711871 0.0446299 0.5)
(0.711871 0.0442361 0.5)
(0.711871 0.043815 0.5)
(0.711871 0.0433646 0.5)
(0.711872 0.0428828 0.5)
(0.711872 0.0423676 0.5)
(0.711872 0.0418166 0.5)
(0.711872 0.0412272 0.5)
(0.711872 0.0405969 0.5)
(0.711873 0.0399228 0.5)
(0.711873 0.0392018 0.5)
(0.711873 0.0384306 0.5)
(0.711873 0.0376059 0.5)
(0.711874 0.0367238 0.5)
(0.711874 0.0357804 0.5)
(0.711874 0.0347715 0.5)
(0.711875 0.0336924 0.5)
(0.711875 0.0325382 0.5)
(0.711876 0.0313039 0.5)
(0.711876 0.0299837 0.5)
(0.711877 0.0285717 0.5)
(0.711877 0.0270616 0.5)
(0.711878 0.0254465 0.5)
(0.711878 0.0237191 0.5)
(0.711879 0.0218717 0.5)
(0.71188 0.0198958 0.5)
(0.71188 0.0177826 0.5)
(0.711881 0.0155224 0.5)
(0.711882 0.0131051 0.5)
(0.711883 0.0105198 0.5)
(0.711884 0.00775472 0.5)
(0.711885 0.00479743 0.5)
(0.711886 0.00163457 0.5)
(0.717376 0.0500881 0.5)
(0.717376 0.0500762 0.5)
(0.717376 0.0500634 0.5)
(0.717376 0.0500497 0.5)
(0.717376 0.0500351 0.5)
(0.717376 0.0500195 0.5)
(0.717376 0.0500028 0.5)
(0.717376 0.0499849 0.5)
(0.717376 0.0499658 0.5)
(0.717376 0.0499453 0.5)
(0.717376 0.0499235 0.5)
(0.717376 0.0499001 0.5)
(0.717376 0.0498751 0.5)
(0.717376 0.0498483 0.5)
(0.717376 0.0498197 0.5)
(0.717376 0.0497891 0.5)
(0.717376 0.0497564 0.5)
(0.717376 0.0497213 0.5)
(0.717376 0.0496839 0.5)
(0.717376 0.0496439 0.5)
(0.717376 0.049601 0.5)
(0.717376 0.0495552 0.5)
(0.717376 0.0495062 0.5)
(0.717376 0.0494538 0.5)
(0.717376 0.0493978 0.5)
(0.717376 0.0493379 0.5)
(0.717376 0.0492738 0.5)
(0.717376 0.0492052 0.5)
(0.717376 0.0491319 0.5)
(0.717376 0.0490535 0.5)
(0.717376 0.0489696 0.5)
(0.717376 0.0488799 0.5)
(0.717376 0.048784 0.5)
(0.717376 0.0486813 0.5)
(0.717376 0.0485716 0.5)
(0.717376 0.0484542 0.5)
(0.717376 0.0483287 0.5)
(0.717376 0.0481945 0.5)
(0.717376 0.0480509 0.5)
(0.717376 0.0478973 0.5)
(0.717376 0.047733 0.5)
(0.717377 0.0475574 0.5)
(0.717377 0.0473695 0.5)
(0.717377 0.0471686 0.5)
(0.717377 0.0469537 0.5)
(0.717377 0.0467238 0.5)
(0.717377 0.046478 0.5)
(0.717377 0.0462151 0.5)
(0.717377 0.0459339 0.5)
(0.717377 0.0456331 0.5)
(0.717377 0.0453115 0.5)
(0.717377 0.0449675 0.5)
(0.717377 0.0445996 0.5)
(0.717378 0.0442061 0.5)
(0.717378 0.0437852 0.5)
(0.717378 0.0433351 0.5)
(0.717378 0.0428537 0.5)
(0.717378 0.0423388 0.5)
(0.717378 0.0417881 0.5)
(0.717378 0.0411992 0.5)
(0.717379 0.0405693 0.5)
(0.717379 0.0398956 0.5)
(0.717379 0.0391751 0.5)
(0.717379 0.0384045 0.5)
(0.71738 0.0375803 0.5)
(0.71738 0.0366989 0.5)
(0.71738 0.0357561 0.5)
(0.71738 0.0347478 0.5)
(0.717381 0.0336695 0.5)
(0.717381 0.0325161 0.5)
(0.717381 0.0312826 0.5)
(0.717382 0.0299633 0.5)
(0.717382 0.0285523 0.5)
(0.717383 0.0270432 0.5)
(0.717383 0.0254292 0.5)
(0.717384 0.023703 0.5)
(0.717384 0.0218568 0.5)
(0.717385 0.0198823 0.5)
(0.717386 0.0177705 0.5)
(0.717386 0.0155118 0.5)
(0.717387 0.0130962 0.5)
(0.717388 0.0105126 0.5)
(0.717389 0.00774945 0.5)
(0.717389 0.00479417 0.5)
(0.71739 0.00163345 0.5)
(0.722855 0.0500595 0.5)
(0.722855 0.0500475 0.5)
(0.722855 0.0500348 0.5)
(0.722855 0.0500211 0.5)
(0.722855 0.0500065 0.5)
(0.722855 0.0499909 0.5)
(0.722855 0.0499742 0.5)
(0.722855 0.0499563 0.5)
(0.722855 0.0499372 0.5)
(0.722855 0.0499168 0.5)
(0.722855 0.0498949 0.5)
(0.722855 0.0498715 0.5)
(0.722855 0.0498465 0.5)
(0.722855 0.0498198 0.5)
(0.722855 0.0497912 0.5)
(0.722855 0.0497606 0.5)
(0.722855 0.0497279 0.5)
(0.722855 0.0496929 0.5)
(0.722855 0.0496555 0.5)
(0.722855 0.0496155 0.5)
(0.722855 0.0495727 0.5)
(0.722855 0.0495269 0.5)
(0.722855 0.0494779 0.5)
(0.722855 0.0494255 0.5)
(0.722855 0.0493695 0.5)
(0.722855 0.0493096 0.5)
(0.722855 0.0492456 0.5)
(0.722855 0.0491771 0.5)
(0.722855 0.0491038 0.5)
(0.722855 0.0490254 0.5)
(0.722855 0.0489416 0.5)
(0.722855 0.0488519 0.5)
(0.722855 0.048756 0.5)
(0.722855 0.0486535 0.5)
(0.722855 0.0485438 0.5)
(0.722855 0.0484265 0.5)
(0.722855 0.0483011 0.5)
(0.722855 0.0481669 0.5)
(0.722856 0.0480234 0.5)
(0.722856 0.0478699 0.5)
(0.722856 0.0477057 0.5)
(0.722856 0.0475302 0.5)
(0.722856 0.0473424 0.5)
(0.722856 0.0471416 0.5)
(0.722856 0.0469268 0.5)
(0.722856 0.0466971 0.5)
(0.722856 0.0464514 0.5)
(0.722856 0.0461886 0.5)
(0.722856 0.0459076 0.5)
(0.722856 0.045607 0.5)
(0.722856 0.0452856 0.5)
(0.722856 0.0449418 0.5)
(0.722856 0.044574 0.5)
(0.722856 0.0441808 0.5)
(0.722857 0.0437602 0.5)
(0.722857 0.0433103 0.5)
(0.722857 0.0428292 0.5)
(0.722857 0.0423146 0.5)
(0.722857 0.0417642 0.5)
(0.722857 0.0411756 0.5)
(0.722857 0.0405461 0.5)
(0.722858 0.0398728 0.5)
(0.722858 0.0391527 0.5)
(0.722858 0.0383825 0.5)
(0.722858 0.0375588 0.5)
(0.722858 0.0366779 0.5)
(0.722859 0.0357357 0.5)
(0.722859 0.034728 0.5)
(0.722859 0.0336502 0.5)
(0.722859 0.0324975 0.5)
(0.72286 0.0312647 0.5)
(0.72286 0.0299462 0.5)
(0.722861 0.028536 0.5)
(0.722861 0.0270278 0.5)
(0.722861 0.0254147 0.5)
(0.722862 0.0236895 0.5)
(0.722862 0.0218443 0.5)
(0.722863 0.0198709 0.5)
(0.722863 0.0177603 0.5)
(0.722864 0.015503 0.5)
(0.722864 0.0130887 0.5)
(0.722865 0.0105066 0.5)
(0.722866 0.00774501 0.5)
(0.722867 0.00479143 0.5)
(0.722867 0.00163252 0.5)
(0.728307 0.0500361 0.5)
(0.728307 0.0500242 0.5)
(0.728307 0.0500114 0.5)
(0.728307 0.0499978 0.5)
(0.728307 0.0499832 0.5)
(0.728307 0.0499676 0.5)
(0.728307 0.0499509 0.5)
(0.728307 0.049933 0.5)
(0.728307 0.0499139 0.5)
(0.728307 0.0498935 0.5)
(0.728307 0.0498717 0.5)
(0.728307 0.0498483 0.5)
(0.728307 0.0498233 0.5)
(0.728307 0.0497966 0.5)
(0.728307 0.049768 0.5)
(0.728307 0.0497374 0.5)
(0.728307 0.0497047 0.5)
(0.728307 0.0496697 0.5)
(0.728307 0.0496323 0.5)
(0.728307 0.0495923 0.5)
(0.728307 0.0495496 0.5)
(0.728307 0.0495038 0.5)
(0.728307 0.0494549 0.5)
(0.728307 0.0494025 0.5)
(0.728307 0.0493465 0.5)
(0.728307 0.0492867 0.5)
(0.728307 0.0492226 0.5)
(0.728307 0.0491541 0.5)
(0.728307 0.0490809 0.5)
(0.728307 0.0490026 0.5)
(0.728307 0.0489188 0.5)
(0.728307 0.0488292 0.5)
(0.728307 0.0487333 0.5)
(0.728307 0.0486308 0.5)
(0.728307 0.0485212 0.5)
(0.728307 0.048404 0.5)
(0.728307 0.0482786 0.5)
(0.728307 0.0481444 0.5)
(0.728307 0.048001 0.5)
(0.728307 0.0478476 0.5)
(0.728307 0.0476835 0.5)
(0.728307 0.047508 0.5)
(0.728307 0.0473204 0.5)
(0.728307 0.0471196 0.5)
(0.728308 0.0469049 0.5)
(0.728308 0.0466753 0.5)
(0.728308 0.0464298 0.5)
(0.728308 0.0461671 0.5)
(0.728308 0.0458862 0.5)
(0.728308 0.0455858 0.5)
(0.728308 0.0452645 0.5)
(0.728308 0.0449208 0.5)
(0.728308 0.0445533 0.5)
(0.728308 0.0441602 0.5)
(0.728308 0.0437398 0.5)
(0.728308 0.0432901 0.5)
(0.728308 0.0428092 0.5)
(0.728308 0.0422949 0.5)
(0.728309 0.0417448 0.5)
(0.728309 0.0411564 0.5)
(0.728309 0.0405272 0.5)
(0.728309 0.0398542 0.5)
(0.728309 0.0391345 0.5)
(0.728309 0.0383647 0.5)
(0.728309 0.0375413 0.5)
(0.72831 0.0366608 0.5)
(0.72831 0.035719 0.5)
(0.72831 0.0347118 0.5)
(0.72831 0.0336345 0.5)
(0.728311 0.0324824 0.5)
(0.728311 0.0312501 0.5)
(0.728311 0.0299322 0.5)
(0.728311 0.0285227 0.5)
(0.728312 0.0270152 0.5)
(0.728312 0.0254028 0.5)
(0.728312 0.0236784 0.5)
(0.728313 0.0218341 0.5)
(0.728313 0.0198617 0.5)
(0.728314 0.017752 0.5)
(0.728314 0.0154957 0.5)
(0.728315 0.0130826 0.5)
(0.728315 0.0105017 0.5)
(0.728316 0.00774141 0.5)
(0.728316 0.0047892 0.5)
(0.728317 0.00163176 0.5)
(0.733731 0.0500181 0.5)
(0.733731 0.0500062 0.5)
(0.733731 0.0499934 0.5)
(0.733731 0.0499798 0.5)
(0.733731 0.0499652 0.5)
(0.733731 0.0499496 0.5)
(0.733731 0.0499329 0.5)
(0.733731 0.049915 0.5)
(0.733732 0.0498959 0.5)
(0.733732 0.0498755 0.5)
(0.733732 0.0498537 0.5)
(0.733732 0.0498303 0.5)
(0.733732 0.0498053 0.5)
(0.733732 0.0497786 0.5)
(0.733732 0.04975 0.5)
(0.733732 0.0497195 0.5)
(0.733732 0.0496868 0.5)
(0.733732 0.0496518 0.5)
(0.733732 0.0496144 0.5)
(0.733732 0.0495745 0.5)
(0.733732 0.0495317 0.5)
(0.733732 0.0494859 0.5)
(0.733732 0.049437 0.5)
(0.733732 0.0493847 0.5)
(0.733732 0.0493287 0.5)
(0.733732 0.0492689 0.5)
(0.733732 0.0492049 0.5)
(0.733732 0.0491364 0.5)
(0.733732 0.0490632 0.5)
(0.733732 0.0489849 0.5)
(0.733732 0.0489011 0.5)
(0.733732 0.0488116 0.5)
(0.733732 0.0487158 0.5)
(0.733732 0.0486133 0.5)
(0.733732 0.0485037 0.5)
(0.733732 0.0483865 0.5)
(0.733732 0.0482611 0.5)
(0.733732 0.0481271 0.5)
(0.733732 0.0479837 0.5)
(0.733732 0.0478303 0.5)
(0.733732 0.0476663 0.5)
(0.733732 0.0474909 0.5)
(0.733732 0.0473033 0.5)
(0.733732 0.0471026 0.5)
(0.733732 0.046888 0.5)
(0.733732 0.0466585 0.5)
(0.733732 0.046413 0.5)
(0.733732 0.0461505 0.5)
(0.733732 0.0458697 0.5)
(0.733732 0.0455693 0.5)
(0.733732 0.0452481 0.5)
(0.733732 0.0449046 0.5)
(0.733732 0.0445372 0.5)
(0.733732 0.0441443 0.5)
(0.733733 0.043724 0.5)
(0.733733 0.0432745 0.5)
(0.733733 0.0427938 0.5)
(0.733733 0.0422796 0.5)
(0.733733 0.0417297 0.5)
(0.733733 0.0411416 0.5)
(0.733733 0.0405126 0.5)
(0.733733 0.0398399 0.5)
(0.733733 0.0391203 0.5)
(0.733733 0.0383508 0.5)
(0.733734 0.0375278 0.5)
(0.733734 0.0366476 0.5)
(0.733734 0.0357061 0.5)
(0.733734 0.0346993 0.5)
(0.733734 0.0336224 0.5)
(0.733734 0.0324707 0.5)
(0.733735 0.0312388 0.5)
(0.733735 0.0299214 0.5)
(0.733735 0.0285124 0.5)
(0.733735 0.0270054 0.5)
(0.733736 0.0253937 0.5)
(0.733736 0.0236699 0.5)
(0.733736 0.0218263 0.5)
(0.733736 0.0198545 0.5)
(0.733737 0.0177456 0.5)
(0.733737 0.0154902 0.5)
(0.733738 0.0130779 0.5)
(0.733738 0.0104979 0.5)
(0.733738 0.00773861 0.5)
(0.733739 0.00478747 0.5)
(0.733739 0.00163117 0.5)
(0.739129 0.0500052 0.5)
(0.739129 0.0499933 0.5)
(0.739129 0.0499806 0.5)
(0.739129 0.0499669 0.5)
(0.739129 0.0499523 0.5)
(0.739129 0.0499367 0.5)
(0.739129 0.04992 0.5)
(0.739129 0.0499022 0.5)
(0.739129 0.0498831 0.5)
(0.739129 0.0498627 0.5)
(0.739129 0.0498409 0.5)
(0.739129 0.0498175 0.5)
(0.739129 0.0497925 0.5)
(0.739129 0.0497658 0.5)
(0.739129 0.0497373 0.5)
(0.739129 0.0497067 0.5)
(0.739129 0.049674 0.5)
(0.739129 0.0496391 0.5)
(0.739129 0.0496017 0.5)
(0.739129 0.0495617 0.5)
(0.739129 0.049519 0.5)
(0.739129 0.0494732 0.5)
(0.739129 0.0494243 0.5)
(0.739129 0.049372 0.5)
(0.739129 0.0493161 0.5)
(0.739129 0.0492562 0.5)
(0.739129 0.0491922 0.5)
(0.739129 0.0491238 0.5)
(0.739129 0.0490506 0.5)
(0.739129 0.0489723 0.5)
(0.739129 0.0488886 0.5)
(0.739129 0.048799 0.5)
(0.739129 0.0487032 0.5)
(0.739129 0.0486008 0.5)
(0.739129 0.0484912 0.5)
(0.739129 0.0483741 0.5)
(0.739129 0.0482487 0.5)
(0.739129 0.0481147 0.5)
(0.739129 0.0479714 0.5)
(0.739129 0.047818 0.5)
(0.739129 0.0476541 0.5)
(0.739129 0.0474787 0.5)
(0.739129 0.0472911 0.5)
(0.739129 0.0470905 0.5)
(0.739129 0.046876 0.5)
(0.739129 0.0466465 0.5)
(0.739129 0.0464011 0.5)
(0.739129 0.0461386 0.5)
(0.739129 0.0458579 0.5)
(0.73913 0.0455576 0.5)
(0.73913 0.0452365 0.5)
(0.73913 0.0448931 0.5)
(0.73913 0.0445258 0.5)
(0.73913 0.0441329 0.5)
(0.73913 0.0437128 0.5)
(0.73913 0.0432634 0.5)
(0.73913 0.0427828 0.5)
(0.73913 0.0422688 0.5)
(0.73913 0.041719 0.5)
(0.73913 0.041131 0.5)
(0.73913 0.0405022 0.5)
(0.73913 0.0398296 0.5)
(0.73913 0.0391103 0.5)
(0.73913 0.038341 0.5)
(0.73913 0.0375182 0.5)
(0.739131 0.0366382 0.5)
(0.739131 0.035697 0.5)
(0.739131 0.0346903 0.5)
(0.739131 0.0336138 0.5)
(0.739131 0.0324623 0.5)
(0.739131 0.0312308 0.5)
(0.739131 0.0299137 0.5)
(0.739132 0.0285051 0.5)
(0.739132 0.0269985 0.5)
(0.739132 0.0253872 0.5)
(0.739132 0.0236638 0.5)
(0.739132 0.0218207 0.5)
(0.739133 0.0198494 0.5)
(0.739133 0.0177411 0.5)
(0.739133 0.0154862 0.5)
(0.739133 0.0130745 0.5)
(0.739134 0.0104952 0.5)
(0.739134 0.00773663 0.5)
(0.739134 0.00478624 0.5)
(0.739135 0.00163075 0.5)
(0.7445 0.0499975 0.5)
(0.7445 0.0499856 0.5)
(0.7445 0.0499728 0.5)
(0.7445 0.0499592 0.5)
(0.7445 0.0499446 0.5)
(0.7445 0.049929 0.5)
(0.7445 0.0499123 0.5)
(0.7445 0.0498945 0.5)
(0.7445 0.0498754 0.5)
(0.7445 0.049855 0.5)
(0.7445 0.0498332 0.5)
(0.7445 0.0498098 0.5)
(0.7445 0.0497849 0.5)
(0.7445 0.0497581 0.5)
(0.7445 0.0497296 0.5)
(0.7445 0.049699 0.5)
(0.7445 0.0496664 0.5)
(0.7445 0.0496314 0.5)
(0.7445 0.049594 0.5)
(0.7445 0.0495541 0.5)
(0.7445 0.0495113 0.5)
(0.7445 0.0494656 0.5)
(0.7445 0.0494167 0.5)
(0.7445 0.0493644 0.5)
(0.7445 0.0493085 0.5)
(0.7445 0.0492486 0.5)
(0.7445 0.0491846 0.5)
(0.7445 0.0491162 0.5)
(0.7445 0.049043 0.5)
(0.7445 0.0489647 0.5)
(0.7445 0.048881 0.5)
(0.7445 0.0487915 0.5)
(0.7445 0.0486957 0.5)
(0.7445 0.0485933 0.5)
(0.7445 0.0484838 0.5)
(0.7445 0.0483666 0.5)
(0.7445 0.0482413 0.5)
(0.7445 0.0481073 0.5)
(0.7445 0.047964 0.5)
(0.7445 0.0478107 0.5)
(0.7445 0.0476467 0.5)
(0.7445 0.0474714 0.5)
(0.7445 0.0472838 0.5)
(0.7445 0.0470833 0.5)
(0.7445 0.0468687 0.5)
(0.7445 0.0466393 0.5)
(0.7445 0.0463939 0.5)
(0.7445 0.0461315 0.5)
(0.7445 0.0458508 0.5)
(0.7445 0.0455506 0.5)
(0.7445 0.0452295 0.5)
(0.7445 0.0448862 0.5)
(0.7445 0.0445189 0.5)
(0.7445 0.0441261 0.5)
(0.7445 0.043706 0.5)
(0.7445 0.0432567 0.5)
(0.7445 0.0427762 0.5)
(0.7445 0.0422622 0.5)
(0.7445 0.0417126 0.5)
(0.7445 0.0411247 0.5)
(0.7445 0.0404959 0.5)
(0.7445 0.0398235 0.5)
(0.7445 0.0391043 0.5)
(0.7445 0.0383351 0.5)
(0.7445 0.0375124 0.5)
(0.7445 0.0366325 0.5)
(0.744501 0.0356915 0.5)
(0.744501 0.034685 0.5)
(0.744501 0.0336086 0.5)
(0.744501 0.0324573 0.5)
(0.744501 0.031226 0.5)
(0.744501 0.0299091 0.5)
(0.744501 0.0285007 0.5)
(0.744501 0.0269943 0.5)
(0.744501 0.0253832 0.5)
(0.744501 0.0236602 0.5)
(0.744502 0.0218173 0.5)
(0.744502 0.0198463 0.5)
(0.744502 0.0177383 0.5)
(0.744502 0.0154838 0.5)
(0.744502 0.0130725 0.5)
(0.744502 0.0104936 0.5)
(0.744502 0.00773543 0.5)
(0.744503 0.0047855 0.5)
(0.744503 0.0016305 0.5)
(0.749843 0.0499949 0.5)
(0.749843 0.0499829 0.5)
(0.749843 0.0499702 0.5)
(0.749843 0.0499566 0.5)
(0.749843 0.049942 0.5)
(0.749843 0.0499264 0.5)
(0.749843 0.0499097 0.5)
(0.749843 0.0498918 0.5)
(0.749843 0.0498728 0.5)
(0.749843 0.0498524 0.5)
(0.749843 0.0498305 0.5)
(0.749843 0.0498072 0.5)
(0.749843 0.0497822 0.5)
(0.749843 0.0497555 0.5)
(0.749843 0.0497269 0.5)
(0.749843 0.0496964 0.5)
(0.749843 0.0496637 0.5)
(0.749843 0.0496288 0.5)
(0.749843 0.0495914 0.5)
(0.749843 0.0495514 0.5)
(0.749843 0.0495087 0.5)
(0.749843 0.049463 0.5)
(0.749843 0.0494141 0.5)
(0.749843 0.0493618 0.5)
(0.749843 0.0493058 0.5)
(0.749843 0.049246 0.5)
(0.749843 0.049182 0.5)
(0.749843 0.0491136 0.5)
(0.749843 0.0490404 0.5)
(0.749843 0.0489621 0.5)
(0.749843 0.0488784 0.5)
(0.749843 0.0487889 0.5)
(0.749843 0.0486931 0.5)
(0.749843 0.0485907 0.5)
(0.749843 0.0484812 0.5)
(0.749843 0.048364 0.5)
(0.749843 0.0482387 0.5)
(0.749843 0.0481047 0.5)
(0.749843 0.0479614 0.5)
(0.749843 0.0478081 0.5)
(0.749843 0.0476442 0.5)
(0.749843 0.0474688 0.5)
(0.749843 0.0472813 0.5)
(0.749843 0.0470808 0.5)
(0.749843 0.0468662 0.5)
(0.749843 0.0466368 0.5)
(0.749843 0.0463915 0.5)
(0.749843 0.046129 0.5)
(0.749843 0.0458484 0.5)
(0.749843 0.0455482 0.5)
(0.749843 0.0452271 0.5)
(0.749843 0.0448838 0.5)
(0.749843 0.0445165 0.5)
(0.749843 0.0441238 0.5)
(0.749843 0.0437037 0.5)
(0.749843 0.0432544 0.5)
(0.749843 0.0427739 0.5)
(0.749843 0.04226 0.5)
(0.749843 0.0417103 0.5)
(0.749843 0.0411225 0.5)
(0.749843 0.0404938 0.5)
(0.749843 0.0398214 0.5)
(0.749843 0.0391022 0.5)
(0.749844 0.038333 0.5)
(0.749844 0.0375104 0.5)
(0.749844 0.0366305 0.5)
(0.749844 0.0356896 0.5)
(0.749844 0.0346831 0.5)
(0.749844 0.0336068 0.5)
(0.749844 0.0324556 0.5)
(0.749844 0.0312243 0.5)
(0.749844 0.0299075 0.5)
(0.749844 0.0284992 0.5)
(0.749844 0.0269929 0.5)
(0.749844 0.0253819 0.5)
(0.749844 0.0236589 0.5)
(0.749844 0.0218161 0.5)
(0.749844 0.0198453 0.5)
(0.749844 0.0177374 0.5)
(0.749844 0.015483 0.5)
(0.749844 0.0130718 0.5)
(0.749844 0.0104931 0.5)
(0.749844 0.00773502 0.5)
(0.749844 0.00478525 0.5)
(0.749844 0.00163041 0.5)
(0.75516 0.0499972 0.5)
(0.75516 0.0499853 0.5)
(0.75516 0.0499725 0.5)
(0.75516 0.0499589 0.5)
(0.75516 0.0499443 0.5)
(0.75516 0.0499287 0.5)
(0.75516 0.049912 0.5)
(0.75516 0.0498942 0.5)
(0.75516 0.0498751 0.5)
(0.75516 0.0498547 0.5)
(0.75516 0.0498328 0.5)
(0.75516 0.0498095 0.5)
(0.75516 0.0497845 0.5)
(0.75516 0.0497578 0.5)
(0.75516 0.0497293 0.5)
(0.75516 0.0496987 0.5)
(0.75516 0.049666 0.5)
(0.75516 0.0496311 0.5)
(0.75516 0.0495937 0.5)
(0.75516 0.0495537 0.5)
(0.75516 0.049511 0.5)
(0.75516 0.0494653 0.5)
(0.75516 0.0494164 0.5)
(0.75516 0.0493641 0.5)
(0.75516 0.0493081 0.5)
(0.75516 0.0492483 0.5)
(0.75516 0.0491843 0.5)
(0.75516 0.0491159 0.5)
(0.75516 0.0490427 0.5)
(0.75516 0.0489644 0.5)
(0.75516 0.0488807 0.5)
(0.75516 0.0487912 0.5)
(0.75516 0.0486954 0.5)
(0.75516 0.048593 0.5)
(0.75516 0.0484834 0.5)
(0.75516 0.0483663 0.5)
(0.75516 0.048241 0.5)
(0.75516 0.048107 0.5)
(0.75516 0.0479636 0.5)
(0.75516 0.0478103 0.5)
(0.75516 0.0476464 0.5)
(0.75516 0.0474711 0.5)
(0.75516 0.0472835 0.5)
(0.75516 0.0470829 0.5)
(0.75516 0.0468684 0.5)
(0.75516 0.046639 0.5)
(0.75516 0.0463936 0.5)
(0.75516 0.0461312 0.5)
(0.755159 0.0458505 0.5)
(0.755159 0.0455503 0.5)
(0.755159 0.0452292 0.5)
(0.755159 0.0448859 0.5)
(0.755159 0.0445186 0.5)
(0.755159 0.0441258 0.5)
(0.755159 0.0437057 0.5)
(0.755159 0.0432564 0.5)
(0.755159 0.0427759 0.5)
(0.755159 0.042262 0.5)
(0.755159 0.0417123 0.5)
(0.755159 0.0411244 0.5)
(0.755159 0.0404957 0.5)
(0.755159 0.0398232 0.5)
(0.755159 0.039104 0.5)
(0.755159 0.0383348 0.5)
(0.755159 0.0375121 0.5)
(0.755159 0.0366323 0.5)
(0.755159 0.0356912 0.5)
(0.755159 0.0346848 0.5)
(0.755159 0.0336083 0.5)
(0.755159 0.0324571 0.5)
(0.755159 0.0312258 0.5)
(0.755159 0.0299089 0.5)
(0.755159 0.0285005 0.5)
(0.755159 0.0269941 0.5)
(0.755159 0.0253831 0.5)
(0.755159 0.02366 0.5)
(0.755159 0.0218172 0.5)
(0.755159 0.0198462 0.5)
(0.755159 0.0177382 0.5)
(0.755159 0.0154837 0.5)
(0.755159 0.0130724 0.5)
(0.755159 0.0104935 0.5)
(0.755159 0.00773538 0.5)
(0.755159 0.00478547 0.5)
(0.755158 0.00163049 0.5)
(0.760475 0.0500045 0.5)
(0.760475 0.0499926 0.5)
(0.760475 0.0499798 0.5)
(0.760475 0.0499662 0.5)
(0.760475 0.0499516 0.5)
(0.760475 0.049936 0.5)
(0.760475 0.0499193 0.5)
(0.760475 0.0499014 0.5)
(0.760475 0.0498824 0.5)
(0.760475 0.0498619 0.5)
(0.760475 0.0498401 0.5)
(0.760475 0.0498168 0.5)
(0.760475 0.0497918 0.5)
(0.760475 0.0497651 0.5)
(0.760475 0.0497365 0.5)
(0.760475 0.049706 0.5)
(0.760475 0.0496733 0.5)
(0.760475 0.0496383 0.5)
(0.760475 0.0496009 0.5)
(0.760475 0.049561 0.5)
(0.760475 0.0495182 0.5)
(0.760475 0.0494725 0.5)
(0.760475 0.0494236 0.5)
(0.760475 0.0493713 0.5)
(0.760475 0.0493153 0.5)
(0.760475 0.0492555 0.5)
(0.760475 0.0491915 0.5)
(0.760475 0.0491231 0.5)
(0.760475 0.0490499 0.5)
(0.760475 0.0489716 0.5)
(0.760475 0.0488878 0.5)
(0.760475 0.0487983 0.5)
(0.760475 0.0487025 0.5)
(0.760475 0.0486001 0.5)
(0.760475 0.0484905 0.5)
(0.760475 0.0483733 0.5)
(0.760475 0.048248 0.5)
(0.760475 0.048114 0.5)
(0.760475 0.0479706 0.5)
(0.760475 0.0478173 0.5)
(0.760475 0.0476534 0.5)
(0.760475 0.047478 0.5)
(0.760475 0.0472904 0.5)
(0.760475 0.0470898 0.5)
(0.760475 0.0468753 0.5)
(0.760475 0.0466458 0.5)
(0.760475 0.0464004 0.5)
(0.760475 0.0461379 0.5)
(0.760475 0.0458572 0.5)
(0.760475 0.0455569 0.5)
(0.760475 0.0452358 0.5)
(0.760475 0.0448924 0.5)
(0.760475 0.0445251 0.5)
(0.760475 0.0441323 0.5)
(0.760475 0.0437121 0.5)
(0.760475 0.0432627 0.5)
(0.760475 0.0427821 0.5)
(0.760475 0.0422681 0.5)
(0.760475 0.0417184 0.5)
(0.760475 0.0411304 0.5)
(0.760475 0.0405016 0.5)
(0.760475 0.039829 0.5)
(0.760475 0.0391097 0.5)
(0.760474 0.0383404 0.5)
(0.760474 0.0375176 0.5)
(0.760474 0.0366376 0.5)
(0.760474 0.0356964 0.5)
(0.760474 0.0346898 0.5)
(0.760474 0.0336132 0.5)
(0.760474 0.0324618 0.5)
(0.760474 0.0312304 0.5)
(0.760474 0.0299133 0.5)
(0.760474 0.0285046 0.5)
(0.760474 0.0269981 0.5)
(0.760474 0.0253868 0.5)
(0.760473 0.0236635 0.5)
(0.760473 0.0218203 0.5)
(0.760473 0.0198491 0.5)
(0.760473 0.0177408 0.5)
(0.760473 0.0154859 0.5)
(0.760473 0.0130743 0.5)
(0.760473 0.0104951 0.5)
(0.760472 0.00773651 0.5)
(0.760472 0.00478617 0.5)
(0.760472 0.00163073 0.5)
(0.765818 0.0500168 0.5)
(0.765818 0.0500049 0.5)
(0.765818 0.0499921 0.5)
(0.765818 0.0499785 0.5)
(0.765818 0.0499639 0.5)
(0.765818 0.0499483 0.5)
(0.765818 0.0499316 0.5)
(0.765818 0.0499137 0.5)
(0.765818 0.0498946 0.5)
(0.765818 0.0498742 0.5)
(0.765818 0.0498524 0.5)
(0.765818 0.049829 0.5)
(0.765818 0.0498041 0.5)
(0.765817 0.0497773 0.5)
(0.765817 0.0497488 0.5)
(0.765817 0.0497182 0.5)
(0.765817 0.0496855 0.5)
(0.765817 0.0496506 0.5)
(0.765817 0.0496132 0.5)
(0.765817 0.0495732 0.5)
(0.765817 0.0495304 0.5)
(0.765817 0.0494847 0.5)
(0.765817 0.0494358 0.5)
(0.765817 0.0493834 0.5)
(0.765817 0.0493275 0.5)
(0.765817 0.0492676 0.5)
(0.765817 0.0492036 0.5)
(0.765817 0.0491352 0.5)
(0.765817 0.0490619 0.5)
(0.765817 0.0489836 0.5)
(0.765817 0.0488999 0.5)
(0.765817 0.0488103 0.5)
(0.765817 0.0487145 0.5)
(0.765817 0.048612 0.5)
(0.765817 0.0485025 0.5)
(0.765817 0.0483853 0.5)
(0.765817 0.0482599 0.5)
(0.765817 0.0481258 0.5)
(0.765817 0.0479825 0.5)
(0.765817 0.0478291 0.5)
(0.765817 0.0476651 0.5)
(0.765817 0.0474897 0.5)
(0.765817 0.0473021 0.5)
(0.765817 0.0471014 0.5)
(0.765817 0.0468868 0.5)
(0.765817 0.0466573 0.5)
(0.765817 0.0464118 0.5)
(0.765817 0.0461493 0.5)
(0.765817 0.0458685 0.5)
(0.765817 0.0455682 0.5)
(0.765817 0.045247 0.5)
(0.765817 0.0449035 0.5)
(0.765817 0.0445361 0.5)
(0.765817 0.0441431 0.5)
(0.765817 0.0437229 0.5)
(0.765817 0.0432734 0.5)
(0.765817 0.0427927 0.5)
(0.765817 0.0422785 0.5)
(0.765817 0.0417287 0.5)
(0.765816 0.0411405 0.5)
(0.765816 0.0405115 0.5)
(0.765816 0.0398388 0.5)
(0.765816 0.0391193 0.5)
(0.765816 0.0383498 0.5)
(0.765816 0.0375268 0.5)
(0.765816 0.0366466 0.5)
(0.765816 0.0357052 0.5)
(0.765816 0.0346984 0.5)
(0.765816 0.0336215 0.5)
(0.765815 0.0324698 0.5)
(0.765815 0.031238 0.5)
(0.765815 0.0299206 0.5)
(0.765815 0.0285117 0.5)
(0.765815 0.0270047 0.5)
(0.765815 0.025393 0.5)
(0.765814 0.0236693 0.5)
(0.765814 0.0218257 0.5)
(0.765814 0.019854 0.5)
(0.765814 0.0177452 0.5)
(0.765814 0.0154898 0.5)
(0.765813 0.0130776 0.5)
(0.765813 0.0104977 0.5)
(0.765813 0.00773842 0.5)
(0.765812 0.00478735 0.5)
(0.765812 0.00163113 0.5)
(0.771186 0.0500342 0.5)
(0.771186 0.0500223 0.5)
(0.771186 0.0500095 0.5)
(0.771186 0.0499959 0.5)
(0.771186 0.0499813 0.5)
(0.771186 0.0499657 0.5)
(0.771186 0.049949 0.5)
(0.771186 0.0499311 0.5)
(0.771186 0.049912 0.5)
(0.771186 0.0498916 0.5)
(0.771186 0.0498697 0.5)
(0.771186 0.0498464 0.5)
(0.771186 0.0498214 0.5)
(0.771186 0.0497947 0.5)
(0.771186 0.0497661 0.5)
(0.771186 0.0497355 0.5)
(0.771186 0.0497028 0.5)
(0.771186 0.0496678 0.5)
(0.771186 0.0496304 0.5)
(0.771186 0.0495904 0.5)
(0.771186 0.0495477 0.5)
(0.771186 0.0495019 0.5)
(0.771186 0.049453 0.5)
(0.771186 0.0494006 0.5)
(0.771186 0.0493446 0.5)
(0.771186 0.0492848 0.5)
(0.771186 0.0492207 0.5)
(0.771186 0.0491523 0.5)
(0.771186 0.049079 0.5)
(0.771186 0.0490007 0.5)
(0.771186 0.0489169 0.5)
(0.771186 0.0488273 0.5)
(0.771186 0.0487315 0.5)
(0.771186 0.048629 0.5)
(0.771186 0.0485193 0.5)
(0.771186 0.0484021 0.5)
(0.771186 0.0482767 0.5)
(0.771186 0.0481426 0.5)
(0.771186 0.0479992 0.5)
(0.771186 0.0478458 0.5)
(0.771186 0.0476817 0.5)
(0.771186 0.0475062 0.5)
(0.771186 0.0473185 0.5)
(0.771186 0.0471178 0.5)
(0.771186 0.0469031 0.5)
(0.771186 0.0466735 0.5)
(0.771186 0.046428 0.5)
(0.771186 0.0461653 0.5)
(0.771186 0.0458845 0.5)
(0.771186 0.045584 0.5)
(0.771186 0.0452627 0.5)
(0.771186 0.0449191 0.5)
(0.771186 0.0445516 0.5)
(0.771186 0.0441585 0.5)
(0.771185 0.0437381 0.5)
(0.771185 0.0432885 0.5)
(0.771185 0.0428076 0.5)
(0.771185 0.0422933 0.5)
(0.771185 0.0417432 0.5)
(0.771185 0.0411549 0.5)
(0.771185 0.0405257 0.5)
(0.771185 0.0398527 0.5)
(0.771185 0.039133 0.5)
(0.771185 0.0383632 0.5)
(0.771184 0.0375399 0.5)
(0.771184 0.0366594 0.5)
(0.771184 0.0357177 0.5)
(0.771184 0.0347105 0.5)
(0.771184 0.0336332 0.5)
(0.771184 0.0324811 0.5)
(0.771183 0.0312489 0.5)
(0.771183 0.0299311 0.5)
(0.771183 0.0285216 0.5)
(0.771183 0.0270141 0.5)
(0.771182 0.0254019 0.5)
(0.771182 0.0236775 0.5)
(0.771182 0.0218333 0.5)
(0.771182 0.0198609 0.5)
(0.771181 0.0177513 0.5)
(0.771181 0.0154952 0.5)
(0.77118 0.0130821 0.5)
(0.77118 0.0105013 0.5)
(0.77118 0.00774111 0.5)
(0.771179 0.00478902 0.5)
(0.771179 0.0016317 0.5)
(0.776582 0.0500568 0.5)
(0.776582 0.0500449 0.5)
(0.776582 0.0500321 0.5)
(0.776582 0.0500184 0.5)
(0.776582 0.0500038 0.5)
(0.776582 0.0499882 0.5)
(0.776582 0.0499715 0.5)
(0.776582 0.0499536 0.5)
(0.776582 0.0499345 0.5)
(0.776582 0.0499141 0.5)
(0.776582 0.0498923 0.5)
(0.776582 0.0498689 0.5)
(0.776582 0.0498439 0.5)
(0.776582 0.0498171 0.5)
(0.776582 0.0497885 0.5)
(0.776582 0.049758 0.5)
(0.776582 0.0497252 0.5)
(0.776582 0.0496903 0.5)
(0.776582 0.0496528 0.5)
(0.776582 0.0496128 0.5)
(0.776582 0.04957 0.5)
(0.776582 0.0495242 0.5)
(0.776582 0.0494753 0.5)
(0.776582 0.0494229 0.5)
(0.776582 0.0493669 0.5)
(0.776582 0.049307 0.5)
(0.776582 0.049243 0.5)
(0.776582 0.0491744 0.5)
(0.776582 0.0491012 0.5)
(0.776582 0.0490228 0.5)
(0.776582 0.048939 0.5)
(0.776582 0.0488493 0.5)
(0.776582 0.0487535 0.5)
(0.776582 0.0486509 0.5)
(0.776582 0.0485412 0.5)
(0.776582 0.0484239 0.5)
(0.776582 0.0482985 0.5)
(0.776582 0.0481643 0.5)
(0.776582 0.0480208 0.5)
(0.776582 0.0478673 0.5)
(0.776582 0.0477032 0.5)
(0.776582 0.0475276 0.5)
(0.776582 0.0473399 0.5)
(0.776582 0.0471391 0.5)
(0.776582 0.0469243 0.5)
(0.776582 0.0466946 0.5)
(0.776581 0.0464489 0.5)
(0.776581 0.0461862 0.5)
(0.776581 0.0459052 0.5)
(0.776581 0.0456046 0.5)
(0.776581 0.0452832 0.5)
(0.776581 0.0449394 0.5)
(0.776581 0.0445717 0.5)
(0.776581 0.0441784 0.5)
(0.776581 0.0437578 0.5)
(0.776581 0.043308 0.5)
(0.776581 0.0428269 0.5)
(0.776581 0.0423123 0.5)
(0.776581 0.041762 0.5)
(0.77658 0.0411734 0.5)
(0.77658 0.0405439 0.5)
(0.77658 0.0398707 0.5)
(0.77658 0.0391506 0.5)
(0.77658 0.0383805 0.5)
(0.77658 0.0375568 0.5)
(0.776579 0.0366759 0.5)
(0.776579 0.0357338 0.5)
(0.776579 0.0347261 0.5)
(0.776579 0.0336484 0.5)
(0.776579 0.0324958 0.5)
(0.776578 0.031263 0.5)
(0.776578 0.0299446 0.5)
(0.776578 0.0285345 0.5)
(0.776577 0.0270263 0.5)
(0.776577 0.0254133 0.5)
(0.776577 0.0236882 0.5)
(0.776576 0.0218432 0.5)
(0.776576 0.0198699 0.5)
(0.776575 0.0177594 0.5)
(0.776575 0.0155021 0.5)
(0.776575 0.013088 0.5)
(0.776574 0.0105061 0.5)
(0.776573 0.0077446 0.5)
(0.776573 0.00479118 0.5)
(0.776572 0.00163243 0.5)
(0.782005 0.0500846 0.5)
(0.782005 0.0500727 0.5)
(0.782005 0.0500599 0.5)
(0.782005 0.0500462 0.5)
(0.782005 0.0500316 0.5)
(0.782005 0.050016 0.5)
(0.782005 0.0499993 0.5)
(0.782005 0.0499814 0.5)
(0.782005 0.0499623 0.5)
(0.782005 0.0499418 0.5)
(0.782005 0.04992 0.5)
(0.782005 0.0498966 0.5)
(0.782005 0.0498716 0.5)
(0.782005 0.0498448 0.5)
(0.782005 0.0498162 0.5)
(0.782005 0.0497856 0.5)
(0.782005 0.0497529 0.5)
(0.782005 0.0497179 0.5)
(0.782005 0.0496804 0.5)
(0.782005 0.0496404 0.5)
(0.782005 0.0495975 0.5)
(0.782005 0.0495517 0.5)
(0.782005 0.0495028 0.5)
(0.782005 0.0494504 0.5)
(0.782005 0.0493943 0.5)
(0.782005 0.0493344 0.5)
(0.782005 0.0492703 0.5)
(0.782005 0.0492018 0.5)
(0.782005 0.0491284 0.5)
(0.782005 0.04905 0.5)
(0.782005 0.0489662 0.5)
(0.782005 0.0488765 0.5)
(0.782005 0.0487805 0.5)
(0.782005 0.0486779 0.5)
(0.782005 0.0485682 0.5)
(0.782005 0.0484508 0.5)
(0.782005 0.0483253 0.5)
(0.782004 0.0481911 0.5)
(0.782004 0.0480475 0.5)
(0.782004 0.0478939 0.5)
(0.782004 0.0477297 0.5)
(0.782004 0.047554 0.5)
(0.782004 0.0473662 0.5)
(0.782004 0.0471653 0.5)
(0.782004 0.0469504 0.5)
(0.782004 0.0467205 0.5)
(0.782004 0.0464747 0.5)
(0.782004 0.0462118 0.5)
(0.782004 0.0459307 0.5)
(0.782004 0.0456299 0.5)
(0.782004 0.0453083 0.5)
(0.782004 0.0449643 0.5)
(0.782004 0.0445964 0.5)
(0.782003 0.044203 0.5)
(0.782003 0.0437821 0.5)
(0.782003 0.043332 0.5)
(0.782003 0.0428507 0.5)
(0.782003 0.0423358 0.5)
(0.782003 0.0417852 0.5)
(0.782003 0.0411963 0.5)
(0.782003 0.0405665 0.5)
(0.782002 0.0398928 0.5)
(0.782002 0.0391724 0.5)
(0.782002 0.0384018 0.5)
(0.782002 0.0375777 0.5)
(0.782002 0.0366963 0.5)
(0.782001 0.0357536 0.5)
(0.782001 0.0347454 0.5)
(0.782001 0.0336671 0.5)
(0.782 0.0325138 0.5)
(0.782 0.0312804 0.5)
(0.782 0.0299612 0.5)
(0.781999 0.0285503 0.5)
(0.781999 0.0270413 0.5)
(0.781999 0.0254274 0.5)
(0.781998 0.0237014 0.5)
(0.781998 0.0218553 0.5)
(0.781997 0.0198809 0.5)
(0.781997 0.0177692 0.5)
(0.781996 0.0155108 0.5)
(0.781996 0.0130953 0.5)
(0.781995 0.0105119 0.5)
(0.781994 0.0077489 0.5)
(0.781993 0.00479384 0.5)
(0.781993 0.00163334 0.5)
(0.787455 0.0501177 0.5)
(0.787455 0.0501057 0.5)
(0.787455 0.050093 0.5)
(0.787455 0.0500793 0.5)
(0.787455 0.0500647 0.5)
(0.787455 0.050049 0.5)
(0.787455 0.0500323 0.5)
(0.787455 0.0500144 0.5)
(0.787455 0.0499953 0.5)
(0.787455 0.0499748 0.5)
(0.787455 0.0499529 0.5)
(0.787455 0.0499295 0.5)
(0.787455 0.0499045 0.5)
(0.787455 0.0498777 0.5)
(0.787455 0.0498491 0.5)
(0.787455 0.0498185 0.5)
(0.787455 0.0497857 0.5)
(0.787455 0.0497507 0.5)
(0.787455 0.0497132 0.5)
(0.787455 0.0496732 0.5)
(0.787455 0.0496303 0.5)
(0.787455 0.0495845 0.5)
(0.787455 0.0495355 0.5)
(0.787455 0.049483 0.5)
(0.787455 0.049427 0.5)
(0.787455 0.049367 0.5)
(0.787455 0.0493029 0.5)
(0.787455 0.0492343 0.5)
(0.787455 0.0491609 0.5)
(0.787454 0.0490824 0.5)
(0.787454 0.0489985 0.5)
(0.787454 0.0489088 0.5)
(0.787454 0.0488128 0.5)
(0.787454 0.0487101 0.5)
(0.787454 0.0486003 0.5)
(0.787454 0.0484829 0.5)
(0.787454 0.0483573 0.5)
(0.787454 0.0482229 0.5)
(0.787454 0.0480792 0.5)
(0.787454 0.0479256 0.5)
(0.787454 0.0477612 0.5)
(0.787454 0.0475855 0.5)
(0.787454 0.0473975 0.5)
(0.787454 0.0471964 0.5)
(0.787454 0.0469814 0.5)
(0.787454 0.0467514 0.5)
(0.787454 0.0465054 0.5)
(0.787454 0.0462424 0.5)
(0.787454 0.045961 0.5)
(0.787453 0.0456601 0.5)
(0.787453 0.0453382 0.5)
(0.787453 0.044994 0.5)
(0.787453 0.0446259 0.5)
(0.787453 0.0442322 0.5)
(0.787453 0.0438111 0.5)
(0.787453 0.0433607 0.5)
(0.787453 0.042879 0.5)
(0.787452 0.0423638 0.5)
(0.787452 0.0418128 0.5)
(0.787452 0.0412235 0.5)
(0.787452 0.0405933 0.5)
(0.787452 0.0399192 0.5)
(0.787452 0.0391982 0.5)
(0.787451 0.0384272 0.5)
(0.787451 0.0376025 0.5)
(0.787451 0.0367205 0.5)
(0.78745 0.0357772 0.5)
(0.78745 0.0347684 0.5)
(0.78745 0.0336893 0.5)
(0.78745 0.0325353 0.5)
(0.787449 0.0313011 0.5)
(0.787449 0.029981 0.5)
(0.787448 0.0285692 0.5)
(0.787448 0.0270592 0.5)
(0.787447 0.0254442 0.5)
(0.787447 0.023717 0.5)
(0.787446 0.0218697 0.5)
(0.787446 0.019894 0.5)
(0.787445 0.017781 0.5)
(0.787444 0.015521 0.5)
(0.787444 0.0131039 0.5)
(0.787443 0.0105188 0.5)
(0.787442 0.00775402 0.5)
(0.787441 0.00479701 0.5)
(0.78744 0.00163442 0.5)
(0.792932 0.0501561 0.5)
(0.792932 0.0501442 0.5)
(0.792932 0.0501314 0.5)
(0.792932 0.0501177 0.5)
(0.792932 0.0501031 0.5)
(0.792932 0.0500874 0.5)
(0.792932 0.0500707 0.5)
(0.792932 0.0500528 0.5)
(0.792932 0.0500336 0.5)
(0.792932 0.0500132 0.5)
(0.792932 0.0499913 0.5)
(0.792932 0.0499678 0.5)
(0.792932 0.0499428 0.5)
(0.792932 0.049916 0.5)
(0.792932 0.0498873 0.5)
(0.792932 0.0498567 0.5)
(0.792932 0.0498239 0.5)
(0.792932 0.0497889 0.5)
(0.792932 0.0497514 0.5)
(0.792932 0.0497113 0.5)
(0.792932 0.0496684 0.5)
(0.792932 0.0496225 0.5)
(0.792932 0.0495735 0.5)
(0.792932 0.049521 0.5)
(0.792932 0.0494649 0.5)
(0.792932 0.0494049 0.5)
(0.792932 0.0493407 0.5)
(0.792932 0.049272 0.5)
(0.792931 0.0491986 0.5)
(0.792931 0.0491201 0.5)
(0.792931 0.0490361 0.5)
(0.792931 0.0489463 0.5)
(0.792931 0.0488502 0.5)
(0.792931 0.0487475 0.5)
(0.792931 0.0486376 0.5)
(0.792931 0.04852 0.5)
(0.792931 0.0483943 0.5)
(0.792931 0.0482599 0.5)
(0.792931 0.0481161 0.5)
(0.792931 0.0479623 0.5)
(0.792931 0.0477979 0.5)
(0.792931 0.047622 0.5)
(0.792931 0.0474338 0.5)
(0.792931 0.0472326 0.5)
(0.792931 0.0470174 0.5)
(0.792931 0.0467873 0.5)
(0.792931 0.0465411 0.5)
(0.79293 0.0462778 0.5)
(0.79293 0.0459963 0.5)
(0.79293 0.0456951 0.5)
(0.79293 0.045373 0.5)
(0.79293 0.0450286 0.5)
(0.79293 0.0446601 0.5)
(0.79293 0.0442661 0.5)
(0.79293 0.0438447 0.5)
(0.792929 0.0433939 0.5)
(0.792929 0.0429119 0.5)
(0.792929 0.0423963 0.5)
(0.792929 0.0418449 0.5)
(0.792929 0.0412551 0.5)
(0.792929 0.0406244 0.5)
(0.792928 0.0399498 0.5)
(0.792928 0.0392283 0.5)
(0.792928 0.0384567 0.5)
(0.792927 0.0376314 0.5)
(0.792927 0.0367487 0.5)
(0.792927 0.0358047 0.5)
(0.792927 0.034795 0.5)
(0.792926 0.0337152 0.5)
(0.792926 0.0325603 0.5)
(0.792925 0.0313251 0.5)
(0.792925 0.030004 0.5)
(0.792924 0.0285911 0.5)
(0.792924 0.0270799 0.5)
(0.792923 0.0254638 0.5)
(0.792923 0.0237352 0.5)
(0.792922 0.0218865 0.5)
(0.792921 0.0199093 0.5)
(0.792921 0.0177946 0.5)
(0.79292 0.0155329 0.5)
(0.792919 0.013114 0.5)
(0.792918 0.0105269 0.5)
(0.792917 0.00775997 0.5)
(0.792916 0.00480069 0.5)
(0.792915 0.00163567 0.5)
(0.798436 0.0502 0.5)
(0.798436 0.050188 0.5)
(0.798436 0.0501752 0.5)
(0.798436 0.0501615 0.5)
(0.798436 0.0501469 0.5)
(0.798436 0.0501312 0.5)
(0.798436 0.0501145 0.5)
(0.798436 0.0500965 0.5)
(0.798436 0.0500774 0.5)
(0.798436 0.0500569 0.5)
(0.798436 0.050035 0.5)
(0.798436 0.0500115 0.5)
(0.798436 0.0499865 0.5)
(0.798436 0.0499596 0.5)
(0.798436 0.049931 0.5)
(0.798436 0.0499003 0.5)
(0.798436 0.0498675 0.5)
(0.798436 0.0498324 0.5)
(0.798436 0.0497949 0.5)
(0.798436 0.0497547 0.5)
(0.798436 0.0497118 0.5)
(0.798436 0.0496659 0.5)
(0.798436 0.0496168 0.5)
(0.798436 0.0495643 0.5)
(0.798436 0.0495081 0.5)
(0.798436 0.0494481 0.5)
(0.798436 0.0493838 0.5)
(0.798436 0.0493151 0.5)
(0.798436 0.0492416 0.5)
(0.798436 0.049163 0.5)
(0.798436 0.049079 0.5)
(0.798436 0.0489891 0.5)
(0.798436 0.0488929 0.5)
(0.798436 0.0487901 0.5)
(0.798436 0.0486801 0.5)
(0.798436 0.0485625 0.5)
(0.798436 0.0484367 0.5)
(0.798435 0.0483021 0.5)
(0.798435 0.0481582 0.5)
(0.798435 0.0480043 0.5)
(0.798435 0.0478397 0.5)
(0.798435 0.0476636 0.5)
(0.798435 0.0474753 0.5)
(0.798435 0.0472739 0.5)
(0.798435 0.0470585 0.5)
(0.798435 0.0468282 0.5)
(0.798435 0.0465818 0.5)
(0.798435 0.0463183 0.5)
(0.798435 0.0460365 0.5)
(0.798434 0.0457351 0.5)
(0.798434 0.0454127 0.5)
(0.798434 0.0450679 0.5)
(0.798434 0.0446992 0.5)
(0.798434 0.0443048 0.5)
(0.798434 0.043883 0.5)
(0.798434 0.0434319 0.5)
(0.798433 0.0429494 0.5)
(0.798433 0.0424334 0.5)
(0.798433 0.0418815 0.5)
(0.798433 0.0412912 0.5)
(0.798432 0.0406599 0.5)
(0.798432 0.0399847 0.5)
(0.798432 0.0392626 0.5)
(0.798432 0.0384903 0.5)
(0.798431 0.0376643 0.5)
(0.798431 0.0367808 0.5)
(0.798431 0.035836 0.5)
(0.79843 0.0348254 0.5)
(0.79843 0.0337447 0.5)
(0.798429 0.0325887 0.5)
(0.798429 0.0313525 0.5)
(0.798428 0.0300302 0.5)
(0.798428 0.0286161 0.5)
(0.798427 0.0271036 0.5)
(0.798427 0.025486 0.5)
(0.798426 0.023756 0.5)
(0.798425 0.0219056 0.5)
(0.798424 0.0199267 0.5)
(0.798424 0.0178102 0.5)
(0.798423 0.0155465 0.5)
(0.798422 0.0131255 0.5)
(0.798421 0.0105361 0.5)
(0.79842 0.00776676 0.5)
(0.798418 0.00480488 0.5)
(0.798417 0.0016371 0.5)
(0.803968 0.0502493 0.5)
(0.803968 0.0502373 0.5)
(0.803968 0.0502245 0.5)
(0.803968 0.0502108 0.5)
(0.803968 0.0501961 0.5)
(0.803968 0.0501805 0.5)
(0.803968 0.0501637 0.5)
(0.803968 0.0501458 0.5)
(0.803968 0.0501266 0.5)
(0.803968 0.0501061 0.5)
(0.803968 0.0500841 0.5)
(0.803968 0.0500607 0.5)
(0.803968 0.0500356 0.5)
(0.803968 0.0500087 0.5)
(0.803968 0.04998 0.5)
(0.803968 0.0499493 0.5)
(0.803968 0.0499165 0.5)
(0.803968 0.0498813 0.5)
(0.803968 0.0498438 0.5)
(0.803968 0.0498036 0.5)
(0.803968 0.0497606 0.5)
(0.803968 0.0497147 0.5)
(0.803968 0.0496655 0.5)
(0.803968 0.049613 0.5)
(0.803968 0.0495568 0.5)
(0.803968 0.0494966 0.5)
(0.803968 0.0494323 0.5)
(0.803968 0.0493636 0.5)
(0.803968 0.04929 0.5)
(0.803968 0.0492113 0.5)
(0.803968 0.0491272 0.5)
(0.803968 0.0490372 0.5)
(0.803967 0.0489409 0.5)
(0.803967 0.048838 0.5)
(0.803967 0.0487279 0.5)
(0.803967 0.0486102 0.5)
(0.803967 0.0484842 0.5)
(0.803967 0.0483495 0.5)
(0.803967 0.0482055 0.5)
(0.803967 0.0480514 0.5)
(0.803967 0.0478867 0.5)
(0.803967 0.0477104 0.5)
(0.803967 0.0475219 0.5)
(0.803967 0.0473204 0.5)
(0.803967 0.0471048 0.5)
(0.803967 0.0468742 0.5)
(0.803966 0.0466276 0.5)
(0.803966 0.0463638 0.5)
(0.803966 0.0460817 0.5)
(0.803966 0.04578 0.5)
(0.803966 0.0454573 0.5)
(0.803966 0.0451122 0.5)
(0.803966 0.0447431 0.5)
(0.803966 0.0443483 0.5)
(0.803965 0.0439261 0.5)
(0.803965 0.0434745 0.5)
(0.803965 0.0429916 0.5)
(0.803965 0.0424751 0.5)
(0.803964 0.0419226 0.5)
(0.803964 0.0413318 0.5)
(0.803964 0.0406999 0.5)
(0.803964 0.040024 0.5)
(0.803963 0.0393012 0.5)
(0.803963 0.0385281 0.5)
(0.803963 0.0377013 0.5)
(0.803962 0.036817 0.5)
(0.803962 0.0358712 0.5)
(0.803961 0.0348597 0.5)
(0.803961 0.0337778 0.5)
(0.80396 0.0326207 0.5)
(0.80396 0.0313833 0.5)
(0.803959 0.0300597 0.5)
(0.803959 0.0286442 0.5)
(0.803958 0.0271302 0.5)
(0.803957 0.0255111 0.5)
(0.803957 0.0237793 0.5)
(0.803956 0.0219272 0.5)
(0.803955 0.0199463 0.5)
(0.803954 0.0178277 0.5)
(0.803953 0.0155618 0.5)
(0.803952 0.0131383 0.5)
(0.803951 0.0105465 0.5)
(0.80395 0.00777439 0.5)
(0.803948 0.0048096 0.5)
(0.803947 0.00163871 0.5)
(0.809528 0.0503041 0.5)
(0.809528 0.0502921 0.5)
(0.809528 0.0502793 0.5)
(0.809528 0.0502656 0.5)
(0.809528 0.0502509 0.5)
(0.809527 0.0502352 0.5)
(0.809527 0.0502184 0.5)
(0.809527 0.0502005 0.5)
(0.809527 0.0501813 0.5)
(0.809527 0.0501607 0.5)
(0.809527 0.0501388 0.5)
(0.809527 0.0501153 0.5)
(0.809527 0.0500902 0.5)
(0.809527 0.0500633 0.5)
(0.809527 0.0500345 0.5)
(0.809527 0.0500038 0.5)
(0.809527 0.0499709 0.5)
(0.809527 0.0499358 0.5)
(0.809527 0.0498982 0.5)
(0.809527 0.049858 0.5)
(0.809527 0.0498149 0.5)
(0.809527 0.0497689 0.5)
(0.809527 0.0497197 0.5)
(0.809527 0.0496671 0.5)
(0.809527 0.0496108 0.5)
(0.809527 0.0495506 0.5)
(0.809527 0.0494863 0.5)
(0.809527 0.0494174 0.5)
(0.809527 0.0493438 0.5)
(0.809527 0.049265 0.5)
(0.809527 0.0491808 0.5)
(0.809527 0.0490907 0.5)
(0.809527 0.0489943 0.5)
(0.809527 0.0488913 0.5)
(0.809527 0.0487811 0.5)
(0.809527 0.0486632 0.5)
(0.809527 0.0485371 0.5)
(0.809527 0.0484023 0.5)
(0.809527 0.0482581 0.5)
(0.809526 0.0481039 0.5)
(0.809526 0.0479389 0.5)
(0.809526 0.0477625 0.5)
(0.809526 0.0475738 0.5)
(0.809526 0.047372 0.5)
(0.809526 0.0471562 0.5)
(0.809526 0.0469253 0.5)
(0.809526 0.0466784 0.5)
(0.809526 0.0464144 0.5)
(0.809526 0.046132 0.5)
(0.809525 0.0458299 0.5)
(0.809525 0.0455069 0.5)
(0.809525 0.0451614 0.5)
(0.809525 0.0447919 0.5)
(0.809525 0.0443967 0.5)
(0.809525 0.043974 0.5)
(0.809524 0.043522 0.5)
(0.809524 0.0430385 0.5)
(0.809524 0.0425214 0.5)
(0.809524 0.0419684 0.5)
(0.809523 0.0413769 0.5)
(0.809523 0.0407443 0.5)
(0.809523 0.0400677 0.5)
(0.809522 0.0393441 0.5)
(0.809522 0.0385701 0.5)
(0.809522 0.0377424 0.5)
(0.809521 0.0368571 0.5)
(0.809521 0.0359103 0.5)
(0.80952 0.0348977 0.5)
(0.80952 0.0338147 0.5)
(0.809519 0.0326563 0.5)
(0.809519 0.0314175 0.5)
(0.809518 0.0300925 0.5)
(0.809517 0.0286754 0.5)
(0.809516 0.0271599 0.5)
(0.809516 0.0255389 0.5)
(0.809515 0.0238053 0.5)
(0.809514 0.0219511 0.5)
(0.809513 0.019968 0.5)
(0.809512 0.0178471 0.5)
(0.809511 0.0155787 0.5)
(0.80951 0.0131527 0.5)
(0.809509 0.010558 0.5)
(0.809507 0.00778287 0.5)
(0.809506 0.00481485 0.5)
(0.809504 0.0016405 0.5)
(0.815115 0.0503645 0.5)
(0.815115 0.0503525 0.5)
(0.815115 0.0503397 0.5)
(0.815115 0.0503259 0.5)
(0.815115 0.0503112 0.5)
(0.815115 0.0502955 0.5)
(0.815115 0.0502787 0.5)
(0.815115 0.0502607 0.5)
(0.815115 0.0502415 0.5)
(0.815115 0.050221 0.5)
(0.815115 0.050199 0.5)
(0.815115 0.0501755 0.5)
(0.815115 0.0501503 0.5)
(0.815115 0.0501234 0.5)
(0.815115 0.0500946 0.5)
(0.815115 0.0500638 0.5)
(0.815115 0.0500309 0.5)
(0.815115 0.0499957 0.5)
(0.815115 0.0499581 0.5)
(0.815115 0.0499178 0.5)
(0.815114 0.0498748 0.5)
(0.815114 0.0498287 0.5)
(0.815114 0.0497794 0.5)
(0.815114 0.0497268 0.5)
(0.815114 0.0496704 0.5)
(0.815114 0.0496101 0.5)
(0.815114 0.0495457 0.5)
(0.815114 0.0494768 0.5)
(0.815114 0.049403 0.5)
(0.815114 0.0493242 0.5)
(0.815114 0.0492398 0.5)
(0.815114 0.0491496 0.5)
(0.815114 0.0490532 0.5)
(0.815114 0.04895 0.5)
(0.815114 0.0488397 0.5)
(0.815114 0.0487216 0.5)
(0.815114 0.0485954 0.5)
(0.815114 0.0484604 0.5)
(0.815114 0.048316 0.5)
(0.815114 0.0481616 0.5)
(0.815114 0.0479965 0.5)
(0.815113 0.0478198 0.5)
(0.815113 0.0476309 0.5)
(0.815113 0.0474289 0.5)
(0.815113 0.0472128 0.5)
(0.815113 0.0469817 0.5)
(0.815113 0.0467345 0.5)
(0.815113 0.0464701 0.5)
(0.815113 0.0461874 0.5)
(0.815112 0.045885 0.5)
(0.815112 0.0455615 0.5)
(0.815112 0.0452156 0.5)
(0.815112 0.0448457 0.5)
(0.815112 0.04445 0.5)
(0.815111 0.0440268 0.5)
(0.815111 0.0435742 0.5)
(0.815111 0.0430902 0.5)
(0.815111 0.0425725 0.5)
(0.81511 0.0420188 0.5)
(0.81511 0.0414266 0.5)
(0.81511 0.0407932 0.5)
(0.815109 0.0401158 0.5)
(0.815109 0.0393913 0.5)
(0.815109 0.0386164 0.5)
(0.815108 0.0377877 0.5)
(0.815108 0.0369014 0.5)
(0.815107 0.0359534 0.5)
(0.815107 0.0349396 0.5)
(0.815106 0.0338553 0.5)
(0.815106 0.0326956 0.5)
(0.815105 0.0314552 0.5)
(0.815104 0.0301287 0.5)
(0.815104 0.0287099 0.5)
(0.815103 0.0271925 0.5)
(0.815102 0.0255696 0.5)
(0.815101 0.0238338 0.5)
(0.8151 0.0219774 0.5)
(0.815099 0.019992 0.5)
(0.815098 0.0178685 0.5)
(0.815097 0.0155974 0.5)
(0.815095 0.0131685 0.5)
(0.815094 0.0105706 0.5)
(0.815093 0.00779221 0.5)
(0.815091 0.00482063 0.5)
(0.815089 0.00164247 0.5)
(0.82073 0.0504305 0.5)
(0.82073 0.0504185 0.5)
(0.82073 0.0504057 0.5)
(0.82073 0.0503919 0.5)
(0.82073 0.0503772 0.5)
(0.82073 0.0503614 0.5)
(0.82073 0.0503446 0.5)
(0.82073 0.0503266 0.5)
(0.82073 0.0503074 0.5)
(0.82073 0.0502868 0.5)
(0.82073 0.0502648 0.5)
(0.82073 0.0502412 0.5)
(0.82073 0.050216 0.5)
(0.82073 0.0501891 0.5)
(0.82073 0.0501603 0.5)
(0.82073 0.0501295 0.5)
(0.82073 0.0500965 0.5)
(0.82073 0.0500613 0.5)
(0.82073 0.0500236 0.5)
(0.82073 0.0499832 0.5)
(0.82073 0.0499401 0.5)
(0.82073 0.049894 0.5)
(0.82073 0.0498447 0.5)
(0.820729 0.0497919 0.5)
(0.820729 0.0497355 0.5)
(0.820729 0.0496752 0.5)
(0.820729 0.0496106 0.5)
(0.820729 0.0495416 0.5)
(0.820729 0.0494678 0.5)
(0.820729 0.0493888 0.5)
(0.820729 0.0493044 0.5)
(0.820729 0.0492141 0.5)
(0.820729 0.0491175 0.5)
(0.820729 0.0490142 0.5)
(0.820729 0.0489037 0.5)
(0.820729 0.0487855 0.5)
(0.820729 0.0486591 0.5)
(0.820729 0.0485239 0.5)
(0.820729 0.0483794 0.5)
(0.820729 0.0482247 0.5)
(0.820729 0.0480594 0.5)
(0.820728 0.0478825 0.5)
(0.820728 0.0476933 0.5)
(0.820728 0.047491 0.5)
(0.820728 0.0472747 0.5)
(0.820728 0.0470432 0.5)
(0.820728 0.0467957 0.5)
(0.820728 0.046531 0.5)
(0.820727 0.0462479 0.5)
(0.820727 0.0459451 0.5)
(0.820727 0.0456213 0.5)
(0.820727 0.0452749 0.5)
(0.820727 0.0449045 0.5)
(0.820727 0.0445083 0.5)
(0.820726 0.0440845 0.5)
(0.820726 0.0436313 0.5)
(0.820726 0.0431466 0.5)
(0.820725 0.0426283 0.5)
(0.820725 0.0420738 0.5)
(0.820725 0.0414809 0.5)
(0.820724 0.0408467 0.5)
(0.820724 0.0401684 0.5)
(0.820724 0.0394429 0.5)
(0.820723 0.0386671 0.5)
(0.820723 0.0378373 0.5)
(0.820722 0.0369498 0.5)
(0.820722 0.0360006 0.5)
(0.820721 0.0349854 0.5)
(0.820721 0.0338996 0.5)
(0.82072 0.0327384 0.5)
(0.820719 0.0314964 0.5)
(0.820718 0.0301681 0.5)
(0.820718 0.0287475 0.5)
(0.820717 0.0272281 0.5)
(0.820716 0.0256031 0.5)
(0.820715 0.0238651 0.5)
(0.820714 0.0220063 0.5)
(0.820713 0.0200182 0.5)
(0.820712 0.017892 0.5)
(0.82071 0.0156179 0.5)
(0.820709 0.0131857 0.5)
(0.820708 0.0105845 0.5)
(0.820706 0.00780243 0.5)
(0.820704 0.00482695 0.5)
(0.820703 0.00164462 0.5)
(0.826373 0.0505022 0.5)
(0.826373 0.0504902 0.5)
(0.826373 0.0504773 0.5)
(0.826373 0.0504635 0.5)
(0.826373 0.0504488 0.5)
(0.826373 0.050433 0.5)
(0.826373 0.0504162 0.5)
(0.826373 0.0503981 0.5)
(0.826373 0.0503789 0.5)
(0.826373 0.0503583 0.5)
(0.826373 0.0503362 0.5)
(0.826373 0.0503126 0.5)
(0.826373 0.0502874 0.5)
(0.826373 0.0502604 0.5)
(0.826373 0.0502316 0.5)
(0.826373 0.0502007 0.5)
(0.826373 0.0501677 0.5)
(0.826373 0.0501324 0.5)
(0.826373 0.0500947 0.5)
(0.826373 0.0500543 0.5)
(0.826373 0.0500111 0.5)
(0.826373 0.0499649 0.5)
(0.826373 0.0499155 0.5)
(0.826373 0.0498627 0.5)
(0.826373 0.0498062 0.5)
(0.826372 0.0497458 0.5)
(0.826372 0.0496811 0.5)
(0.826372 0.049612 0.5)
(0.826372 0.0495381 0.5)
(0.826372 0.049459 0.5)
(0.826372 0.0493744 0.5)
(0.826372 0.049284 0.5)
(0.826372 0.0491873 0.5)
(0.826372 0.0490838 0.5)
(0.826372 0.0489732 0.5)
(0.826372 0.0488548 0.5)
(0.826372 0.0487283 0.5)
(0.826372 0.0485929 0.5)
(0.826372 0.0484481 0.5)
(0.826372 0.0482933 0.5)
(0.826372 0.0481277 0.5)
(0.826371 0.0479506 0.5)
(0.826371 0.0477611 0.5)
(0.826371 0.0475585 0.5)
(0.826371 0.0473418 0.5)
(0.826371 0.0471101 0.5)
(0.826371 0.0468622 0.5)
(0.826371 0.0465972 0.5)
(0.82637 0.0463136 0.5)
(0.82637 0.0460104 0.5)
(0.82637 0.0456861 0.5)
(0.82637 0.0453392 0.5)
(0.82637 0.0449683 0.5)
(0.826369 0.0445715 0.5)
(0.826369 0.0441472 0.5)
(0.826369 0.0436934 0.5)
(0.826369 0.043208 0.5)
(0.826368 0.0426888 0.5)
(0.826368 0.0421336 0.5)
(0.826368 0.0415398 0.5)
(0.826367 0.0409047 0.5)
(0.826367 0.0402255 0.5)
(0.826366 0.039499 0.5)
(0.826366 0.038722 0.5)
(0.826365 0.037891 0.5)
(0.826365 0.0370023 0.5)
(0.826364 0.0360517 0.5)
(0.826364 0.0350351 0.5)
(0.826363 0.0339478 0.5)
(0.826362 0.0327849 0.5)
(0.826362 0.0315412 0.5)
(0.826361 0.030211 0.5)
(0.82636 0.0287884 0.5)
(0.826359 0.0272668 0.5)
(0.826358 0.0256395 0.5)
(0.826357 0.023899 0.5)
(0.826356 0.0220375 0.5)
(0.826355 0.0200467 0.5)
(0.826353 0.0179174 0.5)
(0.826352 0.0156401 0.5)
(0.826351 0.0132045 0.5)
(0.826349 0.0105995 0.5)
(0.826347 0.00781351 0.5)
(0.826346 0.00483381 0.5)
(0.826344 0.00164696 0.5)
(0.832044 0.0505796 0.5)
(0.832044 0.0505675 0.5)
(0.832044 0.0505546 0.5)
(0.832044 0.0505408 0.5)
(0.832044 0.0505261 0.5)
(0.832044 0.0505103 0.5)
(0.832044 0.0504934 0.5)
(0.832044 0.0504754 0.5)
(0.832044 0.050456 0.5)
(0.832044 0.0504354 0.5)
(0.832044 0.0504133 0.5)
(0.832044 0.0503897 0.5)
(0.832044 0.0503644 0.5)
(0.832044 0.0503374 0.5)
(0.832044 0.0503085 0.5)
(0.832044 0.0502776 0.5)
(0.832044 0.0502446 0.5)
(0.832044 0.0502092 0.5)
(0.832044 0.0501714 0.5)
(0.832044 0.050131 0.5)
(0.832044 0.0500877 0.5)
(0.832044 0.0500415 0.5)
(0.832044 0.049992 0.5)
(0.832044 0.0499391 0.5)
(0.832044 0.0498825 0.5)
(0.832044 0.049822 0.5)
(0.832044 0.0497572 0.5)
(0.832044 0.049688 0.5)
(0.832044 0.049614 0.5)
(0.832044 0.0495348 0.5)
(0.832043 0.0494501 0.5)
(0.832043 0.0493595 0.5)
(0.832043 0.0492626 0.5)
(0.832043 0.049159 0.5)
(0.832043 0.0490482 0.5)
(0.832043 0.0489297 0.5)
(0.832043 0.0488029 0.5)
(0.832043 0.0486673 0.5)
(0.832043 0.0485223 0.5)
(0.832043 0.0483673 0.5)
(0.832043 0.0482014 0.5)
(0.832043 0.048024 0.5)
(0.832042 0.0478343 0.5)
(0.832042 0.0476314 0.5)
(0.832042 0.0474144 0.5)
(0.832042 0.0471823 0.5)
(0.832042 0.046934 0.5)
(0.832042 0.0466685 0.5)
(0.832041 0.0463846 0.5)
(0.832041 0.0460809 0.5)
(0.832041 0.0457561 0.5)
(0.832041 0.0454087 0.5)
(0.832041 0.0450372 0.5)
(0.83204 0.0446398 0.5)
(0.83204 0.0442148 0.5)
(0.83204 0.0437603 0.5)
(0.83204 0.0432742 0.5)
(0.832039 0.0427542 0.5)
(0.832039 0.0421982 0.5)
(0.832038 0.0416034 0.5)
(0.832038 0.0409674 0.5)
(0.832038 0.0402871 0.5)
(0.832037 0.0395595 0.5)
(0.832037 0.0387813 0.5)
(0.832036 0.0379491 0.5)
(0.832036 0.037059 0.5)
(0.832035 0.036107 0.5)
(0.832034 0.0350888 0.5)
(0.832034 0.0339998 0.5)
(0.832033 0.0328352 0.5)
(0.832032 0.0315895 0.5)
(0.832031 0.0302573 0.5)
(0.83203 0.0288325 0.5)
(0.832029 0.0273086 0.5)
(0.832028 0.0256787 0.5)
(0.832027 0.0239356 0.5)
(0.832026 0.0220713 0.5)
(0.832025 0.0200774 0.5)
(0.832023 0.0179448 0.5)
(0.832022 0.015664 0.5)
(0.83202 0.0132247 0.5)
(0.832019 0.0106158 0.5)
(0.832017 0.00782548 0.5)
(0.832015 0.00484121 0.5)
(0.832013 0.00164948 0.5)
(0.837744 0.0506627 0.5)
(0.837744 0.0506506 0.5)
(0.837744 0.0506377 0.5)
(0.837744 0.0506239 0.5)
(0.837744 0.0506091 0.5)
(0.837744 0.0505933 0.5)
(0.837744 0.0505764 0.5)
(0.837744 0.0505583 0.5)
(0.837744 0.050539 0.5)
(0.837744 0.0505183 0.5)
(0.837744 0.0504962 0.5)
(0.837744 0.0504725 0.5)
(0.837744 0.0504472 0.5)
(0.837744 0.0504201 0.5)
(0.837744 0.0503912 0.5)
(0.837743 0.0503602 0.5)
(0.837743 0.0503271 0.5)
(0.837743 0.0502917 0.5)
(0.837743 0.0502538 0.5)
(0.837743 0.0502133 0.5)
(0.837743 0.05017 0.5)
(0.837743 0.0501237 0.5)
(0.837743 0.0500741 0.5)
(0.837743 0.0500211 0.5)
(0.837743 0.0499645 0.5)
(0.837743 0.0499038 0.5)
(0.837743 0.049839 0.5)
(0.837743 0.0497697 0.5)
(0.837743 0.0496955 0.5)
(0.837743 0.0496162 0.5)
(0.837743 0.0495313 0.5)
(0.837743 0.0494406 0.5)
(0.837743 0.0493436 0.5)
(0.837743 0.0492398 0.5)
(0.837743 0.0491288 0.5)
(0.837743 0.0490101 0.5)
(0.837742 0.0488831 0.5)
(0.837742 0.0487473 0.5)
(0.837742 0.0486021 0.5)
(0.837742 0.0484467 0.5)
(0.837742 0.0482806 0.5)
(0.837742 0.0481029 0.5)
(0.837742 0.0479129 0.5)
(0.837742 0.0477097 0.5)
(0.837742 0.0474923 0.5)
(0.837741 0.0472598 0.5)
(0.837741 0.0470112 0.5)
(0.837741 0.0467452 0.5)
(0.837741 0.0464608 0.5)
(0.837741 0.0461566 0.5)
(0.83774 0.0458313 0.5)
(0.83774 0.0454833 0.5)
(0.83774 0.0451112 0.5)
(0.83774 0.0447132 0.5)
(0.837739 0.0442875 0.5)
(0.837739 0.0438322 0.5)
(0.837739 0.0433453 0.5)
(0.837738 0.0428245 0.5)
(0.837738 0.0422675 0.5)
(0.837738 0.0416718 0.5)
(0.837737 0.0410347 0.5)
(0.837737 0.0403533 0.5)
(0.837736 0.0396245 0.5)
(0.837736 0.0388451 0.5)
(0.837735 0.0380114 0.5)
(0.837735 0.0371199 0.5)
(0.837734 0.0361663 0.5)
(0.837733 0.0351464 0.5)
(0.837733 0.0340557 0.5)
(0.837732 0.0328891 0.5)
(0.837731 0.0316414 0.5)
(0.83773 0.030307 0.5)
(0.837729 0.0288798 0.5)
(0.837728 0.0273534 0.5)
(0.837727 0.0257209 0.5)
(0.837726 0.0239749 0.5)
(0.837724 0.0221076 0.5)
(0.837723 0.0201104 0.5)
(0.837722 0.0179743 0.5)
(0.83772 0.0156898 0.5)
(0.837719 0.0132464 0.5)
(0.837717 0.0106332 0.5)
(0.837715 0.00783834 0.5)
(0.837713 0.00484917 0.5)
(0.837711 0.00165219 0.5)
(0.843472 0.0507516 0.5)
(0.843472 0.0507395 0.5)
(0.843472 0.0507265 0.5)
(0.843472 0.0507127 0.5)
(0.843472 0.0506979 0.5)
(0.843472 0.050682 0.5)
(0.843472 0.0506651 0.5)
(0.843472 0.050647 0.5)
(0.843472 0.0506276 0.5)
(0.843472 0.0506069 0.5)
(0.843472 0.0505847 0.5)
(0.843472 0.050561 0.5)
(0.843471 0.0505357 0.5)
(0.843471 0.0505086 0.5)
(0.843471 0.0504796 0.5)
(0.843471 0.0504486 0.5)
(0.843471 0.0504154 0.5)
(0.843471 0.0503799 0.5)
(0.843471 0.050342 0.5)
(0.843471 0.0503014 0.5)
(0.843471 0.050258 0.5)
(0.843471 0.0502116 0.5)
(0.843471 0.050162 0.5)
(0.843471 0.0501089 0.5)
(0.843471 0.0500521 0.5)
(0.843471 0.0499914 0.5)
(0.843471 0.0499264 0.5)
(0.843471 0.049857 0.5)
(0.843471 0.0497827 0.5)
(0.843471 0.0497032 0.5)
(0.843471 0.0496182 0.5)
(0.843471 0.0495273 0.5)
(0.843471 0.0494301 0.5)
(0.843471 0.0493262 0.5)
(0.843471 0.049215 0.5)
(0.84347 0.0490961 0.5)
(0.84347 0.0489689 0.5)
(0.84347 0.0488328 0.5)
(0.84347 0.0486873 0.5)
(0.84347 0.0485317 0.5)
(0.84347 0.0483653 0.5)
(0.84347 0.0481873 0.5)
(0.84347 0.047997 0.5)
(0.84347 0.0477934 0.5)
(0.843469 0.0475756 0.5)
(0.843469 0.0473427 0.5)
(0.843469 0.0470936 0.5)
(0.843469 0.0468272 0.5)
(0.843469 0.0465423 0.5)
(0.843468 0.0462376 0.5)
(0.843468 0.0459117 0.5)
(0.843468 0.0455631 0.5)
(0.843468 0.0451903 0.5)
(0.843467 0.0447916 0.5)
(0.843467 0.0443652 0.5)
(0.843467 0.0439091 0.5)
(0.843466 0.0434213 0.5)
(0.843466 0.0428996 0.5)
(0.843466 0.0423417 0.5)
(0.843465 0.0417449 0.5)
(0.843465 0.0411067 0.5)
(0.843464 0.0404241 0.5)
(0.843464 0.039694 0.5)
(0.843463 0.0389132 0.5)
(0.843463 0.0380781 0.5)
(0.843462 0.037185 0.5)
(0.843461 0.0362297 0.5)
(0.843461 0.0352081 0.5)
(0.84346 0.0341154 0.5)
(0.843459 0.0329468 0.5)
(0.843458 0.0316969 0.5)
(0.843457 0.0303602 0.5)
(0.843456 0.0289305 0.5)
(0.843455 0.0274014 0.5)
(0.843454 0.0257661 0.5)
(0.843453 0.024017 0.5)
(0.843451 0.0221463 0.5)
(0.84345 0.0201456 0.5)
(0.843448 0.0180059 0.5)
(0.843447 0.0157173 0.5)
(0.843445 0.0132697 0.5)
(0.843443 0.0106519 0.5)
(0.843441 0.00785209 0.5)
(0.843439 0.00485768 0.5)
(0.843437 0.00165509 0.5)
(0.849228 0.0508463 0.5)
(0.849228 0.0508341 0.5)
(0.849228 0.0508212 0.5)
(0.849228 0.0508073 0.5)
(0.849228 0.0507925 0.5)
(0.849228 0.0507766 0.5)
(0.849228 0.0507596 0.5)
(0.849228 0.0507415 0.5)
(0.849228 0.0507221 0.5)
(0.849228 0.0507013 0.5)
(0.849228 0.0506791 0.5)
(0.849228 0.0506554 0.5)
(0.849228 0.05063 0.5)
(0.849228 0.0506028 0.5)
(0.849228 0.0505738 0.5)
(0.849228 0.0505427 0.5)
(0.849228 0.0505095 0.5)
(0.849228 0.0504739 0.5)
(0.849228 0.0504359 0.5)
(0.849228 0.0503953 0.5)
(0.849228 0.0503518 0.5)
(0.849228 0.0503053 0.5)
(0.849228 0.0502556 0.5)
(0.849228 0.0502024 0.5)
(0.849228 0.0501455 0.5)
(0.849228 0.0500846 0.5)
(0.849228 0.0500196 0.5)
(0.849227 0.04995 0.5)
(0.849227 0.0498756 0.5)
(0.849227 0.0497959 0.5)
(0.849227 0.0497108 0.5)
(0.849227 0.0496197 0.5)
(0.849227 0.0495224 0.5)
(0.849227 0.0494182 0.5)
(0.849227 0.0493068 0.5)
(0.849227 0.0491876 0.5)
(0.849227 0.0490602 0.5)
(0.849227 0.0489239 0.5)
(0.849227 0.0487782 0.5)
(0.849226 0.0486223 0.5)
(0.849226 0.0484555 0.5)
(0.849226 0.0482772 0.5)
(0.849226 0.0480865 0.5)
(0.849226 0.0478825 0.5)
(0.849226 0.0476644 0.5)
(0.849226 0.047431 0.5)
(0.849225 0.0471815 0.5)
(0.849225 0.0469146 0.5)
(0.849225 0.0466291 0.5)
(0.849225 0.0463238 0.5)
(0.849225 0.0459973 0.5)
(0.849224 0.0456481 0.5)
(0.849224 0.0452746 0.5)
(0.849224 0.0448752 0.5)
(0.849223 0.0444479 0.5)
(0.849223 0.043991 0.5)
(0.849223 0.0435023 0.5)
(0.849222 0.0429797 0.5)
(0.849222 0.0424207 0.5)
(0.849221 0.0418228 0.5)
(0.849221 0.0411834 0.5)
(0.84922 0.0404995 0.5)
(0.84922 0.0397681 0.5)
(0.849219 0.0389858 0.5)
(0.849219 0.0381492 0.5)
(0.849218 0.0372543 0.5)
(0.849217 0.0362973 0.5)
(0.849217 0.0352738 0.5)
(0.849216 0.0341791 0.5)
(0.849215 0.0330083 0.5)
(0.849214 0.0317561 0.5)
(0.849213 0.0304168 0.5)
(0.849212 0.0289845 0.5)
(0.849211 0.0274526 0.5)
(0.84921 0.0258141 0.5)
(0.849208 0.0240618 0.5)
(0.849207 0.0221877 0.5)
(0.849205 0.0201832 0.5)
(0.849204 0.0180394 0.5)
(0.849202 0.0157466 0.5)
(0.8492 0.0132944 0.5)
(0.849198 0.0106717 0.5)
(0.849196 0.00786674 0.5)
(0.849194 0.00486674 0.5)
(0.849192 0.00165818 0.5)
(0.855013 0.0509468 0.5)
(0.855013 0.0509346 0.5)
(0.855013 0.0509216 0.5)
(0.855013 0.0509077 0.5)
(0.855013 0.0508929 0.5)
(0.855013 0.050877 0.5)
(0.855013 0.05086 0.5)
(0.855013 0.0508418 0.5)
(0.855013 0.0508223 0.5)
(0.855013 0.0508015 0.5)
(0.855013 0.0507793 0.5)
(0.855013 0.0507555 0.5)
(0.855013 0.0507301 0.5)
(0.855013 0.0507028 0.5)
(0.855013 0.0506737 0.5)
(0.855013 0.0506426 0.5)
(0.855013 0.0506093 0.5)
(0.855013 0.0505737 0.5)
(0.855013 0.0505356 0.5)
(0.855013 0.0504949 0.5)
(0.855013 0.0504513 0.5)
(0.855013 0.0504047 0.5)
(0.855013 0.0503549 0.5)
(0.855013 0.0503016 0.5)
(0.855013 0.0502446 0.5)
(0.855013 0.0501837 0.5)
(0.855013 0.0501185 0.5)
(0.855013 0.0500487 0.5)
(0.855013 0.0499741 0.5)
(0.855013 0.0498944 0.5)
(0.855012 0.0498091 0.5)
(0.855012 0.0497178 0.5)
(0.855012 0.0496203 0.5)
(0.855012 0.0495159 0.5)
(0.855012 0.0494043 0.5)
(0.855012 0.0492849 0.5)
(0.855012 0.0491572 0.5)
(0.855012 0.0490206 0.5)
(0.855012 0.0488746 0.5)
(0.855012 0.0487184 0.5)
(0.855011 0.0485513 0.5)
(0.855011 0.0483727 0.5)
(0.855011 0.0481816 0.5)
(0.855011 0.0479772 0.5)
(0.855011 0.0477586 0.5)
(0.855011 0.0475248 0.5)
(0.85501 0.0472748 0.5)
(0.85501 0.0470073 0.5)
(0.85501 0.0467213 0.5)
(0.85501 0.0464154 0.5)
(0.85501 0.0460883 0.5)
(0.855009 0.0457384 0.5)
(0.855009 0.0453641 0.5)
(0.855009 0.0449639 0.5)
(0.855008 0.0445358 0.5)
(0.855008 0.044078 0.5)
(0.855008 0.0435883 0.5)
(0.855007 0.0430646 0.5)
(0.855007 0.0425045 0.5)
(0.855006 0.0419055 0.5)
(0.855006 0.0412648 0.5)
(0.855005 0.0405795 0.5)
(0.855005 0.0398467 0.5)
(0.855004 0.0390629 0.5)
(0.855003 0.0382246 0.5)
(0.855003 0.037328 0.5)
(0.855002 0.0363691 0.5)
(0.855001 0.0353435 0.5)
(0.855 0.0342466 0.5)
(0.855 0.0330735 0.5)
(0.854999 0.0318189 0.5)
(0.854998 0.030477 0.5)
(0.854996 0.0290418 0.5)
(0.854995 0.0275068 0.5)
(0.854994 0.0258652 0.5)
(0.854993 0.0241094 0.5)
(0.854991 0.0222315 0.5)
(0.85499 0.0202231 0.5)
(0.854988 0.0180751 0.5)
(0.854986 0.0157778 0.5)
(0.854984 0.0133207 0.5)
(0.854982 0.0106928 0.5)
(0.85498 0.00788229 0.5)
(0.854978 0.00487636 0.5)
(0.854975 0.00166145 0.5)
(0.860827 0.0510531 0.5)
(0.860827 0.051041 0.5)
(0.860827 0.0510279 0.5)
(0.860827 0.051014 0.5)
(0.860827 0.0509991 0.5)
(0.860827 0.0509832 0.5)
(0.860827 0.0509661 0.5)
(0.860827 0.0509479 0.5)
(0.860827 0.0509284 0.5)
(0.860827 0.0509076 0.5)
(0.860827 0.0508853 0.5)
(0.860827 0.0508615 0.5)
(0.860827 0.050836 0.5)
(0.860827 0.0508087 0.5)
(0.860827 0.0507795 0.5)
(0.860827 0.0507483 0.5)
(0.860827 0.050715 0.5)
(0.860827 0.0506793 0.5)
(0.860827 0.0506411 0.5)
(0.860827 0.0506003 0.5)
(0.860827 0.0505567 0.5)
(0.860827 0.05051 0.5)
(0.860827 0.05046 0.5)
(0.860827 0.0504066 0.5)
(0.860827 0.0503495 0.5)
(0.860827 0.0502884 0.5)
(0.860827 0.0502231 0.5)
(0.860827 0.0501532 0.5)
(0.860827 0.0500785 0.5)
(0.860826 0.0499985 0.5)
(0.860826 0.0499131 0.5)
(0.860826 0.0498216 0.5)
(0.860826 0.0497238 0.5)
(0.860826 0.0496193 0.5)
(0.860826 0.0495074 0.5)
(0.860826 0.0493878 0.5)
(0.860826 0.0492598 0.5)
(0.860826 0.049123 0.5)
(0.860826 0.0489766 0.5)
(0.860826 0.0488201 0.5)
(0.860825 0.0486527 0.5)
(0.860825 0.0484736 0.5)
(0.860825 0.0482821 0.5)
(0.860825 0.0480773 0.5)
(0.860825 0.0478583 0.5)
(0.860825 0.047624 0.5)
(0.860824 0.0473735 0.5)
(0.860824 0.0471055 0.5)
(0.860824 0.0468189 0.5)
(0.860824 0.0465123 0.5)
(0.860823 0.0461845 0.5)
(0.860823 0.0458338 0.5)
(0.860823 0.0454588 0.5)
(0.860823 0.0450577 0.5)
(0.860822 0.0446288 0.5)
(0.860822 0.04417 0.5)
(0.860821 0.0436793 0.5)
(0.860821 0.0431545 0.5)
(0.860821 0.0425932 0.5)
(0.86082 0.041993 0.5)
(0.86082 0.0413509 0.5)
(0.860819 0.0406643 0.5)
(0.860818 0.0399299 0.5)
(0.860818 0.0391444 0.5)
(0.860817 0.0383044 0.5)
(0.860816 0.0374059 0.5)
(0.860816 0.036445 0.5)
(0.860815 0.0354173 0.5)
(0.860814 0.0343181 0.5)
(0.860813 0.0331426 0.5)
(0.860812 0.0318853 0.5)
(0.860811 0.0305406 0.5)
(0.86081 0.0291024 0.5)
(0.860809 0.0275642 0.5)
(0.860807 0.0259192 0.5)
(0.860806 0.0241597 0.5)
(0.860804 0.0222779 0.5)
(0.860803 0.0202653 0.5)
(0.860801 0.0181128 0.5)
(0.860799 0.0158107 0.5)
(0.860797 0.0133485 0.5)
(0.860795 0.0107152 0.5)
(0.860793 0.00789875 0.5)
(0.86079 0.00488654 0.5)
(0.860788 0.00166492 0.5)
(0.86667 0.0511654 0.5)
(0.86667 0.0511532 0.5)
(0.86667 0.0511401 0.5)
(0.86667 0.0511262 0.5)
(0.86667 0.0511112 0.5)
(0.86667 0.0510953 0.5)
(0.86667 0.0510782 0.5)
(0.86667 0.0510599 0.5)
(0.86667 0.0510404 0.5)
(0.86667 0.0510195 0.5)
(0.86667 0.0509972 0.5)
(0.86667 0.0509733 0.5)
(0.86667 0.0509477 0.5)
(0.86667 0.0509204 0.5)
(0.86667 0.0508912 0.5)
(0.86667 0.0508599 0.5)
(0.86667 0.0508265 0.5)
(0.86667 0.0507907 0.5)
(0.86667 0.0507525 0.5)
(0.86667 0.0507116 0.5)
(0.86667 0.0506678 0.5)
(0.86667 0.050621 0.5)
(0.86667 0.050571 0.5)
(0.86667 0.0505174 0.5)
(0.86667 0.0504602 0.5)
(0.86667 0.050399 0.5)
(0.86667 0.0503335 0.5)
(0.86667 0.0502635 0.5)
(0.86667 0.0501886 0.5)
(0.866669 0.0501085 0.5)
(0.866669 0.0500228 0.5)
(0.866669 0.0499312 0.5)
(0.866669 0.0498332 0.5)
(0.866669 0.0497283 0.5)
(0.866669 0.0496162 0.5)
(0.866669 0.0494964 0.5)
(0.866669 0.0493681 0.5)
(0.866669 0.049231 0.5)
(0.866669 0.0490843 0.5)
(0.866668 0.0489274 0.5)
(0.866668 0.0487596 0.5)
(0.866668 0.0485802 0.5)
(0.866668 0.0483883 0.5)
(0.866668 0.048183 0.5)
(0.866668 0.0479635 0.5)
(0.866667 0.0477287 0.5)
(0.866667 0.0474776 0.5)
(0.866667 0.047209 0.5)
(0.866667 0.0469218 0.5)
(0.866667 0.0466146 0.5)
(0.866666 0.046286 0.5)
(0.866666 0.0459346 0.5)
(0.866666 0.0455588 0.5)
(0.866665 0.0451568 0.5)
(0.866665 0.0447269 0.5)
(0.866665 0.0442671 0.5)
(0.866664 0.0437753 0.5)
(0.866664 0.0432494 0.5)
(0.866663 0.0426869 0.5)
(0.866663 0.0420853 0.5)
(0.866662 0.0414418 0.5)
(0.866662 0.0407537 0.5)
(0.866661 0.0400177 0.5)
(0.86666 0.0392305 0.5)
(0.86666 0.0383886 0.5)
(0.866659 0.0374882 0.5)
(0.866658 0.0365251 0.5)
(0.866657 0.0354952 0.5)
(0.866656 0.0343936 0.5)
(0.866655 0.0332154 0.5)
(0.866654 0.0319554 0.5)
(0.866653 0.0306077 0.5)
(0.866652 0.0291664 0.5)
(0.866651 0.0276248 0.5)
(0.866649 0.0259761 0.5)
(0.866648 0.0242128 0.5)
(0.866646 0.0223269 0.5)
(0.866645 0.0203099 0.5)
(0.866643 0.0181527 0.5)
(0.866641 0.0158455 0.5)
(0.866639 0.0133779 0.5)
(0.866637 0.0107387 0.5)
(0.866634 0.00791611 0.5)
(0.866632 0.00489728 0.5)
(0.866629 0.00166858 0.5)
(0.872542 0.0512835 0.5)
(0.872542 0.0512713 0.5)
(0.872542 0.0512582 0.5)
(0.872542 0.0512442 0.5)
(0.872542 0.0512292 0.5)
(0.872542 0.0512132 0.5)
(0.872542 0.0511961 0.5)
(0.872542 0.0511778 0.5)
(0.872542 0.0511582 0.5)
(0.872542 0.0511373 0.5)
(0.872542 0.0511149 0.5)
(0.872542 0.051091 0.5)
(0.872542 0.0510653 0.5)
(0.872542 0.051038 0.5)
(0.872542 0.0510087 0.5)
(0.872542 0.0509773 0.5)
(0.872542 0.0509438 0.5)
(0.872542 0.050908 0.5)
(0.872542 0.0508696 0.5)
(0.872542 0.0508286 0.5)
(0.872542 0.0507848 0.5)
(0.872542 0.0507379 0.5)
(0.872542 0.0506877 0.5)
(0.872542 0.0506341 0.5)
(0.872542 0.0505767 0.5)
(0.872542 0.0505153 0.5)
(0.872542 0.0504497 0.5)
(0.872542 0.0503795 0.5)
(0.872542 0.0503044 0.5)
(0.872542 0.0502241 0.5)
(0.872541 0.0501383 0.5)
(0.872541 0.0500464 0.5)
(0.872541 0.0499482 0.5)
(0.872541 0.0498432 0.5)
(0.872541 0.0497308 0.5)
(0.872541 0.0496106 0.5)
(0.872541 0.0494821 0.5)
(0.872541 0.0493446 0.5)
(0.872541 0.0491976 0.5)
(0.872541 0.0490404 0.5)
(0.87254 0.0488722 0.5)
(0.87254 0.0486924 0.5)
(0.87254 0.0485 0.5)
(0.87254 0.0482943 0.5)
(0.87254 0.0480742 0.5)
(0.872539 0.0478389 0.5)
(0.872539 0.0475872 0.5)
(0.872539 0.047318 0.5)
(0.872539 0.0470301 0.5)
(0.872539 0.0467222 0.5)
(0.872538 0.0463929 0.5)
(0.872538 0.0460407 0.5)
(0.872538 0.0456639 0.5)
(0.872537 0.0452611 0.5)
(0.872537 0.0448302 0.5)
(0.872537 0.0443693 0.5)
(0.872536 0.0438764 0.5)
(0.872536 0.0433492 0.5)
(0.872535 0.0427854 0.5)
(0.872535 0.0421824 0.5)
(0.872534 0.0415375 0.5)
(0.872534 0.0408478 0.5)
(0.872533 0.04011 0.5)
(0.872532 0.0393211 0.5)
(0.872531 0.0384772 0.5)
(0.872531 0.0375747 0.5)
(0.87253 0.0366095 0.5)
(0.872529 0.0355771 0.5)
(0.872528 0.034473 0.5)
(0.872527 0.0332921 0.5)
(0.872526 0.0320292 0.5)
(0.872525 0.0306784 0.5)
(0.872524 0.0292337 0.5)
(0.872522 0.0276886 0.5)
(0.872521 0.0260361 0.5)
(0.872519 0.0242687 0.5)
(0.872518 0.0223785 0.5)
(0.872516 0.0203568 0.5)
(0.872514 0.0181946 0.5)
(0.872512 0.015882 0.5)
(0.87251 0.0134087 0.5)
(0.872508 0.0107635 0.5)
(0.872505 0.00793439 0.5)
(0.872503 0.00490859 0.5)
(0.8725 0.00167243 0.5)
(0.878444 0.0514075 0.5)
(0.878444 0.0513952 0.5)
(0.878444 0.0513821 0.5)
(0.878444 0.0513681 0.5)
(0.878444 0.0513531 0.5)
(0.878444 0.0513371 0.5)
(0.878444 0.0513199 0.5)
(0.878444 0.0513016 0.5)
(0.878444 0.051282 0.5)
(0.878444 0.051261 0.5)
(0.878444 0.0512385 0.5)
(0.878444 0.0512145 0.5)
(0.878444 0.0511888 0.5)
(0.878444 0.0511614 0.5)
(0.878444 0.051132 0.5)
(0.878444 0.0511006 0.5)
(0.878443 0.051067 0.5)
(0.878443 0.0510311 0.5)
(0.878443 0.0509926 0.5)
(0.878443 0.0509515 0.5)
(0.878443 0.0509076 0.5)
(0.878443 0.0508606 0.5)
(0.878443 0.0508103 0.5)
(0.878443 0.0507565 0.5)
(0.878443 0.050699 0.5)
(0.878443 0.0506375 0.5)
(0.878443 0.0505717 0.5)
(0.878443 0.0505013 0.5)
(0.878443 0.0504261 0.5)
(0.878443 0.0503456 0.5)
(0.878443 0.0502595 0.5)
(0.878443 0.0501675 0.5)
(0.878443 0.050069 0.5)
(0.878443 0.0499637 0.5)
(0.878442 0.0498511 0.5)
(0.878442 0.0497306 0.5)
(0.878442 0.0496018 0.5)
(0.878442 0.049464 0.5)
(0.878442 0.0493166 0.5)
(0.878442 0.049159 0.5)
(0.878442 0.0489904 0.5)
(0.878441 0.0488101 0.5)
(0.878441 0.0486173 0.5)
(0.878441 0.0484111 0.5)
(0.878441 0.0481905 0.5)
(0.878441 0.0479546 0.5)
(0.878441 0.0477023 0.5)
(0.87844 0.0474324 0.5)
(0.87844 0.0471438 0.5)
(0.87844 0.0468352 0.5)
(0.878439 0.0465051 0.5)
(0.878439 0.046152 0.5)
(0.878439 0.0457744 0.5)
(0.878438 0.0453705 0.5)
(0.878438 0.0449386 0.5)
(0.878438 0.0444766 0.5)
(0.878437 0.0439825 0.5)
(0.878437 0.0434541 0.5)
(0.878436 0.0428889 0.5)
(0.878436 0.0422844 0.5)
(0.878435 0.041638 0.5)
(0.878435 0.0409465 0.5)
(0.878434 0.040207 0.5)
(0.878433 0.0394161 0.5)
(0.878433 0.0385703 0.5)
(0.878432 0.0376656 0.5)
(0.878431 0.036698 0.5)
(0.87843 0.0356631 0.5)
(0.878429 0.0345564 0.5)
(0.878428 0.0333726 0.5)
(0.878427 0.0321066 0.5)
(0.878426 0.0307526 0.5)
(0.878424 0.0293044 0.5)
(0.878423 0.0277556 0.5)
(0.878422 0.0260991 0.5)
(0.87842 0.0243274 0.5)
(0.878418 0.0224326 0.5)
(0.878417 0.020406 0.5)
(0.878415 0.0182386 0.5)
(0.878413 0.0159204 0.5)
(0.87841 0.0134412 0.5)
(0.878408 0.0107895 0.5)
(0.878406 0.00795358 0.5)
(0.878403 0.00492046 0.5)
(0.8784 0.00167648 0.5)
(0.884375 0.0515374 0.5)
(0.884375 0.0515251 0.5)
(0.884374 0.051512 0.5)
(0.884374 0.0514979 0.5)
(0.884374 0.0514829 0.5)
(0.884374 0.0514668 0.5)
(0.884374 0.0514496 0.5)
(0.884374 0.0514312 0.5)
(0.884374 0.0514116 0.5)
(0.884374 0.0513905 0.5)
(0.884374 0.051368 0.5)
(0.884374 0.0513439 0.5)
(0.884374 0.0513182 0.5)
(0.884374 0.0512907 0.5)
(0.884374 0.0512612 0.5)
(0.884374 0.0512297 0.5)
(0.884374 0.0511961 0.5)
(0.884374 0.05116 0.5)
(0.884374 0.0511215 0.5)
(0.884374 0.0510803 0.5)
(0.884374 0.0510362 0.5)
(0.884374 0.0509891 0.5)
(0.884374 0.0509387 0.5)
(0.884374 0.0508848 0.5)
(0.884374 0.0508271 0.5)
(0.884374 0.0507655 0.5)
(0.884374 0.0506995 0.5)
(0.884374 0.050629 0.5)
(0.884374 0.0505535 0.5)
(0.884374 0.0504728 0.5)
(0.884373 0.0503865 0.5)
(0.884373 0.0502942 0.5)
(0.884373 0.0501955 0.5)
(0.884373 0.05009 0.5)
(0.884373 0.049977 0.5)
(0.884373 0.0498563 0.5)
(0.884373 0.0497271 0.5)
(0.884373 0.049589 0.5)
(0.884373 0.0494412 0.5)
(0.884372 0.0492832 0.5)
(0.884372 0.0491142 0.5)
(0.884372 0.0489335 0.5)
(0.884372 0.0487402 0.5)
(0.884372 0.0485334 0.5)
(0.884372 0.0483123 0.5)
(0.884371 0.0480758 0.5)
(0.884371 0.0478228 0.5)
(0.884371 0.0475523 0.5)
(0.884371 0.047263 0.5)
(0.88437 0.0469535 0.5)
(0.88437 0.0466226 0.5)
(0.88437 0.0462686 0.5)
(0.884369 0.0458901 0.5)
(0.884369 0.0454852 0.5)
(0.884369 0.0450521 0.5)
(0.884368 0.044589 0.5)
(0.884368 0.0440937 0.5)
(0.884367 0.0435639 0.5)
(0.884367 0.0429973 0.5)
(0.884366 0.0423913 0.5)
(0.884366 0.0417432 0.5)
(0.884365 0.04105 0.5)
(0.884364 0.0403087 0.5)
(0.884364 0.0395158 0.5)
(0.884363 0.0386677 0.5)
(0.884362 0.0377608 0.5)
(0.884361 0.0367907 0.5)
(0.88436 0.0357533 0.5)
(0.884359 0.0346437 0.5)
(0.884358 0.033457 0.5)
(0.884357 0.0321878 0.5)
(0.884356 0.0308303 0.5)
(0.884355 0.0293785 0.5)
(0.884353 0.0278257 0.5)
(0.884352 0.026165 0.5)
(0.88435 0.0243889 0.5)
(0.884348 0.0224893 0.5)
(0.884347 0.0204576 0.5)
(0.884345 0.0182847 0.5)
(0.884343 0.0159607 0.5)
(0.88434 0.0134751 0.5)
(0.884338 0.0108168 0.5)
(0.884335 0.00797368 0.5)
(0.884333 0.00493289 0.5)
(0.88433 0.00168071 0.5)
(0.890335 0.0516733 0.5)
(0.890335 0.0516609 0.5)
(0.890335 0.0516478 0.5)
(0.890335 0.0516337 0.5)
(0.890335 0.0516186 0.5)
(0.890335 0.0516025 0.5)
(0.890335 0.0515852 0.5)
(0.890335 0.0515668 0.5)
(0.890335 0.0515471 0.5)
(0.890335 0.051526 0.5)
(0.890335 0.0515034 0.5)
(0.890335 0.0514793 0.5)
(0.890335 0.0514535 0.5)
(0.890335 0.0514259 0.5)
(0.890335 0.0513963 0.5)
(0.890335 0.0513648 0.5)
(0.890334 0.051331 0.5)
(0.890334 0.0512949 0.5)
(0.890334 0.0512562 0.5)
(0.890334 0.0512149 0.5)
(0.890334 0.0511708 0.5)
(0.890334 0.0511235 0.5)
(0.890334 0.051073 0.5)
(0.890334 0.0510189 0.5)
(0.890334 0.0509611 0.5)
(0.890334 0.0508993 0.5)
(0.890334 0.0508331 0.5)
(0.890334 0.0507624 0.5)
(0.890334 0.0506868 0.5)
(0.890334 0.0506059 0.5)
(0.890334 0.0505193 0.5)
(0.890334 0.0504268 0.5)
(0.890334 0.0503278 0.5)
(0.890333 0.050222 0.5)
(0.890333 0.0501088 0.5)
(0.890333 0.0499877 0.5)
(0.890333 0.0498582 0.5)
(0.890333 0.0497197 0.5)
(0.890333 0.0495715 0.5)
(0.890333 0.0494131 0.5)
(0.890333 0.0492437 0.5)
(0.890332 0.0490624 0.5)
(0.890332 0.0488686 0.5)
(0.890332 0.0486613 0.5)
(0.890332 0.0484396 0.5)
(0.890332 0.0482025 0.5)
(0.890331 0.0479489 0.5)
(0.890331 0.0476776 0.5)
(0.890331 0.0473876 0.5)
(0.890331 0.0470773 0.5)
(0.89033 0.0467455 0.5)
(0.89033 0.0463906 0.5)
(0.89033 0.046011 0.5)
(0.890329 0.045605 0.5)
(0.890329 0.0451709 0.5)
(0.890328 0.0447065 0.5)
(0.890328 0.0442099 0.5)
(0.890327 0.0436787 0.5)
(0.890327 0.0431106 0.5)
(0.890326 0.042503 0.5)
(0.890326 0.0418532 0.5)
(0.890325 0.0411582 0.5)
(0.890324 0.0404149 0.5)
(0.890324 0.0396199 0.5)
(0.890323 0.0387696 0.5)
(0.890322 0.0378603 0.5)
(0.890321 0.0368877 0.5)
(0.89032 0.0358475 0.5)
(0.890319 0.034735 0.5)
(0.890318 0.0335451 0.5)
(0.890317 0.0322726 0.5)
(0.890316 0.0309116 0.5)
(0.890314 0.0294559 0.5)
(0.890313 0.0278991 0.5)
(0.890311 0.026234 0.5)
(0.89031 0.0244532 0.5)
(0.890308 0.0225485 0.5)
(0.890306 0.0205115 0.5)
(0.890304 0.0183328 0.5)
(0.890302 0.0160027 0.5)
(0.8903 0.0135107 0.5)
(0.890297 0.0108453 0.5)
(0.890295 0.00799469 0.5)
(0.890292 0.00494589 0.5)
(0.890289 0.00168514 0.5)
(0.896325 0.051815 0.5)
(0.896325 0.0518026 0.5)
(0.896325 0.0517894 0.5)
(0.896325 0.0517753 0.5)
(0.896325 0.0517602 0.5)
(0.896325 0.051744 0.5)
(0.896325 0.0517267 0.5)
(0.896325 0.0517082 0.5)
(0.896325 0.0516884 0.5)
(0.896325 0.0516673 0.5)
(0.896325 0.0516447 0.5)
(0.896325 0.0516205 0.5)
(0.896325 0.0515946 0.5)
(0.896325 0.0515669 0.5)
(0.896325 0.0515373 0.5)
(0.896324 0.0515056 0.5)
(0.896324 0.0514718 0.5)
(0.896324 0.0514356 0.5)
(0.896324 0.0513968 0.5)
(0.896324 0.0513554 0.5)
(0.896324 0.0513111 0.5)
(0.896324 0.0512637 0.5)
(0.896324 0.051213 0.5)
(0.896324 0.0511588 0.5)
(0.896324 0.0511009 0.5)
(0.896324 0.0510389 0.5)
(0.896324 0.0509726 0.5)
(0.896324 0.0509016 0.5)
(0.896324 0.0508258 0.5)
(0.896324 0.0507447 0.5)
(0.896324 0.0506579 0.5)
(0.896324 0.0505651 0.5)
(0.896324 0.0504659 0.5)
(0.896323 0.0503597 0.5)
(0.896323 0.0502462 0.5)
(0.896323 0.0501248 0.5)
(0.896323 0.0499949 0.5)
(0.896323 0.049856 0.5)
(0.896323 0.0497075 0.5)
(0.896323 0.0495486 0.5)
(0.896322 0.0493787 0.5)
(0.896322 0.049197 0.5)
(0.896322 0.0490026 0.5)
(0.896322 0.0487948 0.5)
(0.896322 0.0485725 0.5)
(0.896322 0.0483347 0.5)
(0.896321 0.0480804 0.5)
(0.896321 0.0478084 0.5)
(0.896321 0.0475175 0.5)
(0.89632 0.0472064 0.5)
(0.89632 0.0468737 0.5)
(0.89632 0.0465178 0.5)
(0.896319 0.0461372 0.5)
(0.896319 0.0457301 0.5)
(0.896319 0.0452948 0.5)
(0.896318 0.0448291 0.5)
(0.896318 0.0443311 0.5)
(0.896317 0.0437985 0.5)
(0.896317 0.0432289 0.5)
(0.896316 0.0426196 0.5)
(0.896316 0.041968 0.5)
(0.896315 0.0412711 0.5)
(0.896314 0.0405257 0.5)
(0.896313 0.0397286 0.5)
(0.896313 0.038876 0.5)
(0.896312 0.0379641 0.5)
(0.896311 0.0369889 0.5)
(0.89631 0.0359458 0.5)
(0.896309 0.0348303 0.5)
(0.896308 0.0336372 0.5)
(0.896307 0.0323611 0.5)
(0.896305 0.0309963 0.5)
(0.896304 0.0295367 0.5)
(0.896303 0.0279756 0.5)
(0.896301 0.0263059 0.5)
(0.896299 0.0245202 0.5)
(0.896298 0.0226104 0.5)
(0.896296 0.0205678 0.5)
(0.896294 0.0183831 0.5)
(0.896291 0.0160466 0.5)
(0.896289 0.0135477 0.5)
(0.896287 0.0108751 0.5)
(0.896284 0.00801662 0.5)
(0.896281 0.00495946 0.5)
(0.896278 0.00168977 0.5)
(0.902345 0.0519626 0.5)
(0.902345 0.0519502 0.5)
(0.902345 0.051937 0.5)
(0.902345 0.0519228 0.5)
(0.902344 0.0519076 0.5)
(0.902344 0.0518914 0.5)
(0.902344 0.0518741 0.5)
(0.902344 0.0518555 0.5)
(0.902344 0.0518357 0.5)
(0.902344 0.0518145 0.5)
(0.902344 0.0517918 0.5)
(0.902344 0.0517675 0.5)
(0.902344 0.0517416 0.5)
(0.902344 0.0517138 0.5)
(0.902344 0.0516841 0.5)
(0.902344 0.0516524 0.5)
(0.902344 0.0516184 0.5)
(0.902344 0.0515821 0.5)
(0.902344 0.0515433 0.5)
(0.902344 0.0515017 0.5)
(0.902344 0.0514573 0.5)
(0.902344 0.0514098 0.5)
(0.902344 0.0513589 0.5)
(0.902344 0.0513046 0.5)
(0.902344 0.0512465 0.5)
(0.902344 0.0511843 0.5)
(0.902344 0.0511178 0.5)
(0.902344 0.0510467 0.5)
(0.902344 0.0509706 0.5)
(0.902344 0.0508892 0.5)
(0.902343 0.0508022 0.5)
(0.902343 0.0507092 0.5)
(0.902343 0.0506096 0.5)
(0.902343 0.0505032 0.5)
(0.902343 0.0503893 0.5)
(0.902343 0.0502676 0.5)
(0.902343 0.0501374 0.5)
(0.902343 0.0499981 0.5)
(0.902343 0.0498491 0.5)
(0.902342 0.0496898 0.5)
(0.902342 0.0495194 0.5)
(0.902342 0.0493372 0.5)
(0.902342 0.0491423 0.5)
(0.902342 0.0489338 0.5)
(0.902341 0.0487108 0.5)
(0.902341 0.0484724 0.5)
(0.902341 0.0482174 0.5)
(0.902341 0.0479446 0.5)
(0.90234 0.0476529 0.5)
(0.90234 0.0473409 0.5)
(0.90234 0.0470072 0.5)
(0.90234 0.0466503 0.5)
(0.902339 0.0462686 0.5)
(0.902339 0.0458604 0.5)
(0.902338 0.0454238 0.5)
(0.902338 0.0449568 0.5)
(0.902337 0.0444574 0.5)
(0.902337 0.0439233 0.5)
(0.902336 0.043352 0.5)
(0.902336 0.042741 0.5)
(0.902335 0.0420876 0.5)
(0.902335 0.0413887 0.5)
(0.902334 0.0406412 0.5)
(0.902333 0.0398418 0.5)
(0.902332 0.0389867 0.5)
(0.902331 0.0380723 0.5)
(0.90233 0.0370943 0.5)
(0.902329 0.0360482 0.5)
(0.902328 0.0349295 0.5)
(0.902327 0.033733 0.5)
(0.902326 0.0324533 0.5)
(0.902325 0.0310846 0.5)
(0.902323 0.0296208 0.5)
(0.902322 0.0280553 0.5)
(0.90232 0.0263809 0.5)
(0.902319 0.0245901 0.5)
(0.902317 0.0226748 0.5)
(0.902315 0.0206264 0.5)
(0.902313 0.0184355 0.5)
(0.902311 0.0160924 0.5)
(0.902308 0.0135863 0.5)
(0.902306 0.010906 0.5)
(0.902303 0.00803946 0.5)
(0.9023 0.00497359 0.5)
(0.902297 0.00169458 0.5)
(0.908394 0.0521161 0.5)
(0.908394 0.0521037 0.5)
(0.908394 0.0520904 0.5)
(0.908394 0.0520762 0.5)
(0.908394 0.052061 0.5)
(0.908394 0.0520447 0.5)
(0.908394 0.0520273 0.5)
(0.908394 0.0520087 0.5)
(0.908394 0.0519888 0.5)
(0.908394 0.0519675 0.5)
(0.908394 0.0519448 0.5)
(0.908394 0.0519204 0.5)
(0.908394 0.0518944 0.5)
(0.908394 0.0518666 0.5)
(0.908394 0.0518368 0.5)
(0.908394 0.051805 0.5)
(0.908394 0.0517709 0.5)
(0.908394 0.0517345 0.5)
(0.908394 0.0516955 0.5)
(0.908394 0.0516539 0.5)
(0.908394 0.0516093 0.5)
(0.908394 0.0515616 0.5)
(0.908394 0.0515107 0.5)
(0.908394 0.0514561 0.5)
(0.908394 0.0513978 0.5)
(0.908394 0.0513355 0.5)
(0.908393 0.0512688 0.5)
(0.908393 0.0511974 0.5)
(0.908393 0.0511212 0.5)
(0.908393 0.0510396 0.5)
(0.908393 0.0509523 0.5)
(0.908393 0.050859 0.5)
(0.908393 0.0507591 0.5)
(0.908393 0.0506524 0.5)
(0.908393 0.0505382 0.5)
(0.908393 0.0504161 0.5)
(0.908393 0.0502855 0.5)
(0.908392 0.0501458 0.5)
(0.908392 0.0499964 0.5)
(0.908392 0.0498366 0.5)
(0.908392 0.0496657 0.5)
(0.908392 0.0494829 0.5)
(0.908392 0.0492874 0.5)
(0.908391 0.0490783 0.5)
(0.908391 0.0488547 0.5)
(0.908391 0.0486156 0.5)
(0.908391 0.0483598 0.5)
(0.90839 0.0480862 0.5)
(0.90839 0.0477937 0.5)
(0.90839 0.0474807 0.5)
(0.90839 0.0471461 0.5)
(0.908389 0.0467881 0.5)
(0.908389 0.0464053 0.5)
(0.908388 0.0459959 0.5)
(0.908388 0.045558 0.5)
(0.908388 0.0450897 0.5)
(0.908387 0.0445888 0.5)
(0.908387 0.044053 0.5)
(0.908386 0.0434801 0.5)
(0.908385 0.0428673 0.5)
(0.908385 0.0422119 0.5)
(0.908384 0.0415109 0.5)
(0.908383 0.0407612 0.5)
(0.908383 0.0399594 0.5)
(0.908382 0.0391019 0.5)
(0.908381 0.0381847 0.5)
(0.90838 0.0372038 0.5)
(0.908379 0.0361547 0.5)
(0.908378 0.0350327 0.5)
(0.908377 0.0338326 0.5)
(0.908376 0.0325492 0.5)
(0.908374 0.0311765 0.5)
(0.908373 0.0297083 0.5)
(0.908371 0.0281382 0.5)
(0.90837 0.0264588 0.5)
(0.908368 0.0246627 0.5)
(0.908366 0.0227418 0.5)
(0.908364 0.0206873 0.5)
(0.908362 0.01849 0.5)
(0.90836 0.0161399 0.5)
(0.908357 0.0136264 0.5)
(0.908355 0.0109383 0.5)
(0.908352 0.00806321 0.5)
(0.908349 0.00498828 0.5)
(0.908346 0.00169958 0.5)
(0.914474 0.0522755 0.5)
(0.914474 0.052263 0.5)
(0.914474 0.0522497 0.5)
(0.914474 0.0522354 0.5)
(0.914474 0.0522201 0.5)
(0.914474 0.0522038 0.5)
(0.914474 0.0521864 0.5)
(0.914474 0.0521677 0.5)
(0.914474 0.0521478 0.5)
(0.914474 0.0521264 0.5)
(0.914474 0.0521036 0.5)
(0.914474 0.0520792 0.5)
(0.914474 0.0520531 0.5)
(0.914474 0.0520252 0.5)
(0.914474 0.0519953 0.5)
(0.914474 0.0519634 0.5)
(0.914474 0.0519292 0.5)
(0.914474 0.0518927 0.5)
(0.914474 0.0518536 0.5)
(0.914474 0.0518118 0.5)
(0.914474 0.0517671 0.5)
(0.914474 0.0517193 0.5)
(0.914474 0.0516682 0.5)
(0.914474 0.0516135 0.5)
(0.914473 0.051555 0.5)
(0.914473 0.0514924 0.5)
(0.914473 0.0514255 0.5)
(0.914473 0.051354 0.5)
(0.914473 0.0512775 0.5)
(0.914473 0.0511956 0.5)
(0.914473 0.0511081 0.5)
(0.914473 0.0510145 0.5)
(0.914473 0.0509143 0.5)
(0.914473 0.0508073 0.5)
(0.914473 0.0506927 0.5)
(0.914473 0.0505702 0.5)
(0.914472 0.0504392 0.5)
(0.914472 0.0502991 0.5)
(0.914472 0.0501492 0.5)
(0.914472 0.049989 0.5)
(0.914472 0.0498175 0.5)
(0.914472 0.0496342 0.5)
(0.914471 0.0494381 0.5)
(0.914471 0.0492284 0.5)
(0.914471 0.0490041 0.5)
(0.914471 0.0487642 0.5)
(0.914471 0.0485077 0.5)
(0.91447 0.0482333 0.5)
(0.91447 0.0479398 0.5)
(0.91447 0.0476259 0.5)
(0.914469 0.0472902 0.5)
(0.914469 0.0469312 0.5)
(0.914469 0.0465472 0.5)
(0.914468 0.0461365 0.5)
(0.914468 0.0456973 0.5)
(0.914467 0.0452275 0.5)
(0.914467 0.0447251 0.5)
(0.914466 0.0441877 0.5)
(0.914466 0.043613 0.5)
(0.914465 0.0429984 0.5)
(0.914465 0.042341 0.5)
(0.914464 0.0416379 0.5)
(0.914463 0.0408859 0.5)
(0.914462 0.0400816 0.5)
(0.914462 0.0392215 0.5)
(0.914461 0.0383015 0.5)
(0.91446 0.0373176 0.5)
(0.914459 0.0362653 0.5)
(0.914458 0.0351398 0.5)
(0.914456 0.0339361 0.5)
(0.914455 0.0326487 0.5)
(0.914454 0.0312718 0.5)
(0.914452 0.0297992 0.5)
(0.914451 0.0282242 0.5)
(0.914449 0.0265397 0.5)
(0.914448 0.0247381 0.5)
(0.914446 0.0228113 0.5)
(0.914444 0.0207505 0.5)
(0.914442 0.0185465 0.5)
(0.914439 0.0161892 0.5)
(0.914437 0.0136681 0.5)
(0.914434 0.0109717 0.5)
(0.914432 0.00808786 0.5)
(0.914429 0.00500353 0.5)
(0.914425 0.00170478 0.5)
(0.920584 0.0524406 0.5)
(0.920584 0.0524281 0.5)
(0.920584 0.0524148 0.5)
(0.920584 0.0524005 0.5)
(0.920584 0.0523852 0.5)
(0.920584 0.0523688 0.5)
(0.920584 0.0523513 0.5)
(0.920584 0.0523326 0.5)
(0.920584 0.0523126 0.5)
(0.920584 0.0522912 0.5)
(0.920584 0.0522683 0.5)
(0.920584 0.0522438 0.5)
(0.920584 0.0522176 0.5)
(0.920584 0.0521896 0.5)
(0.920584 0.0521596 0.5)
(0.920584 0.0521276 0.5)
(0.920584 0.0520933 0.5)
(0.920584 0.0520566 0.5)
(0.920584 0.0520174 0.5)
(0.920584 0.0519755 0.5)
(0.920584 0.0519307 0.5)
(0.920584 0.0518827 0.5)
(0.920584 0.0518314 0.5)
(0.920584 0.0517766 0.5)
(0.920584 0.0517179 0.5)
(0.920584 0.0516552 0.5)
(0.920583 0.051588 0.5)
(0.920583 0.0515163 0.5)
(0.920583 0.0514395 0.5)
(0.920583 0.0513574 0.5)
(0.920583 0.0512696 0.5)
(0.920583 0.0511757 0.5)
(0.920583 0.0510752 0.5)
(0.920583 0.0509678 0.5)
(0.920583 0.0508529 0.5)
(0.920583 0.05073 0.5)
(0.920583 0.0505986 0.5)
(0.920582 0.050458 0.5)
(0.920582 0.0503077 0.5)
(0.920582 0.0501469 0.5)
(0.920582 0.049975 0.5)
(0.920582 0.0497911 0.5)
(0.920582 0.0495944 0.5)
(0.920581 0.049384 0.5)
(0.920581 0.049159 0.5)
(0.920581 0.0489183 0.5)
(0.920581 0.048661 0.5)
(0.92058 0.0483857 0.5)
(0.92058 0.0480913 0.5)
(0.92058 0.0477764 0.5)
(0.920579 0.0474397 0.5)
(0.920579 0.0470795 0.5)
(0.920579 0.0466943 0.5)
(0.920578 0.0462823 0.5)
(0.920578 0.0458417 0.5)
(0.920577 0.0453704 0.5)
(0.920577 0.0448664 0.5)
(0.920576 0.0443274 0.5)
(0.920576 0.0437508 0.5)
(0.920575 0.0431342 0.5)
(0.920575 0.0424748 0.5)
(0.920574 0.0417694 0.5)
(0.920573 0.0410151 0.5)
(0.920572 0.0402083 0.5)
(0.920572 0.0393454 0.5)
(0.920571 0.0384225 0.5)
(0.92057 0.0374355 0.5)
(0.920569 0.0363799 0.5)
(0.920568 0.0352508 0.5)
(0.920566 0.0340433 0.5)
(0.920565 0.0327519 0.5)
(0.920564 0.0313706 0.5)
(0.920562 0.0298933 0.5)
(0.920561 0.0283134 0.5)
(0.920559 0.0266236 0.5)
(0.920557 0.0248163 0.5)
(0.920556 0.0228834 0.5)
(0.920554 0.0208161 0.5)
(0.920551 0.0186051 0.5)
(0.920549 0.0162404 0.5)
(0.920547 0.0137113 0.5)
(0.920544 0.0110064 0.5)
(0.920541 0.00811342 0.5)
(0.920538 0.00501934 0.5)
(0.920535 0.00171017 0.5)
(0.926725 0.0526116 0.5)
(0.926725 0.0525991 0.5)
(0.926725 0.0525857 0.5)
(0.926725 0.0525713 0.5)
(0.926725 0.052556 0.5)
(0.926725 0.0525396 0.5)
(0.926725 0.052522 0.5)
(0.926725 0.0525032 0.5)
(0.926725 0.0524831 0.5)
(0.926725 0.0524617 0.5)
(0.926725 0.0524387 0.5)
(0.926725 0.0524141 0.5)
(0.926725 0.0523879 0.5)
(0.926725 0.0523597 0.5)
(0.926725 0.0523297 0.5)
(0.926725 0.0522975 0.5)
(0.926725 0.0522632 0.5)
(0.926724 0.0522264 0.5)
(0.926724 0.0521871 0.5)
(0.926724 0.052145 0.5)
(0.926724 0.0521 0.5)
(0.926724 0.0520519 0.5)
(0.926724 0.0520004 0.5)
(0.926724 0.0519454 0.5)
(0.926724 0.0518865 0.5)
(0.926724 0.0518236 0.5)
(0.926724 0.0517563 0.5)
(0.926724 0.0516843 0.5)
(0.926724 0.0516072 0.5)
(0.926724 0.0515249 0.5)
(0.926724 0.0514368 0.5)
(0.926724 0.0513426 0.5)
(0.926724 0.0512418 0.5)
(0.926723 0.051134 0.5)
(0.926723 0.0510187 0.5)
(0.926723 0.0508955 0.5)
(0.926723 0.0507636 0.5)
(0.926723 0.0506226 0.5)
(0.926723 0.0504718 0.5)
(0.926723 0.0503104 0.5)
(0.926722 0.0501379 0.5)
(0.926722 0.0499534 0.5)
(0.926722 0.0497561 0.5)
(0.926722 0.049545 0.5)
(0.926722 0.0493193 0.5)
(0.926721 0.0490778 0.5)
(0.926721 0.0488196 0.5)
(0.926721 0.0485435 0.5)
(0.926721 0.0482481 0.5)
(0.92672 0.0479322 0.5)
(0.92672 0.0475944 0.5)
(0.92672 0.047233 0.5)
(0.926719 0.0468466 0.5)
(0.926719 0.0464332 0.5)
(0.926718 0.0459912 0.5)
(0.926718 0.0455184 0.5)
(0.926717 0.0450127 0.5)
(0.926717 0.0444719 0.5)
(0.926716 0.0438935 0.5)
(0.926716 0.0432749 0.5)
(0.926715 0.0426133 0.5)
(0.926714 0.0419056 0.5)
(0.926714 0.0411488 0.5)
(0.926713 0.0403394 0.5)
(0.926712 0.0394737 0.5)
(0.926711 0.0385478 0.5)
(0.92671 0.0375576 0.5)
(0.926709 0.0364985 0.5)
(0.926708 0.0353658 0.5)
(0.926707 0.0341543 0.5)
(0.926706 0.0328587 0.5)
(0.926704 0.0314729 0.5)
(0.926703 0.0299908 0.5)
(0.926701 0.0284057 0.5)
(0.9267 0.0267104 0.5)
(0.926698 0.0248972 0.5)
(0.926696 0.022958 0.5)
(0.926694 0.020884 0.5)
(0.926692 0.0186658 0.5)
(0.926689 0.0162934 0.5)
(0.926687 0.013756 0.5)
(0.926684 0.0110423 0.5)
(0.926682 0.00813987 0.5)
(0.926679 0.00503571 0.5)
(0.926675 0.00171574 0.5)
(0.932896 0.0527884 0.5)
(0.932896 0.0527758 0.5)
(0.932896 0.0527624 0.5)
(0.932896 0.052748 0.5)
(0.932896 0.0527326 0.5)
(0.932896 0.0527161 0.5)
(0.932896 0.0526985 0.5)
(0.932896 0.0526796 0.5)
(0.932896 0.0526595 0.5)
(0.932896 0.0526379 0.5)
(0.932896 0.0526149 0.5)
(0.932896 0.0525902 0.5)
(0.932896 0.0525639 0.5)
(0.932896 0.0525357 0.5)
(0.932896 0.0525055 0.5)
(0.932896 0.0524733 0.5)
(0.932896 0.0524388 0.5)
(0.932896 0.0524019 0.5)
(0.932896 0.0523624 0.5)
(0.932896 0.0523202 0.5)
(0.932895 0.0522751 0.5)
(0.932895 0.0522268 0.5)
(0.932895 0.0521752 0.5)
(0.932895 0.0521199 0.5)
(0.932895 0.0520609 0.5)
(0.932895 0.0519977 0.5)
(0.932895 0.0519302 0.5)
(0.932895 0.0518579 0.5)
(0.932895 0.0517806 0.5)
(0.932895 0.051698 0.5)
(0.932895 0.0516096 0.5)
(0.932895 0.0515151 0.5)
(0.932895 0.0514139 0.5)
(0.932895 0.0513058 0.5)
(0.932894 0.0511901 0.5)
(0.932894 0.0510665 0.5)
(0.932894 0.0509342 0.5)
(0.932894 0.0507927 0.5)
(0.932894 0.0506413 0.5)
(0.932894 0.0504795 0.5)
(0.932894 0.0503064 0.5)
(0.932893 0.0501212 0.5)
(0.932893 0.0499232 0.5)
(0.932893 0.0497115 0.5)
(0.932893 0.049485 0.5)
(0.932893 0.0492427 0.5)
(0.932892 0.0489837 0.5)
(0.932892 0.0487066 0.5)
(0.932892 0.0484102 0.5)
(0.932891 0.0480933 0.5)
(0.932891 0.0477543 0.5)
(0.932891 0.0473917 0.5)
(0.93289 0.047004 0.5)
(0.93289 0.0465892 0.5)
(0.93289 0.0461457 0.5)
(0.932889 0.0456713 0.5)
(0.932889 0.045164 0.5)
(0.932888 0.0446213 0.5)
(0.932887 0.044041 0.5)
(0.932887 0.0434203 0.5)
(0.932886 0.0427564 0.5)
(0.932886 0.0420464 0.5)
(0.932885 0.0412871 0.5)
(0.932884 0.0404749 0.5)
(0.932883 0.0396063 0.5)
(0.932882 0.0386773 0.5)
(0.932881 0.0376838 0.5)
(0.93288 0.0366211 0.5)
(0.932879 0.0354846 0.5)
(0.932878 0.0342691 0.5)
(0.932877 0.0329691 0.5)
(0.932875 0.0315787 0.5)
(0.932874 0.0300916 0.5)
(0.932872 0.0285011 0.5)
(0.932871 0.0268001 0.5)
(0.932869 0.0249809 0.5)
(0.932867 0.0230351 0.5)
(0.932865 0.0209542 0.5)
(0.932863 0.0187285 0.5)
(0.93286 0.0163481 0.5)
(0.932858 0.0138022 0.5)
(0.932855 0.0110794 0.5)
(0.932853 0.00816722 0.5)
(0.932849 0.00505263 0.5)
(0.932846 0.00172151 0.5)
(0.939098 0.0529709 0.5)
(0.939098 0.0529583 0.5)
(0.939098 0.0529448 0.5)
(0.939098 0.0529303 0.5)
(0.939098 0.0529149 0.5)
(0.939098 0.0528983 0.5)
(0.939098 0.0528807 0.5)
(0.939098 0.0528618 0.5)
(0.939098 0.0528415 0.5)
(0.939098 0.0528199 0.5)
(0.939098 0.0527968 0.5)
(0.939098 0.052772 0.5)
(0.939098 0.0527456 0.5)
(0.939098 0.0527173 0.5)
(0.939098 0.052687 0.5)
(0.939097 0.0526547 0.5)
(0.939097 0.0526201 0.5)
(0.939097 0.052583 0.5)
(0.939097 0.0525434 0.5)
(0.939097 0.0525011 0.5)
(0.939097 0.0524558 0.5)
(0.939097 0.0524073 0.5)
(0.939097 0.0523555 0.5)
(0.939097 0.0523001 0.5)
(0.939097 0.0522409 0.5)
(0.939097 0.0521775 0.5)
(0.939097 0.0521097 0.5)
(0.939097 0.0520372 0.5)
(0.939097 0.0519596 0.5)
(0.939097 0.0518767 0.5)
(0.939097 0.051788 0.5)
(0.939097 0.0516932 0.5)
(0.939096 0.0515917 0.5)
(0.939096 0.0514832 0.5)
(0.939096 0.0513671 0.5)
(0.939096 0.051243 0.5)
(0.939096 0.0511102 0.5)
(0.939096 0.0509683 0.5)
(0.939096 0.0508164 0.5)
(0.939096 0.050654 0.5)
(0.939095 0.0504803 0.5)
(0.939095 0.0502945 0.5)
(0.939095 0.0500958 0.5)
(0.939095 0.0498833 0.5)
(0.939095 0.0496561 0.5)
(0.939094 0.049413 0.5)
(0.939094 0.049153 0.5)
(0.939094 0.048875 0.5)
(0.939094 0.0485776 0.5)
(0.939093 0.0482595 0.5)
(0.939093 0.0479194 0.5)
(0.939093 0.0475556 0.5)
(0.939092 0.0471665 0.5)
(0.939092 0.0467503 0.5)
(0.939091 0.0463052 0.5)
(0.939091 0.0458292 0.5)
(0.93909 0.0453201 0.5)
(0.93909 0.0447756 0.5)
(0.939089 0.0441932 0.5)
(0.939089 0.0435704 0.5)
(0.939088 0.0429042 0.5)
(0.939087 0.0421918 0.5)
(0.939087 0.0414298 0.5)
(0.939086 0.0406149 0.5)
(0.939085 0.0397433 0.5)
(0.939084 0.0388111 0.5)
(0.939083 0.037814 0.5)
(0.939082 0.0367477 0.5)
(0.939081 0.0356073 0.5)
(0.93908 0.0343876 0.5)
(0.939078 0.033083 0.5)
(0.939077 0.0316878 0.5)
(0.939076 0.0301956 0.5)
(0.939074 0.0285997 0.5)
(0.939072 0.0268928 0.5)
(0.939071 0.0250672 0.5)
(0.939069 0.0231148 0.5)
(0.939067 0.0210266 0.5)
(0.939065 0.0187932 0.5)
(0.939062 0.0164046 0.5)
(0.93906 0.0138499 0.5)
(0.939057 0.0111177 0.5)
(0.939054 0.00819546 0.5)
(0.939051 0.00507009 0.5)
(0.939048 0.00172746 0.5)
(0.94533 0.0531591 0.5)
(0.94533 0.0531464 0.5)
(0.94533 0.0531329 0.5)
(0.94533 0.0531184 0.5)
(0.94533 0.0531028 0.5)
(0.94533 0.0530863 0.5)
(0.94533 0.0530685 0.5)
(0.94533 0.0530495 0.5)
(0.94533 0.0530293 0.5)
(0.94533 0.0530076 0.5)
(0.94533 0.0529843 0.5)
(0.94533 0.0529595 0.5)
(0.94533 0.052933 0.5)
(0.94533 0.0529046 0.5)
(0.94533 0.0528742 0.5)
(0.94533 0.0528417 0.5)
(0.94533 0.052807 0.5)
(0.94533 0.0527698 0.5)
(0.94533 0.0527301 0.5)
(0.94533 0.0526876 0.5)
(0.94533 0.0526421 0.5)
(0.94533 0.0525935 0.5)
(0.94533 0.0525415 0.5)
(0.94533 0.0524859 0.5)
(0.94533 0.0524264 0.5)
(0.94533 0.0523628 0.5)
(0.94533 0.0522948 0.5)
(0.94533 0.0522221 0.5)
(0.94533 0.0521442 0.5)
(0.945329 0.052061 0.5)
(0.945329 0.051972 0.5)
(0.945329 0.0518768 0.5)
(0.945329 0.051775 0.5)
(0.945329 0.0516661 0.5)
(0.945329 0.0515496 0.5)
(0.945329 0.051425 0.5)
(0.945329 0.0512918 0.5)
(0.945329 0.0511493 0.5)
(0.945328 0.0509969 0.5)
(0.945328 0.0508339 0.5)
(0.945328 0.0506596 0.5)
(0.945328 0.0504732 0.5)
(0.945328 0.0502738 0.5)
(0.945327 0.0500605 0.5)
(0.945327 0.0498325 0.5)
(0.945327 0.0495885 0.5)
(0.945327 0.0493276 0.5)
(0.945327 0.0490486 0.5)
(0.945326 0.0487502 0.5)
(0.945326 0.048431 0.5)
(0.945326 0.0480896 0.5)
(0.945325 0.0477245 0.5)
(0.945325 0.047334 0.5)
(0.945324 0.0469164 0.5)
(0.945324 0.0464697 0.5)
(0.945324 0.045992 0.5)
(0.945323 0.0454811 0.5)
(0.945323 0.0449347 0.5)
(0.945322 0.0443502 0.5)
(0.945321 0.0437252 0.5)
(0.945321 0.0430567 0.5)
(0.94532 0.0423417 0.5)
(0.945319 0.041577 0.5)
(0.945319 0.0407591 0.5)
(0.945318 0.0398844 0.5)
(0.945317 0.0389489 0.5)
(0.945316 0.0379484 0.5)
(0.945315 0.0368783 0.5)
(0.945314 0.0357338 0.5)
(0.945312 0.0345097 0.5)
(0.945311 0.0332006 0.5)
(0.94531 0.0318004 0.5)
(0.945308 0.0303029 0.5)
(0.945307 0.0287013 0.5)
(0.945305 0.0269883 0.5)
(0.945303 0.0251563 0.5)
(0.945302 0.0231969 0.5)
(0.9453 0.0211013 0.5)
(0.945297 0.01886 0.5)
(0.945295 0.0164629 0.5)
(0.945293 0.0138991 0.5)
(0.94529 0.0111572 0.5)
(0.945287 0.00822457 0.5)
(0.945284 0.0050881 0.5)
(0.945281 0.0017336 0.5)
(0.951594 0.0533529 0.5)
(0.951594 0.0533402 0.5)
(0.951594 0.0533266 0.5)
(0.951594 0.053312 0.5)
(0.951594 0.0532964 0.5)
(0.951594 0.0532798 0.5)
(0.951594 0.053262 0.5)
(0.951594 0.053243 0.5)
(0.951594 0.0532226 0.5)
(0.951594 0.0532008 0.5)
(0.951594 0.0531775 0.5)
(0.951594 0.0531526 0.5)
(0.951594 0.053126 0.5)
(0.951594 0.0530975 0.5)
(0.951594 0.053067 0.5)
(0.951594 0.0530344 0.5)
(0.951594 0.0529995 0.5)
(0.951594 0.0529622 0.5)
(0.951594 0.0529223 0.5)
(0.951594 0.0528797 0.5)
(0.951594 0.0528341 0.5)
(0.951594 0.0527853 0.5)
(0.951594 0.0527331 0.5)
(0.951594 0.0526773 0.5)
(0.951594 0.0526176 0.5)
(0.951593 0.0525537 0.5)
(0.951593 0.0524855 0.5)
(0.951593 0.0524124 0.5)
(0.951593 0.0523343 0.5)
(0.951593 0.0522508 0.5)
(0.951593 0.0521615 0.5)
(0.951593 0.0520659 0.5)
(0.951593 0.0519637 0.5)
(0.951593 0.0518544 0.5)
(0.951593 0.0517375 0.5)
(0.951593 0.0516125 0.5)
(0.951592 0.0514788 0.5)
(0.951592 0.0513358 0.5)
(0.951592 0.0511829 0.5)
(0.951592 0.0510193 0.5)
(0.951592 0.0508443 0.5)
(0.951592 0.0506572 0.5)
(0.951591 0.0504571 0.5)
(0.951591 0.0502431 0.5)
(0.951591 0.0500141 0.5)
(0.951591 0.0497693 0.5)
(0.951591 0.0495075 0.5)
(0.95159 0.0492274 0.5)
(0.95159 0.0489279 0.5)
(0.95159 0.0486075 0.5)
(0.951589 0.0482649 0.5)
(0.951589 0.0478985 0.5)
(0.951589 0.0475066 0.5)
(0.951588 0.0470874 0.5)
(0.951588 0.0466392 0.5)
(0.951587 0.0461597 0.5)
(0.951587 0.0456469 0.5)
(0.951586 0.0450985 0.5)
(0.951586 0.0445119 0.5)
(0.951585 0.0438846 0.5)
(0.951584 0.0432136 0.5)
(0.951584 0.0424961 0.5)
(0.951583 0.0417286 0.5)
(0.951582 0.0409077 0.5)
(0.951581 0.0400299 0.5)
(0.951581 0.0390909 0.5)
(0.95158 0.0380867 0.5)
(0.951579 0.0370127 0.5)
(0.951577 0.0358641 0.5)
(0.951576 0.0346355 0.5)
(0.951575 0.0333216 0.5)
(0.951574 0.0319163 0.5)
(0.951572 0.0304134 0.5)
(0.951571 0.0288059 0.5)
(0.951569 0.0270867 0.5)
(0.951567 0.025248 0.5)
(0.951565 0.0232815 0.5)
(0.951563 0.0211782 0.5)
(0.951561 0.0189288 0.5)
(0.951559 0.0165229 0.5)
(0.951556 0.0139498 0.5)
(0.951554 0.0111978 0.5)
(0.951551 0.00825456 0.5)
(0.951548 0.00510665 0.5)
(0.951545 0.00173992 0.5)
(0.957889 0.0535523 0.5)
(0.957889 0.0535395 0.5)
(0.957889 0.0535258 0.5)
(0.957889 0.0535112 0.5)
(0.957889 0.0534956 0.5)
(0.957889 0.0534789 0.5)
(0.957889 0.053461 0.5)
(0.957889 0.0534419 0.5)
(0.957889 0.0534215 0.5)
(0.957889 0.0533996 0.5)
(0.957889 0.0533762 0.5)
(0.957889 0.0533512 0.5)
(0.957889 0.0533245 0.5)
(0.957889 0.0532959 0.5)
(0.957889 0.0532653 0.5)
(0.957889 0.0532326 0.5)
(0.957889 0.0531976 0.5)
(0.957889 0.0531601 0.5)
(0.957889 0.0531201 0.5)
(0.957889 0.0530773 0.5)
(0.957889 0.0530315 0.5)
(0.957889 0.0529825 0.5)
(0.957889 0.0529301 0.5)
(0.957888 0.0528741 0.5)
(0.957888 0.0528142 0.5)
(0.957888 0.0527501 0.5)
(0.957888 0.0526816 0.5)
(0.957888 0.0526083 0.5)
(0.957888 0.0525299 0.5)
(0.957888 0.0524461 0.5)
(0.957888 0.0523564 0.5)
(0.957888 0.0522605 0.5)
(0.957888 0.0521579 0.5)
(0.957888 0.0520482 0.5)
(0.957888 0.0519309 0.5)
(0.957887 0.0518054 0.5)
(0.957887 0.0516712 0.5)
(0.957887 0.0515276 0.5)
(0.957887 0.0513741 0.5)
(0.957887 0.0512099 0.5)
(0.957887 0.0510343 0.5)
(0.957887 0.0508465 0.5)
(0.957886 0.0506456 0.5)
(0.957886 0.0504308 0.5)
(0.957886 0.050201 0.5)
(0.957886 0.0499553 0.5)
(0.957885 0.0496925 0.5)
(0.957885 0.0494114 0.5)
(0.957885 0.0491107 0.5)
(0.957885 0.0487892 0.5)
(0.957884 0.0484453 0.5)
(0.957884 0.0480775 0.5)
(0.957884 0.0476841 0.5)
(0.957883 0.0472634 0.5)
(0.957883 0.0468134 0.5)
(0.957882 0.0463322 0.5)
(0.957882 0.0458175 0.5)
(0.957881 0.045267 0.5)
(0.957881 0.0446783 0.5)
(0.95788 0.0440486 0.5)
(0.957879 0.0433751 0.5)
(0.957879 0.0426549 0.5)
(0.957878 0.0418845 0.5)
(0.957877 0.0410606 0.5)
(0.957876 0.0401794 0.5)
(0.957876 0.039237 0.5)
(0.957875 0.0382291 0.5)
(0.957874 0.037151 0.5)
(0.957872 0.0359981 0.5)
(0.957871 0.034765 0.5)
(0.95787 0.0334461 0.5)
(0.957869 0.0320356 0.5)
(0.957867 0.030527 0.5)
(0.957866 0.0289136 0.5)
(0.957864 0.0271879 0.5)
(0.957862 0.0253424 0.5)
(0.95786 0.0233685 0.5)
(0.957858 0.0212574 0.5)
(0.957856 0.0189995 0.5)
(0.957854 0.0165847 0.5)
(0.957852 0.0140019 0.5)
(0.957849 0.0112397 0.5)
(0.957846 0.0082854 0.5)
(0.957843 0.00512574 0.5)
(0.95784 0.00174642 0.5)
(0.964215 0.0537572 0.5)
(0.964215 0.0537443 0.5)
(0.964215 0.0537306 0.5)
(0.964215 0.053716 0.5)
(0.964215 0.0537003 0.5)
(0.964215 0.0536835 0.5)
(0.964215 0.0536656 0.5)
(0.964215 0.0536464 0.5)
(0.964215 0.0536259 0.5)
(0.964215 0.0536039 0.5)
(0.964215 0.0535804 0.5)
(0.964215 0.0535553 0.5)
(0.964215 0.0535285 0.5)
(0.964215 0.0534998 0.5)
(0.964215 0.0534691 0.5)
(0.964215 0.0534362 0.5)
(0.964215 0.0534011 0.5)
(0.964215 0.0533635 0.5)
(0.964215 0.0533233 0.5)
(0.964215 0.0532804 0.5)
(0.964215 0.0532344 0.5)
(0.964215 0.0531852 0.5)
(0.964215 0.0531326 0.5)
(0.964215 0.0530764 0.5)
(0.964215 0.0530163 0.5)
(0.964215 0.0529519 0.5)
(0.964214 0.0528832 0.5)
(0.964214 0.0528096 0.5)
(0.964214 0.0527309 0.5)
(0.964214 0.0526467 0.5)
(0.964214 0.0525567 0.5)
(0.964214 0.0524604 0.5)
(0.964214 0.0523575 0.5)
(0.964214 0.0522473 0.5)
(0.964214 0.0521296 0.5)
(0.964214 0.0520036 0.5)
(0.964214 0.0518689 0.5)
(0.964213 0.0517248 0.5)
(0.964213 0.0515707 0.5)
(0.964213 0.0514059 0.5)
(0.964213 0.0512296 0.5)
(0.964213 0.051041 0.5)
(0.964213 0.0508394 0.5)
(0.964212 0.0506237 0.5)
(0.964212 0.0503931 0.5)
(0.964212 0.0501464 0.5)
(0.964212 0.0498826 0.5)
(0.964211 0.0496004 0.5)
(0.964211 0.0492986 0.5)
(0.964211 0.0489758 0.5)
(0.964211 0.0486306 0.5)
(0.96421 0.0482614 0.5)
(0.96421 0.0478666 0.5)
(0.964209 0.0474442 0.5)
(0.964209 0.0469925 0.5)
(0.964209 0.0465095 0.5)
(0.964208 0.0459928 0.5)
(0.964208 0.0454402 0.5)
(0.964207 0.0448492 0.5)
(0.964206 0.0442171 0.5)
(0.964206 0.0435411 0.5)
(0.964205 0.042818 0.5)
(0.964204 0.0420448 0.5)
(0.964204 0.0412177 0.5)
(0.964203 0.0403332 0.5)
(0.964202 0.0393871 0.5)
(0.964201 0.0383753 0.5)
(0.9642 0.0372932 0.5)
(0.964199 0.0361358 0.5)
(0.964198 0.034898 0.5)
(0.964196 0.0335741 0.5)
(0.964195 0.0321582 0.5)
(0.964194 0.0306438 0.5)
(0.964192 0.0290242 0.5)
(0.964191 0.027292 0.5)
(0.964189 0.0254393 0.5)
(0.964187 0.0234579 0.5)
(0.964185 0.0213387 0.5)
(0.964183 0.0190722 0.5)
(0.964181 0.0166481 0.5)
(0.964178 0.0140555 0.5)
(0.964176 0.0112827 0.5)
(0.964173 0.0083171 0.5)
(0.96417 0.00514535 0.5)
(0.964167 0.0017531 0.5)
(0.970573 0.0539675 0.5)
(0.970573 0.0539546 0.5)
(0.970573 0.0539408 0.5)
(0.970573 0.0539261 0.5)
(0.970573 0.0539104 0.5)
(0.970573 0.0538935 0.5)
(0.970573 0.0538755 0.5)
(0.970573 0.0538563 0.5)
(0.970573 0.0538357 0.5)
(0.970573 0.0538136 0.5)
(0.970573 0.0537901 0.5)
(0.970573 0.0537649 0.5)
(0.970573 0.0537379 0.5)
(0.970573 0.0537091 0.5)
(0.970573 0.0536782 0.5)
(0.970573 0.0536453 0.5)
(0.970573 0.05361 0.5)
(0.970573 0.0535723 0.5)
(0.970573 0.0535319 0.5)
(0.970573 0.0534888 0.5)
(0.970573 0.0534427 0.5)
(0.970572 0.0533933 0.5)
(0.970572 0.0533405 0.5)
(0.970572 0.0532841 0.5)
(0.970572 0.0532237 0.5)
(0.970572 0.0531591 0.5)
(0.970572 0.05309 0.5)
(0.970572 0.0530162 0.5)
(0.970572 0.0529372 0.5)
(0.970572 0.0528527 0.5)
(0.970572 0.0527623 0.5)
(0.970572 0.0526657 0.5)
(0.970572 0.0525623 0.5)
(0.970572 0.0524517 0.5)
(0.970572 0.0523335 0.5)
(0.970571 0.052207 0.5)
(0.970571 0.0520718 0.5)
(0.970571 0.0519271 0.5)
(0.970571 0.0517724 0.5)
(0.970571 0.051607 0.5)
(0.970571 0.05143 0.5)
(0.970571 0.0512407 0.5)
(0.97057 0.0510383 0.5)
(0.97057 0.0508218 0.5)
(0.97057 0.0505902 0.5)
(0.97057 0.0503426 0.5)
(0.970569 0.0500777 0.5)
(0.970569 0.0497945 0.5)
(0.970569 0.0494915 0.5)
(0.970569 0.0491674 0.5)
(0.970568 0.0488209 0.5)
(0.970568 0.0484502 0.5)
(0.970568 0.0480538 0.5)
(0.970567 0.0476298 0.5)
(0.970567 0.0471764 0.5)
(0.970566 0.0466914 0.5)
(0.970566 0.0461727 0.5)
(0.970565 0.045618 0.5)
(0.970565 0.0450247 0.5)
(0.970564 0.0443901 0.5)
(0.970564 0.0437114 0.5)
(0.970563 0.0429856 0.5)
(0.970562 0.0422092 0.5)
(0.970561 0.041379 0.5)
(0.970561 0.040491 0.5)
(0.97056 0.0395412 0.5)
(0.970559 0.0385255 0.5)
(0.970558 0.0374391 0.5)
(0.970557 0.0362772 0.5)
(0.970556 0.0350345 0.5)
(0.970554 0.0337054 0.5)
(0.970553 0.032284 0.5)
(0.970552 0.0307637 0.5)
(0.97055 0.0291377 0.5)
(0.970549 0.0273987 0.5)
(0.970547 0.0255388 0.5)
(0.970545 0.0235496 0.5)
(0.970543 0.0214222 0.5)
(0.970541 0.0191468 0.5)
(0.970539 0.0167132 0.5)
(0.970536 0.0141105 0.5)
(0.970534 0.0113268 0.5)
(0.970531 0.00834964 0.5)
(0.970528 0.00516548 0.5)
(0.970525 0.00175996 0.5)
(0.976962 0.0541831 0.5)
(0.976962 0.0541702 0.5)
(0.976962 0.0541564 0.5)
(0.976962 0.0541416 0.5)
(0.976962 0.0541258 0.5)
(0.976962 0.0541089 0.5)
(0.976962 0.0540908 0.5)
(0.976962 0.0540715 0.5)
(0.976962 0.0540508 0.5)
(0.976962 0.0540287 0.5)
(0.976962 0.054005 0.5)
(0.976962 0.0539797 0.5)
(0.976962 0.0539527 0.5)
(0.976962 0.0539237 0.5)
(0.976962 0.0538928 0.5)
(0.976962 0.0538596 0.5)
(0.976962 0.0538242 0.5)
(0.976962 0.0537864 0.5)
(0.976962 0.0537459 0.5)
(0.976962 0.0537025 0.5)
(0.976962 0.0536562 0.5)
(0.976962 0.0536067 0.5)
(0.976962 0.0535537 0.5)
(0.976962 0.053497 0.5)
(0.976962 0.0534364 0.5)
(0.976962 0.0533715 0.5)
(0.976962 0.0533022 0.5)
(0.976961 0.053228 0.5)
(0.976961 0.0531487 0.5)
(0.976961 0.0530639 0.5)
(0.976961 0.0529732 0.5)
(0.976961 0.0528761 0.5)
(0.976961 0.0527723 0.5)
(0.976961 0.0526613 0.5)
(0.976961 0.0525426 0.5)
(0.976961 0.0524157 0.5)
(0.976961 0.0522799 0.5)
(0.976961 0.0521346 0.5)
(0.97696 0.0519793 0.5)
(0.97696 0.0518132 0.5)
(0.97696 0.0516355 0.5)
(0.97696 0.0514455 0.5)
(0.97696 0.0512423 0.5)
(0.97696 0.0510249 0.5)
(0.976959 0.0507924 0.5)
(0.976959 0.0505438 0.5)
(0.976959 0.0502779 0.5)
(0.976959 0.0499934 0.5)
(0.976958 0.0496893 0.5)
(0.976958 0.0493639 0.5)
(0.976958 0.049016 0.5)
(0.976957 0.0486439 0.5)
(0.976957 0.0482458 0.5)
(0.976957 0.0478202 0.5)
(0.976956 0.0473649 0.5)
(0.976956 0.046878 0.5)
(0.976955 0.0463572 0.5)
(0.976955 0.0458003 0.5)
(0.976954 0.0452046 0.5)
(0.976954 0.0445675 0.5)
(0.976953 0.0438861 0.5)
(0.976952 0.0431573 0.5)
(0.976952 0.0423779 0.5)
(0.976951 0.0415443 0.5)
(0.97695 0.0406528 0.5)
(0.976949 0.0396992 0.5)
(0.976948 0.0386794 0.5)
(0.976947 0.0375887 0.5)
(0.976946 0.0364221 0.5)
(0.976945 0.0351745 0.5)
(0.976944 0.0338401 0.5)
(0.976943 0.032413 0.5)
(0.976941 0.0308866 0.5)
(0.97694 0.0292542 0.5)
(0.976938 0.0275082 0.5)
(0.976937 0.0256409 0.5)
(0.976935 0.0236438 0.5)
(0.976933 0.0215078 0.5)
(0.976931 0.0192233 0.5)
(0.976929 0.01678 0.5)
(0.976926 0.0141669 0.5)
(0.976924 0.0113721 0.5)
(0.976921 0.008383 0.5)
(0.976918 0.00518612 0.5)
(0.976915 0.00176699 0.5)
(0.983384 0.0544041 0.5)
(0.983383 0.0543911 0.5)
(0.983383 0.0543772 0.5)
(0.983383 0.0543624 0.5)
(0.983383 0.0543465 0.5)
(0.983383 0.0543295 0.5)
(0.983383 0.0543114 0.5)
(0.983383 0.0542919 0.5)
(0.983383 0.0542712 0.5)
(0.983383 0.054249 0.5)
(0.983383 0.0542252 0.5)
(0.983383 0.0541998 0.5)
(0.983383 0.0541726 0.5)
(0.983383 0.0541436 0.5)
(0.983383 0.0541125 0.5)
(0.983383 0.0540793 0.5)
(0.983383 0.0540437 0.5)
(0.983383 0.0540057 0.5)
(0.983383 0.053965 0.5)
(0.983383 0.0539215 0.5)
(0.983383 0.053875 0.5)
(0.983383 0.0538252 0.5)
(0.983383 0.053772 0.5)
(0.983383 0.0537151 0.5)
(0.983383 0.0536543 0.5)
(0.983383 0.0535892 0.5)
(0.983383 0.0535195 0.5)
(0.983383 0.0534451 0.5)
(0.983383 0.0533654 0.5)
(0.983383 0.0532803 0.5)
(0.983382 0.0531892 0.5)
(0.983382 0.0530917 0.5)
(0.983382 0.0529875 0.5)
(0.983382 0.0528761 0.5)
(0.983382 0.0527569 0.5)
(0.983382 0.0526294 0.5)
(0.983382 0.052493 0.5)
(0.983382 0.0523472 0.5)
(0.983382 0.0521913 0.5)
(0.983381 0.0520245 0.5)
(0.983381 0.0518461 0.5)
(0.983381 0.0516553 0.5)
(0.983381 0.0514512 0.5)
(0.983381 0.0512329 0.5)
(0.983381 0.0509995 0.5)
(0.98338 0.0507499 0.5)
(0.98338 0.0504829 0.5)
(0.98338 0.0501973 0.5)
(0.98338 0.0498919 0.5)
(0.983379 0.0495652 0.5)
(0.983379 0.0492158 0.5)
(0.983379 0.0488422 0.5)
(0.983378 0.0484426 0.5)
(0.983378 0.0480152 0.5)
(0.983377 0.047558 0.5)
(0.983377 0.0470691 0.5)
(0.983377 0.0465463 0.5)
(0.983376 0.045987 0.5)
(0.983376 0.0453889 0.5)
(0.983375 0.0447492 0.5)
(0.983374 0.044065 0.5)
(0.983374 0.0433333 0.5)
(0.983373 0.0425507 0.5)
(0.983372 0.0417137 0.5)
(0.983372 0.0408185 0.5)
(0.983371 0.0398611 0.5)
(0.98337 0.0388371 0.5)
(0.983369 0.037742 0.5)
(0.983368 0.0365707 0.5)
(0.983367 0.0353179 0.5)
(0.983366 0.0339781 0.5)
(0.983364 0.0325451 0.5)
(0.983363 0.0310126 0.5)
(0.983362 0.0293735 0.5)
(0.98336 0.0276204 0.5)
(0.983358 0.0257454 0.5)
(0.983357 0.0237402 0.5)
(0.983355 0.0215955 0.5)
(0.983353 0.0193017 0.5)
(0.983351 0.0168484 0.5)
(0.983348 0.0142247 0.5)
(0.983346 0.0114185 0.5)
(0.983343 0.00841719 0.5)
(0.98334 0.00520726 0.5)
(0.983337 0.00177419 0.5)
(0.989837 0.0546302 0.5)
(0.989837 0.0546171 0.5)
(0.989837 0.0546032 0.5)
(0.989837 0.0545883 0.5)
(0.989837 0.0545724 0.5)
(0.989837 0.0545553 0.5)
(0.989837 0.0545371 0.5)
(0.989837 0.0545176 0.5)
(0.989836 0.0544967 0.5)
(0.989836 0.0544744 0.5)
(0.989836 0.0544506 0.5)
(0.989836 0.0544251 0.5)
(0.989836 0.0543978 0.5)
(0.989836 0.0543686 0.5)
(0.989836 0.0543374 0.5)
(0.989836 0.054304 0.5)
(0.989836 0.0542683 0.5)
(0.989836 0.0542301 0.5)
(0.989836 0.0541893 0.5)
(0.989836 0.0541456 0.5)
(0.989836 0.0540989 0.5)
(0.989836 0.0540489 0.5)
(0.989836 0.0539955 0.5)
(0.989836 0.0539384 0.5)
(0.989836 0.0538772 0.5)
(0.989836 0.0538119 0.5)
(0.989836 0.053742 0.5)
(0.989836 0.0536672 0.5)
(0.989836 0.0535872 0.5)
(0.989836 0.0535017 0.5)
(0.989836 0.0534102 0.5)
(0.989835 0.0533124 0.5)
(0.989835 0.0532077 0.5)
(0.989835 0.0530958 0.5)
(0.989835 0.0529761 0.5)
(0.989835 0.0528481 0.5)
(0.989835 0.0527112 0.5)
(0.989835 0.0525648 0.5)
(0.989835 0.0524082 0.5)
(0.989835 0.0522407 0.5)
(0.989834 0.0520615 0.5)
(0.989834 0.0518699 0.5)
(0.989834 0.051665 0.5)
(0.989834 0.0514459 0.5)
(0.989834 0.0512115 0.5)
(0.989833 0.0509608 0.5)
(0.989833 0.0506927 0.5)
(0.989833 0.0504059 0.5)
(0.989833 0.0500992 0.5)
(0.989832 0.0497712 0.5)
(0.989832 0.0494204 0.5)
(0.989832 0.0490452 0.5)
(0.989832 0.0486439 0.5)
(0.989831 0.0482147 0.5)
(0.989831 0.0477557 0.5)
(0.98983 0.0472648 0.5)
(0.98983 0.0467397 0.5)
(0.989829 0.0461781 0.5)
(0.989829 0.0455775 0.5)
(0.989828 0.0449352 0.5)
(0.989828 0.0442482 0.5)
(0.989827 0.0435134 0.5)
(0.989826 0.0427276 0.5)
(0.989826 0.0418871 0.5)
(0.989825 0.0409882 0.5)
(0.989824 0.0400268 0.5)
(0.989823 0.0389985 0.5)
(0.989822 0.0378988 0.5)
(0.989821 0.0367226 0.5)
(0.98982 0.0354647 0.5)
(0.989819 0.0341193 0.5)
(0.989818 0.0326804 0.5)
(0.989817 0.0311415 0.5)
(0.989815 0.0294955 0.5)
(0.989814 0.0277352 0.5)
(0.989812 0.0258524 0.5)
(0.98981 0.0238388 0.5)
(0.989809 0.0216852 0.5)
(0.989807 0.0193819 0.5)
(0.989804 0.0169185 0.5)
(0.989802 0.0142838 0.5)
(0.9898 0.0114659 0.5)
(0.989797 0.00845217 0.5)
(0.989794 0.0052289 0.5)
(0.989792 0.00178157 0.5)
(0.996322 0.0548613 0.5)
(0.996322 0.0548482 0.5)
(0.996322 0.0548343 0.5)
(0.996322 0.0548193 0.5)
(0.996322 0.0548033 0.5)
(0.996322 0.0547862 0.5)
(0.996322 0.0547679 0.5)
(0.996322 0.0547483 0.5)
(0.996322 0.0547273 0.5)
(0.996322 0.0547049 0.5)
(0.996322 0.054681 0.5)
(0.996322 0.0546554 0.5)
(0.996322 0.054628 0.5)
(0.996322 0.0545987 0.5)
(0.996322 0.0545673 0.5)
(0.996322 0.0545338 0.5)
(0.996322 0.0544979 0.5)
(0.996322 0.0544596 0.5)
(0.996321 0.0544186 0.5)
(0.996321 0.0543747 0.5)
(0.996321 0.0543278 0.5)
(0.996321 0.0542777 0.5)
(0.996321 0.054224 0.5)
(0.996321 0.0541666 0.5)
(0.996321 0.0541052 0.5)
(0.996321 0.0540396 0.5)
(0.996321 0.0539694 0.5)
(0.996321 0.0538943 0.5)
(0.996321 0.053814 0.5)
(0.996321 0.0537281 0.5)
(0.996321 0.0536362 0.5)
(0.996321 0.053538 0.5)
(0.996321 0.0534329 0.5)
(0.996321 0.0533205 0.5)
(0.99632 0.0532003 0.5)
(0.99632 0.0530717 0.5)
(0.99632 0.0529343 0.5)
(0.99632 0.0527872 0.5)
(0.99632 0.0526299 0.5)
(0.99632 0.0524617 0.5)
(0.99632 0.0522818 0.5)
(0.99632 0.0520894 0.5)
(0.996319 0.0518836 0.5)
(0.996319 0.0516636 0.5)
(0.996319 0.0514282 0.5)
(0.996319 0.0511764 0.5)
(0.996319 0.0509072 0.5)
(0.996318 0.0506192 0.5)
(0.996318 0.0503112 0.5)
(0.996318 0.0499818 0.5)
(0.996318 0.0496295 0.5)
(0.996317 0.0492527 0.5)
(0.996317 0.0488497 0.5)
(0.996317 0.0484187 0.5)
(0.996316 0.0479578 0.5)
(0.996316 0.0474648 0.5)
(0.996315 0.0469375 0.5)
(0.996315 0.0463735 0.5)
(0.996314 0.0457704 0.5)
(0.996314 0.0451253 0.5)
(0.996313 0.0444354 0.5)
(0.996313 0.0436975 0.5)
(0.996312 0.0429084 0.5)
(0.996311 0.0420643 0.5)
(0.996311 0.0411616 0.5)
(0.99631 0.0401961 0.5)
(0.996309 0.0391635 0.5)
(0.996308 0.0380592 0.5)
(0.996307 0.036878 0.5)
(0.996306 0.0356148 0.5)
(0.996305 0.0342637 0.5)
(0.996304 0.0328187 0.5)
(0.996302 0.0312732 0.5)
(0.996301 0.0296203 0.5)
(0.9963 0.0278525 0.5)
(0.996298 0.0259618 0.5)
(0.996296 0.0239397 0.5)
(0.996295 0.021777 0.5)
(0.996293 0.0194639 0.5)
(0.996291 0.0169901 0.5)
(0.996288 0.0143442 0.5)
(0.996286 0.0115144 0.5)
(0.996284 0.00848793 0.5)
(0.996281 0.00525103 0.5)
(0.996278 0.0017891 0.5)
(1.00284 0.0550975 0.5)
(1.00284 0.0550843 0.5)
(1.00284 0.0550703 0.5)
(1.00284 0.0550552 0.5)
(1.00284 0.0550392 0.5)
(1.00284 0.055022 0.5)
(1.00284 0.0550036 0.5)
(1.00284 0.0549839 0.5)
(1.00284 0.0549629 0.5)
(1.00284 0.0549404 0.5)
(1.00284 0.0549163 0.5)
(1.00284 0.0548906 0.5)
(1.00284 0.0548631 0.5)
(1.00284 0.0548337 0.5)
(1.00284 0.0548022 0.5)
(1.00284 0.0547685 0.5)
(1.00284 0.0547325 0.5)
(1.00284 0.054694 0.5)
(1.00284 0.0546528 0.5)
(1.00284 0.0546088 0.5)
(1.00284 0.0545617 0.5)
(1.00284 0.0545113 0.5)
(1.00284 0.0544574 0.5)
(1.00284 0.0543998 0.5)
(1.00284 0.0543381 0.5)
(1.00284 0.0542722 0.5)
(1.00284 0.0542017 0.5)
(1.00284 0.0541263 0.5)
(1.00284 0.0540456 0.5)
(1.00284 0.0539593 0.5)
(1.00284 0.0538671 0.5)
(1.00284 0.0537684 0.5)
(1.00284 0.0536629 0.5)
(1.00284 0.05355 0.5)
(1.00284 0.0534293 0.5)
(1.00284 0.0533002 0.5)
(1.00284 0.0531621 0.5)
(1.00284 0.0530144 0.5)
(1.00284 0.0528565 0.5)
(1.00284 0.0526875 0.5)
(1.00284 0.0525069 0.5)
(1.00284 0.0523136 0.5)
(1.00284 0.052107 0.5)
(1.00284 0.0518859 0.5)
(1.00284 0.0516495 0.5)
(1.00284 0.0513967 0.5)
(1.00284 0.0511263 0.5)
(1.00284 0.0508371 0.5)
(1.00284 0.0505278 0.5)
(1.00284 0.0501969 0.5)
(1.00284 0.0498431 0.5)
(1.00283 0.0494647 0.5)
(1.00283 0.04906 0.5)
(1.00283 0.0486271 0.5)
(1.00283 0.0481642 0.5)
(1.00283 0.0476691 0.5)
(1.00283 0.0471395 0.5)
(1.00283 0.0465731 0.5)
(1.00283 0.0459674 0.5)
(1.00283 0.0453196 0.5)
(1.00283 0.0446267 0.5)
(1.00283 0.0438856 0.5)
(1.00283 0.043093 0.5)
(1.00283 0.0422454 0.5)
(1.00283 0.0413388 0.5)
(1.00283 0.0403692 0.5)
(1.00283 0.0393321 0.5)
(1.00283 0.038223 0.5)
(1.00282 0.0370368 0.5)
(1.00282 0.0357681 0.5)
(1.00282 0.0344112 0.5)
(1.00282 0.03296 0.5)
(1.00282 0.0314078 0.5)
(1.00282 0.0297478 0.5)
(1.00282 0.0279724 0.5)
(1.00282 0.0260736 0.5)
(1.00281 0.0240427 0.5)
(1.00281 0.0218707 0.5)
(1.00281 0.0195477 0.5)
(1.00281 0.0170632 0.5)
(1.00281 0.014406 0.5)
(1.0028 0.011564 0.5)
(1.0028 0.00852447 0.5)
(1.0028 0.00527363 0.5)
(1.0028 0.0017968 0.5)
(1.00939 0.0553385 0.5)
(1.00939 0.0553253 0.5)
(1.00939 0.0553111 0.5)
(1.00939 0.055296 0.5)
(1.00939 0.0552799 0.5)
(1.00939 0.0552626 0.5)
(1.00939 0.0552442 0.5)
(1.00939 0.0552244 0.5)
(1.00939 0.0552033 0.5)
(1.00939 0.0551807 0.5)
(1.00939 0.0551565 0.5)
(1.00939 0.0551307 0.5)
(1.00939 0.0551031 0.5)
(1.00939 0.0550735 0.5)
(1.00939 0.0550419 0.5)
(1.00939 0.0550081 0.5)
(1.00939 0.0549719 0.5)
(1.00939 0.0549332 0.5)
(1.00939 0.0548919 0.5)
(1.00939 0.0548476 0.5)
(1.00939 0.0548003 0.5)
(1.00939 0.0547497 0.5)
(1.00939 0.0546956 0.5)
(1.00939 0.0546377 0.5)
(1.00939 0.0545758 0.5)
(1.00939 0.0545096 0.5)
(1.00939 0.0544387 0.5)
(1.00939 0.054363 0.5)
(1.00939 0.054282 0.5)
(1.00939 0.0541954 0.5)
(1.00939 0.0541027 0.5)
(1.00939 0.0540036 0.5)
(1.00939 0.0538976 0.5)
(1.00939 0.0537842 0.5)
(1.00939 0.053663 0.5)
(1.00939 0.0535333 0.5)
(1.00939 0.0533946 0.5)
(1.00939 0.0532463 0.5)
(1.00939 0.0530877 0.5)
(1.00939 0.052918 0.5)
(1.00939 0.0527365 0.5)
(1.00939 0.0525424 0.5)
(1.00939 0.0523349 0.5)
(1.00939 0.0521129 0.5)
(1.00939 0.0518754 0.5)
(1.00939 0.0516215 0.5)
(1.00939 0.0513499 0.5)
(1.00939 0.0510594 0.5)
(1.00939 0.0507488 0.5)
(1.00939 0.0504165 0.5)
(1.00939 0.0500611 0.5)
(1.00939 0.0496811 0.5)
(1.00938 0.0492746 0.5)
(1.00938 0.0488398 0.5)
(1.00938 0.0483749 0.5)
(1.00938 0.0478776 0.5)
(1.00938 0.0473457 0.5)
(1.00938 0.0467768 0.5)
(1.00938 0.0461685 0.5)
(1.00938 0.0455178 0.5)
(1.00938 0.0448219 0.5)
(1.00938 0.0440776 0.5)
(1.00938 0.0432815 0.5)
(1.00938 0.0424301 0.5)
(1.00938 0.0415196 0.5)
(1.00938 0.0405457 0.5)
(1.00938 0.0395042 0.5)
(1.00938 0.0383902 0.5)
(1.00938 0.0371988 0.5)
(1.00937 0.0359245 0.5)
(1.00937 0.0345617 0.5)
(1.00937 0.0331041 0.5)
(1.00937 0.0315452 0.5)
(1.00937 0.0298779 0.5)
(1.00937 0.0280948 0.5)
(1.00937 0.0261876 0.5)
(1.00937 0.0241479 0.5)
(1.00936 0.0219664 0.5)
(1.00936 0.0196332 0.5)
(1.00936 0.0171378 0.5)
(1.00936 0.014469 0.5)
(1.00936 0.0116146 0.5)
(1.00935 0.00856175 0.5)
(1.00935 0.0052967 0.5)
(1.00935 0.00180466 0.5)
(1.01597 0.0555842 0.5)
(1.01597 0.0555709 0.5)
(1.01597 0.0555567 0.5)
(1.01597 0.0555416 0.5)
(1.01597 0.0555254 0.5)
(1.01597 0.055508 0.5)
(1.01597 0.0554895 0.5)
(1.01597 0.0554696 0.5)
(1.01597 0.0554484 0.5)
(1.01597 0.0554257 0.5)
(1.01597 0.0554015 0.5)
(1.01597 0.0553755 0.5)
(1.01597 0.0553477 0.5)
(1.01597 0.055318 0.5)
(1.01597 0.0552863 0.5)
(1.01597 0.0552523 0.5)
(1.01597 0.055216 0.5)
(1.01597 0.0551772 0.5)
(1.01597 0.0551356 0.5)
(1.01597 0.0550912 0.5)
(1.01597 0.0550436 0.5)
(1.01597 0.0549928 0.5)
(1.01597 0.0549384 0.5)
(1.01597 0.0548803 0.5)
(1.01597 0.0548181 0.5)
(1.01597 0.0547516 0.5)
(1.01597 0.0546805 0.5)
(1.01597 0.0546044 0.5)
(1.01597 0.054523 0.5)
(1.01597 0.054436 0.5)
(1.01597 0.0543429 0.5)
(1.01597 0.0542434 0.5)
(1.01597 0.0541369 0.5)
(1.01597 0.054023 0.5)
(1.01597 0.0539013 0.5)
(1.01597 0.053771 0.5)
(1.01597 0.0536317 0.5)
(1.01597 0.0534827 0.5)
(1.01597 0.0533234 0.5)
(1.01597 0.053153 0.5)
(1.01597 0.0529707 0.5)
(1.01597 0.0527757 0.5)
(1.01597 0.0525673 0.5)
(1.01597 0.0523443 0.5)
(1.01597 0.0521058 0.5)
(1.01597 0.0518507 0.5)
(1.01597 0.0515779 0.5)
(1.01597 0.0512861 0.5)
(1.01597 0.0509741 0.5)
(1.01597 0.0506404 0.5)
(1.01597 0.0502834 0.5)
(1.01597 0.0499017 0.5)
(1.01597 0.0494934 0.5)
(1.01597 0.0490567 0.5)
(1.01597 0.0485897 0.5)
(1.01597 0.0480901 0.5)
(1.01597 0.0475559 0.5)
(1.01597 0.0469845 0.5)
(1.01597 0.0463735 0.5)
(1.01596 0.0457199 0.5)
(1.01596 0.0450209 0.5)
(1.01596 0.0442733 0.5)
(1.01596 0.0434737 0.5)
(1.01596 0.0426186 0.5)
(1.01596 0.0417039 0.5)
(1.01596 0.0407258 0.5)
(1.01596 0.0396796 0.5)
(1.01596 0.0385606 0.5)
(1.01596 0.0373639 0.5)
(1.01596 0.036084 0.5)
(1.01596 0.0347151 0.5)
(1.01596 0.0332511 0.5)
(1.01595 0.0316853 0.5)
(1.01595 0.0300106 0.5)
(1.01595 0.0282195 0.5)
(1.01595 0.0263039 0.5)
(1.01595 0.0242551 0.5)
(1.01595 0.0220639 0.5)
(1.01595 0.0197204 0.5)
(1.01594 0.0172139 0.5)
(1.01594 0.0145332 0.5)
(1.01594 0.0116661 0.5)
(1.01594 0.00859977 0.5)
(1.01594 0.00532022 0.5)
(1.01593 0.00181268 0.5)
(1.02259 0.0558345 0.5)
(1.02259 0.0558212 0.5)
(1.02259 0.0558069 0.5)
(1.02259 0.0557917 0.5)
(1.02259 0.0557754 0.5)
(1.02259 0.055758 0.5)
(1.02259 0.0557394 0.5)
(1.02259 0.0557194 0.5)
(1.02259 0.0556981 0.5)
(1.02259 0.0556753 0.5)
(1.02259 0.0556509 0.5)
(1.02259 0.0556249 0.5)
(1.02259 0.055597 0.5)
(1.02259 0.0555672 0.5)
(1.02259 0.0555353 0.5)
(1.02259 0.0555011 0.5)
(1.02259 0.0554647 0.5)
(1.02259 0.0554256 0.5)
(1.02259 0.0553839 0.5)
(1.02259 0.0553393 0.5)
(1.02259 0.0552915 0.5)
(1.02259 0.0552405 0.5)
(1.02259 0.0551858 0.5)
(1.02259 0.0551274 0.5)
(1.02259 0.055065 0.5)
(1.02259 0.0549982 0.5)
(1.02259 0.0549267 0.5)
(1.02259 0.0548503 0.5)
(1.02259 0.0547686 0.5)
(1.02259 0.0546811 0.5)
(1.02259 0.0545876 0.5)
(1.02259 0.0544877 0.5)
(1.02259 0.0543807 0.5)
(1.02259 0.0542663 0.5)
(1.02259 0.054144 0.5)
(1.02259 0.0540132 0.5)
(1.02259 0.0538732 0.5)
(1.02259 0.0537236 0.5)
(1.02259 0.0535635 0.5)
(1.02259 0.0533923 0.5)
(1.02259 0.0532092 0.5)
(1.02259 0.0530134 0.5)
(1.02259 0.052804 0.5)
(1.02259 0.05258 0.5)
(1.02258 0.0523404 0.5)
(1.02258 0.0520842 0.5)
(1.02258 0.0518102 0.5)
(1.02258 0.0515171 0.5)
(1.02258 0.0512037 0.5)
(1.02258 0.0508684 0.5)
(1.02258 0.0505099 0.5)
(1.02258 0.0501264 0.5)
(1.02258 0.0497163 0.5)
(1.02258 0.0492776 0.5)
(1.02258 0.0488085 0.5)
(1.02258 0.0483067 0.5)
(1.02258 0.0477701 0.5)
(1.02258 0.0471961 0.5)
(1.02258 0.0465823 0.5)
(1.02258 0.0459258 0.5)
(1.02258 0.0452236 0.5)
(1.02258 0.0444727 0.5)
(1.02258 0.0436695 0.5)
(1.02258 0.0428105 0.5)
(1.02258 0.0418918 0.5)
(1.02258 0.0409092 0.5)
(1.02258 0.0398583 0.5)
(1.02258 0.0387343 0.5)
(1.02257 0.0375322 0.5)
(1.02257 0.0362465 0.5)
(1.02257 0.0348715 0.5)
(1.02257 0.0334008 0.5)
(1.02257 0.031828 0.5)
(1.02257 0.0301458 0.5)
(1.02257 0.0283466 0.5)
(1.02257 0.0264224 0.5)
(1.02257 0.0243644 0.5)
(1.02256 0.0221633 0.5)
(1.02256 0.0198092 0.5)
(1.02256 0.0172914 0.5)
(1.02256 0.0145987 0.5)
(1.02256 0.0117187 0.5)
(1.02255 0.00863849 0.5)
(1.02255 0.00534418 0.5)
(1.02255 0.00182084 0.5)
(1.02924 0.0560893 0.5)
(1.02924 0.0560759 0.5)
(1.02924 0.0560616 0.5)
(1.02924 0.0560463 0.5)
(1.02924 0.0560299 0.5)
(1.02924 0.0560124 0.5)
(1.02924 0.0559937 0.5)
(1.02924 0.0559737 0.5)
(1.02924 0.0559523 0.5)
(1.02924 0.0559294 0.5)
(1.02924 0.0559049 0.5)
(1.02924 0.0558787 0.5)
(1.02924 0.0558507 0.5)
(1.02924 0.0558207 0.5)
(1.02924 0.0557887 0.5)
(1.02924 0.0557544 0.5)
(1.02924 0.0557178 0.5)
(1.02924 0.0556786 0.5)
(1.02924 0.0556366 0.5)
(1.02924 0.0555918 0.5)
(1.02924 0.0555438 0.5)
(1.02924 0.0554925 0.5)
(1.02924 0.0554377 0.5)
(1.02924 0.055379 0.5)
(1.02924 0.0553162 0.5)
(1.02924 0.0552491 0.5)
(1.02924 0.0551774 0.5)
(1.02924 0.0551006 0.5)
(1.02923 0.0550185 0.5)
(1.02923 0.0549307 0.5)
(1.02923 0.0548367 0.5)
(1.02923 0.0547363 0.5)
(1.02923 0.0546289 0.5)
(1.02923 0.054514 0.5)
(1.02923 0.0543911 0.5)
(1.02923 0.0542596 0.5)
(1.02923 0.0541191 0.5)
(1.02923 0.0539687 0.5)
(1.02923 0.0538079 0.5)
(1.02923 0.053636 0.5)
(1.02923 0.053452 0.5)
(1.02923 0.0532553 0.5)
(1.02923 0.0530449 0.5)
(1.02923 0.0528199 0.5)
(1.02923 0.0525793 0.5)
(1.02923 0.0523219 0.5)
(1.02923 0.0520466 0.5)
(1.02923 0.0517522 0.5)
(1.02923 0.0514373 0.5)
(1.02923 0.0511005 0.5)
(1.02923 0.0507403 0.5)
(1.02923 0.0503551 0.5)
(1.02923 0.0499431 0.5)
(1.02923 0.0495025 0.5)
(1.02923 0.0490312 0.5)
(1.02923 0.0485271 0.5)
(1.02923 0.0479881 0.5)
(1.02923 0.0474115 0.5)
(1.02923 0.0467949 0.5)
(1.02923 0.0461353 0.5)
(1.02923 0.04543 0.5)
(1.02923 0.0446756 0.5)
(1.02923 0.0438688 0.5)
(1.02923 0.0430058 0.5)
(1.02923 0.0420829 0.5)
(1.02923 0.0410958 0.5)
(1.02923 0.0400401 0.5)
(1.02922 0.038911 0.5)
(1.02922 0.0377035 0.5)
(1.02922 0.0364119 0.5)
(1.02922 0.0350306 0.5)
(1.02922 0.0335533 0.5)
(1.02922 0.0319732 0.5)
(1.02922 0.0302833 0.5)
(1.02922 0.0284759 0.5)
(1.02922 0.0265429 0.5)
(1.02921 0.0244755 0.5)
(1.02921 0.0222644 0.5)
(1.02921 0.0198996 0.5)
(1.02921 0.0173703 0.5)
(1.02921 0.0146653 0.5)
(1.02921 0.0117722 0.5)
(1.0292 0.00867791 0.5)
(1.0292 0.00536856 0.5)
(1.0292 0.00182915 0.5)
(1.03592 0.0563484 0.5)
(1.03592 0.0563349 0.5)
(1.03592 0.0563206 0.5)
(1.03592 0.0563052 0.5)
(1.03592 0.0562887 0.5)
(1.03592 0.0562712 0.5)
(1.03592 0.0562524 0.5)
(1.03592 0.0562323 0.5)
(1.03592 0.0562107 0.5)
(1.03592 0.0561877 0.5)
(1.03592 0.0561631 0.5)
(1.03592 0.0561368 0.5)
(1.03592 0.0561087 0.5)
(1.03592 0.0560786 0.5)
(1.03592 0.0560464 0.5)
(1.03592 0.056012 0.5)
(1.03592 0.0559751 0.5)
(1.03592 0.0559358 0.5)
(1.03592 0.0558936 0.5)
(1.03592 0.0558486 0.5)
(1.03592 0.0558004 0.5)
(1.03592 0.0557489 0.5)
(1.03592 0.0556938 0.5)
(1.03592 0.0556348 0.5)
(1.03592 0.0555718 0.5)
(1.03592 0.0555043 0.5)
(1.03592 0.0554322 0.5)
(1.03592 0.0553551 0.5)
(1.03592 0.0552726 0.5)
(1.03592 0.0551844 0.5)
(1.03592 0.0550901 0.5)
(1.03592 0.0549891 0.5)
(1.03592 0.0548812 0.5)
(1.03592 0.0547658 0.5)
(1.03592 0.0546423 0.5)
(1.03592 0.0545103 0.5)
(1.03592 0.0543691 0.5)
(1.03592 0.054218 0.5)
(1.03592 0.0540565 0.5)
(1.03592 0.0538837 0.5)
(1.03592 0.053699 0.5)
(1.03592 0.0535013 0.5)
(1.03592 0.05329 0.5)
(1.03592 0.0530639 0.5)
(1.03591 0.0528222 0.5)
(1.03591 0.0525636 0.5)
(1.03591 0.052287 0.5)
(1.03591 0.0519913 0.5)
(1.03591 0.0516749 0.5)
(1.03591 0.0513366 0.5)
(1.03591 0.0509747 0.5)
(1.03591 0.0505877 0.5)
(1.03591 0.0501738 0.5)
(1.03591 0.0497311 0.5)
(1.03591 0.0492577 0.5)
(1.03591 0.0487513 0.5)
(1.03591 0.0482097 0.5)
(1.03591 0.0476305 0.5)
(1.03591 0.047011 0.5)
(1.03591 0.0463485 0.5)
(1.03591 0.0456399 0.5)
(1.03591 0.044882 0.5)
(1.03591 0.0440714 0.5)
(1.03591 0.0432045 0.5)
(1.03591 0.0422773 0.5)
(1.03591 0.0412857 0.5)
(1.03591 0.0402251 0.5)
(1.03591 0.0390908 0.5)
(1.03591 0.0378776 0.5)
(1.0359 0.0365801 0.5)
(1.0359 0.0351924 0.5)
(1.0359 0.0337083 0.5)
(1.0359 0.0321209 0.5)
(1.0359 0.0304232 0.5)
(1.0359 0.0286075 0.5)
(1.0359 0.0266655 0.5)
(1.0359 0.0245886 0.5)
(1.0359 0.0223673 0.5)
(1.03589 0.0199915 0.5)
(1.03589 0.0174506 0.5)
(1.03589 0.014733 0.5)
(1.03589 0.0118265 0.5)
(1.03589 0.008718 0.5)
(1.03589 0.00539336 0.5)
(1.03588 0.0018376 0.5)
(1.04263 0.0566116 0.5)
(1.04263 0.0565981 0.5)
(1.04263 0.0565837 0.5)
(1.04263 0.0565683 0.5)
(1.04263 0.0565517 0.5)
(1.04263 0.0565341 0.5)
(1.04263 0.0565152 0.5)
(1.04263 0.056495 0.5)
(1.04263 0.0564734 0.5)
(1.04263 0.0564503 0.5)
(1.04263 0.0564255 0.5)
(1.04263 0.0563991 0.5)
(1.04263 0.0563708 0.5)
(1.04263 0.0563406 0.5)
(1.04263 0.0563082 0.5)
(1.04263 0.0562737 0.5)
(1.04263 0.0562367 0.5)
(1.04263 0.0561971 0.5)
(1.04263 0.0561548 0.5)
(1.04263 0.0561095 0.5)
(1.04263 0.0560611 0.5)
(1.04263 0.0560093 0.5)
(1.04263 0.055954 0.5)
(1.04263 0.0558947 0.5)
(1.04263 0.0558314 0.5)
(1.04263 0.0557637 0.5)
(1.04263 0.0556912 0.5)
(1.04263 0.0556137 0.5)
(1.04263 0.0555309 0.5)
(1.04263 0.0554422 0.5)
(1.04263 0.0553474 0.5)
(1.04263 0.0552461 0.5)
(1.04263 0.0551376 0.5)
(1.04263 0.0550216 0.5)
(1.04263 0.0548976 0.5)
(1.04263 0.054765 0.5)
(1.04263 0.0546231 0.5)
(1.04263 0.0544713 0.5)
(1.04263 0.0543091 0.5)
(1.04263 0.0541355 0.5)
(1.04263 0.0539498 0.5)
(1.04263 0.0537513 0.5)
(1.04263 0.053539 0.5)
(1.04263 0.0533118 0.5)
(1.04263 0.0530689 0.5)
(1.04263 0.0528092 0.5)
(1.04263 0.0525313 0.5)
(1.04263 0.0522342 0.5)
(1.04263 0.0519163 0.5)
(1.04263 0.0515764 0.5)
(1.04263 0.0512129 0.5)
(1.04263 0.0508241 0.5)
(1.04263 0.0504082 0.5)
(1.04263 0.0499635 0.5)
(1.04263 0.0494878 0.5)
(1.04263 0.0489791 0.5)
(1.04263 0.048435 0.5)
(1.04263 0.047853 0.5)
(1.04263 0.0472307 0.5)
(1.04263 0.046565 0.5)
(1.04263 0.0458531 0.5)
(1.04263 0.0450917 0.5)
(1.04262 0.0442773 0.5)
(1.04262 0.0434063 0.5)
(1.04262 0.0424748 0.5)
(1.04262 0.0414786 0.5)
(1.04262 0.040413 0.5)
(1.04262 0.0392734 0.5)
(1.04262 0.0380546 0.5)
(1.04262 0.036751 0.5)
(1.04262 0.0353569 0.5)
(1.04262 0.0338657 0.5)
(1.04262 0.032271 0.5)
(1.04262 0.0305654 0.5)
(1.04262 0.0287411 0.5)
(1.04261 0.0267901 0.5)
(1.04261 0.0247035 0.5)
(1.04261 0.0224718 0.5)
(1.04261 0.0200849 0.5)
(1.04261 0.0175321 0.5)
(1.04261 0.0148019 0.5)
(1.04261 0.0118818 0.5)
(1.0426 0.00875873 0.5)
(1.0426 0.00541856 0.5)
(1.0426 0.00184618 0.5)
(1.04938 0.0568789 0.5)
(1.04938 0.0568653 0.5)
(1.04938 0.0568508 0.5)
(1.04938 0.0568353 0.5)
(1.04938 0.0568187 0.5)
(1.04938 0.056801 0.5)
(1.04938 0.056782 0.5)
(1.04938 0.0567617 0.5)
(1.04938 0.05674 0.5)
(1.04938 0.0567168 0.5)
(1.04938 0.0566919 0.5)
(1.04938 0.0566654 0.5)
(1.04938 0.056637 0.5)
(1.04938 0.0566066 0.5)
(1.04938 0.0565741 0.5)
(1.04938 0.0565393 0.5)
(1.04938 0.0565022 0.5)
(1.04938 0.0564624 0.5)
(1.04938 0.0564199 0.5)
(1.04938 0.0563744 0.5)
(1.04938 0.0563258 0.5)
(1.04938 0.0562738 0.5)
(1.04938 0.0562181 0.5)
(1.04938 0.0561586 0.5)
(1.04938 0.056095 0.5)
(1.04938 0.0560269 0.5)
(1.04938 0.0559541 0.5)
(1.04938 0.0558763 0.5)
(1.04938 0.055793 0.5)
(1.04938 0.055704 0.5)
(1.04938 0.0556087 0.5)
(1.04938 0.0555069 0.5)
(1.04938 0.0553979 0.5)
(1.04938 0.0552814 0.5)
(1.04938 0.0551568 0.5)
(1.04938 0.0550235 0.5)
(1.04938 0.054881 0.5)
(1.04938 0.0547285 0.5)
(1.04938 0.0545655 0.5)
(1.04938 0.0543911 0.5)
(1.04938 0.0542045 0.5)
(1.04938 0.0540051 0.5)
(1.04938 0.0537917 0.5)
(1.04938 0.0535635 0.5)
(1.04938 0.0533195 0.5)
(1.04938 0.0530585 0.5)
(1.04938 0.0527793 0.5)
(1.04938 0.0524808 0.5)
(1.04938 0.0521615 0.5)
(1.04938 0.0518199 0.5)
(1.04938 0.0514547 0.5)
(1.04938 0.051064 0.5)
(1.04938 0.0506462 0.5)
(1.04938 0.0501994 0.5)
(1.04938 0.0497215 0.5)
(1.04938 0.0492103 0.5)
(1.04938 0.0486636 0.5)
(1.04938 0.048079 0.5)
(1.04938 0.0474536 0.5)
(1.04937 0.0467849 0.5)
(1.04937 0.0460696 0.5)
(1.04937 0.0453045 0.5)
(1.04937 0.0444864 0.5)
(1.04937 0.0436113 0.5)
(1.04937 0.0426754 0.5)
(1.04937 0.0416744 0.5)
(1.04937 0.0406038 0.5)
(1.04937 0.0394588 0.5)
(1.04937 0.0382343 0.5)
(1.04937 0.0369245 0.5)
(1.04937 0.0355238 0.5)
(1.04937 0.0340256 0.5)
(1.04937 0.0324233 0.5)
(1.04937 0.0307097 0.5)
(1.04937 0.0288768 0.5)
(1.04936 0.0269166 0.5)
(1.04936 0.0248201 0.5)
(1.04936 0.0225779 0.5)
(1.04936 0.0201797 0.5)
(1.04936 0.0176149 0.5)
(1.04936 0.0148717 0.5)
(1.04936 0.0119379 0.5)
(1.04935 0.00880008 0.5)
(1.04935 0.00544414 0.5)
(1.04935 0.0018549 0.5)
(1.05616 0.05715 0.5)
(1.05616 0.0571364 0.5)
(1.05616 0.0571218 0.5)
(1.05616 0.0571062 0.5)
(1.05616 0.0570895 0.5)
(1.05616 0.0570717 0.5)
(1.05616 0.0570526 0.5)
(1.05616 0.0570322 0.5)
(1.05616 0.0570104 0.5)
(1.05616 0.0569871 0.5)
(1.05616 0.0569621 0.5)
(1.05616 0.0569355 0.5)
(1.05616 0.0569069 0.5)
(1.05616 0.0568764 0.5)
(1.05616 0.0568437 0.5)
(1.05616 0.0568088 0.5)
(1.05616 0.0567715 0.5)
(1.05616 0.0567315 0.5)
(1.05616 0.0566888 0.5)
(1.05616 0.0566431 0.5)
(1.05616 0.0565943 0.5)
(1.05616 0.056542 0.5)
(1.05616 0.0564861 0.5)
(1.05616 0.0564263 0.5)
(1.05616 0.0563624 0.5)
(1.05616 0.056294 0.5)
(1.05616 0.0562209 0.5)
(1.05616 0.0561426 0.5)
(1.05616 0.056059 0.5)
(1.05616 0.0559695 0.5)
(1.05616 0.0558738 0.5)
(1.05616 0.0557714 0.5)
(1.05616 0.055662 0.5)
(1.05616 0.0555449 0.5)
(1.05616 0.0554197 0.5)
(1.05616 0.0552858 0.5)
(1.05616 0.0551426 0.5)
(1.05616 0.0549894 0.5)
(1.05616 0.0548255 0.5)
(1.05616 0.0546503 0.5)
(1.05616 0.0544629 0.5)
(1.05616 0.0542625 0.5)
(1.05616 0.0540481 0.5)
(1.05616 0.0538188 0.5)
(1.05616 0.0535736 0.5)
(1.05616 0.0533114 0.5)
(1.05616 0.0530309 0.5)
(1.05616 0.0527309 0.5)
(1.05616 0.0524101 0.5)
(1.05616 0.0520669 0.5)
(1.05616 0.0516999 0.5)
(1.05616 0.0513074 0.5)
(1.05616 0.0508876 0.5)
(1.05616 0.0504386 0.5)
(1.05616 0.0499585 0.5)
(1.05616 0.0494449 0.5)
(1.05616 0.0488956 0.5)
(1.05616 0.0483081 0.5)
(1.05616 0.0476798 0.5)
(1.05616 0.0470078 0.5)
(1.05616 0.0462892 0.5)
(1.05616 0.0455205 0.5)
(1.05616 0.0446984 0.5)
(1.05616 0.0438191 0.5)
(1.05615 0.0428788 0.5)
(1.05615 0.041873 0.5)
(1.05615 0.0407974 0.5)
(1.05615 0.0396469 0.5)
(1.05615 0.0384165 0.5)
(1.05615 0.0371005 0.5)
(1.05615 0.0356931 0.5)
(1.05615 0.0341878 0.5)
(1.05615 0.0325779 0.5)
(1.05615 0.030856 0.5)
(1.05615 0.0290145 0.5)
(1.05615 0.0270449 0.5)
(1.05615 0.0249384 0.5)
(1.05615 0.0226855 0.5)
(1.05614 0.0202759 0.5)
(1.05614 0.0176988 0.5)
(1.05614 0.0149426 0.5)
(1.05614 0.0119948 0.5)
(1.05614 0.00884203 0.5)
(1.05614 0.00547009 0.5)
(1.05613 0.00186374 0.5)
(1.06298 0.0574248 0.5)
(1.06298 0.0574111 0.5)
(1.06298 0.0573964 0.5)
(1.06298 0.0573808 0.5)
(1.06298 0.057364 0.5)
(1.06298 0.0573461 0.5)
(1.06298 0.0573269 0.5)
(1.06298 0.0573065 0.5)
(1.06298 0.0572845 0.5)
(1.06298 0.0572611 0.5)
(1.06298 0.057236 0.5)
(1.06298 0.0572092 0.5)
(1.06298 0.0571805 0.5)
(1.06298 0.0571498 0.5)
(1.06298 0.057117 0.5)
(1.06298 0.057082 0.5)
(1.06298 0.0570444 0.5)
(1.06298 0.0570043 0.5)
(1.06298 0.0569614 0.5)
(1.06298 0.0569155 0.5)
(1.06298 0.0568664 0.5)
(1.06298 0.0568138 0.5)
(1.06298 0.0567577 0.5)
(1.06298 0.0566976 0.5)
(1.06298 0.0566334 0.5)
(1.06298 0.0565646 0.5)
(1.06298 0.0564912 0.5)
(1.06298 0.0564126 0.5)
(1.06298 0.0563285 0.5)
(1.06298 0.0562386 0.5)
(1.06298 0.0561424 0.5)
(1.06298 0.0560396 0.5)
(1.06298 0.0559296 0.5)
(1.06298 0.055812 0.5)
(1.06298 0.0556861 0.5)
(1.06298 0.0555516 0.5)
(1.06298 0.0554077 0.5)
(1.06298 0.0552538 0.5)
(1.06298 0.0550891 0.5)
(1.06298 0.0549131 0.5)
(1.06298 0.0547248 0.5)
(1.06298 0.0545234 0.5)
(1.06298 0.054308 0.5)
(1.06298 0.0540776 0.5)
(1.06298 0.0538312 0.5)
(1.06298 0.0535677 0.5)
(1.06298 0.0532859 0.5)
(1.06298 0.0529844 0.5)
(1.06298 0.0526621 0.5)
(1.06298 0.0523173 0.5)
(1.06298 0.0519485 0.5)
(1.06297 0.0515541 0.5)
(1.06297 0.0511323 0.5)
(1.06297 0.0506812 0.5)
(1.06297 0.0501987 0.5)
(1.06297 0.0496826 0.5)
(1.06297 0.0491307 0.5)
(1.06297 0.0485404 0.5)
(1.06297 0.0479091 0.5)
(1.06297 0.0472339 0.5)
(1.06297 0.0465117 0.5)
(1.06297 0.0457393 0.5)
(1.06297 0.0449133 0.5)
(1.06297 0.0440298 0.5)
(1.06297 0.0430849 0.5)
(1.06297 0.0420743 0.5)
(1.06297 0.0409935 0.5)
(1.06297 0.0398375 0.5)
(1.06297 0.0386012 0.5)
(1.06297 0.0372789 0.5)
(1.06297 0.0358647 0.5)
(1.06297 0.0343522 0.5)
(1.06297 0.0327345 0.5)
(1.06297 0.0310044 0.5)
(1.06297 0.029154 0.5)
(1.06296 0.0271749 0.5)
(1.06296 0.0250583 0.5)
(1.06296 0.0227945 0.5)
(1.06296 0.0203734 0.5)
(1.06296 0.0177839 0.5)
(1.06296 0.0150145 0.5)
(1.06296 0.0120525 0.5)
(1.06296 0.00888454 0.5)
(1.06295 0.00549639 0.5)
(1.06295 0.0018727 0.5)
(1.06983 0.057703 0.5)
(1.06983 0.0576893 0.5)
(1.06983 0.0576746 0.5)
(1.06983 0.0576588 0.5)
(1.06983 0.057642 0.5)
(1.06983 0.057624 0.5)
(1.06983 0.0576047 0.5)
(1.06983 0.0575841 0.5)
(1.06983 0.0575621 0.5)
(1.06983 0.0575385 0.5)
(1.06983 0.0575134 0.5)
(1.06983 0.0574864 0.5)
(1.06983 0.0574576 0.5)
(1.06983 0.0574268 0.5)
(1.06983 0.0573938 0.5)
(1.06983 0.0573585 0.5)
(1.06983 0.0573208 0.5)
(1.06983 0.0572805 0.5)
(1.06983 0.0572374 0.5)
(1.06983 0.0571912 0.5)
(1.06983 0.0571419 0.5)
(1.06983 0.0570891 0.5)
(1.06983 0.0570327 0.5)
(1.06983 0.0569723 0.5)
(1.06983 0.0569078 0.5)
(1.06983 0.0568387 0.5)
(1.06983 0.0567649 0.5)
(1.06983 0.0566859 0.5)
(1.06983 0.0566014 0.5)
(1.06983 0.0565111 0.5)
(1.06983 0.0564145 0.5)
(1.06983 0.0563111 0.5)
(1.06983 0.0562006 0.5)
(1.06983 0.0560824 0.5)
(1.06983 0.055956 0.5)
(1.06983 0.0558208 0.5)
(1.06983 0.0556761 0.5)
(1.06983 0.0555215 0.5)
(1.06983 0.0553561 0.5)
(1.06983 0.0551791 0.5)
(1.06983 0.0549899 0.5)
(1.06983 0.0547876 0.5)
(1.06983 0.0545711 0.5)
(1.06983 0.0543396 0.5)
(1.06983 0.0540921 0.5)
(1.06983 0.0538273 0.5)
(1.06983 0.0535441 0.5)
(1.06983 0.0532412 0.5)
(1.06983 0.0529172 0.5)
(1.06983 0.0525708 0.5)
(1.06983 0.0522002 0.5)
(1.06982 0.0518039 0.5)
(1.06982 0.0513801 0.5)
(1.06982 0.0509267 0.5)
(1.06982 0.0504419 0.5)
(1.06982 0.0499233 0.5)
(1.06982 0.0493687 0.5)
(1.06982 0.0487756 0.5)
(1.06982 0.0481412 0.5)
(1.06982 0.0474627 0.5)
(1.06982 0.0467371 0.5)
(1.06982 0.045961 0.5)
(1.06982 0.0451309 0.5)
(1.06982 0.0442432 0.5)
(1.06982 0.0432937 0.5)
(1.06982 0.0422782 0.5)
(1.06982 0.0411921 0.5)
(1.06982 0.0400306 0.5)
(1.06982 0.0387882 0.5)
(1.06982 0.0374595 0.5)
(1.06982 0.0360385 0.5)
(1.06982 0.0345186 0.5)
(1.06982 0.0328931 0.5)
(1.06982 0.0311546 0.5)
(1.06982 0.0292952 0.5)
(1.06982 0.0273066 0.5)
(1.06981 0.0251797 0.5)
(1.06981 0.022905 0.5)
(1.06981 0.0204721 0.5)
(1.06981 0.0178701 0.5)
(1.06981 0.0150872 0.5)
(1.06981 0.0121109 0.5)
(1.06981 0.00892759 0.5)
(1.06981 0.00552302 0.5)
(1.06981 0.00188177 0.5)
(1.07671 0.0579846 0.5)
(1.07671 0.0579707 0.5)
(1.07671 0.057956 0.5)
(1.07671 0.0579401 0.5)
(1.07671 0.0579232 0.5)
(1.07671 0.0579051 0.5)
(1.07671 0.0578858 0.5)
(1.07671 0.0578651 0.5)
(1.07671 0.057843 0.5)
(1.07671 0.0578193 0.5)
(1.07671 0.057794 0.5)
(1.07671 0.0577669 0.5)
(1.07671 0.0577379 0.5)
(1.07671 0.057707 0.5)
(1.07671 0.0576738 0.5)
(1.07671 0.0576384 0.5)
(1.07671 0.0576005 0.5)
(1.07671 0.05756 0.5)
(1.07671 0.0575166 0.5)
(1.07671 0.0574703 0.5)
(1.07671 0.0574207 0.5)
(1.07671 0.0573677 0.5)
(1.07671 0.057311 0.5)
(1.07671 0.0572503 0.5)
(1.07671 0.0571854 0.5)
(1.07671 0.057116 0.5)
(1.07671 0.0570418 0.5)
(1.07671 0.0569625 0.5)
(1.07671 0.0568776 0.5)
(1.07671 0.0567868 0.5)
(1.07671 0.0566897 0.5)
(1.07671 0.0565859 0.5)
(1.07671 0.0564748 0.5)
(1.07671 0.056356 0.5)
(1.07671 0.056229 0.5)
(1.07671 0.0560931 0.5)
(1.07671 0.0559478 0.5)
(1.07671 0.0557924 0.5)
(1.07671 0.0556261 0.5)
(1.07671 0.0554484 0.5)
(1.07671 0.0552582 0.5)
(1.07671 0.0550549 0.5)
(1.07671 0.0548374 0.5)
(1.07671 0.0546048 0.5)
(1.07671 0.054356 0.5)
(1.07671 0.0540899 0.5)
(1.07671 0.0538053 0.5)
(1.07671 0.0535009 0.5)
(1.07671 0.0531754 0.5)
(1.07671 0.0528273 0.5)
(1.07671 0.0524549 0.5)
(1.07671 0.0520567 0.5)
(1.07671 0.0516307 0.5)
(1.07671 0.0511752 0.5)
(1.07671 0.050688 0.5)
(1.07671 0.0501669 0.5)
(1.07671 0.0496096 0.5)
(1.07671 0.0490136 0.5)
(1.07671 0.0483761 0.5)
(1.07671 0.0476943 0.5)
(1.07671 0.0469651 0.5)
(1.07671 0.0461852 0.5)
(1.07671 0.0453511 0.5)
(1.07671 0.044459 0.5)
(1.07671 0.0435049 0.5)
(1.07671 0.0424845 0.5)
(1.07671 0.0413931 0.5)
(1.0767 0.0402259 0.5)
(1.0767 0.0389775 0.5)
(1.0767 0.0376423 0.5)
(1.0767 0.0362143 0.5)
(1.0767 0.0346871 0.5)
(1.0767 0.0330536 0.5)
(1.0767 0.0313066 0.5)
(1.0767 0.0294382 0.5)
(1.0767 0.0274398 0.5)
(1.0767 0.0253026 0.5)
(1.0767 0.0230167 0.5)
(1.0767 0.020572 0.5)
(1.0767 0.0179573 0.5)
(1.0767 0.0151608 0.5)
(1.0767 0.0121699 0.5)
(1.07669 0.00897115 0.5)
(1.07669 0.00554997 0.5)
(1.07669 0.00189095 0.5)
(1.08363 0.0582692 0.5)
(1.08363 0.0582553 0.5)
(1.08363 0.0582404 0.5)
(1.08363 0.0582245 0.5)
(1.08363 0.0582075 0.5)
(1.08363 0.0581894 0.5)
(1.08363 0.0581699 0.5)
(1.08363 0.0581491 0.5)
(1.08363 0.0581269 0.5)
(1.08363 0.0581031 0.5)
(1.08363 0.0580777 0.5)
(1.08363 0.0580504 0.5)
(1.08363 0.0580213 0.5)
(1.08363 0.0579902 0.5)
(1.08363 0.0579569 0.5)
(1.08363 0.0579213 0.5)
(1.08363 0.0578832 0.5)
(1.08363 0.0578425 0.5)
(1.08363 0.057799 0.5)
(1.08363 0.0577524 0.5)
(1.08363 0.0577026 0.5)
(1.08363 0.0576493 0.5)
(1.08363 0.0575923 0.5)
(1.08363 0.0575313 0.5)
(1.08363 0.0574661 0.5)
(1.08363 0.0573964 0.5)
(1.08363 0.0573218 0.5)
(1.08363 0.0572421 0.5)
(1.08363 0.0571568 0.5)
(1.08363 0.0570656 0.5)
(1.08363 0.056968 0.5)
(1.08363 0.0568636 0.5)
(1.08363 0.056752 0.5)
(1.08363 0.0566327 0.5)
(1.08363 0.056505 0.5)
(1.08363 0.0563685 0.5)
(1.08363 0.0562224 0.5)
(1.08363 0.0560662 0.5)
(1.08363 0.0558992 0.5)
(1.08363 0.0557205 0.5)
(1.08363 0.0555295 0.5)
(1.08363 0.0553251 0.5)
(1.08363 0.0551065 0.5)
(1.08363 0.0548728 0.5)
(1.08363 0.0546228 0.5)
(1.08363 0.0543554 0.5)
(1.08363 0.0540694 0.5)
(1.08363 0.0537636 0.5)
(1.08363 0.0534364 0.5)
(1.08363 0.0530866 0.5)
(1.08363 0.0527124 0.5)
(1.08363 0.0523122 0.5)
(1.08363 0.0518842 0.5)
(1.08363 0.0514264 0.5)
(1.08363 0.0509368 0.5)
(1.08363 0.0504132 0.5)
(1.08363 0.0498531 0.5)
(1.08363 0.0492542 0.5)
(1.08363 0.0486136 0.5)
(1.08363 0.0479284 0.5)
(1.08363 0.0471956 0.5)
(1.08363 0.0464119 0.5)
(1.08363 0.0455737 0.5)
(1.08363 0.0446773 0.5)
(1.08362 0.0437185 0.5)
(1.08362 0.042693 0.5)
(1.08362 0.0415963 0.5)
(1.08362 0.0404233 0.5)
(1.08362 0.0391688 0.5)
(1.08362 0.0378271 0.5)
(1.08362 0.0363921 0.5)
(1.08362 0.0348573 0.5)
(1.08362 0.0332159 0.5)
(1.08362 0.0314603 0.5)
(1.08362 0.0295827 0.5)
(1.08362 0.0275745 0.5)
(1.08362 0.0254268 0.5)
(1.08362 0.0231297 0.5)
(1.08362 0.020673 0.5)
(1.08362 0.0180454 0.5)
(1.08362 0.0152352 0.5)
(1.08362 0.0122297 0.5)
(1.08361 0.00901518 0.5)
(1.08361 0.00557721 0.5)
(1.08361 0.00190024 0.5)
(1.09058 0.0585567 0.5)
(1.09058 0.0585427 0.5)
(1.09058 0.0585278 0.5)
(1.09058 0.0585118 0.5)
(1.09058 0.0584947 0.5)
(1.09058 0.0584765 0.5)
(1.09058 0.0584569 0.5)
(1.09058 0.058436 0.5)
(1.09058 0.0584137 0.5)
(1.09058 0.0583898 0.5)
(1.09058 0.0583642 0.5)
(1.09058 0.0583369 0.5)
(1.09058 0.0583076 0.5)
(1.09058 0.0582763 0.5)
(1.09058 0.0582429 0.5)
(1.09058 0.0582071 0.5)
(1.09058 0.0581688 0.5)
(1.09058 0.0581279 0.5)
(1.09058 0.0580841 0.5)
(1.09058 0.0580373 0.5)
(1.09058 0.0579873 0.5)
(1.09058 0.0579337 0.5)
(1.09058 0.0578764 0.5)
(1.09058 0.0578152 0.5)
(1.09058 0.0577497 0.5)
(1.09058 0.0576796 0.5)
(1.09058 0.0576047 0.5)
(1.09058 0.0575245 0.5)
(1.09058 0.0574388 0.5)
(1.09058 0.0573471 0.5)
(1.09058 0.0572491 0.5)
(1.09058 0.0571442 0.5)
(1.09058 0.057032 0.5)
(1.09058 0.0569121 0.5)
(1.09058 0.0567838 0.5)
(1.09058 0.0566466 0.5)
(1.09058 0.0564998 0.5)
(1.09058 0.0563429 0.5)
(1.09058 0.056175 0.5)
(1.09058 0.0559955 0.5)
(1.09058 0.0558035 0.5)
(1.09058 0.0555981 0.5)
(1.09058 0.0553784 0.5)
(1.09058 0.0551435 0.5)
(1.09058 0.0548923 0.5)
(1.09058 0.0546236 0.5)
(1.09058 0.0543362 0.5)
(1.09058 0.0540288 0.5)
(1.09058 0.0537001 0.5)
(1.09058 0.0533485 0.5)
(1.09058 0.0529725 0.5)
(1.09058 0.0525703 0.5)
(1.09058 0.0521402 0.5)
(1.09058 0.0516801 0.5)
(1.09058 0.0511881 0.5)
(1.09058 0.0506619 0.5)
(1.09058 0.0500991 0.5)
(1.09058 0.0494972 0.5)
(1.09058 0.0488534 0.5)
(1.09058 0.0481649 0.5)
(1.09058 0.0474285 0.5)
(1.09058 0.0466409 0.5)
(1.09058 0.0457986 0.5)
(1.09058 0.0448977 0.5)
(1.09058 0.0439342 0.5)
(1.09058 0.0429037 0.5)
(1.09058 0.0418015 0.5)
(1.09058 0.0406228 0.5)
(1.09058 0.0393621 0.5)
(1.09058 0.0380137 0.5)
(1.09058 0.0365716 0.5)
(1.09058 0.0350293 0.5)
(1.09058 0.0333797 0.5)
(1.09058 0.0316155 0.5)
(1.09057 0.0297286 0.5)
(1.09057 0.0277106 0.5)
(1.09057 0.0255522 0.5)
(1.09057 0.0232438 0.5)
(1.09057 0.020775 0.5)
(1.09057 0.0181345 0.5)
(1.09057 0.0153104 0.5)
(1.09057 0.01229 0.5)
(1.09057 0.00905966 0.5)
(1.09057 0.00560473 0.5)
(1.09057 0.00190961 0.5)
(1.09757 0.0588469 0.5)
(1.09757 0.0588328 0.5)
(1.09757 0.0588178 0.5)
(1.09757 0.0588018 0.5)
(1.09757 0.0587846 0.5)
(1.09757 0.0587662 0.5)
(1.09757 0.0587466 0.5)
(1.09757 0.0587256 0.5)
(1.09757 0.0587031 0.5)
(1.09757 0.0586791 0.5)
(1.09757 0.0586534 0.5)
(1.09757 0.0586259 0.5)
(1.09757 0.0585965 0.5)
(1.09757 0.0585651 0.5)
(1.09757 0.0585315 0.5)
(1.09757 0.0584955 0.5)
(1.09757 0.0584571 0.5)
(1.09757 0.058416 0.5)
(1.09757 0.058372 0.5)
(1.09757 0.0583249 0.5)
(1.09757 0.0582746 0.5)
(1.09757 0.0582208 0.5)
(1.09757 0.0581632 0.5)
(1.09757 0.0581017 0.5)
(1.09757 0.0580358 0.5)
(1.09757 0.0579654 0.5)
(1.09757 0.0578901 0.5)
(1.09757 0.0578096 0.5)
(1.09757 0.0577234 0.5)
(1.09757 0.0576313 0.5)
(1.09757 0.0575327 0.5)
(1.09757 0.0574274 0.5)
(1.09757 0.0573146 0.5)
(1.09757 0.0571941 0.5)
(1.09757 0.0570652 0.5)
(1.09757 0.0569273 0.5)
(1.09757 0.0567798 0.5)
(1.09757 0.0566221 0.5)
(1.09757 0.0564534 0.5)
(1.09757 0.0562729 0.5)
(1.09757 0.05608 0.5)
(1.09757 0.0558736 0.5)
(1.09757 0.0556529 0.5)
(1.09757 0.0554168 0.5)
(1.09757 0.0551643 0.5)
(1.09757 0.0548943 0.5)
(1.09757 0.0546054 0.5)
(1.09757 0.0542966 0.5)
(1.09757 0.0539662 0.5)
(1.09757 0.0536129 0.5)
(1.09757 0.053235 0.5)
(1.09757 0.0528308 0.5)
(1.09757 0.0523985 0.5)
(1.09757 0.0519362 0.5)
(1.09757 0.0514418 0.5)
(1.09757 0.050913 0.5)
(1.09757 0.0503474 0.5)
(1.09757 0.0497425 0.5)
(1.09757 0.0490955 0.5)
(1.09757 0.0484036 0.5)
(1.09757 0.0476635 0.5)
(1.09757 0.046872 0.5)
(1.09757 0.0460255 0.5)
(1.09757 0.0451202 0.5)
(1.09757 0.0441519 0.5)
(1.09757 0.0431163 0.5)
(1.09757 0.0420087 0.5)
(1.09757 0.0408241 0.5)
(1.09757 0.0395571 0.5)
(1.09757 0.0382021 0.5)
(1.09757 0.0367529 0.5)
(1.09756 0.0352029 0.5)
(1.09756 0.0335452 0.5)
(1.09756 0.0317722 0.5)
(1.09756 0.0298759 0.5)
(1.09756 0.0278479 0.5)
(1.09756 0.0256789 0.5)
(1.09756 0.023359 0.5)
(1.09756 0.0208779 0.5)
(1.09756 0.0182243 0.5)
(1.09756 0.0153863 0.5)
(1.09756 0.0123509 0.5)
(1.09756 0.00910455 0.5)
(1.09756 0.0056325 0.5)
(1.09756 0.00191907 0.5)
(1.10459 0.0591395 0.5)
(1.10459 0.0591254 0.5)
(1.10459 0.0591103 0.5)
(1.10459 0.0590941 0.5)
(1.10459 0.0590769 0.5)
(1.10459 0.0590584 0.5)
(1.10459 0.0590387 0.5)
(1.10459 0.0590176 0.5)
(1.10459 0.058995 0.5)
(1.10459 0.0589709 0.5)
(1.10459 0.0589451 0.5)
(1.10459 0.0589174 0.5)
(1.10459 0.0588879 0.5)
(1.10459 0.0588563 0.5)
(1.10459 0.0588225 0.5)
(1.10459 0.0587864 0.5)
(1.10459 0.0587477 0.5)
(1.10459 0.0587064 0.5)
(1.10459 0.0586622 0.5)
(1.10459 0.0586149 0.5)
(1.10459 0.0585644 0.5)
(1.10459 0.0585103 0.5)
(1.10459 0.0584524 0.5)
(1.10459 0.0583906 0.5)
(1.10459 0.0583244 0.5)
(1.10459 0.0582536 0.5)
(1.10459 0.058178 0.5)
(1.10459 0.058097 0.5)
(1.10459 0.0580104 0.5)
(1.10459 0.0579178 0.5)
(1.10459 0.0578188 0.5)
(1.10459 0.0577129 0.5)
(1.10459 0.0575996 0.5)
(1.10459 0.0574785 0.5)
(1.10459 0.0573489 0.5)
(1.10459 0.0572103 0.5)
(1.10459 0.0570621 0.5)
(1.10459 0.0569036 0.5)
(1.10459 0.0567341 0.5)
(1.10459 0.0565527 0.5)
(1.10459 0.0563588 0.5)
(1.10459 0.0561514 0.5)
(1.10459 0.0559296 0.5)
(1.10459 0.0556923 0.5)
(1.10459 0.0554386 0.5)
(1.10459 0.0551672 0.5)
(1.10459 0.054877 0.5)
(1.10459 0.0545665 0.5)
(1.10459 0.0542345 0.5)
(1.10459 0.0538794 0.5)
(1.10459 0.0534997 0.5)
(1.10459 0.0530935 0.5)
(1.10459 0.0526591 0.5)
(1.10459 0.0521945 0.5)
(1.10459 0.0516976 0.5)
(1.10459 0.0511661 0.5)
(1.10459 0.0505977 0.5)
(1.10459 0.0499898 0.5)
(1.10459 0.0493396 0.5)
(1.10459 0.0486442 0.5)
(1.10459 0.0479005 0.5)
(1.10459 0.0471051 0.5)
(1.10459 0.0462544 0.5)
(1.10459 0.0453445 0.5)
(1.10459 0.0443714 0.5)
(1.10459 0.0433307 0.5)
(1.10459 0.0422176 0.5)
(1.10459 0.0410271 0.5)
(1.10459 0.0397538 0.5)
(1.10459 0.038392 0.5)
(1.10459 0.0369356 0.5)
(1.10459 0.0353779 0.5)
(1.10459 0.0337119 0.5)
(1.10459 0.0319302 0.5)
(1.10459 0.0300245 0.5)
(1.10459 0.0279864 0.5)
(1.10459 0.0258065 0.5)
(1.10459 0.0234752 0.5)
(1.10459 0.0209817 0.5)
(1.10459 0.018315 0.5)
(1.10459 0.0154628 0.5)
(1.10459 0.0124123 0.5)
(1.10458 0.00914982 0.5)
(1.10458 0.00566051 0.5)
(1.10458 0.00192862 0.5)
(1.11165 0.0594343 0.5)
(1.11165 0.0594201 0.5)
(1.11165 0.0594049 0.5)
(1.11165 0.0593887 0.5)
(1.11165 0.0593714 0.5)
(1.11165 0.0593528 0.5)
(1.11165 0.059333 0.5)
(1.11165 0.0593118 0.5)
(1.11165 0.0592891 0.5)
(1.11165 0.0592648 0.5)
(1.11165 0.0592389 0.5)
(1.11165 0.0592111 0.5)
(1.11165 0.0591815 0.5)
(1.11165 0.0591497 0.5)
(1.11165 0.0591157 0.5)
(1.11165 0.0590794 0.5)
(1.11165 0.0590406 0.5)
(1.11165 0.0589991 0.5)
(1.11165 0.0589546 0.5)
(1.11165 0.0589071 0.5)
(1.11165 0.0588563 0.5)
(1.11165 0.0588019 0.5)
(1.11165 0.0587438 0.5)
(1.11165 0.0586816 0.5)
(1.11165 0.0586151 0.5)
(1.11165 0.058544 0.5)
(1.11165 0.058468 0.5)
(1.11165 0.0583866 0.5)
(1.11165 0.0582996 0.5)
(1.11165 0.0582066 0.5)
(1.11165 0.058107 0.5)
(1.11165 0.0580006 0.5)
(1.11165 0.0578868 0.5)
(1.11165 0.057765 0.5)
(1.11165 0.0576348 0.5)
(1.11165 0.0574955 0.5)
(1.11165 0.0573466 0.5)
(1.11165 0.0571873 0.5)
(1.11165 0.0570169 0.5)
(1.11165 0.0568346 0.5)
(1.11165 0.0566398 0.5)
(1.11165 0.0564313 0.5)
(1.11165 0.0562084 0.5)
(1.11165 0.0559699 0.5)
(1.11165 0.0557149 0.5)
(1.11165 0.0554422 0.5)
(1.11165 0.0551505 0.5)
(1.11165 0.0548385 0.5)
(1.11165 0.0545049 0.5)
(1.11165 0.054148 0.5)
(1.11165 0.0537663 0.5)
(1.11165 0.0533582 0.5)
(1.11165 0.0529216 0.5)
(1.11165 0.0524546 0.5)
(1.11165 0.0519553 0.5)
(1.11165 0.0514212 0.5)
(1.11165 0.0508499 0.5)
(1.11165 0.050239 0.5)
(1.11165 0.0495856 0.5)
(1.11165 0.0488867 0.5)
(1.11165 0.0481393 0.5)
(1.11165 0.0473399 0.5)
(1.11165 0.046485 0.5)
(1.11165 0.0455706 0.5)
(1.11165 0.0445926 0.5)
(1.11165 0.0435467 0.5)
(1.11165 0.042428 0.5)
(1.11165 0.0412316 0.5)
(1.11165 0.039952 0.5)
(1.11165 0.0385834 0.5)
(1.11165 0.0371197 0.5)
(1.11165 0.0355543 0.5)
(1.11165 0.03388 0.5)
(1.11165 0.0320893 0.5)
(1.11165 0.0301742 0.5)
(1.11165 0.0281259 0.5)
(1.11165 0.0259352 0.5)
(1.11165 0.0235922 0.5)
(1.11165 0.0210863 0.5)
(1.11165 0.0184063 0.5)
(1.11165 0.0155399 0.5)
(1.11164 0.0124742 0.5)
(1.11164 0.00919544 0.5)
(1.11164 0.00568872 0.5)
(1.11164 0.00193823 0.5)
(1.11874 0.059731 0.5)
(1.11874 0.0597168 0.5)
(1.11874 0.0597016 0.5)
(1.11874 0.0596853 0.5)
(1.11874 0.0596678 0.5)
(1.11874 0.0596492 0.5)
(1.11874 0.0596293 0.5)
(1.11874 0.0596079 0.5)
(1.11874 0.0595851 0.5)
(1.11874 0.0595608 0.5)
(1.11874 0.0595347 0.5)
(1.11874 0.0595068 0.5)
(1.11874 0.059477 0.5)
(1.11874 0.0594451 0.5)
(1.11874 0.0594109 0.5)
(1.11874 0.0593744 0.5)
(1.11874 0.0593354 0.5)
(1.11874 0.0592936 0.5)
(1.11874 0.059249 0.5)
(1.11874 0.0592012 0.5)
(1.11874 0.0591502 0.5)
(1.11874 0.0590955 0.5)
(1.11874 0.0590371 0.5)
(1.11874 0.0589746 0.5)
(1.11874 0.0589078 0.5)
(1.11874 0.0588363 0.5)
(1.11874 0.0587599 0.5)
(1.11874 0.0586781 0.5)
(1.11874 0.0585907 0.5)
(1.11874 0.0584972 0.5)
(1.11874 0.0583972 0.5)
(1.11874 0.0582902 0.5)
(1.11874 0.0581758 0.5)
(1.11874 0.0580534 0.5)
(1.11874 0.0579226 0.5)
(1.11874 0.0577826 0.5)
(1.11874 0.0576329 0.5)
(1.11874 0.0574728 0.5)
(1.11874 0.0573016 0.5)
(1.11874 0.0571184 0.5)
(1.11874 0.0569226 0.5)
(1.11874 0.0567131 0.5)
(1.11874 0.056489 0.5)
(1.11874 0.0562494 0.5)
(1.11874 0.0559931 0.5)
(1.11874 0.055719 0.5)
(1.11874 0.0554259 0.5)
(1.11874 0.0551124 0.5)
(1.11874 0.054777 0.5)
(1.11874 0.0544184 0.5)
(1.11874 0.0540348 0.5)
(1.11874 0.0536246 0.5)
(1.11874 0.0531858 0.5)
(1.11874 0.0527166 0.5)
(1.11874 0.0522147 0.5)
(1.11874 0.0516779 0.5)
(1.11874 0.0511038 0.5)
(1.11874 0.0504898 0.5)
(1.11874 0.0498332 0.5)
(1.11874 0.0491308 0.5)
(1.11874 0.0483797 0.5)
(1.11874 0.0475763 0.5)
(1.11874 0.0467171 0.5)
(1.11874 0.0457981 0.5)
(1.11874 0.0448153 0.5)
(1.11874 0.0437641 0.5)
(1.11874 0.0426399 0.5)
(1.11874 0.0414375 0.5)
(1.11874 0.0401515 0.5)
(1.11874 0.0387761 0.5)
(1.11874 0.0373051 0.5)
(1.11874 0.0357318 0.5)
(1.11874 0.0340492 0.5)
(1.11874 0.0322496 0.5)
(1.11874 0.0303248 0.5)
(1.11874 0.0282663 0.5)
(1.11874 0.0260647 0.5)
(1.11874 0.02371 0.5)
(1.11874 0.0211916 0.5)
(1.11874 0.0184982 0.5)
(1.11874 0.0156175 0.5)
(1.11874 0.0125365 0.5)
(1.11874 0.00924135 0.5)
(1.11874 0.00571713 0.5)
(1.11874 0.00194791 0.5)
(1.12587 0.0600295 0.5)
(1.12587 0.0600152 0.5)
(1.12587 0.0599999 0.5)
(1.12587 0.0599835 0.5)
(1.12587 0.059966 0.5)
(1.12587 0.0599473 0.5)
(1.12587 0.0599272 0.5)
(1.12587 0.0599058 0.5)
(1.12587 0.0598829 0.5)
(1.12587 0.0598584 0.5)
(1.12587 0.0598322 0.5)
(1.12587 0.0598042 0.5)
(1.12587 0.0597742 0.5)
(1.12587 0.0597421 0.5)
(1.12587 0.0597078 0.5)
(1.12587 0.0596711 0.5)
(1.12587 0.0596319 0.5)
(1.12587 0.0595899 0.5)
(1.12587 0.0595451 0.5)
(1.12587 0.0594971 0.5)
(1.12587 0.0594458 0.5)
(1.12587 0.0593909 0.5)
(1.12587 0.0593321 0.5)
(1.12587 0.0592693 0.5)
(1.12587 0.0592022 0.5)
(1.12587 0.0591304 0.5)
(1.12587 0.0590535 0.5)
(1.12587 0.0589714 0.5)
(1.12587 0.0588835 0.5)
(1.12587 0.0587895 0.5)
(1.12587 0.058689 0.5)
(1.12587 0.0585815 0.5)
(1.12587 0.0584665 0.5)
(1.12587 0.0583435 0.5)
(1.12587 0.058212 0.5)
(1.12587 0.0580714 0.5)
(1.12587 0.0579209 0.5)
(1.12587 0.05776 0.5)
(1.12587 0.0575879 0.5)
(1.12587 0.0574039 0.5)
(1.12587 0.057207 0.5)
(1.12587 0.0569965 0.5)
(1.12587 0.0567713 0.5)
(1.12587 0.0565305 0.5)
(1.12587 0.0562729 0.5)
(1.12587 0.0559975 0.5)
(1.12587 0.0557029 0.5)
(1.12587 0.0553878 0.5)
(1.12587 0.0550508 0.5)
(1.12587 0.0546903 0.5)
(1.12587 0.0543048 0.5)
(1.12587 0.0538925 0.5)
(1.12587 0.0534516 0.5)
(1.12587 0.05298 0.5)
(1.12587 0.0524756 0.5)
(1.12587 0.0519362 0.5)
(1.12587 0.0513592 0.5)
(1.12587 0.0507421 0.5)
(1.12587 0.0500822 0.5)
(1.12587 0.0493763 0.5)
(1.12587 0.0486214 0.5)
(1.12587 0.047814 0.5)
(1.12587 0.0469505 0.5)
(1.12587 0.046027 0.5)
(1.12587 0.0450392 0.5)
(1.12587 0.0439828 0.5)
(1.12587 0.0428529 0.5)
(1.12587 0.0416445 0.5)
(1.12587 0.0403521 0.5)
(1.12587 0.0389698 0.5)
(1.12587 0.0374915 0.5)
(1.12587 0.0359104 0.5)
(1.12587 0.0342193 0.5)
(1.12587 0.0324107 0.5)
(1.12587 0.0304764 0.5)
(1.12587 0.0284076 0.5)
(1.12587 0.0261949 0.5)
(1.12587 0.0238285 0.5)
(1.12587 0.0212975 0.5)
(1.12587 0.0185906 0.5)
(1.12587 0.0156955 0.5)
(1.12587 0.0125991 0.5)
(1.12587 0.00928753 0.5)
(1.12587 0.0057457 0.5)
(1.12587 0.00195764 0.5)
(1.13303 0.0603295 0.5)
(1.13303 0.0603151 0.5)
(1.13303 0.0602997 0.5)
(1.13303 0.0602832 0.5)
(1.13303 0.0602656 0.5)
(1.13303 0.0602468 0.5)
(1.13303 0.0602267 0.5)
(1.13303 0.0602051 0.5)
(1.13303 0.0601821 0.5)
(1.13303 0.0601575 0.5)
(1.13303 0.0601311 0.5)
(1.13303 0.060103 0.5)
(1.13303 0.0600728 0.5)
(1.13303 0.0600406 0.5)
(1.13303 0.0600061 0.5)
(1.13303 0.0599693 0.5)
(1.13303 0.0599299 0.5)
(1.13303 0.0598877 0.5)
(1.13303 0.0598426 0.5)
(1.13303 0.0597944 0.5)
(1.13303 0.0597428 0.5)
(1.13303 0.0596876 0.5)
(1.13303 0.0596286 0.5)
(1.13303 0.0595655 0.5)
(1.13303 0.059498 0.5)
(1.13303 0.0594258 0.5)
(1.13303 0.0593486 0.5)
(1.13303 0.059266 0.5)
(1.13303 0.0591777 0.5)
(1.13303 0.0590833 0.5)
(1.13303 0.0589822 0.5)
(1.13303 0.0588742 0.5)
(1.13303 0.0587586 0.5)
(1.13303 0.0586351 0.5)
(1.13303 0.0585029 0.5)
(1.13303 0.0583615 0.5)
(1.13303 0.0582103 0.5)
(1.13303 0.0580486 0.5)
(1.13303 0.0578757 0.5)
(1.13303 0.0576907 0.5)
(1.13303 0.0574929 0.5)
(1.13303 0.0572813 0.5)
(1.13303 0.057055 0.5)
(1.13303 0.056813 0.5)
(1.13303 0.0565541 0.5)
(1.13303 0.0562773 0.5)
(1.13303 0.0559812 0.5)
(1.13303 0.0556645 0.5)
(1.13303 0.0553258 0.5)
(1.13303 0.0549636 0.5)
(1.13303 0.0545762 0.5)
(1.13303 0.0541618 0.5)
(1.13303 0.0537187 0.5)
(1.13303 0.0532447 0.5)
(1.13303 0.0527378 0.5)
(1.13303 0.0521957 0.5)
(1.13303 0.0516158 0.5)
(1.13303 0.0509957 0.5)
(1.13303 0.0503324 0.5)
(1.13303 0.0496231 0.5)
(1.13303 0.0488644 0.5)
(1.13303 0.0480529 0.5)
(1.13303 0.0471851 0.5)
(1.13303 0.0462569 0.5)
(1.13303 0.0452643 0.5)
(1.13303 0.0442026 0.5)
(1.13303 0.0430671 0.5)
(1.13303 0.0418526 0.5)
(1.13303 0.0405537 0.5)
(1.13303 0.0391646 0.5)
(1.13304 0.0376788 0.5)
(1.13304 0.0360898 0.5)
(1.13304 0.0343903 0.5)
(1.13304 0.0325727 0.5)
(1.13304 0.0306286 0.5)
(1.13304 0.0285495 0.5)
(1.13304 0.0263258 0.5)
(1.13304 0.0239475 0.5)
(1.13304 0.0214039 0.5)
(1.13304 0.0186835 0.5)
(1.13304 0.0157739 0.5)
(1.13304 0.0126621 0.5)
(1.13304 0.00933394 0.5)
(1.13304 0.00577441 0.5)
(1.13304 0.00196742 0.5)
(1.14023 0.0606306 0.5)
(1.14023 0.0606161 0.5)
(1.14023 0.0606007 0.5)
(1.14023 0.0605841 0.5)
(1.14023 0.0605664 0.5)
(1.14023 0.0605475 0.5)
(1.14023 0.0605273 0.5)
(1.14023 0.0605057 0.5)
(1.14023 0.0604825 0.5)
(1.14023 0.0604578 0.5)
(1.14023 0.0604313 0.5)
(1.14023 0.060403 0.5)
(1.14023 0.0603727 0.5)
(1.14023 0.0603403 0.5)
(1.14023 0.0603057 0.5)
(1.14023 0.0602686 0.5)
(1.14023 0.060229 0.5)
(1.14023 0.0601866 0.5)
(1.14023 0.0601413 0.5)
(1.14023 0.0600928 0.5)
(1.14023 0.060041 0.5)
(1.14023 0.0599855 0.5)
(1.14023 0.0599262 0.5)
(1.14023 0.0598628 0.5)
(1.14023 0.059795 0.5)
(1.14023 0.0597224 0.5)
(1.14023 0.0596448 0.5)
(1.14023 0.0595619 0.5)
(1.14023 0.0594731 0.5)
(1.14023 0.0593782 0.5)
(1.14023 0.0592766 0.5)
(1.14023 0.0591681 0.5)
(1.14023 0.0590519 0.5)
(1.14023 0.0589277 0.5)
(1.14023 0.0587949 0.5)
(1.14023 0.0586528 0.5)
(1.14023 0.0585009 0.5)
(1.14023 0.0583384 0.5)
(1.14023 0.0581645 0.5)
(1.14023 0.0579787 0.5)
(1.14023 0.0577798 0.5)
(1.14023 0.0575672 0.5)
(1.14023 0.0573398 0.5)
(1.14023 0.0570965 0.5)
(1.14023 0.0568364 0.5)
(1.14023 0.0565582 0.5)
(1.14023 0.0562606 0.5)
(1.14023 0.0559424 0.5)
(1.14023 0.055602 0.5)
(1.14023 0.0552379 0.5)
(1.14023 0.0548486 0.5)
(1.14023 0.0544322 0.5)
(1.14023 0.0539868 0.5)
(1.14023 0.0535105 0.5)
(1.14023 0.0530011 0.5)
(1.14023 0.0524562 0.5)
(1.14023 0.0518735 0.5)
(1.14023 0.0512502 0.5)
(1.14023 0.0505837 0.5)
(1.14023 0.0498707 0.5)
(1.14023 0.0491083 0.5)
(1.14023 0.0482928 0.5)
(1.14023 0.0474206 0.5)
(1.14023 0.0464878 0.5)
(1.14023 0.0454902 0.5)
(1.14024 0.0444232 0.5)
(1.14024 0.043282 0.5)
(1.14024 0.0420615 0.5)
(1.14024 0.0407562 0.5)
(1.14024 0.0393601 0.5)
(1.14024 0.0378669 0.5)
(1.14024 0.0362699 0.5)
(1.14024 0.034562 0.5)
(1.14024 0.0327352 0.5)
(1.14024 0.0307815 0.5)
(1.14024 0.028692 0.5)
(1.14024 0.0264572 0.5)
(1.14024 0.0240671 0.5)
(1.14024 0.0215108 0.5)
(1.14024 0.0187767 0.5)
(1.14024 0.0158527 0.5)
(1.14024 0.0127253 0.5)
(1.14024 0.00938053 0.5)
(1.14024 0.00580323 0.5)
(1.14024 0.00197724 0.5)
(1.14747 0.0609326 0.5)
(1.14747 0.0609181 0.5)
(1.14747 0.0609026 0.5)
(1.14747 0.060886 0.5)
(1.14747 0.0608682 0.5)
(1.14747 0.0608492 0.5)
(1.14747 0.0608288 0.5)
(1.14747 0.0608071 0.5)
(1.14747 0.0607838 0.5)
(1.14747 0.060759 0.5)
(1.14747 0.0607324 0.5)
(1.14747 0.0607039 0.5)
(1.14747 0.0606735 0.5)
(1.14747 0.0606409 0.5)
(1.14747 0.0606061 0.5)
(1.14747 0.0605689 0.5)
(1.14747 0.0605291 0.5)
(1.14747 0.0604865 0.5)
(1.14747 0.0604409 0.5)
(1.14747 0.0603922 0.5)
(1.14747 0.0603401 0.5)
(1.14747 0.0602844 0.5)
(1.14747 0.0602248 0.5)
(1.14747 0.060161 0.5)
(1.14747 0.0600929 0.5)
(1.14747 0.06002 0.5)
(1.14747 0.059942 0.5)
(1.14747 0.0598586 0.5)
(1.14747 0.0597694 0.5)
(1.14747 0.059674 0.5)
(1.14747 0.059572 0.5)
(1.14747 0.0594628 0.5)
(1.14747 0.0593461 0.5)
(1.14747 0.0592213 0.5)
(1.14747 0.0590878 0.5)
(1.14747 0.058945 0.5)
(1.14747 0.0587923 0.5)
(1.14747 0.058629 0.5)
(1.14747 0.0584543 0.5)
(1.14747 0.0582675 0.5)
(1.14747 0.0580677 0.5)
(1.14747 0.057854 0.5)
(1.14747 0.0576254 0.5)
(1.14747 0.057381 0.5)
(1.14747 0.0571196 0.5)
(1.14747 0.0568399 0.5)
(1.14747 0.0565409 0.5)
(1.14747 0.0562211 0.5)
(1.14747 0.055879 0.5)
(1.14747 0.0555131 0.5)
(1.14747 0.0551218 0.5)
(1.14747 0.0547034 0.5)
(1.14747 0.0542558 0.5)
(1.14747 0.0537771 0.5)
(1.14747 0.0532651 0.5)
(1.14747 0.0527175 0.5)
(1.14747 0.0521319 0.5)
(1.14747 0.0515055 0.5)
(1.14747 0.0508357 0.5)
(1.14747 0.0501192 0.5)
(1.14747 0.0493529 0.5)
(1.14747 0.0485334 0.5)
(1.14747 0.0476569 0.5)
(1.14747 0.0467194 0.5)
(1.14747 0.0457168 0.5)
(1.14747 0.0446445 0.5)
(1.14747 0.0434977 0.5)
(1.14747 0.0422711 0.5)
(1.14747 0.0409592 0.5)
(1.14747 0.0395561 0.5)
(1.14747 0.0380555 0.5)
(1.14747 0.0364506 0.5)
(1.14747 0.0347341 0.5)
(1.14747 0.0328983 0.5)
(1.14747 0.0309349 0.5)
(1.14747 0.0288349 0.5)
(1.14747 0.026589 0.5)
(1.14747 0.024187 0.5)
(1.14748 0.0216179 0.5)
(1.14748 0.0188703 0.5)
(1.14748 0.0159316 0.5)
(1.14748 0.0127887 0.5)
(1.14748 0.00942726 0.5)
(1.14748 0.00583214 0.5)
(1.14748 0.00198709 0.5)
(1.15474 0.0612353 0.5)
(1.15474 0.0612207 0.5)
(1.15474 0.0612051 0.5)
(1.15474 0.0611884 0.5)
(1.15474 0.0611706 0.5)
(1.15474 0.0611515 0.5)
(1.15474 0.061131 0.5)
(1.15474 0.0611092 0.5)
(1.15474 0.0610858 0.5)
(1.15474 0.0610608 0.5)
(1.15474 0.0610341 0.5)
(1.15474 0.0610055 0.5)
(1.15474 0.0609749 0.5)
(1.15474 0.0609422 0.5)
(1.15474 0.0609072 0.5)
(1.15474 0.0608698 0.5)
(1.15474 0.0608297 0.5)
(1.15474 0.060787 0.5)
(1.15474 0.0607412 0.5)
(1.15474 0.0606922 0.5)
(1.15474 0.0606399 0.5)
(1.15474 0.0605839 0.5)
(1.15474 0.060524 0.5)
(1.15474 0.0604599 0.5)
(1.15474 0.0603914 0.5)
(1.15474 0.0603181 0.5)
(1.15474 0.0602398 0.5)
(1.15474 0.060156 0.5)
(1.15474 0.0600663 0.5)
(1.15474 0.0599704 0.5)
(1.15474 0.0598679 0.5)
(1.15474 0.0597582 0.5)
(1.15474 0.0596409 0.5)
(1.15474 0.0595155 0.5)
(1.15474 0.0593813 0.5)
(1.15474 0.0592378 0.5)
(1.15474 0.0590844 0.5)
(1.15474 0.0589202 0.5)
(1.15474 0.0587447 0.5)
(1.15474 0.058557 0.5)
(1.15474 0.0583562 0.5)
(1.15474 0.0581414 0.5)
(1.15474 0.0579117 0.5)
(1.15474 0.057666 0.5)
(1.15474 0.0574033 0.5)
(1.15474 0.0571223 0.5)
(1.15474 0.0568218 0.5)
(1.15474 0.0565004 0.5)
(1.15474 0.0561566 0.5)
(1.15474 0.0557889 0.5)
(1.15474 0.0553957 0.5)
(1.15474 0.0549751 0.5)
(1.15474 0.0545253 0.5)
(1.15474 0.0540442 0.5)
(1.15474 0.0535297 0.5)
(1.15474 0.0529794 0.5)
(1.15474 0.0523909 0.5)
(1.15474 0.0517614 0.5)
(1.15474 0.0510882 0.5)
(1.15474 0.0503682 0.5)
(1.15474 0.0495981 0.5)
(1.15474 0.0487745 0.5)
(1.15474 0.0478936 0.5)
(1.15474 0.0469515 0.5)
(1.15474 0.0459439 0.5)
(1.15474 0.0448663 0.5)
(1.15474 0.0437137 0.5)
(1.15474 0.0424811 0.5)
(1.15474 0.0411627 0.5)
(1.15475 0.0397526 0.5)
(1.15475 0.0382446 0.5)
(1.15475 0.0366317 0.5)
(1.15475 0.0349067 0.5)
(1.15475 0.0330618 0.5)
(1.15475 0.0310886 0.5)
(1.15475 0.0289782 0.5)
(1.15475 0.0267211 0.5)
(1.15475 0.0243071 0.5)
(1.15475 0.0217253 0.5)
(1.15475 0.018964 0.5)
(1.15475 0.0160108 0.5)
(1.15475 0.0128522 0.5)
(1.15475 0.00947409 0.5)
(1.15475 0.00586111 0.5)
(1.15475 0.00199697 0.5)
(1.16205 0.0615384 0.5)
(1.16205 0.0615237 0.5)
(1.16205 0.061508 0.5)
(1.16205 0.0614912 0.5)
(1.16205 0.0614733 0.5)
(1.16205 0.0614541 0.5)
(1.16205 0.0614336 0.5)
(1.16205 0.0614116 0.5)
(1.16205 0.0613881 0.5)
(1.16205 0.061363 0.5)
(1.16205 0.0613361 0.5)
(1.16205 0.0613074 0.5)
(1.16205 0.0612766 0.5)
(1.16205 0.0612438 0.5)
(1.16205 0.0612086 0.5)
(1.16205 0.061171 0.5)
(1.16205 0.0611308 0.5)
(1.16205 0.0610878 0.5)
(1.16205 0.0610418 0.5)
(1.16205 0.0609926 0.5)
(1.16205 0.06094 0.5)
(1.16205 0.0608837 0.5)
(1.16205 0.0608235 0.5)
(1.16205 0.0607591 0.5)
(1.16205 0.0606903 0.5)
(1.16205 0.0606166 0.5)
(1.16205 0.0605379 0.5)
(1.16205 0.0604537 0.5)
(1.16205 0.0603636 0.5)
(1.16205 0.0602672 0.5)
(1.16205 0.0601642 0.5)
(1.16205 0.060054 0.5)
(1.16205 0.0599361 0.5)
(1.16205 0.05981 0.5)
(1.16205 0.0596752 0.5)
(1.16205 0.059531 0.5)
(1.16205 0.0593768 0.5)
(1.16205 0.0592118 0.5)
(1.16205 0.0590354 0.5)
(1.16205 0.0588468 0.5)
(1.16205 0.058645 0.5)
(1.16205 0.0584291 0.5)
(1.16205 0.0581983 0.5)
(1.16205 0.0579514 0.5)
(1.16205 0.0576874 0.5)
(1.16205 0.057405 0.5)
(1.16205 0.057103 0.5)
(1.16205 0.05678 0.5)
(1.16205 0.0564345 0.5)
(1.16205 0.056065 0.5)
(1.16205 0.0556698 0.5)
(1.16205 0.0552472 0.5)
(1.16205 0.0547951 0.5)
(1.16205 0.0543117 0.5)
(1.16205 0.0537946 0.5)
(1.16205 0.0532416 0.5)
(1.16205 0.0526502 0.5)
(1.16205 0.0520176 0.5)
(1.16205 0.051341 0.5)
(1.16205 0.0506174 0.5)
(1.16205 0.0498436 0.5)
(1.16205 0.0490159 0.5)
(1.16205 0.0481307 0.5)
(1.16205 0.0471839 0.5)
(1.16205 0.0461713 0.5)
(1.16205 0.0450883 0.5)
(1.16205 0.0439301 0.5)
(1.16205 0.0426913 0.5)
(1.16205 0.0413664 0.5)
(1.16205 0.0399494 0.5)
(1.16205 0.0384339 0.5)
(1.16206 0.036813 0.5)
(1.16206 0.0350794 0.5)
(1.16206 0.0332254 0.5)
(1.16206 0.0312424 0.5)
(1.16206 0.0291216 0.5)
(1.16206 0.0268534 0.5)
(1.16206 0.0244274 0.5)
(1.16206 0.0218328 0.5)
(1.16206 0.0190579 0.5)
(1.16206 0.01609 0.5)
(1.16206 0.0129158 0.5)
(1.16206 0.00952098 0.5)
(1.16206 0.00589012 0.5)
(1.16206 0.00200685 0.5)
(1.16939 0.0618415 0.5)
(1.16939 0.0618268 0.5)
(1.16939 0.061811 0.5)
(1.16939 0.0617941 0.5)
(1.16939 0.0617761 0.5)
(1.16939 0.0617568 0.5)
(1.16939 0.0617361 0.5)
(1.16939 0.0617141 0.5)
(1.16939 0.0616905 0.5)
(1.16939 0.0616652 0.5)
(1.16939 0.0616382 0.5)
(1.16939 0.0616093 0.5)
(1.16939 0.0615785 0.5)
(1.16939 0.0615454 0.5)
(1.16939 0.0615101 0.5)
(1.16939 0.0614723 0.5)
(1.16939 0.0614319 0.5)
(1.16939 0.0613887 0.5)
(1.16939 0.0613424 0.5)
(1.16939 0.061293 0.5)
(1.16939 0.0612401 0.5)
(1.16939 0.0611836 0.5)
(1.16939 0.0611231 0.5)
(1.16939 0.0610584 0.5)
(1.16939 0.0609892 0.5)
(1.16939 0.0609152 0.5)
(1.16939 0.0608361 0.5)
(1.16939 0.0607514 0.5)
(1.16939 0.0606609 0.5)
(1.16939 0.0605641 0.5)
(1.16939 0.0604605 0.5)
(1.16939 0.0603498 0.5)
(1.16939 0.0602313 0.5)
(1.16939 0.0601046 0.5)
(1.16939 0.0599691 0.5)
(1.16939 0.0598242 0.5)
(1.16939 0.0596693 0.5)
(1.16939 0.0595035 0.5)
(1.16939 0.0593262 0.5)
(1.16939 0.0591366 0.5)
(1.16939 0.0589338 0.5)
(1.16939 0.0587169 0.5)
(1.16939 0.058485 0.5)
(1.16939 0.0582369 0.5)
(1.16939 0.0579715 0.5)
(1.16939 0.0576878 0.5)
(1.16939 0.0573843 0.5)
(1.1694 0.0570596 0.5)
(1.1694 0.0567125 0.5)
(1.1694 0.0563412 0.5)
(1.1694 0.055944 0.5)
(1.1694 0.0555193 0.5)
(1.1694 0.055065 0.5)
(1.1694 0.0545792 0.5)
(1.1694 0.0540596 0.5)
(1.1694 0.0535039 0.5)
(1.1694 0.0529095 0.5)
(1.1694 0.0522738 0.5)
(1.1694 0.0515939 0.5)
(1.1694 0.0508668 0.5)
(1.1694 0.0500891 0.5)
(1.1694 0.0492573 0.5)
(1.1694 0.0483677 0.5)
(1.1694 0.0474163 0.5)
(1.1694 0.0463987 0.5)
(1.1694 0.0453104 0.5)
(1.1694 0.0441465 0.5)
(1.1694 0.0429016 0.5)
(1.1694 0.0415701 0.5)
(1.1694 0.0401462 0.5)
(1.1694 0.0386232 0.5)
(1.1694 0.0369943 0.5)
(1.1694 0.0352522 0.5)
(1.1694 0.033389 0.5)
(1.1694 0.0313963 0.5)
(1.1694 0.029265 0.5)
(1.1694 0.0269856 0.5)
(1.16941 0.0245477 0.5)
(1.16941 0.0219404 0.5)
(1.16941 0.0191518 0.5)
(1.16941 0.0161693 0.5)
(1.16941 0.0129795 0.5)
(1.16941 0.00956788 0.5)
(1.16941 0.00591913 0.5)
(1.16941 0.00201673 0.5)
(1.17678 0.0621444 0.5)
(1.17678 0.0621296 0.5)
(1.17678 0.0621137 0.5)
(1.17678 0.0620968 0.5)
(1.17678 0.0620786 0.5)
(1.17678 0.0620592 0.5)
(1.17678 0.0620385 0.5)
(1.17678 0.0620163 0.5)
(1.17678 0.0619926 0.5)
(1.17678 0.0619672 0.5)
(1.17678 0.0619401 0.5)
(1.17678 0.0619111 0.5)
(1.17678 0.06188 0.5)
(1.17678 0.0618468 0.5)
(1.17678 0.0618113 0.5)
(1.17678 0.0617734 0.5)
(1.17678 0.0617328 0.5)
(1.17678 0.0616893 0.5)
(1.17678 0.0616429 0.5)
(1.17678 0.0615932 0.5)
(1.17678 0.06154 0.5)
(1.17678 0.0614832 0.5)
(1.17678 0.0614224 0.5)
(1.17678 0.0613574 0.5)
(1.17678 0.0612879 0.5)
(1.17678 0.0612135 0.5)
(1.17678 0.061134 0.5)
(1.17678 0.061049 0.5)
(1.17678 0.060958 0.5)
(1.17678 0.0608607 0.5)
(1.17678 0.0607566 0.5)
(1.17678 0.0606453 0.5)
(1.17678 0.0605263 0.5)
(1.17678 0.060399 0.5)
(1.17678 0.0602628 0.5)
(1.17678 0.0601172 0.5)
(1.17678 0.0599615 0.5)
(1.17678 0.0597949 0.5)
(1.17678 0.0596168 0.5)
(1.17678 0.0594262 0.5)
(1.17678 0.0592224 0.5)
(1.17678 0.0590045 0.5)
(1.17678 0.0587714 0.5)
(1.17678 0.0585221 0.5)
(1.17678 0.0582555 0.5)
(1.17678 0.0579703 0.5)
(1.17678 0.0576653 0.5)
(1.17678 0.0573391 0.5)
(1.17678 0.0569902 0.5)
(1.17678 0.0566171 0.5)
(1.17678 0.056218 0.5)
(1.17678 0.0557912 0.5)
(1.17678 0.0553347 0.5)
(1.17678 0.0548465 0.5)
(1.17678 0.0543243 0.5)
(1.17678 0.0537659 0.5)
(1.17678 0.0531686 0.5)
(1.17678 0.0525298 0.5)
(1.17678 0.0518466 0.5)
(1.17678 0.0511159 0.5)
(1.17678 0.0503344 0.5)
(1.17678 0.0494985 0.5)
(1.17678 0.0486046 0.5)
(1.17678 0.0476485 0.5)
(1.17678 0.046626 0.5)
(1.17678 0.0455323 0.5)
(1.17678 0.0443627 0.5)
(1.17678 0.0431117 0.5)
(1.17678 0.0417737 0.5)
(1.17678 0.0403428 0.5)
(1.17678 0.0388123 0.5)
(1.17678 0.0371755 0.5)
(1.17678 0.0354249 0.5)
(1.17679 0.0335525 0.5)
(1.17679 0.0315501 0.5)
(1.17679 0.0294084 0.5)
(1.17679 0.0271178 0.5)
(1.17679 0.024668 0.5)
(1.17679 0.0220478 0.5)
(1.17679 0.0192456 0.5)
(1.17679 0.0162485 0.5)
(1.17679 0.013043 0.5)
(1.17679 0.00961473 0.5)
(1.1768 0.00594812 0.5)
(1.1768 0.00202661 0.5)
(1.18419 0.0624467 0.5)
(1.18419 0.0624318 0.5)
(1.18419 0.0624159 0.5)
(1.18419 0.0623988 0.5)
(1.18419 0.0623806 0.5)
(1.18419 0.0623611 0.5)
(1.18419 0.0623403 0.5)
(1.18419 0.062318 0.5)
(1.18419 0.0622942 0.5)
(1.18419 0.0622687 0.5)
(1.18419 0.0622414 0.5)
(1.18419 0.0622122 0.5)
(1.18419 0.0621811 0.5)
(1.18419 0.0621477 0.5)
(1.18419 0.062112 0.5)
(1.18419 0.0620739 0.5)
(1.18419 0.0620331 0.5)
(1.18419 0.0619894 0.5)
(1.18419 0.0619427 0.5)
(1.18419 0.0618928 0.5)
(1.18419 0.0618394 0.5)
(1.18419 0.0617823 0.5)
(1.18419 0.0617212 0.5)
(1.18419 0.0616559 0.5)
(1.18419 0.061586 0.5)
(1.18419 0.0615113 0.5)
(1.18419 0.0614314 0.5)
(1.18419 0.0613459 0.5)
(1.18419 0.0612545 0.5)
(1.18419 0.0611567 0.5)
(1.18419 0.0610522 0.5)
(1.18419 0.0609403 0.5)
(1.18419 0.0608207 0.5)
(1.18419 0.0606928 0.5)
(1.18419 0.060556 0.5)
(1.18419 0.0604097 0.5)
(1.18419 0.0602532 0.5)
(1.18419 0.0600858 0.5)
(1.18419 0.0599068 0.5)
(1.18419 0.0597153 0.5)
(1.18419 0.0595105 0.5)
(1.18419 0.0592915 0.5)
(1.1842 0.0590573 0.5)
(1.1842 0.0588068 0.5)
(1.1842 0.0585388 0.5)
(1.1842 0.0582523 0.5)
(1.1842 0.0579458 0.5)
(1.1842 0.057618 0.5)
(1.1842 0.0572674 0.5)
(1.1842 0.0568925 0.5)
(1.1842 0.0564915 0.5)
(1.1842 0.0560626 0.5)
(1.1842 0.0556039 0.5)
(1.1842 0.0551133 0.5)
(1.1842 0.0545886 0.5)
(1.1842 0.0540274 0.5)
(1.1842 0.0534272 0.5)
(1.1842 0.0527853 0.5)
(1.1842 0.0520988 0.5)
(1.1842 0.0513645 0.5)
(1.1842 0.0505792 0.5)
(1.1842 0.0497393 0.5)
(1.1842 0.048841 0.5)
(1.1842 0.0478803 0.5)
(1.1842 0.0468528 0.5)
(1.1842 0.0457538 0.5)
(1.1842 0.0445785 0.5)
(1.1842 0.0433214 0.5)
(1.1842 0.0419769 0.5)
(1.1842 0.040539 0.5)
(1.1842 0.0390011 0.5)
(1.1842 0.0373563 0.5)
(1.1842 0.0355972 0.5)
(1.18421 0.0337158 0.5)
(1.18421 0.0317035 0.5)
(1.18421 0.0295514 0.5)
(1.18421 0.0272497 0.5)
(1.18421 0.024788 0.5)
(1.18421 0.0221551 0.5)
(1.18421 0.0193392 0.5)
(1.18421 0.0163275 0.5)
(1.18421 0.0131065 0.5)
(1.18422 0.00966151 0.5)
(1.18422 0.00597706 0.5)
(1.18422 0.00203647 0.5)
(1.19165 0.0627481 0.5)
(1.19165 0.0627331 0.5)
(1.19165 0.0627171 0.5)
(1.19165 0.0627 0.5)
(1.19165 0.0626817 0.5)
(1.19165 0.0626621 0.5)
(1.19165 0.0626412 0.5)
(1.19165 0.0626188 0.5)
(1.19165 0.0625949 0.5)
(1.19165 0.0625692 0.5)
(1.19165 0.0625418 0.5)
(1.19165 0.0625125 0.5)
(1.19165 0.0624812 0.5)
(1.19165 0.0624477 0.5)
(1.19165 0.0624118 0.5)
(1.19165 0.0623735 0.5)
(1.19165 0.0623325 0.5)
(1.19165 0.0622886 0.5)
(1.19165 0.0622417 0.5)
(1.19165 0.0621916 0.5)
(1.19165 0.0621379 0.5)
(1.19165 0.0620805 0.5)
(1.19165 0.0620192 0.5)
(1.19165 0.0619535 0.5)
(1.19165 0.0618833 0.5)
(1.19165 0.0618082 0.5)
(1.19165 0.0617279 0.5)
(1.19165 0.0616421 0.5)
(1.19165 0.0615502 0.5)
(1.19165 0.061452 0.5)
(1.19165 0.0613469 0.5)
(1.19165 0.0612345 0.5)
(1.19165 0.0611143 0.5)
(1.19165 0.0609858 0.5)
(1.19165 0.0608483 0.5)
(1.19165 0.0607013 0.5)
(1.19165 0.060544 0.5)
(1.19165 0.0603758 0.5)
(1.19165 0.0601959 0.5)
(1.19165 0.0600036 0.5)
(1.19165 0.0597978 0.5)
(1.19165 0.0595777 0.5)
(1.19165 0.0593424 0.5)
(1.19165 0.0590906 0.5)
(1.19165 0.0588214 0.5)
(1.19165 0.0585335 0.5)
(1.19165 0.0582255 0.5)
(1.19165 0.0578961 0.5)
(1.19165 0.0575439 0.5)
(1.19165 0.0571671 0.5)
(1.19165 0.0567642 0.5)
(1.19165 0.0563332 0.5)
(1.19165 0.0558723 0.5)
(1.19165 0.0553793 0.5)
(1.19165 0.0548521 0.5)
(1.19165 0.0542882 0.5)
(1.19165 0.0536851 0.5)
(1.19165 0.0530401 0.5)
(1.19165 0.0523503 0.5)
(1.19165 0.0516125 0.5)
(1.19165 0.0508234 0.5)
(1.19166 0.0499794 0.5)
(1.19166 0.0490768 0.5)
(1.19166 0.0481114 0.5)
(1.19166 0.0470789 0.5)
(1.19166 0.0459747 0.5)
(1.19166 0.0447936 0.5)
(1.19166 0.0435305 0.5)
(1.19166 0.0421796 0.5)
(1.19166 0.0407347 0.5)
(1.19166 0.0391894 0.5)
(1.19166 0.0375367 0.5)
(1.19166 0.035769 0.5)
(1.19166 0.0338785 0.5)
(1.19166 0.0318566 0.5)
(1.19166 0.0296941 0.5)
(1.19167 0.0273812 0.5)
(1.19167 0.0249076 0.5)
(1.19167 0.022262 0.5)
(1.19167 0.0194325 0.5)
(1.19167 0.0164063 0.5)
(1.19167 0.0131697 0.5)
(1.19167 0.00970814 0.5)
(1.19167 0.00600591 0.5)
(1.19168 0.0020463 0.5)
(1.19914 0.0630484 0.5)
(1.19914 0.0630333 0.5)
(1.19914 0.0630172 0.5)
(1.19914 0.063 0.5)
(1.19914 0.0629816 0.5)
(1.19914 0.062962 0.5)
(1.19914 0.0629409 0.5)
(1.19914 0.0629184 0.5)
(1.19914 0.0628944 0.5)
(1.19914 0.0628686 0.5)
(1.19914 0.0628411 0.5)
(1.19914 0.0628117 0.5)
(1.19914 0.0627802 0.5)
(1.19914 0.0627465 0.5)
(1.19914 0.0627105 0.5)
(1.19914 0.0626719 0.5)
(1.19914 0.0626307 0.5)
(1.19914 0.0625867 0.5)
(1.19914 0.0625395 0.5)
(1.19914 0.0624891 0.5)
(1.19914 0.0624352 0.5)
(1.19914 0.0623776 0.5)
(1.19914 0.0623159 0.5)
(1.19914 0.06225 0.5)
(1.19914 0.0621794 0.5)
(1.19914 0.062104 0.5)
(1.19914 0.0620233 0.5)
(1.19914 0.061937 0.5)
(1.19914 0.0618447 0.5)
(1.19914 0.061746 0.5)
(1.19914 0.0616404 0.5)
(1.19914 0.0615275 0.5)
(1.19914 0.0614067 0.5)
(1.19914 0.0612776 0.5)
(1.19914 0.0611395 0.5)
(1.19914 0.0609917 0.5)
(1.19914 0.0608337 0.5)
(1.19914 0.0606647 0.5)
(1.19914 0.060484 0.5)
(1.19914 0.0602907 0.5)
(1.19914 0.0600839 0.5)
(1.19914 0.0598628 0.5)
(1.19914 0.0596263 0.5)
(1.19914 0.0593734 0.5)
(1.19914 0.0591029 0.5)
(1.19914 0.0588135 0.5)
(1.19914 0.0585041 0.5)
(1.19915 0.0581732 0.5)
(1.19915 0.0578192 0.5)
(1.19915 0.0574407 0.5)
(1.19915 0.0570358 0.5)
(1.19915 0.0566028 0.5)
(1.19915 0.0561396 0.5)
(1.19915 0.0556443 0.5)
(1.19915 0.0551146 0.5)
(1.19915 0.054548 0.5)
(1.19915 0.053942 0.5)
(1.19915 0.0532939 0.5)
(1.19915 0.0526008 0.5)
(1.19915 0.0518594 0.5)
(1.19915 0.0510666 0.5)
(1.19915 0.0502186 0.5)
(1.19915 0.0493116 0.5)
(1.19915 0.0483416 0.5)
(1.19915 0.0473042 0.5)
(1.19915 0.0461947 0.5)
(1.19915 0.045008 0.5)
(1.19915 0.0437388 0.5)
(1.19915 0.0423814 0.5)
(1.19915 0.0409296 0.5)
(1.19915 0.0393769 0.5)
(1.19916 0.0377163 0.5)
(1.19916 0.0359402 0.5)
(1.19916 0.0340406 0.5)
(1.19916 0.032009 0.5)
(1.19916 0.0298362 0.5)
(1.19916 0.0275123 0.5)
(1.19916 0.0250268 0.5)
(1.19916 0.0223685 0.5)
(1.19916 0.0195255 0.5)
(1.19917 0.0164848 0.5)
(1.19917 0.0132327 0.5)
(1.19917 0.0097546 0.5)
(1.19917 0.00603465 0.5)
(1.19917 0.00205609 0.5)
(1.20667 0.0633471 0.5)
(1.20667 0.063332 0.5)
(1.20667 0.0633158 0.5)
(1.20667 0.0632985 0.5)
(1.20667 0.06328 0.5)
(1.20667 0.0632603 0.5)
(1.20667 0.0632391 0.5)
(1.20667 0.0632165 0.5)
(1.20667 0.0631923 0.5)
(1.20667 0.0631665 0.5)
(1.20667 0.0631388 0.5)
(1.20667 0.0631092 0.5)
(1.20667 0.0630776 0.5)
(1.20667 0.0630438 0.5)
(1.20667 0.0630076 0.5)
(1.20667 0.0629689 0.5)
(1.20667 0.0629275 0.5)
(1.20667 0.0628832 0.5)
(1.20667 0.0628358 0.5)
(1.20667 0.0627852 0.5)
(1.20667 0.062731 0.5)
(1.20667 0.0626731 0.5)
(1.20667 0.0626111 0.5)
(1.20667 0.0625449 0.5)
(1.20667 0.062474 0.5)
(1.20667 0.0623982 0.5)
(1.20667 0.0623171 0.5)
(1.20667 0.0622304 0.5)
(1.20667 0.0621377 0.5)
(1.20667 0.0620385 0.5)
(1.20667 0.0619325 0.5)
(1.20667 0.061819 0.5)
(1.20667 0.0616977 0.5)
(1.20667 0.0615679 0.5)
(1.20667 0.0614291 0.5)
(1.20667 0.0612807 0.5)
(1.20667 0.0611219 0.5)
(1.20667 0.0609521 0.5)
(1.20667 0.0607705 0.5)
(1.20667 0.0605763 0.5)
(1.20667 0.0603686 0.5)
(1.20668 0.0601464 0.5)
(1.20668 0.0599088 0.5)
(1.20668 0.0596547 0.5)
(1.20668 0.0593829 0.5)
(1.20668 0.0590922 0.5)
(1.20668 0.0587813 0.5)
(1.20668 0.0584488 0.5)
(1.20668 0.0580932 0.5)
(1.20668 0.0577128 0.5)
(1.20668 0.057306 0.5)
(1.20668 0.0568709 0.5)
(1.20668 0.0564056 0.5)
(1.20668 0.055908 0.5)
(1.20668 0.0553757 0.5)
(1.20668 0.0548064 0.5)
(1.20668 0.0541976 0.5)
(1.20668 0.0535464 0.5)
(1.20668 0.05285 0.5)
(1.20668 0.0521051 0.5)
(1.20668 0.0513085 0.5)
(1.20668 0.0504565 0.5)
(1.20668 0.0495453 0.5)
(1.20668 0.0485707 0.5)
(1.20668 0.0475283 0.5)
(1.20668 0.0464135 0.5)
(1.20668 0.0452212 0.5)
(1.20668 0.043946 0.5)
(1.20668 0.0425822 0.5)
(1.20669 0.0411235 0.5)
(1.20669 0.0395635 0.5)
(1.20669 0.037895 0.5)
(1.20669 0.0361105 0.5)
(1.20669 0.0342019 0.5)
(1.20669 0.0321607 0.5)
(1.20669 0.0299775 0.5)
(1.20669 0.0276426 0.5)
(1.20669 0.0251454 0.5)
(1.20669 0.0224745 0.5)
(1.2067 0.019618 0.5)
(1.2067 0.0165629 0.5)
(1.2067 0.0132954 0.5)
(1.2067 0.00980081 0.5)
(1.2067 0.00606324 0.5)
(1.20671 0.00206583 0.5)
(1.21424 0.0636439 0.5)
(1.21424 0.0636287 0.5)
(1.21424 0.0636125 0.5)
(1.21424 0.0635951 0.5)
(1.21424 0.0635766 0.5)
(1.21424 0.0635567 0.5)
(1.21424 0.0635355 0.5)
(1.21424 0.0635128 0.5)
(1.21424 0.0634885 0.5)
(1.21424 0.0634625 0.5)
(1.21424 0.0634347 0.5)
(1.21424 0.063405 0.5)
(1.21424 0.0633732 0.5)
(1.21424 0.0633392 0.5)
(1.21424 0.0633028 0.5)
(1.21424 0.0632639 0.5)
(1.21424 0.0632224 0.5)
(1.21424 0.0631779 0.5)
(1.21424 0.0631303 0.5)
(1.21424 0.0630794 0.5)
(1.21424 0.063025 0.5)
(1.21424 0.0629668 0.5)
(1.21424 0.0629045 0.5)
(1.21424 0.062838 0.5)
(1.21424 0.0627668 0.5)
(1.21424 0.0626906 0.5)
(1.21424 0.0626092 0.5)
(1.21424 0.0625221 0.5)
(1.21424 0.0624289 0.5)
(1.21424 0.0623292 0.5)
(1.21424 0.0622227 0.5)
(1.21424 0.0621087 0.5)
(1.21424 0.0619868 0.5)
(1.21424 0.0618564 0.5)
(1.21424 0.061717 0.5)
(1.21424 0.0615678 0.5)
(1.21424 0.0614083 0.5)
(1.21424 0.0612378 0.5)
(1.21424 0.0610553 0.5)
(1.21424 0.0608602 0.5)
(1.21424 0.0606515 0.5)
(1.21424 0.0604283 0.5)
(1.21424 0.0601895 0.5)
(1.21424 0.0599342 0.5)
(1.21424 0.0596611 0.5)
(1.21424 0.0593691 0.5)
(1.21424 0.0590567 0.5)
(1.21424 0.0587227 0.5)
(1.21424 0.0583654 0.5)
(1.21425 0.0579832 0.5)
(1.21425 0.0575745 0.5)
(1.21425 0.0571374 0.5)
(1.21425 0.0566699 0.5)
(1.21425 0.0561699 0.5)
(1.21425 0.0556352 0.5)
(1.21425 0.0550632 0.5)
(1.21425 0.0544516 0.5)
(1.21425 0.0537973 0.5)
(1.21425 0.0530976 0.5)
(1.21425 0.0523493 0.5)
(1.21425 0.0515489 0.5)
(1.21425 0.0506929 0.5)
(1.21425 0.0497774 0.5)
(1.21425 0.0487983 0.5)
(1.21425 0.047751 0.5)
(1.21425 0.046631 0.5)
(1.21425 0.0454331 0.5)
(1.21425 0.044152 0.5)
(1.21425 0.0427817 0.5)
(1.21425 0.0413162 0.5)
(1.21426 0.0397489 0.5)
(1.21426 0.0380725 0.5)
(1.21426 0.0362797 0.5)
(1.21426 0.0343622 0.5)
(1.21426 0.0323114 0.5)
(1.21426 0.030118 0.5)
(1.21426 0.0277721 0.5)
(1.21426 0.0252632 0.5)
(1.21427 0.0225798 0.5)
(1.21427 0.0197099 0.5)
(1.21427 0.0166405 0.5)
(1.21427 0.0133577 0.5)
(1.21427 0.00984674 0.5)
(1.21427 0.00609165 0.5)
(1.21428 0.00207552 0.5)
(1.22185 0.0639385 0.5)
(1.22185 0.0639233 0.5)
(1.22185 0.063907 0.5)
(1.22185 0.0638895 0.5)
(1.22185 0.0638709 0.5)
(1.22185 0.0638509 0.5)
(1.22185 0.0638296 0.5)
(1.22185 0.0638068 0.5)
(1.22185 0.0637824 0.5)
(1.22185 0.0637563 0.5)
(1.22185 0.0637284 0.5)
(1.22185 0.0636985 0.5)
(1.22185 0.0636666 0.5)
(1.22185 0.0636324 0.5)
(1.22185 0.0635959 0.5)
(1.22185 0.0635568 0.5)
(1.22185 0.063515 0.5)
(1.22185 0.0634704 0.5)
(1.22185 0.0634226 0.5)
(1.22185 0.0633714 0.5)
(1.22185 0.0633168 0.5)
(1.22185 0.0632583 0.5)
(1.22185 0.0631958 0.5)
(1.22185 0.0631289 0.5)
(1.22185 0.0630573 0.5)
(1.22185 0.0629808 0.5)
(1.22185 0.062899 0.5)
(1.22185 0.0628115 0.5)
(1.22185 0.0627179 0.5)
(1.22185 0.0626178 0.5)
(1.22185 0.0625107 0.5)
(1.22185 0.0623962 0.5)
(1.22185 0.0622738 0.5)
(1.22185 0.0621428 0.5)
(1.22185 0.0620027 0.5)
(1.22185 0.0618529 0.5)
(1.22185 0.0616926 0.5)
(1.22185 0.0615212 0.5)
(1.22185 0.061338 0.5)
(1.22185 0.0611419 0.5)
(1.22185 0.0609323 0.5)
(1.22185 0.060708 0.5)
(1.22185 0.0604682 0.5)
(1.22185 0.0602117 0.5)
(1.22185 0.0599373 0.5)
(1.22185 0.0596439 0.5)
(1.22185 0.0593301 0.5)
(1.22185 0.0589945 0.5)
(1.22185 0.0586356 0.5)
(1.22185 0.0582517 0.5)
(1.22185 0.0578411 0.5)
(1.22185 0.0574019 0.5)
(1.22185 0.0569323 0.5)
(1.22185 0.05643 0.5)
(1.22185 0.0558927 0.5)
(1.22185 0.0553182 0.5)
(1.22185 0.0547036 0.5)
(1.22185 0.0540464 0.5)
(1.22185 0.0533435 0.5)
(1.22186 0.0525916 0.5)
(1.22186 0.0517876 0.5)
(1.22186 0.0509276 0.5)
(1.22186 0.0500079 0.5)
(1.22186 0.0490242 0.5)
(1.22186 0.0479721 0.5)
(1.22186 0.0468469 0.5)
(1.22186 0.0456435 0.5)
(1.22186 0.0443564 0.5)
(1.22186 0.0429798 0.5)
(1.22186 0.0415075 0.5)
(1.22186 0.0399329 0.5)
(1.22186 0.0382488 0.5)
(1.22186 0.0364476 0.5)
(1.22187 0.0345212 0.5)
(1.22187 0.0324609 0.5)
(1.22187 0.0302574 0.5)
(1.22187 0.0279007 0.5)
(1.22187 0.0253802 0.5)
(1.22187 0.0226844 0.5)
(1.22187 0.0198012 0.5)
(1.22188 0.0167176 0.5)
(1.22188 0.0134196 0.5)
(1.22188 0.00989232 0.5)
(1.22188 0.00611985 0.5)
(1.22189 0.00208512 0.5)
(1.22949 0.0642306 0.5)
(1.22949 0.0642153 0.5)
(1.22949 0.0641989 0.5)
(1.22949 0.0641814 0.5)
(1.22949 0.0641627 0.5)
(1.22949 0.0641426 0.5)
(1.22949 0.0641212 0.5)
(1.22949 0.0640983 0.5)
(1.22949 0.0640738 0.5)
(1.22949 0.0640475 0.5)
(1.22949 0.0640195 0.5)
(1.22949 0.0639895 0.5)
(1.22949 0.0639574 0.5)
(1.22949 0.0639231 0.5)
(1.22949 0.0638864 0.5)
(1.22949 0.0638472 0.5)
(1.22949 0.0638052 0.5)
(1.22949 0.0637603 0.5)
(1.22949 0.0637123 0.5)
(1.22949 0.0636609 0.5)
(1.22949 0.063606 0.5)
(1.22949 0.0635473 0.5)
(1.22949 0.0634844 0.5)
(1.22949 0.0634173 0.5)
(1.22949 0.0633454 0.5)
(1.22949 0.0632685 0.5)
(1.22949 0.0631863 0.5)
(1.22949 0.0630984 0.5)
(1.22949 0.0630044 0.5)
(1.22949 0.0629038 0.5)
(1.22949 0.0627963 0.5)
(1.22949 0.0626813 0.5)
(1.22949 0.0625582 0.5)
(1.22949 0.0624267 0.5)
(1.22949 0.0622859 0.5)
(1.22949 0.0621354 0.5)
(1.22949 0.0619744 0.5)
(1.22949 0.0618023 0.5)
(1.22949 0.0616182 0.5)
(1.22949 0.0614212 0.5)
(1.22949 0.0612106 0.5)
(1.2295 0.0609853 0.5)
(1.2295 0.0607444 0.5)
(1.2295 0.0604867 0.5)
(1.2295 0.0602112 0.5)
(1.2295 0.0599164 0.5)
(1.2295 0.0596012 0.5)
(1.2295 0.059264 0.5)
(1.2295 0.0589034 0.5)
(1.2295 0.0585178 0.5)
(1.2295 0.0581053 0.5)
(1.2295 0.0576642 0.5)
(1.2295 0.0571924 0.5)
(1.2295 0.0566878 0.5)
(1.2295 0.0561481 0.5)
(1.2295 0.0555709 0.5)
(1.2295 0.0549535 0.5)
(1.2295 0.0542933 0.5)
(1.2295 0.0535871 0.5)
(1.2295 0.0528319 0.5)
(1.2295 0.0520242 0.5)
(1.2295 0.0511603 0.5)
(1.2295 0.0502363 0.5)
(1.2295 0.0492481 0.5)
(1.2295 0.0481912 0.5)
(1.2295 0.0470609 0.5)
(1.2295 0.045852 0.5)
(1.22951 0.044559 0.5)
(1.22951 0.0431761 0.5)
(1.22951 0.0416971 0.5)
(1.22951 0.0401153 0.5)
(1.22951 0.0384235 0.5)
(1.22951 0.0366141 0.5)
(1.22951 0.0346789 0.5)
(1.22951 0.0326092 0.5)
(1.22951 0.0303956 0.5)
(1.22952 0.0280282 0.5)
(1.22952 0.0254961 0.5)
(1.22952 0.022788 0.5)
(1.22952 0.0198916 0.5)
(1.22952 0.0167939 0.5)
(1.22953 0.0134809 0.5)
(1.22953 0.00993751 0.5)
(1.22953 0.00614781 0.5)
(1.22953 0.00209465 0.5)
(1.23718 0.0645198 0.5)
(1.23718 0.0645044 0.5)
(1.23718 0.064488 0.5)
(1.23718 0.0644704 0.5)
(1.23718 0.0644515 0.5)
(1.23718 0.0644314 0.5)
(1.23718 0.0644099 0.5)
(1.23718 0.0643868 0.5)
(1.23718 0.0643622 0.5)
(1.23718 0.0643359 0.5)
(1.23718 0.0643077 0.5)
(1.23718 0.0642776 0.5)
(1.23718 0.0642453 0.5)
(1.23718 0.0642109 0.5)
(1.23718 0.064174 0.5)
(1.23718 0.0641346 0.5)
(1.23718 0.0640924 0.5)
(1.23718 0.0640473 0.5)
(1.23718 0.0639991 0.5)
(1.23718 0.0639475 0.5)
(1.23718 0.0638924 0.5)
(1.23718 0.0638334 0.5)
(1.23718 0.0637703 0.5)
(1.23718 0.0637028 0.5)
(1.23718 0.0636306 0.5)
(1.23718 0.0635534 0.5)
(1.23718 0.0634708 0.5)
(1.23718 0.0633825 0.5)
(1.23718 0.0632881 0.5)
(1.23718 0.063187 0.5)
(1.23718 0.063079 0.5)
(1.23718 0.0629635 0.5)
(1.23718 0.0628399 0.5)
(1.23718 0.0627077 0.5)
(1.23718 0.0625663 0.5)
(1.23718 0.0624152 0.5)
(1.23718 0.0622535 0.5)
(1.23718 0.0620805 0.5)
(1.23718 0.0618956 0.5)
(1.23718 0.0616977 0.5)
(1.23718 0.0614862 0.5)
(1.23718 0.0612599 0.5)
(1.23718 0.0610179 0.5)
(1.23718 0.060759 0.5)
(1.23718 0.0604822 0.5)
(1.23718 0.0601861 0.5)
(1.23718 0.0598695 0.5)
(1.23718 0.0595308 0.5)
(1.23718 0.0591686 0.5)
(1.23718 0.0587812 0.5)
(1.23718 0.0583669 0.5)
(1.23718 0.0579238 0.5)
(1.23718 0.0574498 0.5)
(1.23718 0.056943 0.5)
(1.23718 0.0564008 0.5)
(1.23718 0.055821 0.5)
(1.23718 0.0552009 0.5)
(1.23718 0.0545377 0.5)
(1.23718 0.0538284 0.5)
(1.23718 0.0530697 0.5)
(1.23718 0.0522584 0.5)
(1.23718 0.0513906 0.5)
(1.23719 0.0504625 0.5)
(1.23719 0.0494698 0.5)
(1.23719 0.0484082 0.5)
(1.23719 0.0472728 0.5)
(1.23719 0.0460584 0.5)
(1.23719 0.0447596 0.5)
(1.23719 0.0433705 0.5)
(1.23719 0.0418848 0.5)
(1.23719 0.0402959 0.5)
(1.23719 0.0385965 0.5)
(1.23719 0.036779 0.5)
(1.2372 0.0348351 0.5)
(1.2372 0.032756 0.5)
(1.2372 0.0305325 0.5)
(1.2372 0.0281543 0.5)
(1.2372 0.0256109 0.5)
(1.2372 0.0228906 0.5)
(1.23721 0.0199812 0.5)
(1.23721 0.0168695 0.5)
(1.23721 0.0135416 0.5)
(1.23721 0.00998225 0.5)
(1.23721 0.00617549 0.5)
(1.23722 0.00210408 0.5)
(1.2449 0.0648057 0.5)
(1.2449 0.0647902 0.5)
(1.2449 0.0647737 0.5)
(1.2449 0.064756 0.5)
(1.2449 0.0647371 0.5)
(1.2449 0.0647169 0.5)
(1.2449 0.0646953 0.5)
(1.2449 0.0646721 0.5)
(1.2449 0.0646474 0.5)
(1.2449 0.064621 0.5)
(1.2449 0.0645927 0.5)
(1.2449 0.0645624 0.5)
(1.2449 0.06453 0.5)
(1.2449 0.0644954 0.5)
(1.2449 0.0644584 0.5)
(1.2449 0.0644188 0.5)
(1.2449 0.0643764 0.5)
(1.2449 0.0643311 0.5)
(1.2449 0.0642827 0.5)
(1.2449 0.0642309 0.5)
(1.2449 0.0641755 0.5)
(1.2449 0.0641162 0.5)
(1.2449 0.0640528 0.5)
(1.2449 0.063985 0.5)
(1.2449 0.0639125 0.5)
(1.2449 0.063835 0.5)
(1.2449 0.0637521 0.5)
(1.2449 0.0636634 0.5)
(1.2449 0.0635685 0.5)
(1.2449 0.063467 0.5)
(1.2449 0.0633585 0.5)
(1.2449 0.0632425 0.5)
(1.2449 0.0631183 0.5)
(1.2449 0.0629856 0.5)
(1.2449 0.0628436 0.5)
(1.2449 0.0626917 0.5)
(1.2449 0.0625293 0.5)
(1.2449 0.0623556 0.5)
(1.2449 0.0621698 0.5)
(1.2449 0.0619711 0.5)
(1.2449 0.0617586 0.5)
(1.2449 0.0615313 0.5)
(1.2449 0.0612883 0.5)
(1.2449 0.0610283 0.5)
(1.2449 0.0607502 0.5)
(1.2449 0.0604528 0.5)
(1.2449 0.0601348 0.5)
(1.2449 0.0597946 0.5)
(1.2449 0.0594308 0.5)
(1.2449 0.0590417 0.5)
(1.2449 0.0586255 0.5)
(1.2449 0.0581804 0.5)
(1.2449 0.0577044 0.5)
(1.2449 0.0571953 0.5)
(1.2449 0.0566508 0.5)
(1.2449 0.0560684 0.5)
(1.2449 0.0554455 0.5)
(1.2449 0.0547794 0.5)
(1.24491 0.0540669 0.5)
(1.24491 0.0533049 0.5)
(1.24491 0.0524899 0.5)
(1.24491 0.0516183 0.5)
(1.24491 0.0506861 0.5)
(1.24491 0.049689 0.5)
(1.24491 0.0486227 0.5)
(1.24491 0.0474822 0.5)
(1.24491 0.0462625 0.5)
(1.24491 0.0449579 0.5)
(1.24491 0.0435627 0.5)
(1.24491 0.0420704 0.5)
(1.24491 0.0404745 0.5)
(1.24492 0.0387675 0.5)
(1.24492 0.0369419 0.5)
(1.24492 0.0349894 0.5)
(1.24492 0.0329012 0.5)
(1.24492 0.0306678 0.5)
(1.24492 0.0282791 0.5)
(1.24492 0.0257244 0.5)
(1.24493 0.022992 0.5)
(1.24493 0.0200697 0.5)
(1.24493 0.0169443 0.5)
(1.24493 0.0136016 0.5)
(1.24494 0.0100265 0.5)
(1.24494 0.00620285 0.5)
(1.24494 0.0021134 0.5)
(1.25266 0.0650879 0.5)
(1.25266 0.0650724 0.5)
(1.25266 0.0650558 0.5)
(1.25266 0.0650381 0.5)
(1.25266 0.0650191 0.5)
(1.25266 0.0649988 0.5)
(1.25266 0.0649771 0.5)
(1.25266 0.0649538 0.5)
(1.25266 0.064929 0.5)
(1.25266 0.0649024 0.5)
(1.25266 0.064874 0.5)
(1.25266 0.0648436 0.5)
(1.25266 0.0648111 0.5)
(1.25266 0.0647763 0.5)
(1.25266 0.0647391 0.5)
(1.25266 0.0646994 0.5)
(1.25266 0.0646568 0.5)
(1.25266 0.0646113 0.5)
(1.25266 0.0645627 0.5)
(1.25266 0.0645106 0.5)
(1.25266 0.064455 0.5)
(1.25266 0.0643955 0.5)
(1.25266 0.0643318 0.5)
(1.25266 0.0642637 0.5)
(1.25266 0.0641909 0.5)
(1.25266 0.064113 0.5)
(1.25266 0.0640297 0.5)
(1.25266 0.0639406 0.5)
(1.25266 0.0638454 0.5)
(1.25266 0.0637435 0.5)
(1.25266 0.0636345 0.5)
(1.25266 0.0635179 0.5)
(1.25266 0.0633932 0.5)
(1.25266 0.0632599 0.5)
(1.25266 0.0631173 0.5)
(1.25266 0.0629648 0.5)
(1.25266 0.0628017 0.5)
(1.25266 0.0626272 0.5)
(1.25266 0.0624406 0.5)
(1.25266 0.062241 0.5)
(1.25266 0.0620276 0.5)
(1.25266 0.0617993 0.5)
(1.25266 0.0615552 0.5)
(1.25266 0.0612941 0.5)
(1.25266 0.0610148 0.5)
(1.25266 0.0607161 0.5)
(1.25266 0.0603967 0.5)
(1.25266 0.060055 0.5)
(1.25266 0.0596896 0.5)
(1.25266 0.0592988 0.5)
(1.25266 0.0588809 0.5)
(1.25266 0.0584338 0.5)
(1.25266 0.0579557 0.5)
(1.25266 0.0574444 0.5)
(1.25266 0.0568975 0.5)
(1.25266 0.0563126 0.5)
(1.25266 0.055687 0.5)
(1.25267 0.055018 0.5)
(1.25267 0.0543024 0.5)
(1.25267 0.0535371 0.5)
(1.25267 0.0527185 0.5)
(1.25267 0.0518431 0.5)
(1.25267 0.0509068 0.5)
(1.25267 0.0499055 0.5)
(1.25267 0.0488345 0.5)
(1.25267 0.047689 0.5)
(1.25267 0.046464 0.5)
(1.25267 0.0451537 0.5)
(1.25267 0.0437524 0.5)
(1.25267 0.0422537 0.5)
(1.25268 0.0406507 0.5)
(1.25268 0.0389364 0.5)
(1.25268 0.0371028 0.5)
(1.25268 0.0351418 0.5)
(1.25268 0.0330445 0.5)
(1.25268 0.0308013 0.5)
(1.25268 0.0284023 0.5)
(1.25269 0.0258364 0.5)
(1.25269 0.0230922 0.5)
(1.25269 0.0201572 0.5)
(1.25269 0.0170181 0.5)
(1.25269 0.0136608 0.5)
(1.2527 0.0100702 0.5)
(1.2527 0.00622987 0.5)
(1.2527 0.00212261 0.5)
(1.26046 0.0653662 0.5)
(1.26046 0.0653506 0.5)
(1.26046 0.0653339 0.5)
(1.26046 0.0653161 0.5)
(1.26046 0.065297 0.5)
(1.26046 0.0652766 0.5)
(1.26046 0.0652548 0.5)
(1.26046 0.0652315 0.5)
(1.26046 0.0652065 0.5)
(1.26046 0.0651799 0.5)
(1.26046 0.0651513 0.5)
(1.26046 0.0651208 0.5)
(1.26046 0.0650882 0.5)
(1.26046 0.0650532 0.5)
(1.26046 0.0650159 0.5)
(1.26046 0.064976 0.5)
(1.26046 0.0649332 0.5)
(1.26046 0.0648875 0.5)
(1.26046 0.0648387 0.5)
(1.26046 0.0647864 0.5)
(1.26046 0.0647305 0.5)
(1.26046 0.0646708 0.5)
(1.26046 0.0646068 0.5)
(1.26046 0.0645384 0.5)
(1.26046 0.0644653 0.5)
(1.26046 0.0643871 0.5)
(1.26046 0.0643035 0.5)
(1.26046 0.064214 0.5)
(1.26046 0.0641183 0.5)
(1.26046 0.064016 0.5)
(1.26046 0.0639065 0.5)
(1.26046 0.0637894 0.5)
(1.26046 0.0636642 0.5)
(1.26046 0.0635303 0.5)
(1.26046 0.0633871 0.5)
(1.26046 0.0632339 0.5)
(1.26046 0.0630701 0.5)
(1.26046 0.0628949 0.5)
(1.26046 0.0627075 0.5)
(1.26046 0.0625071 0.5)
(1.26046 0.0622928 0.5)
(1.26046 0.0620635 0.5)
(1.26046 0.0618183 0.5)
(1.26046 0.0615561 0.5)
(1.26046 0.0612757 0.5)
(1.26046 0.0609757 0.5)
(1.26046 0.0606549 0.5)
(1.26046 0.0603118 0.5)
(1.26046 0.0599448 0.5)
(1.26046 0.0595523 0.5)
(1.26046 0.0591326 0.5)
(1.26046 0.0586836 0.5)
(1.26046 0.0582035 0.5)
(1.26046 0.05769 0.5)
(1.26046 0.0571407 0.5)
(1.26046 0.0565533 0.5)
(1.26046 0.0559251 0.5)
(1.26047 0.0552532 0.5)
(1.26047 0.0545345 0.5)
(1.26047 0.0537659 0.5)
(1.26047 0.0529439 0.5)
(1.26047 0.0520648 0.5)
(1.26047 0.0511245 0.5)
(1.26047 0.0501188 0.5)
(1.26047 0.0490432 0.5)
(1.26047 0.0478929 0.5)
(1.26047 0.0466626 0.5)
(1.26047 0.0453468 0.5)
(1.26047 0.0439395 0.5)
(1.26047 0.0424343 0.5)
(1.26048 0.0408245 0.5)
(1.26048 0.0391028 0.5)
(1.26048 0.0372614 0.5)
(1.26048 0.0352921 0.5)
(1.26048 0.0331858 0.5)
(1.26048 0.030933 0.5)
(1.26048 0.0285237 0.5)
(1.26049 0.0259469 0.5)
(1.26049 0.0231909 0.5)
(1.26049 0.0202433 0.5)
(1.26049 0.0170909 0.5)
(1.2605 0.0137192 0.5)
(1.2605 0.0101132 0.5)
(1.2605 0.0062565 0.5)
(1.2605 0.00213168 0.5)
(1.2683 0.0656401 0.5)
(1.2683 0.0656244 0.5)
(1.2683 0.0656077 0.5)
(1.2683 0.0655898 0.5)
(1.2683 0.0655706 0.5)
(1.2683 0.0655501 0.5)
(1.2683 0.0655282 0.5)
(1.2683 0.0655048 0.5)
(1.2683 0.0654798 0.5)
(1.2683 0.065453 0.5)
(1.2683 0.0654243 0.5)
(1.2683 0.0653936 0.5)
(1.2683 0.0653609 0.5)
(1.2683 0.0653258 0.5)
(1.2683 0.0652883 0.5)
(1.2683 0.0652482 0.5)
(1.2683 0.0652053 0.5)
(1.2683 0.0651594 0.5)
(1.2683 0.0651103 0.5)
(1.2683 0.0650579 0.5)
(1.2683 0.0650017 0.5)
(1.2683 0.0649417 0.5)
(1.2683 0.0648775 0.5)
(1.2683 0.0648089 0.5)
(1.2683 0.0647354 0.5)
(1.2683 0.0646569 0.5)
(1.2683 0.0645729 0.5)
(1.2683 0.064483 0.5)
(1.2683 0.0643869 0.5)
(1.2683 0.0642842 0.5)
(1.2683 0.0641743 0.5)
(1.2683 0.0640567 0.5)
(1.2683 0.063931 0.5)
(1.2683 0.0637965 0.5)
(1.2683 0.0636527 0.5)
(1.2683 0.0634989 0.5)
(1.2683 0.0633344 0.5)
(1.2683 0.0631584 0.5)
(1.2683 0.0629703 0.5)
(1.2683 0.062769 0.5)
(1.2683 0.0625538 0.5)
(1.2683 0.0623236 0.5)
(1.2683 0.0620774 0.5)
(1.2683 0.061814 0.5)
(1.2683 0.0615324 0.5)
(1.2683 0.0612312 0.5)
(1.2683 0.060909 0.5)
(1.2683 0.0605645 0.5)
(1.2683 0.060196 0.5)
(1.2683 0.0598019 0.5)
(1.2683 0.0593803 0.5)
(1.2683 0.0589295 0.5)
(1.2683 0.0584474 0.5)
(1.2683 0.0579317 0.5)
(1.2683 0.0573801 0.5)
(1.2683 0.0567903 0.5)
(1.2683 0.0561594 0.5)
(1.2683 0.0554847 0.5)
(1.2683 0.054763 0.5)
(1.26831 0.0539912 0.5)
(1.26831 0.0531657 0.5)
(1.26831 0.0522829 0.5)
(1.26831 0.0513387 0.5)
(1.26831 0.0503288 0.5)
(1.26831 0.0492487 0.5)
(1.26831 0.0480936 0.5)
(1.26831 0.0468581 0.5)
(1.26831 0.0455368 0.5)
(1.26831 0.0441235 0.5)
(1.26831 0.0426121 0.5)
(1.26831 0.0409956 0.5)
(1.26832 0.0392667 0.5)
(1.26832 0.0374176 0.5)
(1.26832 0.0354399 0.5)
(1.26832 0.0333248 0.5)
(1.26832 0.0310626 0.5)
(1.26832 0.0286432 0.5)
(1.26833 0.0260556 0.5)
(1.26833 0.023288 0.5)
(1.26833 0.0203281 0.5)
(1.26833 0.0171625 0.5)
(1.26834 0.0137767 0.5)
(1.26834 0.0101556 0.5)
(1.26834 0.00628272 0.5)
(1.26834 0.00214062 0.5)
(1.27617 0.0659092 0.5)
(1.27617 0.0658935 0.5)
(1.27617 0.0658766 0.5)
(1.27617 0.0658587 0.5)
(1.27617 0.0658394 0.5)
(1.27617 0.0658189 0.5)
(1.27617 0.0657969 0.5)
(1.27617 0.0657734 0.5)
(1.27617 0.0657482 0.5)
(1.27617 0.0657213 0.5)
(1.27617 0.0656925 0.5)
(1.27617 0.0656617 0.5)
(1.27617 0.0656288 0.5)
(1.27617 0.0655936 0.5)
(1.27617 0.065556 0.5)
(1.27617 0.0655157 0.5)
(1.27617 0.0654726 0.5)
(1.27617 0.0654266 0.5)
(1.27617 0.0653773 0.5)
(1.27617 0.0653246 0.5)
(1.27617 0.0652682 0.5)
(1.27617 0.065208 0.5)
(1.27618 0.0651435 0.5)
(1.27618 0.0650746 0.5)
(1.27618 0.0650008 0.5)
(1.27618 0.064922 0.5)
(1.27618 0.0648376 0.5)
(1.27618 0.0647474 0.5)
(1.27618 0.0646509 0.5)
(1.27618 0.0645477 0.5)
(1.27618 0.0644374 0.5)
(1.27618 0.0643193 0.5)
(1.27618 0.0641931 0.5)
(1.27618 0.0640581 0.5)
(1.27618 0.0639137 0.5)
(1.27618 0.0637592 0.5)
(1.27618 0.063594 0.5)
(1.27618 0.0634174 0.5)
(1.27618 0.0632284 0.5)
(1.27618 0.0630264 0.5)
(1.27618 0.0628102 0.5)
(1.27618 0.0625791 0.5)
(1.27618 0.0623319 0.5)
(1.27618 0.0620674 0.5)
(1.27618 0.0617847 0.5)
(1.27618 0.0614822 0.5)
(1.27618 0.0611587 0.5)
(1.27618 0.0608128 0.5)
(1.27618 0.0604428 0.5)
(1.27618 0.060047 0.5)
(1.27618 0.0596238 0.5)
(1.27618 0.0591711 0.5)
(1.27618 0.058687 0.5)
(1.27618 0.0581692 0.5)
(1.27618 0.0576154 0.5)
(1.27618 0.0570231 0.5)
(1.27618 0.0563896 0.5)
(1.27618 0.0557121 0.5)
(1.27618 0.0549875 0.5)
(1.27618 0.0542126 0.5)
(1.27618 0.0533837 0.5)
(1.27618 0.0524972 0.5)
(1.27619 0.0515491 0.5)
(1.27619 0.0505351 0.5)
(1.27619 0.0494506 0.5)
(1.27619 0.0482907 0.5)
(1.27619 0.0470502 0.5)
(1.27619 0.0457234 0.5)
(1.27619 0.0443044 0.5)
(1.27619 0.0427868 0.5)
(1.27619 0.0411636 0.5)
(1.27619 0.0394276 0.5)
(1.2762 0.037571 0.5)
(1.2762 0.0355852 0.5)
(1.2762 0.0334614 0.5)
(1.2762 0.03119 0.5)
(1.2762 0.0287606 0.5)
(1.2762 0.0261624 0.5)
(1.27621 0.0233835 0.5)
(1.27621 0.0204115 0.5)
(1.27621 0.0172328 0.5)
(1.27621 0.0138332 0.5)
(1.27622 0.0101972 0.5)
(1.27622 0.00630847 0.5)
(1.27622 0.00214939 0.5)
(1.28409 0.0661731 0.5)
(1.28409 0.0661574 0.5)
(1.28409 0.0661405 0.5)
(1.28409 0.0661224 0.5)
(1.28409 0.0661031 0.5)
(1.28409 0.0660825 0.5)
(1.28409 0.0660604 0.5)
(1.28409 0.0660368 0.5)
(1.28409 0.0660115 0.5)
(1.28409 0.0659845 0.5)
(1.28409 0.0659556 0.5)
(1.28409 0.0659247 0.5)
(1.28409 0.0658917 0.5)
(1.28409 0.0658563 0.5)
(1.28409 0.0658185 0.5)
(1.28409 0.0657781 0.5)
(1.28409 0.0657348 0.5)
(1.28409 0.0656886 0.5)
(1.28409 0.0656391 0.5)
(1.28409 0.0655862 0.5)
(1.28409 0.0655296 0.5)
(1.28409 0.0654691 0.5)
(1.28409 0.0654044 0.5)
(1.28409 0.0653352 0.5)
(1.28409 0.0652612 0.5)
(1.28409 0.065182 0.5)
(1.28409 0.0650973 0.5)
(1.28409 0.0650067 0.5)
(1.28409 0.0649098 0.5)
(1.28409 0.0648062 0.5)
(1.28409 0.0646954 0.5)
(1.28409 0.0645769 0.5)
(1.28409 0.0644502 0.5)
(1.28409 0.0643146 0.5)
(1.28409 0.0641696 0.5)
(1.28409 0.0640146 0.5)
(1.28409 0.0638487 0.5)
(1.28409 0.0636714 0.5)
(1.28409 0.0634817 0.5)
(1.28409 0.0632788 0.5)
(1.28409 0.0630618 0.5)
(1.28409 0.0628297 0.5)
(1.28409 0.0625815 0.5)
(1.2841 0.062316 0.5)
(1.2841 0.0620321 0.5)
(1.2841 0.0617285 0.5)
(1.2841 0.0614037 0.5)
(1.2841 0.0610563 0.5)
(1.2841 0.0606848 0.5)
(1.2841 0.0602875 0.5)
(1.2841 0.0598626 0.5)
(1.2841 0.0594081 0.5)
(1.2841 0.058922 0.5)
(1.2841 0.0584022 0.5)
(1.2841 0.0578462 0.5)
(1.2841 0.0572515 0.5)
(1.2841 0.0566155 0.5)
(1.2841 0.0559353 0.5)
(1.2841 0.0552078 0.5)
(1.2841 0.0544297 0.5)
(1.2841 0.0535975 0.5)
(1.2841 0.0527075 0.5)
(1.2841 0.0517556 0.5)
(1.2841 0.0507375 0.5)
(1.2841 0.0496487 0.5)
(1.28411 0.0484842 0.5)
(1.28411 0.0472387 0.5)
(1.28411 0.0459066 0.5)
(1.28411 0.0444819 0.5)
(1.28411 0.0429582 0.5)
(1.28411 0.0413285 0.5)
(1.28411 0.0395856 0.5)
(1.28411 0.0377214 0.5)
(1.28412 0.0357277 0.5)
(1.28412 0.0335954 0.5)
(1.28412 0.0313149 0.5)
(1.28412 0.0288758 0.5)
(1.28412 0.0262672 0.5)
(1.28413 0.0234772 0.5)
(1.28413 0.0204932 0.5)
(1.28413 0.0173018 0.5)
(1.28413 0.0138886 0.5)
(1.28414 0.0102381 0.5)
(1.28414 0.00633374 0.5)
(1.28414 0.002158 0.5)
(1.29205 0.0664316 0.5)
(1.29205 0.0664158 0.5)
(1.29205 0.0663988 0.5)
(1.29205 0.0663807 0.5)
(1.29205 0.0663613 0.5)
(1.29205 0.0663406 0.5)
(1.29205 0.0663184 0.5)
(1.29205 0.0662947 0.5)
(1.29205 0.0662694 0.5)
(1.29205 0.0662422 0.5)
(1.29205 0.0662132 0.5)
(1.29205 0.0661822 0.5)
(1.29205 0.066149 0.5)
(1.29205 0.0661135 0.5)
(1.29205 0.0660756 0.5)
(1.29205 0.066035 0.5)
(1.29205 0.0659916 0.5)
(1.29205 0.0659452 0.5)
(1.29205 0.0658955 0.5)
(1.29205 0.0658424 0.5)
(1.29205 0.0657856 0.5)
(1.29205 0.0657248 0.5)
(1.29205 0.0656599 0.5)
(1.29205 0.0655904 0.5)
(1.29205 0.065516 0.5)
(1.29205 0.0654366 0.5)
(1.29205 0.0653515 0.5)
(1.29205 0.0652606 0.5)
(1.29205 0.0651634 0.5)
(1.29205 0.0650594 0.5)
(1.29205 0.0649481 0.5)
(1.29205 0.0648291 0.5)
(1.29205 0.0647019 0.5)
(1.29205 0.0645658 0.5)
(1.29205 0.0644203 0.5)
(1.29205 0.0642646 0.5)
(1.29205 0.0640981 0.5)
(1.29205 0.0639201 0.5)
(1.29205 0.0637296 0.5)
(1.29205 0.0635259 0.5)
(1.29205 0.0633081 0.5)
(1.29205 0.0630751 0.5)
(1.29205 0.0628259 0.5)
(1.29205 0.0625594 0.5)
(1.29205 0.0622744 0.5)
(1.29205 0.0619695 0.5)
(1.29205 0.0616435 0.5)
(1.29205 0.0612948 0.5)
(1.29205 0.0609219 0.5)
(1.29205 0.060523 0.5)
(1.29205 0.0600964 0.5)
(1.29205 0.0596401 0.5)
(1.29206 0.0591522 0.5)
(1.29206 0.0586303 0.5)
(1.29206 0.0580721 0.5)
(1.29206 0.0574751 0.5)
(1.29206 0.0568366 0.5)
(1.29206 0.0561537 0.5)
(1.29206 0.0554234 0.5)
(1.29206 0.0546423 0.5)
(1.29206 0.0538069 0.5)
(1.29206 0.0529134 0.5)
(1.29206 0.0519577 0.5)
(1.29206 0.0509357 0.5)
(1.29206 0.0498426 0.5)
(1.29206 0.0486735 0.5)
(1.29206 0.0474232 0.5)
(1.29207 0.0460859 0.5)
(1.29207 0.0446556 0.5)
(1.29207 0.0431259 0.5)
(1.29207 0.0414899 0.5)
(1.29207 0.0397402 0.5)
(1.29207 0.0378688 0.5)
(1.29207 0.0358673 0.5)
(1.29208 0.0337266 0.5)
(1.29208 0.0314372 0.5)
(1.29208 0.0289886 0.5)
(1.29208 0.0263698 0.5)
(1.29208 0.0235689 0.5)
(1.29209 0.0205733 0.5)
(1.29209 0.0173694 0.5)
(1.29209 0.0139428 0.5)
(1.29209 0.010278 0.5)
(1.2921 0.00635848 0.5)
(1.2921 0.00216643 0.5)
(1.30005 0.0666841 0.5)
(1.30005 0.0666682 0.5)
(1.30005 0.0666512 0.5)
(1.30005 0.066633 0.5)
(1.30005 0.0666136 0.5)
(1.30005 0.0665928 0.5)
(1.30005 0.0665705 0.5)
(1.30005 0.0665467 0.5)
(1.30005 0.0665213 0.5)
(1.30005 0.0664941 0.5)
(1.30005 0.0664649 0.5)
(1.30005 0.0664338 0.5)
(1.30005 0.0664005 0.5)
(1.30005 0.0663649 0.5)
(1.30005 0.0663268 0.5)
(1.30005 0.066286 0.5)
(1.30005 0.0662425 0.5)
(1.30005 0.0661958 0.5)
(1.30005 0.066146 0.5)
(1.30005 0.0660927 0.5)
(1.30005 0.0660357 0.5)
(1.30005 0.0659747 0.5)
(1.30005 0.0659095 0.5)
(1.30005 0.0658397 0.5)
(1.30005 0.0657651 0.5)
(1.30005 0.0656853 0.5)
(1.30005 0.0656 0.5)
(1.30005 0.0655087 0.5)
(1.30005 0.0654111 0.5)
(1.30005 0.0653067 0.5)
(1.30005 0.065195 0.5)
(1.30005 0.0650756 0.5)
(1.30005 0.0649479 0.5)
(1.30005 0.0648113 0.5)
(1.30005 0.0646652 0.5)
(1.30005 0.0645089 0.5)
(1.30005 0.0643418 0.5)
(1.30005 0.064163 0.5)
(1.30005 0.0639719 0.5)
(1.30005 0.0637674 0.5)
(1.30005 0.0635488 0.5)
(1.30005 0.0633149 0.5)
(1.30005 0.0630648 0.5)
(1.30005 0.0627972 0.5)
(1.30005 0.0625111 0.5)
(1.30005 0.0622051 0.5)
(1.30005 0.0618779 0.5)
(1.30005 0.0615278 0.5)
(1.30005 0.0611535 0.5)
(1.30005 0.0607531 0.5)
(1.30005 0.0603248 0.5)
(1.30005 0.0598669 0.5)
(1.30005 0.059377 0.5)
(1.30005 0.0588531 0.5)
(1.30005 0.0582928 0.5)
(1.30005 0.0576936 0.5)
(1.30005 0.0570527 0.5)
(1.30006 0.0563672 0.5)
(1.30006 0.0556341 0.5)
(1.30006 0.05485 0.5)
(1.30006 0.0540114 0.5)
(1.30006 0.0531145 0.5)
(1.30006 0.0521553 0.5)
(1.30006 0.0511293 0.5)
(1.30006 0.0500321 0.5)
(1.30006 0.0488586 0.5)
(1.30006 0.0476034 0.5)
(1.30006 0.0462611 0.5)
(1.30006 0.0448254 0.5)
(1.30007 0.0432899 0.5)
(1.30007 0.0416476 0.5)
(1.30007 0.0398912 0.5)
(1.30007 0.0380127 0.5)
(1.30007 0.0360036 0.5)
(1.30007 0.0338549 0.5)
(1.30007 0.0315567 0.5)
(1.30008 0.0290988 0.5)
(1.30008 0.02647 0.5)
(1.30008 0.0236585 0.5)
(1.30008 0.0206515 0.5)
(1.30009 0.0174354 0.5)
(1.30009 0.0139958 0.5)
(1.30009 0.0103171 0.5)
(1.30009 0.00638265 0.5)
(1.3001 0.00217467 0.5)
(1.30808 0.0669304 0.5)
(1.30808 0.0669144 0.5)
(1.30808 0.0668974 0.5)
(1.30808 0.0668791 0.5)
(1.30808 0.0668596 0.5)
(1.30808 0.0668387 0.5)
(1.30808 0.0668164 0.5)
(1.30808 0.0667925 0.5)
(1.30808 0.0667669 0.5)
(1.30808 0.0667396 0.5)
(1.30808 0.0667104 0.5)
(1.30808 0.0666791 0.5)
(1.30808 0.0666457 0.5)
(1.30808 0.0666099 0.5)
(1.30808 0.0665717 0.5)
(1.30809 0.0665308 0.5)
(1.30809 0.0664871 0.5)
(1.30809 0.0664403 0.5)
(1.30809 0.0663903 0.5)
(1.30809 0.0663367 0.5)
(1.30809 0.0662795 0.5)
(1.30809 0.0662183 0.5)
(1.30809 0.0661528 0.5)
(1.30809 0.0660828 0.5)
(1.30809 0.066008 0.5)
(1.30809 0.0659279 0.5)
(1.30809 0.0658422 0.5)
(1.30809 0.0657506 0.5)
(1.30809 0.0656526 0.5)
(1.30809 0.0655478 0.5)
(1.30809 0.0654358 0.5)
(1.30809 0.0653159 0.5)
(1.30809 0.0651877 0.5)
(1.30809 0.0650506 0.5)
(1.30809 0.064904 0.5)
(1.30809 0.0647471 0.5)
(1.30809 0.0645794 0.5)
(1.30809 0.0644 0.5)
(1.30809 0.0642081 0.5)
(1.30809 0.0640029 0.5)
(1.30809 0.0637834 0.5)
(1.30809 0.0635487 0.5)
(1.30809 0.0632976 0.5)
(1.30809 0.0630291 0.5)
(1.30809 0.062742 0.5)
(1.30809 0.0624348 0.5)
(1.30809 0.0621063 0.5)
(1.30809 0.061755 0.5)
(1.30809 0.0613793 0.5)
(1.30809 0.0609774 0.5)
(1.30809 0.0605476 0.5)
(1.30809 0.0600879 0.5)
(1.30809 0.0595963 0.5)
(1.30809 0.0590705 0.5)
(1.30809 0.0585081 0.5)
(1.30809 0.0579066 0.5)
(1.30809 0.0572634 0.5)
(1.30809 0.0565754 0.5)
(1.30809 0.0558395 0.5)
(1.30809 0.0550525 0.5)
(1.30809 0.0542109 0.5)
(1.3081 0.0533106 0.5)
(1.3081 0.0523479 0.5)
(1.3081 0.0513181 0.5)
(1.3081 0.0502168 0.5)
(1.3081 0.049039 0.5)
(1.3081 0.0477792 0.5)
(1.3081 0.0464319 0.5)
(1.3081 0.0449909 0.5)
(1.3081 0.0434497 0.5)
(1.3081 0.0418014 0.5)
(1.30811 0.0400385 0.5)
(1.30811 0.0381531 0.5)
(1.30811 0.0361366 0.5)
(1.30811 0.0339799 0.5)
(1.30811 0.0316732 0.5)
(1.30811 0.0292062 0.5)
(1.30812 0.0265678 0.5)
(1.30812 0.0237458 0.5)
(1.30812 0.0207277 0.5)
(1.30812 0.0174998 0.5)
(1.30813 0.0140475 0.5)
(1.30813 0.0103552 0.5)
(1.30813 0.00640622 0.5)
(1.30814 0.0021827 0.5)
(1.31616 0.0671699 0.5)
(1.31616 0.0671539 0.5)
(1.31616 0.0671368 0.5)
(1.31616 0.0671185 0.5)
(1.31616 0.0670989 0.5)
(1.31616 0.0670779 0.5)
(1.31616 0.0670555 0.5)
(1.31616 0.0670315 0.5)
(1.31616 0.0670059 0.5)
(1.31616 0.0669785 0.5)
(1.31616 0.0669491 0.5)
(1.31616 0.0669178 0.5)
(1.31616 0.0668842 0.5)
(1.31616 0.0668484 0.5)
(1.31616 0.06681 0.5)
(1.31616 0.0667689 0.5)
(1.31616 0.066725 0.5)
(1.31616 0.0666781 0.5)
(1.31616 0.0666279 0.5)
(1.31616 0.0665742 0.5)
(1.31616 0.0665168 0.5)
(1.31616 0.0664553 0.5)
(1.31616 0.0663896 0.5)
(1.31616 0.0663194 0.5)
(1.31616 0.0662442 0.5)
(1.31616 0.0661638 0.5)
(1.31616 0.0660779 0.5)
(1.31616 0.0659859 0.5)
(1.31616 0.0658876 0.5)
(1.31616 0.0657825 0.5)
(1.31616 0.06567 0.5)
(1.31616 0.0655497 0.5)
(1.31616 0.065421 0.5)
(1.31616 0.0652834 0.5)
(1.31616 0.0651363 0.5)
(1.31616 0.0649789 0.5)
(1.31616 0.0648105 0.5)
(1.31616 0.0646305 0.5)
(1.31616 0.0644379 0.5)
(1.31617 0.064232 0.5)
(1.31617 0.0640117 0.5)
(1.31617 0.0637761 0.5)
(1.31617 0.0635242 0.5)
(1.31617 0.0632547 0.5)
(1.31617 0.0629665 0.5)
(1.31617 0.0626583 0.5)
(1.31617 0.0623286 0.5)
(1.31617 0.0619761 0.5)
(1.31617 0.061599 0.5)
(1.31617 0.0611957 0.5)
(1.31617 0.0607643 0.5)
(1.31617 0.060303 0.5)
(1.31617 0.0598096 0.5)
(1.31617 0.0592819 0.5)
(1.31617 0.0587175 0.5)
(1.31617 0.0581139 0.5)
(1.31617 0.0574683 0.5)
(1.31617 0.0567779 0.5)
(1.31617 0.0560394 0.5)
(1.31617 0.0552496 0.5)
(1.31617 0.0544049 0.5)
(1.31617 0.0535015 0.5)
(1.31617 0.0525352 0.5)
(1.31618 0.0515018 0.5)
(1.31618 0.0503966 0.5)
(1.31618 0.0492145 0.5)
(1.31618 0.0479502 0.5)
(1.31618 0.0465981 0.5)
(1.31618 0.0451519 0.5)
(1.31618 0.0436053 0.5)
(1.31618 0.0419511 0.5)
(1.31618 0.0401819 0.5)
(1.31619 0.0382897 0.5)
(1.31619 0.0362659 0.5)
(1.31619 0.0341015 0.5)
(1.31619 0.0317866 0.5)
(1.31619 0.0293108 0.5)
(1.31619 0.0266628 0.5)
(1.3162 0.0238308 0.5)
(1.3162 0.0208019 0.5)
(1.3162 0.0175625 0.5)
(1.3162 0.0140978 0.5)
(1.31621 0.0103923 0.5)
(1.31621 0.00642915 0.5)
(1.31621 0.00219051 0.5)
(1.32428 0.0674024 0.5)
(1.32428 0.0673864 0.5)
(1.32428 0.0673692 0.5)
(1.32428 0.0673508 0.5)
(1.32428 0.0673311 0.5)
(1.32428 0.0673101 0.5)
(1.32428 0.0672876 0.5)
(1.32428 0.0672635 0.5)
(1.32428 0.0672378 0.5)
(1.32428 0.0672103 0.5)
(1.32428 0.0671809 0.5)
(1.32428 0.0671494 0.5)
(1.32428 0.0671157 0.5)
(1.32428 0.0670797 0.5)
(1.32428 0.0670412 0.5)
(1.32428 0.067 0.5)
(1.32428 0.066956 0.5)
(1.32428 0.0669089 0.5)
(1.32428 0.0668585 0.5)
(1.32428 0.0668046 0.5)
(1.32428 0.066747 0.5)
(1.32428 0.0666853 0.5)
(1.32428 0.0666194 0.5)
(1.32428 0.0665489 0.5)
(1.32428 0.0664735 0.5)
(1.32428 0.0663928 0.5)
(1.32428 0.0663066 0.5)
(1.32428 0.0662143 0.5)
(1.32428 0.0661157 0.5)
(1.32428 0.0660101 0.5)
(1.32428 0.0658973 0.5)
(1.32428 0.0657766 0.5)
(1.32428 0.0656475 0.5)
(1.32428 0.0655094 0.5)
(1.32428 0.0653617 0.5)
(1.32428 0.0652038 0.5)
(1.32428 0.0650348 0.5)
(1.32428 0.0648542 0.5)
(1.32428 0.064661 0.5)
(1.32428 0.0644543 0.5)
(1.32428 0.0642333 0.5)
(1.32428 0.0639969 0.5)
(1.32428 0.0637441 0.5)
(1.32428 0.0634737 0.5)
(1.32428 0.0631845 0.5)
(1.32429 0.0628752 0.5)
(1.32429 0.0625444 0.5)
(1.32429 0.0621906 0.5)
(1.32429 0.0618122 0.5)
(1.32429 0.0614075 0.5)
(1.32429 0.0609746 0.5)
(1.32429 0.0605117 0.5)
(1.32429 0.0600166 0.5)
(1.32429 0.0594871 0.5)
(1.32429 0.0589207 0.5)
(1.32429 0.058315 0.5)
(1.32429 0.0576672 0.5)
(1.32429 0.0569744 0.5)
(1.32429 0.0562334 0.5)
(1.32429 0.0554408 0.5)
(1.32429 0.0545932 0.5)
(1.32429 0.0536866 0.5)
(1.32429 0.0527171 0.5)
(1.32429 0.0516801 0.5)
(1.32429 0.050571 0.5)
(1.3243 0.0493848 0.5)
(1.3243 0.0481162 0.5)
(1.3243 0.0467594 0.5)
(1.3243 0.0453082 0.5)
(1.3243 0.0437562 0.5)
(1.3243 0.0420963 0.5)
(1.3243 0.0403209 0.5)
(1.3243 0.0384222 0.5)
(1.32431 0.0363914 0.5)
(1.32431 0.0342195 0.5)
(1.32431 0.0318966 0.5)
(1.32431 0.0294122 0.5)
(1.32431 0.0267551 0.5)
(1.32432 0.0239133 0.5)
(1.32432 0.0208739 0.5)
(1.32432 0.0176233 0.5)
(1.32432 0.0141466 0.5)
(1.32433 0.0104282 0.5)
(1.32433 0.0064514 0.5)
(1.32433 0.00219809 0.5)
(1.33244 0.0676275 0.5)
(1.33244 0.0676113 0.5)
(1.33244 0.0675941 0.5)
(1.33244 0.0675756 0.5)
(1.33244 0.0675559 0.5)
(1.33244 0.0675348 0.5)
(1.33244 0.0675122 0.5)
(1.33244 0.0674881 0.5)
(1.33244 0.0674623 0.5)
(1.33244 0.0674347 0.5)
(1.33244 0.0674052 0.5)
(1.33244 0.0673736 0.5)
(1.33244 0.0673398 0.5)
(1.33244 0.0673037 0.5)
(1.33244 0.067265 0.5)
(1.33244 0.0672237 0.5)
(1.33244 0.0671795 0.5)
(1.33244 0.0671323 0.5)
(1.33244 0.0670817 0.5)
(1.33244 0.0670276 0.5)
(1.33244 0.0669698 0.5)
(1.33244 0.066908 0.5)
(1.33244 0.0668418 0.5)
(1.33244 0.0667711 0.5)
(1.33244 0.0666954 0.5)
(1.33244 0.0666145 0.5)
(1.33244 0.0665279 0.5)
(1.33244 0.0664354 0.5)
(1.33244 0.0663364 0.5)
(1.33244 0.0662305 0.5)
(1.33244 0.0661173 0.5)
(1.33244 0.0659962 0.5)
(1.33244 0.0658666 0.5)
(1.33244 0.0657281 0.5)
(1.33244 0.0655799 0.5)
(1.33244 0.0654214 0.5)
(1.33244 0.065252 0.5)
(1.33244 0.0650707 0.5)
(1.33244 0.0648768 0.5)
(1.33244 0.0646695 0.5)
(1.33244 0.0644477 0.5)
(1.33244 0.0642105 0.5)
(1.33244 0.0639569 0.5)
(1.33244 0.0636856 0.5)
(1.33244 0.0633954 0.5)
(1.33244 0.0630851 0.5)
(1.33244 0.0627532 0.5)
(1.33245 0.0623982 0.5)
(1.33245 0.0620185 0.5)
(1.33245 0.0616125 0.5)
(1.33245 0.0611782 0.5)
(1.33245 0.0607137 0.5)
(1.33245 0.060217 0.5)
(1.33245 0.0596857 0.5)
(1.33245 0.0591175 0.5)
(1.33245 0.0585097 0.5)
(1.33245 0.0578597 0.5)
(1.33245 0.0571646 0.5)
(1.33245 0.0564211 0.5)
(1.33245 0.0556259 0.5)
(1.33245 0.0547754 0.5)
(1.33245 0.0538659 0.5)
(1.33245 0.0528931 0.5)
(1.33245 0.0518526 0.5)
(1.33245 0.0507398 0.5)
(1.33246 0.0495497 0.5)
(1.33246 0.0482768 0.5)
(1.33246 0.0469155 0.5)
(1.33246 0.0454595 0.5)
(1.33246 0.0439023 0.5)
(1.33246 0.0422368 0.5)
(1.33246 0.0404555 0.5)
(1.33246 0.0385505 0.5)
(1.33246 0.0365129 0.5)
(1.33247 0.0343338 0.5)
(1.33247 0.0320031 0.5)
(1.33247 0.0295104 0.5)
(1.33247 0.0268445 0.5)
(1.33247 0.0239931 0.5)
(1.33248 0.0209436 0.5)
(1.33248 0.0176821 0.5)
(1.33248 0.0141938 0.5)
(1.33248 0.0104631 0.5)
(1.33249 0.00647294 0.5)
(1.33249 0.00220543 0.5)
(1.34064 0.0678446 0.5)
(1.34064 0.0678284 0.5)
(1.34064 0.0678111 0.5)
(1.34064 0.0677926 0.5)
(1.34064 0.0677728 0.5)
(1.34064 0.0677517 0.5)
(1.34064 0.067729 0.5)
(1.34064 0.0677048 0.5)
(1.34064 0.0676789 0.5)
(1.34064 0.0676512 0.5)
(1.34064 0.0676216 0.5)
(1.34064 0.0675899 0.5)
(1.34064 0.067556 0.5)
(1.34064 0.0675198 0.5)
(1.34064 0.067481 0.5)
(1.34064 0.0674396 0.5)
(1.34064 0.0673952 0.5)
(1.34064 0.0673478 0.5)
(1.34064 0.0672971 0.5)
(1.34064 0.0672429 0.5)
(1.34064 0.0671849 0.5)
(1.34064 0.0671228 0.5)
(1.34064 0.0670565 0.5)
(1.34064 0.0669855 0.5)
(1.34064 0.0669096 0.5)
(1.34064 0.0668284 0.5)
(1.34064 0.0667416 0.5)
(1.34064 0.0666487 0.5)
(1.34064 0.0665494 0.5)
(1.34064 0.0664432 0.5)
(1.34064 0.0663296 0.5)
(1.34064 0.0662081 0.5)
(1.34064 0.0660781 0.5)
(1.34064 0.0659392 0.5)
(1.34064 0.0657905 0.5)
(1.34064 0.0656315 0.5)
(1.34064 0.0654615 0.5)
(1.34064 0.0652797 0.5)
(1.34064 0.0650852 0.5)
(1.34064 0.0648771 0.5)
(1.34064 0.0646547 0.5)
(1.34064 0.0644167 0.5)
(1.34064 0.0641623 0.5)
(1.34064 0.0638901 0.5)
(1.34064 0.063599 0.5)
(1.34065 0.0632877 0.5)
(1.34065 0.0629547 0.5)
(1.34065 0.0625986 0.5)
(1.34065 0.0622177 0.5)
(1.34065 0.0618103 0.5)
(1.34065 0.0613747 0.5)
(1.34065 0.0609087 0.5)
(1.34065 0.0604103 0.5)
(1.34065 0.0598773 0.5)
(1.34065 0.0593073 0.5)
(1.34065 0.0586976 0.5)
(1.34065 0.0580455 0.5)
(1.34065 0.0573481 0.5)
(1.34065 0.0566023 0.5)
(1.34065 0.0558045 0.5)
(1.34065 0.0549513 0.5)
(1.34065 0.0540388 0.5)
(1.34065 0.0530629 0.5)
(1.34065 0.0520191 0.5)
(1.34065 0.0509028 0.5)
(1.34066 0.0497088 0.5)
(1.34066 0.0484319 0.5)
(1.34066 0.0470661 0.5)
(1.34066 0.0456055 0.5)
(1.34066 0.0440432 0.5)
(1.34066 0.0423724 0.5)
(1.34066 0.0405855 0.5)
(1.34066 0.0386743 0.5)
(1.34067 0.0366302 0.5)
(1.34067 0.034444 0.5)
(1.34067 0.0321059 0.5)
(1.34067 0.0296052 0.5)
(1.34067 0.0269307 0.5)
(1.34067 0.0240702 0.5)
(1.34068 0.0210109 0.5)
(1.34068 0.0177389 0.5)
(1.34068 0.0142394 0.5)
(1.34068 0.0104967 0.5)
(1.34069 0.00649373 0.5)
(1.34069 0.00221252 0.5)
(1.34888 0.0680535 0.5)
(1.34888 0.0680373 0.5)
(1.34888 0.06802 0.5)
(1.34888 0.0680014 0.5)
(1.34888 0.0679815 0.5)
(1.34888 0.0679603 0.5)
(1.34888 0.0679376 0.5)
(1.34888 0.0679133 0.5)
(1.34888 0.0678873 0.5)
(1.34888 0.0678596 0.5)
(1.34888 0.0678298 0.5)
(1.34888 0.0677981 0.5)
(1.34888 0.0677641 0.5)
(1.34888 0.0677277 0.5)
(1.34888 0.0676888 0.5)
(1.34888 0.0676473 0.5)
(1.34888 0.0676028 0.5)
(1.34888 0.0675552 0.5)
(1.34888 0.0675044 0.5)
(1.34888 0.0674499 0.5)
(1.34888 0.0673918 0.5)
(1.34888 0.0673295 0.5)
(1.34888 0.067263 0.5)
(1.34888 0.0671918 0.5)
(1.34888 0.0671156 0.5)
(1.34888 0.0670342 0.5)
(1.34888 0.0669471 0.5)
(1.34888 0.066854 0.5)
(1.34888 0.0667543 0.5)
(1.34888 0.0666478 0.5)
(1.34888 0.0665338 0.5)
(1.34888 0.066412 0.5)
(1.34888 0.0662816 0.5)
(1.34889 0.0661422 0.5)
(1.34889 0.0659931 0.5)
(1.34889 0.0658336 0.5)
(1.34889 0.0656631 0.5)
(1.34889 0.0654807 0.5)
(1.34889 0.0652856 0.5)
(1.34889 0.0650769 0.5)
(1.34889 0.0648538 0.5)
(1.34889 0.0646151 0.5)
(1.34889 0.0643598 0.5)
(1.34889 0.0640868 0.5)
(1.34889 0.0637948 0.5)
(1.34889 0.0634826 0.5)
(1.34889 0.0631486 0.5)
(1.34889 0.0627913 0.5)
(1.34889 0.0624093 0.5)
(1.34889 0.0620007 0.5)
(1.34889 0.0615637 0.5)
(1.34889 0.0610963 0.5)
(1.34889 0.0605964 0.5)
(1.34889 0.0600617 0.5)
(1.34889 0.0594899 0.5)
(1.34889 0.0588784 0.5)
(1.34889 0.0582243 0.5)
(1.34889 0.0575247 0.5)
(1.34889 0.0567766 0.5)
(1.34889 0.0559764 0.5)
(1.34889 0.0551206 0.5)
(1.34889 0.0542053 0.5)
(1.34889 0.0532263 0.5)
(1.3489 0.0521793 0.5)
(1.3489 0.0510595 0.5)
(1.3489 0.0498619 0.5)
(1.3489 0.048581 0.5)
(1.3489 0.0472111 0.5)
(1.3489 0.0457459 0.5)
(1.3489 0.0441789 0.5)
(1.3489 0.0425029 0.5)
(1.3489 0.0407104 0.5)
(1.34891 0.0387934 0.5)
(1.34891 0.036743 0.5)
(1.34891 0.0345501 0.5)
(1.34891 0.0322047 0.5)
(1.34891 0.0296964 0.5)
(1.34891 0.0270136 0.5)
(1.34892 0.0241443 0.5)
(1.34892 0.0210756 0.5)
(1.34892 0.0177935 0.5)
(1.34892 0.0142833 0.5)
(1.34893 0.010529 0.5)
(1.34893 0.00651373 0.5)
(1.34893 0.00221933 0.5)
(1.35717 0.0682538 0.5)
(1.35717 0.0682376 0.5)
(1.35717 0.0682202 0.5)
(1.35717 0.0682015 0.5)
(1.35717 0.0681816 0.5)
(1.35717 0.0681603 0.5)
(1.35717 0.0681376 0.5)
(1.35717 0.0681132 0.5)
(1.35717 0.0680871 0.5)
(1.35717 0.0680593 0.5)
(1.35717 0.0680295 0.5)
(1.35717 0.0679976 0.5)
(1.35717 0.0679635 0.5)
(1.35717 0.0679271 0.5)
(1.35717 0.0678881 0.5)
(1.35717 0.0678464 0.5)
(1.35717 0.0678018 0.5)
(1.35717 0.0677541 0.5)
(1.35717 0.067703 0.5)
(1.35717 0.0676485 0.5)
(1.35717 0.0675901 0.5)
(1.35717 0.0675277 0.5)
(1.35717 0.0674609 0.5)
(1.35717 0.0673895 0.5)
(1.35717 0.0673132 0.5)
(1.35717 0.0672315 0.5)
(1.35717 0.0671442 0.5)
(1.35717 0.0670507 0.5)
(1.35717 0.0669508 0.5)
(1.35717 0.066844 0.5)
(1.35717 0.0667297 0.5)
(1.35717 0.0666074 0.5)
(1.35717 0.0664767 0.5)
(1.35717 0.0663369 0.5)
(1.35717 0.0661873 0.5)
(1.35717 0.0660274 0.5)
(1.35717 0.0658563 0.5)
(1.35717 0.0656734 0.5)
(1.35717 0.0654777 0.5)
(1.35717 0.0652685 0.5)
(1.35717 0.0650447 0.5)
(1.35717 0.0648053 0.5)
(1.35717 0.0645493 0.5)
(1.35717 0.0642754 0.5)
(1.35717 0.0639826 0.5)
(1.35717 0.0636694 0.5)
(1.35717 0.0633344 0.5)
(1.35717 0.0629761 0.5)
(1.35717 0.062593 0.5)
(1.35717 0.0621832 0.5)
(1.35717 0.0617449 0.5)
(1.35717 0.0612761 0.5)
(1.35717 0.0607747 0.5)
(1.35717 0.0602385 0.5)
(1.35717 0.059665 0.5)
(1.35717 0.0590517 0.5)
(1.35717 0.0583957 0.5)
(1.35717 0.0576941 0.5)
(1.35718 0.0569437 0.5)
(1.35718 0.0561411 0.5)
(1.35718 0.0552828 0.5)
(1.35718 0.0543648 0.5)
(1.35718 0.053383 0.5)
(1.35718 0.0523329 0.5)
(1.35718 0.0512098 0.5)
(1.35718 0.0500086 0.5)
(1.35718 0.048724 0.5)
(1.35718 0.04735 0.5)
(1.35718 0.0458805 0.5)
(1.35718 0.0443089 0.5)
(1.35719 0.042628 0.5)
(1.35719 0.0408303 0.5)
(1.35719 0.0389075 0.5)
(1.35719 0.0368511 0.5)
(1.35719 0.0346518 0.5)
(1.35719 0.0322995 0.5)
(1.35719 0.0297838 0.5)
(1.3572 0.0270931 0.5)
(1.3572 0.0242154 0.5)
(1.3572 0.0211376 0.5)
(1.3572 0.0178459 0.5)
(1.35721 0.0143253 0.5)
(1.35721 0.01056 0.5)
(1.35721 0.0065329 0.5)
(1.35721 0.00222586 0.5)
(1.36549 0.0684451 0.5)
(1.36549 0.0684288 0.5)
(1.36549 0.0684113 0.5)
(1.36549 0.0683927 0.5)
(1.36549 0.0683727 0.5)
(1.36549 0.0683514 0.5)
(1.36549 0.0683285 0.5)
(1.36549 0.0683041 0.5)
(1.36549 0.068278 0.5)
(1.36549 0.06825 0.5)
(1.36549 0.0682201 0.5)
(1.36549 0.0681882 0.5)
(1.36549 0.068154 0.5)
(1.36549 0.0681174 0.5)
(1.36549 0.0680783 0.5)
(1.36549 0.0680365 0.5)
(1.36549 0.0679918 0.5)
(1.36549 0.0679439 0.5)
(1.36549 0.0678928 0.5)
(1.36549 0.067838 0.5)
(1.36549 0.0677795 0.5)
(1.36549 0.0677169 0.5)
(1.36549 0.06765 0.5)
(1.36549 0.0675784 0.5)
(1.36549 0.0675018 0.5)
(1.36549 0.0674199 0.5)
(1.36549 0.0673323 0.5)
(1.36549 0.0672386 0.5)
(1.36549 0.0671384 0.5)
(1.36549 0.0670313 0.5)
(1.36549 0.0669167 0.5)
(1.36549 0.0667941 0.5)
(1.36549 0.066663 0.5)
(1.36549 0.0665228 0.5)
(1.36549 0.0663728 0.5)
(1.36549 0.0662124 0.5)
(1.36549 0.0660409 0.5)
(1.36549 0.0658574 0.5)
(1.36549 0.0656612 0.5)
(1.36549 0.0654514 0.5)
(1.36549 0.0652269 0.5)
(1.36549 0.0649869 0.5)
(1.36549 0.0647302 0.5)
(1.36549 0.0644556 0.5)
(1.36549 0.0641619 0.5)
(1.3655 0.0638478 0.5)
(1.3655 0.0635119 0.5)
(1.3655 0.0631526 0.5)
(1.3655 0.0627684 0.5)
(1.3655 0.0623574 0.5)
(1.3655 0.0619179 0.5)
(1.3655 0.0614478 0.5)
(1.3655 0.060945 0.5)
(1.3655 0.0604073 0.5)
(1.3655 0.0598322 0.5)
(1.3655 0.0592172 0.5)
(1.3655 0.0585593 0.5)
(1.3655 0.0578557 0.5)
(1.3655 0.0571033 0.5)
(1.3655 0.0562985 0.5)
(1.3655 0.0554377 0.5)
(1.3655 0.0545171 0.5)
(1.3655 0.0535326 0.5)
(1.3655 0.0524795 0.5)
(1.3655 0.0513533 0.5)
(1.3655 0.0501488 0.5)
(1.36551 0.0488605 0.5)
(1.36551 0.0474827 0.5)
(1.36551 0.0460091 0.5)
(1.36551 0.0444331 0.5)
(1.36551 0.0427475 0.5)
(1.36551 0.0409447 0.5)
(1.36551 0.0390166 0.5)
(1.36551 0.0369544 0.5)
(1.36552 0.0347489 0.5)
(1.36552 0.0323901 0.5)
(1.36552 0.0298672 0.5)
(1.36552 0.027169 0.5)
(1.36552 0.0242832 0.5)
(1.36552 0.0211968 0.5)
(1.36553 0.0178959 0.5)
(1.36553 0.0143654 0.5)
(1.36553 0.0105896 0.5)
(1.36553 0.00655121 0.5)
(1.36554 0.0022321 0.5)
(1.37386 0.068627 0.5)
(1.37386 0.0686106 0.5)
(1.37386 0.0685931 0.5)
(1.37386 0.0685744 0.5)
(1.37386 0.0685544 0.5)
(1.37386 0.068533 0.5)
(1.37386 0.0685101 0.5)
(1.37386 0.0684856 0.5)
(1.37386 0.0684594 0.5)
(1.37386 0.0684314 0.5)
(1.37386 0.0684014 0.5)
(1.37386 0.0683694 0.5)
(1.37386 0.0683351 0.5)
(1.37386 0.0682984 0.5)
(1.37386 0.0682592 0.5)
(1.37386 0.0682173 0.5)
(1.37386 0.0681725 0.5)
(1.37386 0.0681245 0.5)
(1.37386 0.0680732 0.5)
(1.37386 0.0680183 0.5)
(1.37386 0.0679596 0.5)
(1.37386 0.0678969 0.5)
(1.37386 0.0678298 0.5)
(1.37386 0.067758 0.5)
(1.37386 0.0676812 0.5)
(1.37386 0.0675991 0.5)
(1.37386 0.0675113 0.5)
(1.37386 0.0674173 0.5)
(1.37386 0.0673169 0.5)
(1.37386 0.0672094 0.5)
(1.37386 0.0670945 0.5)
(1.37386 0.0669716 0.5)
(1.37386 0.0668402 0.5)
(1.37386 0.0666996 0.5)
(1.37386 0.0665492 0.5)
(1.37386 0.0663884 0.5)
(1.37386 0.0662164 0.5)
(1.37386 0.0660325 0.5)
(1.37386 0.0658357 0.5)
(1.37386 0.0656253 0.5)
(1.37386 0.0654003 0.5)
(1.37386 0.0651596 0.5)
(1.37386 0.0649022 0.5)
(1.37386 0.0646269 0.5)
(1.37386 0.0643324 0.5)
(1.37386 0.0640175 0.5)
(1.37386 0.0636807 0.5)
(1.37386 0.0633205 0.5)
(1.37386 0.0629352 0.5)
(1.37386 0.0625231 0.5)
(1.37386 0.0620824 0.5)
(1.37386 0.0616111 0.5)
(1.37386 0.061107 0.5)
(1.37386 0.0605679 0.5)
(1.37386 0.0599912 0.5)
(1.37386 0.0593745 0.5)
(1.37387 0.0587149 0.5)
(1.37387 0.0580095 0.5)
(1.37387 0.057255 0.5)
(1.37387 0.0564481 0.5)
(1.37387 0.055585 0.5)
(1.37387 0.054662 0.5)
(1.37387 0.0536748 0.5)
(1.37387 0.052619 0.5)
(1.37387 0.0514898 0.5)
(1.37387 0.0502821 0.5)
(1.37387 0.0489904 0.5)
(1.37387 0.0476089 0.5)
(1.37387 0.0461314 0.5)
(1.37387 0.0445512 0.5)
(1.37388 0.0428611 0.5)
(1.37388 0.0410535 0.5)
(1.37388 0.0391203 0.5)
(1.37388 0.0370526 0.5)
(1.37388 0.0348412 0.5)
(1.37388 0.0324761 0.5)
(1.37388 0.0299466 0.5)
(1.37389 0.0272412 0.5)
(1.37389 0.0243478 0.5)
(1.37389 0.0212532 0.5)
(1.37389 0.0179434 0.5)
(1.37389 0.0144036 0.5)
(1.3739 0.0106177 0.5)
(1.3739 0.00656862 0.5)
(1.3739 0.00223803 0.5)
(1.38227 0.0687991 0.5)
(1.38227 0.0687827 0.5)
(1.38227 0.0687652 0.5)
(1.38227 0.0687464 0.5)
(1.38227 0.0687263 0.5)
(1.38227 0.0687049 0.5)
(1.38227 0.0686819 0.5)
(1.38227 0.0686574 0.5)
(1.38227 0.0686311 0.5)
(1.38227 0.068603 0.5)
(1.38227 0.068573 0.5)
(1.38227 0.0685408 0.5)
(1.38227 0.0685065 0.5)
(1.38227 0.0684697 0.5)
(1.38227 0.0684304 0.5)
(1.38227 0.0683884 0.5)
(1.38227 0.0683434 0.5)
(1.38227 0.0682953 0.5)
(1.38227 0.0682439 0.5)
(1.38227 0.0681889 0.5)
(1.38227 0.0681301 0.5)
(1.38227 0.0680672 0.5)
(1.38227 0.0679999 0.5)
(1.38227 0.0679279 0.5)
(1.38227 0.0678509 0.5)
(1.38227 0.0677686 0.5)
(1.38227 0.0676806 0.5)
(1.38227 0.0675864 0.5)
(1.38227 0.0674857 0.5)
(1.38227 0.067378 0.5)
(1.38227 0.0672628 0.5)
(1.38227 0.0671396 0.5)
(1.38227 0.0670078 0.5)
(1.38227 0.0668669 0.5)
(1.38227 0.0667161 0.5)
(1.38227 0.0665549 0.5)
(1.38227 0.0663825 0.5)
(1.38227 0.0661981 0.5)
(1.38227 0.0660008 0.5)
(1.38227 0.0657899 0.5)
(1.38227 0.0655643 0.5)
(1.38227 0.065323 0.5)
(1.38227 0.065065 0.5)
(1.38227 0.064789 0.5)
(1.38227 0.0644938 0.5)
(1.38227 0.0641781 0.5)
(1.38227 0.0638404 0.5)
(1.38227 0.0634793 0.5)
(1.38227 0.063093 0.5)
(1.38227 0.0626799 0.5)
(1.38227 0.0622381 0.5)
(1.38227 0.0617656 0.5)
(1.38227 0.0612603 0.5)
(1.38227 0.0607198 0.5)
(1.38227 0.0601417 0.5)
(1.38227 0.0595234 0.5)
(1.38227 0.0588622 0.5)
(1.38227 0.058155 0.5)
(1.38227 0.0573986 0.5)
(1.38228 0.0565896 0.5)
(1.38228 0.0557245 0.5)
(1.38228 0.0547991 0.5)
(1.38228 0.0538094 0.5)
(1.38228 0.052751 0.5)
(1.38228 0.0516189 0.5)
(1.38228 0.0504082 0.5)
(1.38228 0.0491133 0.5)
(1.38228 0.0477283 0.5)
(1.38228 0.0462471 0.5)
(1.38228 0.0446629 0.5)
(1.38228 0.0429686 0.5)
(1.38229 0.0411565 0.5)
(1.38229 0.0392184 0.5)
(1.38229 0.0371455 0.5)
(1.38229 0.0349286 0.5)
(1.38229 0.0325576 0.5)
(1.38229 0.0300217 0.5)
(1.38229 0.0273095 0.5)
(1.3823 0.0244088 0.5)
(1.3823 0.0213065 0.5)
(1.3823 0.0179884 0.5)
(1.3823 0.0144397 0.5)
(1.3823 0.0106443 0.5)
(1.38231 0.00658509 0.5)
(1.38231 0.00224365 0.5)
(1.39072 0.0689611 0.5)
(1.39072 0.0689447 0.5)
(1.39072 0.0689271 0.5)
(1.39072 0.0689083 0.5)
(1.39072 0.0688881 0.5)
(1.39072 0.0688666 0.5)
(1.39072 0.0688436 0.5)
(1.39072 0.068819 0.5)
(1.39072 0.0687927 0.5)
(1.39072 0.0687645 0.5)
(1.39072 0.0687344 0.5)
(1.39072 0.0687022 0.5)
(1.39072 0.0686678 0.5)
(1.39072 0.0686309 0.5)
(1.39072 0.0685915 0.5)
(1.39072 0.0685494 0.5)
(1.39072 0.0685043 0.5)
(1.39072 0.0684561 0.5)
(1.39072 0.0684046 0.5)
(1.39072 0.0683495 0.5)
(1.39072 0.0682905 0.5)
(1.39072 0.0682274 0.5)
(1.39072 0.06816 0.5)
(1.39072 0.0680878 0.5)
(1.39072 0.0680107 0.5)
(1.39072 0.0679282 0.5)
(1.39072 0.0678399 0.5)
(1.39072 0.0677455 0.5)
(1.39072 0.0676446 0.5)
(1.39072 0.0675366 0.5)
(1.39072 0.0674211 0.5)
(1.39072 0.0672976 0.5)
(1.39072 0.0671655 0.5)
(1.39072 0.0670243 0.5)
(1.39072 0.0668732 0.5)
(1.39072 0.0667116 0.5)
(1.39072 0.0665388 0.5)
(1.39072 0.0663539 0.5)
(1.39072 0.0661562 0.5)
(1.39072 0.0659448 0.5)
(1.39072 0.0657187 0.5)
(1.39072 0.0654768 0.5)
(1.39072 0.0652181 0.5)
(1.39072 0.0649415 0.5)
(1.39072 0.0646456 0.5)
(1.39072 0.0643292 0.5)
(1.39072 0.0639907 0.5)
(1.39072 0.0636287 0.5)
(1.39072 0.0632416 0.5)
(1.39072 0.0628275 0.5)
(1.39072 0.0623847 0.5)
(1.39072 0.061911 0.5)
(1.39072 0.0614045 0.5)
(1.39072 0.0608627 0.5)
(1.39072 0.0602833 0.5)
(1.39072 0.0596636 0.5)
(1.39072 0.0590008 0.5)
(1.39073 0.0582919 0.5)
(1.39073 0.0575337 0.5)
(1.39073 0.0567229 0.5)
(1.39073 0.0558556 0.5)
(1.39073 0.0549281 0.5)
(1.39073 0.0539361 0.5)
(1.39073 0.0528752 0.5)
(1.39073 0.0517405 0.5)
(1.39073 0.0505269 0.5)
(1.39073 0.0492289 0.5)
(1.39073 0.0478407 0.5)
(1.39073 0.046356 0.5)
(1.39073 0.044768 0.5)
(1.39073 0.0430697 0.5)
(1.39074 0.0412533 0.5)
(1.39074 0.0393107 0.5)
(1.39074 0.037233 0.5)
(1.39074 0.0350109 0.5)
(1.39074 0.0326342 0.5)
(1.39074 0.0300924 0.5)
(1.39074 0.0273738 0.5)
(1.39075 0.0244663 0.5)
(1.39075 0.0213566 0.5)
(1.39075 0.0180308 0.5)
(1.39075 0.0144737 0.5)
(1.39075 0.0106694 0.5)
(1.39076 0.0066006 0.5)
(1.39076 0.00224893 0.5)
(1.39921 0.0691126 0.5)
(1.39921 0.0690961 0.5)
(1.39921 0.0690785 0.5)
(1.39921 0.0690596 0.5)
(1.39921 0.0690394 0.5)
(1.39921 0.0690179 0.5)
(1.39921 0.0689948 0.5)
(1.39921 0.0689702 0.5)
(1.39921 0.0689438 0.5)
(1.39921 0.0689156 0.5)
(1.39921 0.0688854 0.5)
(1.39921 0.0688531 0.5)
(1.39921 0.0688186 0.5)
(1.39921 0.0687817 0.5)
(1.39921 0.0687422 0.5)
(1.39921 0.0687 0.5)
(1.39921 0.0686548 0.5)
(1.39921 0.0686065 0.5)
(1.39921 0.0685548 0.5)
(1.39921 0.0684996 0.5)
(1.39921 0.0684405 0.5)
(1.39921 0.0683773 0.5)
(1.39921 0.0683097 0.5)
(1.39921 0.0682374 0.5)
(1.39921 0.0681601 0.5)
(1.39921 0.0680774 0.5)
(1.39921 0.0679889 0.5)
(1.39921 0.0678943 0.5)
(1.39921 0.0677931 0.5)
(1.39921 0.0676849 0.5)
(1.39921 0.0675692 0.5)
(1.39921 0.0674454 0.5)
(1.39921 0.0673131 0.5)
(1.39921 0.0671715 0.5)
(1.39921 0.0670201 0.5)
(1.39921 0.0668581 0.5)
(1.39921 0.0666849 0.5)
(1.39921 0.0664997 0.5)
(1.39921 0.0663015 0.5)
(1.39921 0.0660896 0.5)
(1.39921 0.065863 0.5)
(1.39921 0.0656206 0.5)
(1.39921 0.0653614 0.5)
(1.39921 0.0650841 0.5)
(1.39921 0.0647876 0.5)
(1.39921 0.0644704 0.5)
(1.39922 0.0641312 0.5)
(1.39922 0.0637685 0.5)
(1.39922 0.0633805 0.5)
(1.39922 0.0629655 0.5)
(1.39922 0.0625217 0.5)
(1.39922 0.062047 0.5)
(1.39922 0.0615394 0.5)
(1.39922 0.0609964 0.5)
(1.39922 0.0604157 0.5)
(1.39922 0.0597946 0.5)
(1.39922 0.0591304 0.5)
(1.39922 0.0584199 0.5)
(1.39922 0.0576601 0.5)
(1.39922 0.0568475 0.5)
(1.39922 0.0559783 0.5)
(1.39922 0.0550488 0.5)
(1.39922 0.0540546 0.5)
(1.39922 0.0529913 0.5)
(1.39922 0.0518541 0.5)
(1.39922 0.0506378 0.5)
(1.39922 0.049337 0.5)
(1.39922 0.0479458 0.5)
(1.39923 0.0464578 0.5)
(1.39923 0.0448664 0.5)
(1.39923 0.0431643 0.5)
(1.39923 0.041344 0.5)
(1.39923 0.039397 0.5)
(1.39923 0.0373148 0.5)
(1.39923 0.0350878 0.5)
(1.39923 0.0327059 0.5)
(1.39923 0.0301585 0.5)
(1.39924 0.027434 0.5)
(1.39924 0.02452 0.5)
(1.39924 0.0214035 0.5)
(1.39924 0.0180704 0.5)
(1.39924 0.0145055 0.5)
(1.39925 0.0106928 0.5)
(1.39925 0.00661509 0.5)
(1.39925 0.00225387 0.5)
(1.40775 0.0692532 0.5)
(1.40775 0.0692367 0.5)
(1.40775 0.069219 0.5)
(1.40775 0.0692001 0.5)
(1.40775 0.0691799 0.5)
(1.40775 0.0691583 0.5)
(1.40775 0.0691352 0.5)
(1.40775 0.0691105 0.5)
(1.40775 0.069084 0.5)
(1.40775 0.0690558 0.5)
(1.40775 0.0690255 0.5)
(1.40775 0.0689932 0.5)
(1.40775 0.0689586 0.5)
(1.40775 0.0689216 0.5)
(1.40775 0.068882 0.5)
(1.40775 0.0688397 0.5)
(1.40775 0.0687945 0.5)
(1.40775 0.0687461 0.5)
(1.40775 0.0686943 0.5)
(1.40775 0.0686389 0.5)
(1.40775 0.0685797 0.5)
(1.40775 0.0685164 0.5)
(1.40775 0.0684486 0.5)
(1.40775 0.0683762 0.5)
(1.40775 0.0682987 0.5)
(1.40775 0.0682159 0.5)
(1.40775 0.0681272 0.5)
(1.40775 0.0680324 0.5)
(1.40775 0.0679311 0.5)
(1.40775 0.0678226 0.5)
(1.40775 0.0677067 0.5)
(1.40775 0.0675827 0.5)
(1.40775 0.06745 0.5)
(1.40775 0.0673081 0.5)
(1.40775 0.0671564 0.5)
(1.40775 0.0669941 0.5)
(1.40775 0.0668206 0.5)
(1.40775 0.0666349 0.5)
(1.40775 0.0664364 0.5)
(1.40775 0.0662241 0.5)
(1.40775 0.065997 0.5)
(1.40775 0.0657541 0.5)
(1.40775 0.0654943 0.5)
(1.40775 0.0652165 0.5)
(1.40775 0.0649194 0.5)
(1.40775 0.0646016 0.5)
(1.40775 0.0642617 0.5)
(1.40775 0.0638982 0.5)
(1.40775 0.0635094 0.5)
(1.40775 0.0630936 0.5)
(1.40775 0.0626489 0.5)
(1.40775 0.0621732 0.5)
(1.40775 0.0616645 0.5)
(1.40775 0.0611205 0.5)
(1.40775 0.0605386 0.5)
(1.40775 0.0599163 0.5)
(1.40775 0.0592506 0.5)
(1.40775 0.0585388 0.5)
(1.40775 0.0577774 0.5)
(1.40776 0.0569631 0.5)
(1.40776 0.0560922 0.5)
(1.40776 0.0551608 0.5)
(1.40776 0.0541646 0.5)
(1.40776 0.0530991 0.5)
(1.40776 0.0519596 0.5)
(1.40776 0.0507408 0.5)
(1.40776 0.0494374 0.5)
(1.40776 0.0480433 0.5)
(1.40776 0.0465523 0.5)
(1.40776 0.0449576 0.5)
(1.40776 0.0432521 0.5)
(1.40776 0.0414281 0.5)
(1.40776 0.0394772 0.5)
(1.40777 0.0373907 0.5)
(1.40777 0.0351591 0.5)
(1.40777 0.0327724 0.5)
(1.40777 0.0302198 0.5)
(1.40777 0.0274898 0.5)
(1.40777 0.0245699 0.5)
(1.40777 0.0214471 0.5)
(1.40778 0.0181072 0.5)
(1.40778 0.014535 0.5)
(1.40778 0.0107146 0.5)
(1.40778 0.00662855 0.5)
(1.40778 0.00225846 0.5)
(1.41633 0.0693825 0.5)
(1.41633 0.069366 0.5)
(1.41633 0.0693483 0.5)
(1.41633 0.0693294 0.5)
(1.41633 0.0693091 0.5)
(1.41633 0.0692875 0.5)
(1.41633 0.0692643 0.5)
(1.41633 0.0692396 0.5)
(1.41633 0.0692131 0.5)
(1.41633 0.0691848 0.5)
(1.41633 0.0691545 0.5)
(1.41633 0.0691221 0.5)
(1.41633 0.0690874 0.5)
(1.41633 0.0690504 0.5)
(1.41633 0.0690107 0.5)
(1.41633 0.0689683 0.5)
(1.41633 0.068923 0.5)
(1.41633 0.0688745 0.5)
(1.41633 0.0688226 0.5)
(1.41633 0.0687672 0.5)
(1.41633 0.0687078 0.5)
(1.41633 0.0686444 0.5)
(1.41633 0.0685765 0.5)
(1.41633 0.0685039 0.5)
(1.41633 0.0684263 0.5)
(1.41633 0.0683433 0.5)
(1.41633 0.0682545 0.5)
(1.41633 0.0681595 0.5)
(1.41633 0.068058 0.5)
(1.41633 0.0679493 0.5)
(1.41633 0.0678332 0.5)
(1.41633 0.0677089 0.5)
(1.41633 0.067576 0.5)
(1.41633 0.0674339 0.5)
(1.41633 0.0672819 0.5)
(1.41633 0.0671193 0.5)
(1.41633 0.0669454 0.5)
(1.41633 0.0667594 0.5)
(1.41633 0.0665605 0.5)
(1.41633 0.0663478 0.5)
(1.41633 0.0661203 0.5)
(1.41633 0.0658769 0.5)
(1.41633 0.0656167 0.5)
(1.41633 0.0653384 0.5)
(1.41633 0.0650407 0.5)
(1.41633 0.0647223 0.5)
(1.41633 0.0643818 0.5)
(1.41633 0.0640176 0.5)
(1.41633 0.0636281 0.5)
(1.41633 0.0632115 0.5)
(1.41633 0.0627659 0.5)
(1.41633 0.0622894 0.5)
(1.41633 0.0617797 0.5)
(1.41633 0.0612347 0.5)
(1.41633 0.0606517 0.5)
(1.41633 0.0600282 0.5)
(1.41633 0.0593613 0.5)
(1.41633 0.0586481 0.5)
(1.41633 0.0578853 0.5)
(1.41633 0.0570695 0.5)
(1.41633 0.056197 0.5)
(1.41633 0.0552638 0.5)
(1.41634 0.0542657 0.5)
(1.41634 0.0531983 0.5)
(1.41634 0.0520567 0.5)
(1.41634 0.0508356 0.5)
(1.41634 0.0495297 0.5)
(1.41634 0.048133 0.5)
(1.41634 0.0466393 0.5)
(1.41634 0.0450416 0.5)
(1.41634 0.0433329 0.5)
(1.41634 0.0415055 0.5)
(1.41634 0.0395509 0.5)
(1.41634 0.0374605 0.5)
(1.41634 0.0352248 0.5)
(1.41635 0.0328337 0.5)
(1.41635 0.0302763 0.5)
(1.41635 0.0275411 0.5)
(1.41635 0.0246158 0.5)
(1.41635 0.0214872 0.5)
(1.41635 0.018141 0.5)
(1.41635 0.0145622 0.5)
(1.41636 0.0107346 0.5)
(1.41636 0.00664094 0.5)
(1.41636 0.00226268 0.5)
(1.42495 0.0695003 0.5)
(1.42495 0.0694838 0.5)
(1.42495 0.0694661 0.5)
(1.42495 0.0694471 0.5)
(1.42495 0.0694268 0.5)
(1.42495 0.0694051 0.5)
(1.42495 0.0693819 0.5)
(1.42495 0.0693571 0.5)
(1.42495 0.0693306 0.5)
(1.42495 0.0693022 0.5)
(1.42495 0.0692719 0.5)
(1.42495 0.0692394 0.5)
(1.42495 0.0692047 0.5)
(1.42495 0.0691676 0.5)
(1.42495 0.0691279 0.5)
(1.42495 0.0690854 0.5)
(1.42495 0.06904 0.5)
(1.42495 0.0689914 0.5)
(1.42495 0.0689395 0.5)
(1.42495 0.0688839 0.5)
(1.42495 0.0688245 0.5)
(1.42495 0.0687609 0.5)
(1.42495 0.068693 0.5)
(1.42495 0.0686203 0.5)
(1.42495 0.0685425 0.5)
(1.42495 0.0684593 0.5)
(1.42495 0.0683704 0.5)
(1.42495 0.0682753 0.5)
(1.42495 0.0681735 0.5)
(1.42495 0.0680647 0.5)
(1.42495 0.0679483 0.5)
(1.42495 0.0678239 0.5)
(1.42495 0.0676908 0.5)
(1.42495 0.0675484 0.5)
(1.42495 0.0673961 0.5)
(1.42495 0.0672332 0.5)
(1.42495 0.0670591 0.5)
(1.42495 0.0668728 0.5)
(1.42495 0.0666735 0.5)
(1.42495 0.0664605 0.5)
(1.42495 0.0662326 0.5)
(1.42495 0.0659888 0.5)
(1.42495 0.0657281 0.5)
(1.42495 0.0654493 0.5)
(1.42495 0.0651511 0.5)
(1.42495 0.0648322 0.5)
(1.42495 0.0644911 0.5)
(1.42495 0.0641263 0.5)
(1.42495 0.0637361 0.5)
(1.42495 0.0633188 0.5)
(1.42495 0.0628725 0.5)
(1.42495 0.0623952 0.5)
(1.42495 0.0618846 0.5)
(1.42495 0.0613386 0.5)
(1.42495 0.0607547 0.5)
(1.42495 0.0601301 0.5)
(1.42495 0.0594621 0.5)
(1.42495 0.0587477 0.5)
(1.42495 0.0579836 0.5)
(1.42496 0.0571664 0.5)
(1.42496 0.0562924 0.5)
(1.42496 0.0553576 0.5)
(1.42496 0.0543579 0.5)
(1.42496 0.0532886 0.5)
(1.42496 0.052145 0.5)
(1.42496 0.0509219 0.5)
(1.42496 0.0496138 0.5)
(1.42496 0.0482148 0.5)
(1.42496 0.0467185 0.5)
(1.42496 0.0451181 0.5)
(1.42496 0.0434065 0.5)
(1.42496 0.0415759 0.5)
(1.42496 0.0396181 0.5)
(1.42496 0.0375241 0.5)
(1.42497 0.0352846 0.5)
(1.42497 0.0328894 0.5)
(1.42497 0.0303277 0.5)
(1.42497 0.0275879 0.5)
(1.42497 0.0246576 0.5)
(1.42497 0.0215236 0.5)
(1.42497 0.0181718 0.5)
(1.42497 0.0145869 0.5)
(1.42498 0.0107528 0.5)
(1.42498 0.00665221 0.5)
(1.42498 0.00226652 0.5)
(1.43362 0.0696063 0.5)
(1.43362 0.0695897 0.5)
(1.43362 0.0695719 0.5)
(1.43362 0.0695529 0.5)
(1.43362 0.0695326 0.5)
(1.43362 0.0695109 0.5)
(1.43362 0.0694877 0.5)
(1.43362 0.0694628 0.5)
(1.43362 0.0694363 0.5)
(1.43362 0.0694078 0.5)
(1.43362 0.0693774 0.5)
(1.43362 0.0693449 0.5)
(1.43362 0.0693102 0.5)
(1.43362 0.069273 0.5)
(1.43362 0.0692332 0.5)
(1.43362 0.0691907 0.5)
(1.43362 0.0691452 0.5)
(1.43362 0.0690966 0.5)
(1.43362 0.0690445 0.5)
(1.43362 0.0689889 0.5)
(1.43362 0.0689294 0.5)
(1.43362 0.0688657 0.5)
(1.43362 0.0687976 0.5)
(1.43362 0.0687248 0.5)
(1.43362 0.0686469 0.5)
(1.43362 0.0685637 0.5)
(1.43362 0.0684746 0.5)
(1.43362 0.0683793 0.5)
(1.43362 0.0682774 0.5)
(1.43362 0.0681684 0.5)
(1.43362 0.0680519 0.5)
(1.43362 0.0679272 0.5)
(1.43362 0.0677939 0.5)
(1.43362 0.0676513 0.5)
(1.43362 0.0674988 0.5)
(1.43362 0.0673357 0.5)
(1.43362 0.0671613 0.5)
(1.43362 0.0669747 0.5)
(1.43362 0.0667751 0.5)
(1.43362 0.0665617 0.5)
(1.43362 0.0663335 0.5)
(1.43362 0.0660894 0.5)
(1.43362 0.0658283 0.5)
(1.43362 0.065549 0.5)
(1.43362 0.0652504 0.5)
(1.43362 0.064931 0.5)
(1.43362 0.0645893 0.5)
(1.43362 0.064224 0.5)
(1.43362 0.0638332 0.5)
(1.43362 0.0634153 0.5)
(1.43362 0.0629683 0.5)
(1.43362 0.0624902 0.5)
(1.43362 0.0619789 0.5)
(1.43362 0.0614321 0.5)
(1.43362 0.0608472 0.5)
(1.43362 0.0602217 0.5)
(1.43362 0.0595527 0.5)
(1.43362 0.0588372 0.5)
(1.43362 0.058072 0.5)
(1.43362 0.0572535 0.5)
(1.43362 0.0563782 0.5)
(1.43362 0.055442 0.5)
(1.43362 0.0544407 0.5)
(1.43362 0.0533698 0.5)
(1.43362 0.0522245 0.5)
(1.43362 0.0509995 0.5)
(1.43362 0.0496894 0.5)
(1.43362 0.0482882 0.5)
(1.43362 0.0467896 0.5)
(1.43362 0.0451869 0.5)
(1.43363 0.0434727 0.5)
(1.43363 0.0416393 0.5)
(1.43363 0.0396785 0.5)
(1.43363 0.0375813 0.5)
(1.43363 0.0353384 0.5)
(1.43363 0.0329395 0.5)
(1.43363 0.0303739 0.5)
(1.43363 0.0276299 0.5)
(1.43363 0.0246952 0.5)
(1.43363 0.0215564 0.5)
(1.43364 0.0181995 0.5)
(1.43364 0.0146091 0.5)
(1.43364 0.0107692 0.5)
(1.43364 0.00666235 0.5)
(1.43364 0.00226997 0.5)
(1.44232 0.0696999 0.5)
(1.44232 0.0696833 0.5)
(1.44232 0.0696655 0.5)
(1.44232 0.0696465 0.5)
(1.44232 0.0696262 0.5)
(1.44232 0.0696044 0.5)
(1.44232 0.0695812 0.5)
(1.44232 0.0695563 0.5)
(1.44232 0.0695297 0.5)
(1.44232 0.0695012 0.5)
(1.44232 0.0694708 0.5)
(1.44232 0.0694383 0.5)
(1.44232 0.0694035 0.5)
(1.44232 0.0693662 0.5)
(1.44232 0.0693264 0.5)
(1.44232 0.0692838 0.5)
(1.44232 0.0692383 0.5)
(1.44232 0.0691896 0.5)
(1.44232 0.0691374 0.5)
(1.44232 0.0690817 0.5)
(1.44232 0.0690221 0.5)
(1.44232 0.0689584 0.5)
(1.44232 0.0688902 0.5)
(1.44232 0.0688173 0.5)
(1.44232 0.0687393 0.5)
(1.44232 0.0686559 0.5)
(1.44232 0.0685667 0.5)
(1.44232 0.0684713 0.5)
(1.44232 0.0683693 0.5)
(1.44232 0.0682602 0.5)
(1.44232 0.0681435 0.5)
(1.44232 0.0680186 0.5)
(1.44232 0.0678851 0.5)
(1.44232 0.0677424 0.5)
(1.44232 0.0675896 0.5)
(1.44232 0.0674263 0.5)
(1.44233 0.0672516 0.5)
(1.44233 0.0670648 0.5)
(1.44233 0.066865 0.5)
(1.44233 0.0666513 0.5)
(1.44233 0.0664227 0.5)
(1.44233 0.0661783 0.5)
(1.44233 0.0659169 0.5)
(1.44233 0.0656372 0.5)
(1.44233 0.0653382 0.5)
(1.44233 0.0650184 0.5)
(1.44233 0.0646763 0.5)
(1.44233 0.0643104 0.5)
(1.44233 0.0639191 0.5)
(1.44233 0.0635006 0.5)
(1.44233 0.063053 0.5)
(1.44233 0.0625743 0.5)
(1.44233 0.0620624 0.5)
(1.44233 0.0615148 0.5)
(1.44233 0.0609291 0.5)
(1.44233 0.0603028 0.5)
(1.44233 0.0596329 0.5)
(1.44233 0.0589164 0.5)
(1.44233 0.0581501 0.5)
(1.44233 0.0573306 0.5)
(1.44233 0.0564541 0.5)
(1.44233 0.0555166 0.5)
(1.44233 0.054514 0.5)
(1.44233 0.0534417 0.5)
(1.44233 0.0522948 0.5)
(1.44233 0.0510682 0.5)
(1.44233 0.0497563 0.5)
(1.44233 0.0483532 0.5)
(1.44233 0.0468526 0.5)
(1.44233 0.0452477 0.5)
(1.44233 0.0435312 0.5)
(1.44233 0.0416953 0.5)
(1.44233 0.0397319 0.5)
(1.44234 0.0376319 0.5)
(1.44234 0.0353859 0.5)
(1.44234 0.0329839 0.5)
(1.44234 0.0304148 0.5)
(1.44234 0.0276671 0.5)
(1.44234 0.0247284 0.5)
(1.44234 0.0215854 0.5)
(1.44234 0.018224 0.5)
(1.44234 0.0146288 0.5)
(1.44234 0.0107837 0.5)
(1.44235 0.00667132 0.5)
(1.44235 0.00227303 0.5)
(1.45108 0.0697811 0.5)
(1.45108 0.0697644 0.5)
(1.45108 0.0697466 0.5)
(1.45108 0.0697276 0.5)
(1.45108 0.0697072 0.5)
(1.45108 0.0696855 0.5)
(1.45108 0.0696622 0.5)
(1.45108 0.0696373 0.5)
(1.45108 0.0696106 0.5)
(1.45108 0.0695821 0.5)
(1.45108 0.0695517 0.5)
(1.45108 0.0695191 0.5)
(1.45108 0.0694842 0.5)
(1.45108 0.069447 0.5)
(1.45108 0.0694071 0.5)
(1.45108 0.0693645 0.5)
(1.45108 0.0693189 0.5)
(1.45108 0.0692701 0.5)
(1.45108 0.0692179 0.5)
(1.45108 0.0691621 0.5)
(1.45108 0.0691025 0.5)
(1.45108 0.0690387 0.5)
(1.45108 0.0689704 0.5)
(1.45108 0.0688974 0.5)
(1.45108 0.0688193 0.5)
(1.45108 0.0687358 0.5)
(1.45108 0.0686465 0.5)
(1.45108 0.068551 0.5)
(1.45108 0.0684489 0.5)
(1.45108 0.0683396 0.5)
(1.45108 0.0682228 0.5)
(1.45108 0.0680978 0.5)
(1.45108 0.0679642 0.5)
(1.45108 0.0678212 0.5)
(1.45108 0.0676683 0.5)
(1.45108 0.0675048 0.5)
(1.45108 0.0673299 0.5)
(1.45108 0.0671429 0.5)
(1.45108 0.0669428 0.5)
(1.45108 0.0667289 0.5)
(1.45108 0.0665001 0.5)
(1.45108 0.0662553 0.5)
(1.45108 0.0659936 0.5)
(1.45108 0.0657136 0.5)
(1.45108 0.0654142 0.5)
(1.45108 0.065094 0.5)
(1.45108 0.0647516 0.5)
(1.45108 0.0643853 0.5)
(1.45108 0.0639935 0.5)
(1.45108 0.0635745 0.5)
(1.45108 0.0631264 0.5)
(1.45108 0.0626472 0.5)
(1.45108 0.0621346 0.5)
(1.45108 0.0615864 0.5)
(1.45108 0.0610001 0.5)
(1.45108 0.060373 0.5)
(1.45108 0.0597023 0.5)
(1.45108 0.058985 0.5)
(1.45108 0.0582178 0.5)
(1.45108 0.0573973 0.5)
(1.45108 0.0565198 0.5)
(1.45108 0.0555812 0.5)
(1.45108 0.0545774 0.5)
(1.45108 0.0535039 0.5)
(1.45108 0.0523557 0.5)
(1.45108 0.0511276 0.5)
(1.45108 0.0498142 0.5)
(1.45108 0.0484095 0.5)
(1.45108 0.0469071 0.5)
(1.45108 0.0453003 0.5)
(1.45108 0.0435818 0.5)
(1.45109 0.0417439 0.5)
(1.45109 0.0397781 0.5)
(1.45109 0.0376757 0.5)
(1.45109 0.0354271 0.5)
(1.45109 0.0330223 0.5)
(1.45109 0.0304502 0.5)
(1.45109 0.0276993 0.5)
(1.45109 0.0247572 0.5)
(1.45109 0.0216106 0.5)
(1.45109 0.0182452 0.5)
(1.45109 0.0146458 0.5)
(1.45109 0.0107963 0.5)
(1.4511 0.00667908 0.5)
(1.4511 0.00227567 0.5)
(1.45987 0.0698493 0.5)
(1.45987 0.0698327 0.5)
(1.45987 0.0698149 0.5)
(1.45987 0.0697958 0.5)
(1.45987 0.0697754 0.5)
(1.45987 0.0697536 0.5)
(1.45987 0.0697303 0.5)
(1.45987 0.0697054 0.5)
(1.45987 0.0696787 0.5)
(1.45987 0.0696502 0.5)
(1.45987 0.0696197 0.5)
(1.45987 0.0695871 0.5)
(1.45987 0.0695522 0.5)
(1.45987 0.0695149 0.5)
(1.45987 0.069475 0.5)
(1.45987 0.0694323 0.5)
(1.45987 0.0693867 0.5)
(1.45987 0.0693379 0.5)
(1.45987 0.0692857 0.5)
(1.45987 0.0692298 0.5)
(1.45987 0.0691701 0.5)
(1.45987 0.0691062 0.5)
(1.45987 0.0690379 0.5)
(1.45987 0.0689648 0.5)
(1.45987 0.0688867 0.5)
(1.45987 0.0688031 0.5)
(1.45987 0.0687137 0.5)
(1.45987 0.0686181 0.5)
(1.45987 0.0685159 0.5)
(1.45987 0.0684065 0.5)
(1.45987 0.0682895 0.5)
(1.45987 0.0681644 0.5)
(1.45987 0.0680307 0.5)
(1.45987 0.0678876 0.5)
(1.45987 0.0677345 0.5)
(1.45987 0.0675709 0.5)
(1.45987 0.0673958 0.5)
(1.45987 0.0672086 0.5)
(1.45987 0.0670083 0.5)
(1.45987 0.0667942 0.5)
(1.45987 0.0665651 0.5)
(1.45987 0.0663202 0.5)
(1.45987 0.0660582 0.5)
(1.45987 0.065778 0.5)
(1.45987 0.0654783 0.5)
(1.45987 0.0651577 0.5)
(1.45987 0.0648149 0.5)
(1.45987 0.0644483 0.5)
(1.45987 0.0640561 0.5)
(1.45987 0.0636368 0.5)
(1.45987 0.0631882 0.5)
(1.45988 0.0627085 0.5)
(1.45988 0.0621954 0.5)
(1.45988 0.0616466 0.5)
(1.45988 0.0610597 0.5)
(1.45988 0.060432 0.5)
(1.45988 0.0597607 0.5)
(1.45988 0.0590427 0.5)
(1.45988 0.0582748 0.5)
(1.45988 0.0574535 0.5)
(1.45988 0.0565751 0.5)
(1.45988 0.0556356 0.5)
(1.45988 0.0546308 0.5)
(1.45988 0.0535562 0.5)
(1.45988 0.0524069 0.5)
(1.45988 0.0511777 0.5)
(1.45988 0.049863 0.5)
(1.45988 0.0484569 0.5)
(1.45988 0.046953 0.5)
(1.45988 0.0453447 0.5)
(1.45988 0.0436245 0.5)
(1.45988 0.0417847 0.5)
(1.45988 0.039817 0.5)
(1.45988 0.0377126 0.5)
(1.45988 0.0354618 0.5)
(1.45988 0.0330546 0.5)
(1.45988 0.03048 0.5)
(1.45988 0.0277264 0.5)
(1.45988 0.0247814 0.5)
(1.45989 0.0216317 0.5)
(1.45989 0.018263 0.5)
(1.45989 0.0146602 0.5)
(1.45989 0.0108068 0.5)
(1.45989 0.00668562 0.5)
(1.45989 0.0022779 0.5)
(1.46871 0.0699045 0.5)
(1.46871 0.0698878 0.5)
(1.46871 0.06987 0.5)
(1.46871 0.0698509 0.5)
(1.46871 0.0698305 0.5)
(1.46871 0.0698087 0.5)
(1.46871 0.0697854 0.5)
(1.46871 0.0697604 0.5)
(1.46871 0.0697338 0.5)
(1.46871 0.0697052 0.5)
(1.46871 0.0696747 0.5)
(1.46871 0.0696421 0.5)
(1.46871 0.0696071 0.5)
(1.46871 0.0695698 0.5)
(1.46871 0.0695299 0.5)
(1.46871 0.0694872 0.5)
(1.46871 0.0694415 0.5)
(1.46871 0.0693926 0.5)
(1.46871 0.0693404 0.5)
(1.46871 0.0692845 0.5)
(1.46871 0.0692247 0.5)
(1.46871 0.0691608 0.5)
(1.46871 0.0690924 0.5)
(1.46871 0.0690193 0.5)
(1.46871 0.0689411 0.5)
(1.46871 0.0688574 0.5)
(1.46871 0.068768 0.5)
(1.46871 0.0686723 0.5)
(1.46871 0.0685699 0.5)
(1.46871 0.0684605 0.5)
(1.46871 0.0683435 0.5)
(1.46871 0.0682183 0.5)
(1.46871 0.0680844 0.5)
(1.46871 0.0679412 0.5)
(1.46871 0.067788 0.5)
(1.46871 0.0676242 0.5)
(1.46871 0.067449 0.5)
(1.46871 0.0672616 0.5)
(1.46871 0.0670612 0.5)
(1.46871 0.0668469 0.5)
(1.46871 0.0666177 0.5)
(1.46871 0.0663725 0.5)
(1.46871 0.0661103 0.5)
(1.46871 0.0658299 0.5)
(1.46871 0.06553 0.5)
(1.46871 0.0652092 0.5)
(1.46871 0.0648661 0.5)
(1.46871 0.0644992 0.5)
(1.46871 0.0641067 0.5)
(1.46871 0.063687 0.5)
(1.46872 0.0632381 0.5)
(1.46872 0.062758 0.5)
(1.46872 0.0622445 0.5)
(1.46872 0.0616953 0.5)
(1.46872 0.061108 0.5)
(1.46872 0.0604798 0.5)
(1.46872 0.0598079 0.5)
(1.46872 0.0590893 0.5)
(1.46872 0.0583208 0.5)
(1.46872 0.0574988 0.5)
(1.46872 0.0566198 0.5)
(1.46872 0.0556795 0.5)
(1.46872 0.054674 0.5)
(1.46872 0.0535985 0.5)
(1.46872 0.0524483 0.5)
(1.46872 0.0512181 0.5)
(1.46872 0.0499023 0.5)
(1.46872 0.0484951 0.5)
(1.46872 0.0469901 0.5)
(1.46872 0.0453805 0.5)
(1.46872 0.0436589 0.5)
(1.46872 0.0418177 0.5)
(1.46872 0.0398485 0.5)
(1.46872 0.0377423 0.5)
(1.46872 0.0354898 0.5)
(1.46872 0.0330807 0.5)
(1.46872 0.0305041 0.5)
(1.46872 0.0277483 0.5)
(1.46872 0.024801 0.5)
(1.46872 0.0216488 0.5)
(1.46872 0.0182775 0.5)
(1.46872 0.0146717 0.5)
(1.46873 0.0108154 0.5)
(1.46873 0.0066909 0.5)
(1.46873 0.0022797 0.5)
(1.4776 0.0699462 0.5)
(1.4776 0.0699295 0.5)
(1.4776 0.0699117 0.5)
(1.4776 0.0698926 0.5)
(1.4776 0.0698722 0.5)
(1.4776 0.0698504 0.5)
(1.4776 0.069827 0.5)
(1.4776 0.0698021 0.5)
(1.4776 0.0697754 0.5)
(1.4776 0.0697468 0.5)
(1.4776 0.0697163 0.5)
(1.4776 0.0696836 0.5)
(1.4776 0.0696487 0.5)
(1.4776 0.0696113 0.5)
(1.4776 0.0695714 0.5)
(1.4776 0.0695286 0.5)
(1.4776 0.0694829 0.5)
(1.4776 0.069434 0.5)
(1.4776 0.0693817 0.5)
(1.4776 0.0693258 0.5)
(1.4776 0.069266 0.5)
(1.4776 0.0692021 0.5)
(1.4776 0.0691336 0.5)
(1.4776 0.0690605 0.5)
(1.4776 0.0689822 0.5)
(1.4776 0.0688985 0.5)
(1.4776 0.068809 0.5)
(1.4776 0.0687133 0.5)
(1.4776 0.0686109 0.5)
(1.4776 0.0685014 0.5)
(1.4776 0.0683842 0.5)
(1.4776 0.068259 0.5)
(1.4776 0.068125 0.5)
(1.4776 0.0679817 0.5)
(1.4776 0.0678285 0.5)
(1.4776 0.0676646 0.5)
(1.4776 0.0674893 0.5)
(1.4776 0.0673018 0.5)
(1.4776 0.0671013 0.5)
(1.4776 0.0668868 0.5)
(1.4776 0.0666575 0.5)
(1.4776 0.0664121 0.5)
(1.4776 0.0661498 0.5)
(1.4776 0.0658692 0.5)
(1.4776 0.0655691 0.5)
(1.4776 0.0652481 0.5)
(1.4776 0.0649048 0.5)
(1.4776 0.0645377 0.5)
(1.4776 0.064145 0.5)
(1.4776 0.063725 0.5)
(1.4776 0.0632758 0.5)
(1.4776 0.0627954 0.5)
(1.4776 0.0622817 0.5)
(1.4776 0.0617321 0.5)
(1.4776 0.0611444 0.5)
(1.4776 0.0605159 0.5)
(1.4776 0.0598436 0.5)
(1.4776 0.0591246 0.5)
(1.4776 0.0583556 0.5)
(1.4776 0.0575332 0.5)
(1.4776 0.0566535 0.5)
(1.4776 0.0557128 0.5)
(1.4776 0.0547066 0.5)
(1.4776 0.0536305 0.5)
(1.4776 0.0524796 0.5)
(1.4776 0.0512486 0.5)
(1.4776 0.0499321 0.5)
(1.4776 0.0485241 0.5)
(1.4776 0.0470182 0.5)
(1.4776 0.0454076 0.5)
(1.4776 0.043685 0.5)
(1.4776 0.0418427 0.5)
(1.4776 0.0398723 0.5)
(1.4776 0.0377649 0.5)
(1.4776 0.035511 0.5)
(1.4776 0.0331004 0.5)
(1.4776 0.0305223 0.5)
(1.4776 0.0277649 0.5)
(1.4776 0.0248158 0.5)
(1.47761 0.0216617 0.5)
(1.47761 0.0182884 0.5)
(1.47761 0.0146805 0.5)
(1.47761 0.0108218 0.5)
(1.47761 0.00669489 0.5)
(1.47761 0.00228106 0.5)
(1.48653 0.0699743 0.5)
(1.48653 0.0699576 0.5)
(1.48653 0.0699397 0.5)
(1.48653 0.0699206 0.5)
(1.48653 0.0699002 0.5)
(1.48653 0.0698784 0.5)
(1.48653 0.069855 0.5)
(1.48653 0.0698301 0.5)
(1.48653 0.0698034 0.5)
(1.48653 0.0697748 0.5)
(1.48653 0.0697442 0.5)
(1.48653 0.0697116 0.5)
(1.48653 0.0696766 0.5)
(1.48653 0.0696392 0.5)
(1.48653 0.0695993 0.5)
(1.48653 0.0695565 0.5)
(1.48653 0.0695108 0.5)
(1.48653 0.0694619 0.5)
(1.48653 0.0694096 0.5)
(1.48653 0.0693536 0.5)
(1.48653 0.0692938 0.5)
(1.48653 0.0692298 0.5)
(1.48653 0.0691614 0.5)
(1.48653 0.0690882 0.5)
(1.48653 0.0690099 0.5)
(1.48653 0.0689262 0.5)
(1.48653 0.0688366 0.5)
(1.48653 0.0687408 0.5)
(1.48653 0.0686384 0.5)
(1.48653 0.0685288 0.5)
(1.48653 0.0684117 0.5)
(1.48653 0.0682864 0.5)
(1.48653 0.0681523 0.5)
(1.48653 0.068009 0.5)
(1.48653 0.0678557 0.5)
(1.48653 0.0676917 0.5)
(1.48653 0.0675163 0.5)
(1.48653 0.0673288 0.5)
(1.48653 0.0671282 0.5)
(1.48653 0.0669136 0.5)
(1.48653 0.0666842 0.5)
(1.48653 0.0664388 0.5)
(1.48653 0.0661763 0.5)
(1.48653 0.0658956 0.5)
(1.48653 0.0655954 0.5)
(1.48653 0.0652743 0.5)
(1.48653 0.0649308 0.5)
(1.48653 0.0645635 0.5)
(1.48653 0.0641707 0.5)
(1.48653 0.0637506 0.5)
(1.48653 0.0633012 0.5)
(1.48653 0.0628206 0.5)
(1.48653 0.0623066 0.5)
(1.48653 0.0617569 0.5)
(1.48653 0.0611689 0.5)
(1.48653 0.0605401 0.5)
(1.48653 0.0598676 0.5)
(1.48653 0.0591483 0.5)
(1.48653 0.058379 0.5)
(1.48653 0.0575562 0.5)
(1.48653 0.0566763 0.5)
(1.48653 0.0557351 0.5)
(1.48653 0.0547285 0.5)
(1.48653 0.053652 0.5)
(1.48653 0.0525006 0.5)
(1.48653 0.0512692 0.5)
(1.48653 0.0499521 0.5)
(1.48653 0.0485435 0.5)
(1.48653 0.047037 0.5)
(1.48653 0.0454258 0.5)
(1.48653 0.0437025 0.5)
(1.48653 0.0418594 0.5)
(1.48653 0.0398882 0.5)
(1.48653 0.03778 0.5)
(1.48653 0.0355252 0.5)
(1.48653 0.0331137 0.5)
(1.48653 0.0305345 0.5)
(1.48653 0.027776 0.5)
(1.48653 0.0248258 0.5)
(1.48653 0.0216704 0.5)
(1.48653 0.0182957 0.5)
(1.48653 0.0146864 0.5)
(1.48653 0.0108262 0.5)
(1.48653 0.00669757 0.5)
(1.48653 0.00228198 0.5)
(1.4955 0.0699884 0.5)
(1.4955 0.0699717 0.5)
(1.4955 0.0699538 0.5)
(1.4955 0.0699348 0.5)
(1.4955 0.0699143 0.5)
(1.4955 0.0698925 0.5)
(1.4955 0.0698691 0.5)
(1.4955 0.0698442 0.5)
(1.4955 0.0698175 0.5)
(1.4955 0.0697889 0.5)
(1.4955 0.0697583 0.5)
(1.4955 0.0697256 0.5)
(1.4955 0.0696907 0.5)
(1.4955 0.0696533 0.5)
(1.4955 0.0696133 0.5)
(1.4955 0.0695705 0.5)
(1.4955 0.0695248 0.5)
(1.4955 0.0694759 0.5)
(1.4955 0.0694236 0.5)
(1.4955 0.0693676 0.5)
(1.4955 0.0693078 0.5)
(1.4955 0.0692438 0.5)
(1.4955 0.0691753 0.5)
(1.4955 0.0691021 0.5)
(1.4955 0.0690238 0.5)
(1.4955 0.0689401 0.5)
(1.4955 0.0688505 0.5)
(1.4955 0.0687547 0.5)
(1.4955 0.0686522 0.5)
(1.4955 0.0685427 0.5)
(1.4955 0.0684255 0.5)
(1.4955 0.0683001 0.5)
(1.4955 0.0681661 0.5)
(1.4955 0.0680227 0.5)
(1.4955 0.0678694 0.5)
(1.4955 0.0677054 0.5)
(1.4955 0.06753 0.5)
(1.4955 0.0673424 0.5)
(1.4955 0.0671417 0.5)
(1.4955 0.0669271 0.5)
(1.4955 0.0666976 0.5)
(1.4955 0.0664522 0.5)
(1.4955 0.0661897 0.5)
(1.4955 0.0659089 0.5)
(1.4955 0.0656086 0.5)
(1.4955 0.0652874 0.5)
(1.4955 0.0649439 0.5)
(1.4955 0.0645766 0.5)
(1.4955 0.0641837 0.5)
(1.4955 0.0637634 0.5)
(1.4955 0.063314 0.5)
(1.4955 0.0628333 0.5)
(1.4955 0.0623192 0.5)
(1.4955 0.0617694 0.5)
(1.4955 0.0611813 0.5)
(1.4955 0.0605523 0.5)
(1.4955 0.0598797 0.5)
(1.4955 0.0591602 0.5)
(1.4955 0.0583908 0.5)
(1.4955 0.0575679 0.5)
(1.4955 0.0566877 0.5)
(1.4955 0.0557464 0.5)
(1.4955 0.0547396 0.5)
(1.4955 0.0536628 0.5)
(1.4955 0.0525112 0.5)
(1.4955 0.0512795 0.5)
(1.4955 0.0499622 0.5)
(1.4955 0.0485533 0.5)
(1.4955 0.0470465 0.5)
(1.4955 0.0454349 0.5)
(1.4955 0.0437113 0.5)
(1.4955 0.0418679 0.5)
(1.4955 0.0398963 0.5)
(1.4955 0.0377876 0.5)
(1.4955 0.0355324 0.5)
(1.4955 0.0331204 0.5)
(1.4955 0.0305407 0.5)
(1.4955 0.0277816 0.5)
(1.4955 0.0248308 0.5)
(1.4955 0.0216748 0.5)
(1.4955 0.0182994 0.5)
(1.4955 0.0146894 0.5)
(1.4955 0.0108283 0.5)
(1.4955 0.00669893 0.5)
(1.4955 0.00228244 0.5)
)
;

boundaryField
{
    lateral_sides
    {
        type            empty;
    }
    outerwall
    {
        type            calculated;
        value           nonuniform List<vector> 
214
(
(0.00453389 0.0699964 0.5)
(0.013579 0.069982 0.5)
(0.0225788 0.0699535 0.5)
(0.0315336 0.0699112 0.5)
(0.0404436 0.0698551 0.5)
(0.0493089 0.0697858 0.5)
(0.0581297 0.0697034 0.5)
(0.0669063 0.0696082 0.5)
(0.0756389 0.0695007 0.5)
(0.0843277 0.0693811 0.5)
(0.0929728 0.0692497 0.5)
(0.101575 0.069107 0.5)
(0.110133 0.0689532 0.5)
(0.118649 0.0687888 0.5)
(0.127121 0.0686141 0.5)
(0.135551 0.0684296 0.5)
(0.143939 0.0682355 0.5)
(0.152285 0.0680323 0.5)
(0.160588 0.0678204 0.5)
(0.16885 0.0676002 0.5)
(0.17707 0.0673721 0.5)
(0.185249 0.0671364 0.5)
(0.193387 0.0668936 0.5)
(0.201484 0.066644 0.5)
(0.20954 0.0663882 0.5)
(0.217556 0.0661264 0.5)
(0.225531 0.065859 0.5)
(0.233466 0.0655865 0.5)
(0.241361 0.0653093 0.5)
(0.249217 0.0650277 0.5)
(0.257033 0.0647421 0.5)
(0.26481 0.0644529 0.5)
(0.272548 0.0641604 0.5)
(0.280247 0.0638651 0.5)
(0.287907 0.0635673 0.5)
(0.295529 0.0632673 0.5)
(0.303113 0.0629655 0.5)
(0.310658 0.0626623 0.5)
(0.318166 0.0623579 0.5)
(0.325636 0.0620528 0.5)
(0.333069 0.0617472 0.5)
(0.340465 0.0614414 0.5)
(0.347823 0.0611358 0.5)
(0.355145 0.0608306 0.5)
(0.36243 0.0605262 0.5)
(0.369678 0.0602229 0.5)
(0.37689 0.0599208 0.5)
(0.384067 0.0596203 0.5)
(0.391207 0.0593217 0.5)
(0.398312 0.0590252 0.5)
(0.405381 0.058731 0.5)
(0.412415 0.0584393 0.5)
(0.419414 0.0581505 0.5)
(0.426377 0.0578647 0.5)
(0.433307 0.0575821 0.5)
(0.440201 0.057303 0.5)
(0.447061 0.0570274 0.5)
(0.453887 0.0567557 0.5)
(0.460679 0.056488 0.5)
(0.467437 0.0562244 0.5)
(0.474162 0.0559651 0.5)
(0.480852 0.0557103 0.5)
(0.48751 0.0554602 0.5)
(0.494134 0.0552147 0.5)
(0.500726 0.0549742 0.5)
(0.507284 0.0547386 0.5)
(0.51381 0.0545082 0.5)
(0.520304 0.0542829 0.5)
(0.526765 0.054063 0.5)
(0.533194 0.0538485 0.5)
(0.539591 0.0536395 0.5)
(0.545956 0.0534361 0.5)
(0.55229 0.0532383 0.5)
(0.558592 0.0530462 0.5)
(0.564862 0.0528599 0.5)
(0.571102 0.0526794 0.5)
(0.57731 0.0525048 0.5)
(0.583487 0.0523361 0.5)
(0.589634 0.0521732 0.5)
(0.59575 0.0520164 0.5)
(0.601836 0.0518655 0.5)
(0.607891 0.0517207 0.5)
(0.613916 0.0515818 0.5)
(0.619911 0.051449 0.5)
(0.625876 0.0513221 0.5)
(0.631812 0.0512013 0.5)
(0.637718 0.0510865 0.5)
(0.643595 0.0509776 0.5)
(0.649442 0.0508748 0.5)
(0.65526 0.0507778 0.5)
(0.661049 0.0506868 0.5)
(0.66681 0.0506017 0.5)
(0.672541 0.0505224 0.5)
(0.678244 0.050449 0.5)
(0.683919 0.0503813 0.5)
(0.689565 0.0503194 0.5)
(0.695183 0.0502631 0.5)
(0.700773 0.0502125 0.5)
(0.706335 0.0501675 0.5)
(0.711869 0.0501279 0.5)
(0.717376 0.0500939 0.5)
(0.722855 0.0500652 0.5)
(0.728307 0.0500419 0.5)
(0.733732 0.0500239 0.5)
(0.739129 0.050011 0.5)
(0.7445 0.0500033 0.5)
(0.749843 0.0500006 0.5)
(0.75516 0.050003 0.5)
(0.760475 0.0500102 0.5)
(0.765817 0.0500226 0.5)
(0.771186 0.05004 0.5)
(0.776582 0.0500626 0.5)
(0.782005 0.0500904 0.5)
(0.787454 0.0501235 0.5)
(0.792931 0.0501619 0.5)
(0.798436 0.0502058 0.5)
(0.803968 0.0502551 0.5)
(0.809527 0.0503099 0.5)
(0.815114 0.0503703 0.5)
(0.820729 0.0504363 0.5)
(0.826372 0.050508 0.5)
(0.832043 0.0505854 0.5)
(0.837743 0.0506685 0.5)
(0.843471 0.0507574 0.5)
(0.849227 0.0508521 0.5)
(0.855012 0.0509526 0.5)
(0.860826 0.051059 0.5)
(0.866669 0.0511712 0.5)
(0.872541 0.0512894 0.5)
(0.878443 0.0514134 0.5)
(0.884373 0.0515433 0.5)
(0.890333 0.0516792 0.5)
(0.896323 0.0518209 0.5)
(0.902343 0.0519685 0.5)
(0.908393 0.0521221 0.5)
(0.914473 0.0522814 0.5)
(0.920583 0.0524466 0.5)
(0.926723 0.0526177 0.5)
(0.932894 0.0527944 0.5)
(0.939096 0.052977 0.5)
(0.945329 0.0531652 0.5)
(0.951592 0.053359 0.5)
(0.957887 0.0535584 0.5)
(0.964213 0.0537633 0.5)
(0.970571 0.0539736 0.5)
(0.97696 0.0541893 0.5)
(0.983381 0.0544102 0.5)
(0.989834 0.0546364 0.5)
(0.99632 0.0548676 0.5)
(1.00284 0.0551037 0.5)
(1.00939 0.0553447 0.5)
(1.01597 0.0555905 0.5)
(1.02258 0.0558408 0.5)
(1.02923 0.0560956 0.5)
(1.03591 0.0563548 0.5)
(1.04263 0.0566181 0.5)
(1.04938 0.0568854 0.5)
(1.05616 0.0571565 0.5)
(1.06297 0.0574313 0.5)
(1.06982 0.0577096 0.5)
(1.07671 0.0579911 0.5)
(1.08363 0.0582758 0.5)
(1.09058 0.0585633 0.5)
(1.09757 0.0588535 0.5)
(1.10459 0.0591461 0.5)
(1.11165 0.059441 0.5)
(1.11874 0.0597378 0.5)
(1.12587 0.0600363 0.5)
(1.13303 0.0603363 0.5)
(1.14023 0.0606375 0.5)
(1.14747 0.0609395 0.5)
(1.15474 0.0612423 0.5)
(1.16205 0.0615454 0.5)
(1.16939 0.0618485 0.5)
(1.17677 0.0621514 0.5)
(1.18419 0.0624538 0.5)
(1.19165 0.0627552 0.5)
(1.19914 0.0630555 0.5)
(1.20667 0.0633542 0.5)
(1.21424 0.0636511 0.5)
(1.22185 0.0639458 0.5)
(1.22949 0.0642379 0.5)
(1.23717 0.0645271 0.5)
(1.24489 0.064813 0.5)
(1.25266 0.0650953 0.5)
(1.26045 0.0653736 0.5)
(1.26829 0.0656475 0.5)
(1.27617 0.0659167 0.5)
(1.28409 0.0661807 0.5)
(1.29205 0.0664392 0.5)
(1.30004 0.0666917 0.5)
(1.30808 0.066938 0.5)
(1.31616 0.0671776 0.5)
(1.32428 0.0674101 0.5)
(1.33244 0.0676352 0.5)
(1.34064 0.0678524 0.5)
(1.34888 0.0680613 0.5)
(1.35716 0.0682617 0.5)
(1.36549 0.068453 0.5)
(1.37386 0.0686349 0.5)
(1.38227 0.068807 0.5)
(1.39072 0.068969 0.5)
(1.39921 0.0691205 0.5)
(1.40775 0.0692611 0.5)
(1.41633 0.0693905 0.5)
(1.42495 0.0695083 0.5)
(1.43361 0.0696143 0.5)
(1.44232 0.069708 0.5)
(1.45108 0.0697891 0.5)
(1.45987 0.0698574 0.5)
(1.46871 0.0699125 0.5)
(1.4776 0.0699543 0.5)
(1.48653 0.0699823 0.5)
(1.4955 0.0699965 0.5)
)
;
    }
    longitudinal_symmetry
    {
        type            symmetryPlane;
    }
    inlet
    {
        type            calculated;
        value           nonuniform List<vector> 
85
(
(0 0.0699919 0.5)
(0 0.0699752 0.5)
(0 0.0699574 0.5)
(0 0.0699383 0.5)
(0 0.0699179 0.5)
(0 0.069896 0.5)
(0 0.0698727 0.5)
(0 0.0698477 0.5)
(0 0.069821 0.5)
(0 0.0697924 0.5)
(0 0.0697619 0.5)
(0 0.0697292 0.5)
(0 0.0696942 0.5)
(0 0.0696568 0.5)
(0 0.0696168 0.5)
(0 0.0695741 0.5)
(0 0.0695283 0.5)
(0 0.0694794 0.5)
(0 0.0694271 0.5)
(0 0.0693711 0.5)
(0 0.0693113 0.5)
(0 0.0692473 0.5)
(0 0.0691788 0.5)
(0 0.0691056 0.5)
(0 0.0690273 0.5)
(0 0.0689436 0.5)
(0 0.068854 0.5)
(0 0.0687582 0.5)
(0 0.0686557 0.5)
(0 0.0685461 0.5)
(0 0.0684289 0.5)
(0 0.0683036 0.5)
(0 0.0681695 0.5)
(0 0.0680262 0.5)
(0 0.0678728 0.5)
(0 0.0677088 0.5)
(0 0.0675334 0.5)
(0 0.0673458 0.5)
(0 0.0671451 0.5)
(0 0.0669305 0.5)
(0 0.066701 0.5)
(0 0.0664556 0.5)
(0 0.066193 0.5)
(0 0.0659122 0.5)
(0 0.0656119 0.5)
(0 0.0652907 0.5)
(0 0.0649472 0.5)
(0 0.0645798 0.5)
(0 0.0641869 0.5)
(0 0.0637667 0.5)
(0 0.0633172 0.5)
(0 0.0628365 0.5)
(0 0.0623224 0.5)
(0 0.0617725 0.5)
(0 0.0611844 0.5)
(0 0.0605554 0.5)
(0 0.0598827 0.5)
(0 0.0591632 0.5)
(0 0.0583938 0.5)
(0 0.0575708 0.5)
(0 0.0566906 0.5)
(0 0.0557492 0.5)
(0 0.0547424 0.5)
(0 0.0536655 0.5)
(0 0.0525139 0.5)
(0 0.0512821 0.5)
(0 0.0499648 0.5)
(0 0.0485558 0.5)
(0 0.0470489 0.5)
(0 0.0454372 0.5)
(0 0.0437135 0.5)
(0 0.04187 0.5)
(0 0.0398983 0.5)
(0 0.0377896 0.5)
(0 0.0355342 0.5)
(0 0.033122 0.5)
(0 0.0305422 0.5)
(0 0.027783 0.5)
(0 0.024832 0.5)
(0 0.0216759 0.5)
(0 0.0183003 0.5)
(0 0.0146901 0.5)
(0 0.0108289 0.5)
(0 0.00669926 0.5)
(0 0.00228254 0.5)
)
;
    }
    outlet
    {
        type            calculated;
        value           nonuniform List<vector> 
85
(
(1.5 0.0699919 0.5)
(1.5 0.0699752 0.5)
(1.5 0.0699574 0.5)
(1.5 0.0699383 0.5)
(1.5 0.0699179 0.5)
(1.5 0.069896 0.5)
(1.5 0.0698727 0.5)
(1.5 0.0698477 0.5)
(1.5 0.069821 0.5)
(1.5 0.0697924 0.5)
(1.5 0.0697619 0.5)
(1.5 0.0697292 0.5)
(1.5 0.0696942 0.5)
(1.5 0.0696568 0.5)
(1.5 0.0696168 0.5)
(1.5 0.0695741 0.5)
(1.5 0.0695283 0.5)
(1.5 0.0694794 0.5)
(1.5 0.0694271 0.5)
(1.5 0.0693711 0.5)
(1.5 0.0693113 0.5)
(1.5 0.0692473 0.5)
(1.5 0.0691788 0.5)
(1.5 0.0691056 0.5)
(1.5 0.0690273 0.5)
(1.5 0.0689436 0.5)
(1.5 0.068854 0.5)
(1.5 0.0687582 0.5)
(1.5 0.0686557 0.5)
(1.5 0.0685461 0.5)
(1.5 0.0684289 0.5)
(1.5 0.0683036 0.5)
(1.5 0.0681695 0.5)
(1.5 0.0680262 0.5)
(1.5 0.0678728 0.5)
(1.5 0.0677088 0.5)
(1.5 0.0675334 0.5)
(1.5 0.0673458 0.5)
(1.5 0.0671451 0.5)
(1.5 0.0669305 0.5)
(1.5 0.066701 0.5)
(1.5 0.0664556 0.5)
(1.5 0.066193 0.5)
(1.5 0.0659122 0.5)
(1.5 0.0656119 0.5)
(1.5 0.0652907 0.5)
(1.5 0.0649472 0.5)
(1.5 0.0645798 0.5)
(1.5 0.0641869 0.5)
(1.5 0.0637667 0.5)
(1.5 0.0633172 0.5)
(1.5 0.0628365 0.5)
(1.5 0.0623224 0.5)
(1.5 0.0617725 0.5)
(1.5 0.0611844 0.5)
(1.5 0.0605554 0.5)
(1.5 0.0598827 0.5)
(1.5 0.0591632 0.5)
(1.5 0.0583938 0.5)
(1.5 0.0575708 0.5)
(1.5 0.0566906 0.5)
(1.5 0.0557492 0.5)
(1.5 0.0547424 0.5)
(1.5 0.0536655 0.5)
(1.5 0.0525139 0.5)
(1.5 0.0512821 0.5)
(1.5 0.0499648 0.5)
(1.5 0.0485558 0.5)
(1.5 0.0470489 0.5)
(1.5 0.0454372 0.5)
(1.5 0.0437135 0.5)
(1.5 0.04187 0.5)
(1.5 0.0398983 0.5)
(1.5 0.0377896 0.5)
(1.5 0.0355342 0.5)
(1.5 0.033122 0.5)
(1.5 0.0305422 0.5)
(1.5 0.027783 0.5)
(1.5 0.024832 0.5)
(1.5 0.0216759 0.5)
(1.5 0.0183003 0.5)
(1.5 0.0146901 0.5)
(1.5 0.0108289 0.5)
(1.5 0.00669926 0.5)
(1.5 0.00228254 0.5)
)
;
    }
}


// ************************************************************************* //
