/*--------------------------------*- C++ -*----------------------------------*\
| =========                 |                                                 |
| \\      /  F ield         | OpenFOAM: The Open Source CFD Toolbox           |
|  \\    /   O peration     | Version:  2412                                  |
|   \\  /    A nd           | Website:  www.openfoam.com                      |
|    \\/     M anipulation  |                                                 |
\*---------------------------------------------------------------------------*/
FoamFile
{
    version     2.0;
    format      ascii;
    arch        "LSB;label=32;scalar=64";
    class       volScalarField;
    location    "0";
    object      Cx;
}
// * * * * * * * * * * * * * * * * * * * * * * * * * * * * * * * * * * * * * //

dimensions      [0 1 0 0 0 0 0];

internalField   nonuniform List<scalar> 
18190
(
0.00453382
0.00453381
0.00453381
0.00453381
0.00453381
0.00453381
0.00453381
0.00453381
0.00453381
0.00453381
0.00453381
0.00453381
0.00453381
0.00453381
0.0045338
0.0045338
0.0045338
0.0045338
0.0045338
0.0045338
0.0045338
0.00453379
0.00453379
0.00453379
0.00453379
0.00453379
0.00453378
0.00453378
0.00453378
0.00453377
0.00453377
0.00453377
0.00453376
0.00453376
0.00453376
0.00453375
0.00453375
0.00453374
0.00453373
0.00453373
0.00453372
0.00453372
0.00453371
0.0045337
0.00453369
0.00453368
0.00453367
0.00453366
0.00453365
0.00453364
0.00453363
0.00453361
0.0045336
0.00453358
0.00453357
0.00453355
0.00453353
0.00453351
0.00453349
0.00453346
0.00453344
0.00453341
0.00453338
0.00453335
0.00453332
0.00453329
0.00453325
0.00453321
0.00453317
0.00453312
0.00453307
0.00453302
0.00453296
0.00453291
0.00453284
0.00453277
0.0045327
0.00453262
0.00453254
0.00453245
0.00453235
0.00453225
0.00453214
0.00453203
0.0045319
0.0135788
0.0135788
0.0135788
0.0135788
0.0135788
0.0135788
0.0135788
0.0135788
0.0135788
0.0135788
0.0135787
0.0135787
0.0135787
0.0135787
0.0135787
0.0135787
0.0135787
0.0135787
0.0135787
0.0135787
0.0135787
0.0135787
0.0135787
0.0135787
0.0135787
0.0135787
0.0135787
0.0135787
0.0135787
0.0135786
0.0135786
0.0135786
0.0135786
0.0135786
0.0135786
0.0135786
0.0135786
0.0135785
0.0135785
0.0135785
0.0135785
0.0135785
0.0135784
0.0135784
0.0135784
0.0135784
0.0135783
0.0135783
0.0135783
0.0135782
0.0135782
0.0135782
0.0135781
0.0135781
0.013578
0.013578
0.0135779
0.0135779
0.0135778
0.0135777
0.0135776
0.0135776
0.0135775
0.0135774
0.0135773
0.0135772
0.0135771
0.013577
0.0135768
0.0135767
0.0135765
0.0135764
0.0135762
0.013576
0.0135759
0.0135757
0.0135754
0.0135752
0.013575
0.0135747
0.0135744
0.0135741
0.0135738
0.0135734
0.013573
0.0225785
0.0225785
0.0225785
0.0225785
0.0225785
0.0225785
0.0225784
0.0225784
0.0225784
0.0225784
0.0225784
0.0225784
0.0225784
0.0225784
0.0225784
0.0225784
0.0225784
0.0225784
0.0225784
0.0225784
0.0225784
0.0225784
0.0225784
0.0225783
0.0225783
0.0225783
0.0225783
0.0225783
0.0225783
0.0225783
0.0225782
0.0225782
0.0225782
0.0225782
0.0225782
0.0225781
0.0225781
0.0225781
0.0225781
0.022578
0.022578
0.022578
0.0225779
0.0225779
0.0225779
0.0225778
0.0225778
0.0225777
0.0225777
0.0225776
0.0225775
0.0225775
0.0225774
0.0225773
0.0225772
0.0225771
0.0225771
0.0225769
0.0225768
0.0225767
0.0225766
0.0225765
0.0225763
0.0225762
0.022576
0.0225758
0.0225757
0.0225755
0.0225753
0.022575
0.0225748
0.0225745
0.0225743
0.022574
0.0225736
0.0225733
0.0225729
0.0225726
0.0225721
0.0225717
0.0225712
0.0225707
0.0225702
0.0225696
0.022569
0.0315331
0.0315331
0.0315331
0.0315331
0.0315331
0.0315331
0.0315331
0.0315331
0.0315331
0.0315331
0.0315331
0.0315331
0.0315331
0.031533
0.031533
0.031533
0.031533
0.031533
0.031533
0.031533
0.031533
0.031533
0.031533
0.0315329
0.0315329
0.0315329
0.0315329
0.0315329
0.0315329
0.0315328
0.0315328
0.0315328
0.0315328
0.0315327
0.0315327
0.0315327
0.0315326
0.0315326
0.0315326
0.0315325
0.0315325
0.0315324
0.0315324
0.0315323
0.0315323
0.0315322
0.0315321
0.0315321
0.031532
0.0315319
0.0315318
0.0315317
0.0315316
0.0315315
0.0315314
0.0315313
0.0315311
0.031531
0.0315309
0.0315307
0.0315305
0.0315303
0.0315301
0.0315299
0.0315297
0.0315295
0.0315292
0.0315289
0.0315287
0.0315283
0.031528
0.0315276
0.0315273
0.0315269
0.0315264
0.0315259
0.0315254
0.0315249
0.0315243
0.0315237
0.0315231
0.0315224
0.0315216
0.0315208
0.03152
0.0404429
0.0404429
0.0404429
0.0404429
0.0404429
0.0404429
0.0404429
0.0404429
0.0404429
0.0404429
0.0404429
0.0404428
0.0404428
0.0404428
0.0404428
0.0404428
0.0404428
0.0404428
0.0404428
0.0404428
0.0404427
0.0404427
0.0404427
0.0404427
0.0404427
0.0404427
0.0404426
0.0404426
0.0404426
0.0404426
0.0404425
0.0404425
0.0404425
0.0404424
0.0404424
0.0404423
0.0404423
0.0404423
0.0404422
0.0404422
0.0404421
0.040442
0.040442
0.0404419
0.0404418
0.0404417
0.0404417
0.0404416
0.0404415
0.0404414
0.0404413
0.0404411
0.040441
0.0404409
0.0404407
0.0404406
0.0404404
0.0404402
0.04044
0.0404398
0.0404396
0.0404394
0.0404391
0.0404389
0.0404386
0.0404383
0.040438
0.0404376
0.0404372
0.0404368
0.0404364
0.040436
0.0404355
0.0404349
0.0404344
0.0404338
0.0404332
0.0404325
0.0404317
0.040431
0.0404301
0.0404292
0.0404283
0.0404273
0.0404262
0.0493081
0.0493081
0.0493081
0.0493081
0.049308
0.049308
0.049308
0.049308
0.049308
0.049308
0.049308
0.049308
0.049308
0.049308
0.049308
0.0493079
0.0493079
0.0493079
0.0493079
0.0493079
0.0493079
0.0493078
0.0493078
0.0493078
0.0493078
0.0493078
0.0493077
0.0493077
0.0493077
0.0493076
0.0493076
0.0493076
0.0493075
0.0493075
0.0493074
0.0493074
0.0493073
0.0493073
0.0493072
0.0493072
0.0493071
0.049307
0.0493069
0.0493069
0.0493068
0.0493067
0.0493066
0.0493065
0.0493063
0.0493062
0.0493061
0.0493059
0.0493058
0.0493056
0.0493054
0.0493053
0.0493051
0.0493048
0.0493046
0.0493044
0.0493041
0.0493038
0.0493035
0.0493032
0.0493028
0.0493025
0.0493021
0.0493017
0.0493012
0.0493007
0.0493002
0.0492997
0.0492991
0.0492984
0.0492978
0.0492971
0.0492963
0.0492955
0.0492946
0.0492936
0.0492926
0.0492915
0.0492904
0.0492892
0.0492878
0.0581288
0.0581288
0.0581288
0.0581288
0.0581288
0.0581288
0.0581288
0.0581287
0.0581287
0.0581287
0.0581287
0.0581287
0.0581287
0.0581287
0.0581287
0.0581286
0.0581286
0.0581286
0.0581286
0.0581286
0.0581286
0.0581285
0.0581285
0.0581285
0.0581285
0.0581284
0.0581284
0.0581284
0.0581283
0.0581283
0.0581282
0.0581282
0.0581282
0.0581281
0.0581281
0.058128
0.0581279
0.0581279
0.0581278
0.0581277
0.0581276
0.0581276
0.0581275
0.0581274
0.0581273
0.0581272
0.058127
0.0581269
0.0581268
0.0581266
0.0581265
0.0581263
0.0581261
0.0581259
0.0581257
0.0581255
0.0581253
0.058125
0.0581248
0.0581245
0.0581242
0.0581238
0.0581235
0.0581231
0.0581227
0.0581223
0.0581218
0.0581213
0.0581208
0.0581202
0.0581196
0.058119
0.0581183
0.0581176
0.0581168
0.058116
0.0581151
0.0581141
0.0581131
0.058112
0.0581108
0.0581095
0.0581082
0.0581067
0.0581052
0.0669053
0.0669053
0.0669053
0.0669053
0.0669053
0.0669052
0.0669052
0.0669052
0.0669052
0.0669052
0.0669052
0.0669052
0.0669052
0.0669052
0.0669051
0.0669051
0.0669051
0.0669051
0.0669051
0.066905
0.066905
0.066905
0.066905
0.0669049
0.0669049
0.0669049
0.0669048
0.0669048
0.0669048
0.0669047
0.0669047
0.0669046
0.0669046
0.0669045
0.0669044
0.0669044
0.0669043
0.0669042
0.0669042
0.0669041
0.066904
0.0669039
0.0669038
0.0669037
0.0669036
0.0669034
0.0669033
0.0669031
0.066903
0.0669028
0.0669026
0.0669025
0.0669022
0.066902
0.0669018
0.0669015
0.0669013
0.066901
0.0669007
0.0669004
0.0669
0.0668996
0.0668992
0.0668988
0.0668984
0.0668979
0.0668974
0.0668968
0.0668962
0.0668956
0.0668949
0.0668942
0.0668934
0.0668925
0.0668916
0.0668907
0.0668897
0.0668886
0.0668874
0.0668862
0.0668848
0.0668834
0.0668819
0.0668802
0.0668785
0.0756377
0.0756377
0.0756377
0.0756377
0.0756377
0.0756377
0.0756377
0.0756377
0.0756377
0.0756377
0.0756376
0.0756376
0.0756376
0.0756376
0.0756376
0.0756376
0.0756375
0.0756375
0.0756375
0.0756375
0.0756374
0.0756374
0.0756374
0.0756374
0.0756373
0.0756373
0.0756372
0.0756372
0.0756372
0.0756371
0.0756371
0.075637
0.0756369
0.0756369
0.0756368
0.0756367
0.0756367
0.0756366
0.0756365
0.0756364
0.0756363
0.0756362
0.0756361
0.0756359
0.0756358
0.0756357
0.0756355
0.0756354
0.0756352
0.075635
0.0756348
0.0756346
0.0756344
0.0756341
0.0756339
0.0756336
0.0756333
0.075633
0.0756326
0.0756323
0.0756319
0.0756315
0.075631
0.0756305
0.07563
0.0756295
0.0756289
0.0756283
0.0756276
0.0756269
0.0756262
0.0756254
0.0756245
0.0756236
0.0756226
0.0756215
0.0756204
0.0756191
0.0756178
0.0756165
0.075615
0.0756134
0.0756117
0.0756099
0.0756079
0.0843264
0.0843264
0.0843264
0.0843264
0.0843263
0.0843263
0.0843263
0.0843263
0.0843263
0.0843263
0.0843263
0.0843263
0.0843262
0.0843262
0.0843262
0.0843262
0.0843262
0.0843261
0.0843261
0.0843261
0.0843261
0.084326
0.084326
0.084326
0.0843259
0.0843259
0.0843258
0.0843258
0.0843257
0.0843257
0.0843256
0.0843256
0.0843255
0.0843254
0.0843254
0.0843253
0.0843252
0.0843251
0.084325
0.0843249
0.0843248
0.0843247
0.0843245
0.0843244
0.0843243
0.0843241
0.0843239
0.0843238
0.0843236
0.0843234
0.0843232
0.0843229
0.0843227
0.0843224
0.0843221
0.0843218
0.0843215
0.0843212
0.0843208
0.0843204
0.08432
0.0843195
0.084319
0.0843185
0.0843179
0.0843173
0.0843167
0.084316
0.0843153
0.0843145
0.0843137
0.0843128
0.0843118
0.0843108
0.0843097
0.0843086
0.0843073
0.084306
0.0843046
0.084303
0.0843014
0.0842997
0.0842978
0.0842958
0.0842937
0.0929714
0.0929714
0.0929714
0.0929714
0.0929714
0.0929714
0.0929713
0.0929713
0.0929713
0.0929713
0.0929713
0.0929713
0.0929712
0.0929712
0.0929712
0.0929712
0.0929712
0.0929711
0.0929711
0.0929711
0.092971
0.092971
0.092971
0.0929709
0.0929709
0.0929709
0.0929708
0.0929708
0.0929707
0.0929706
0.0929706
0.0929705
0.0929705
0.0929704
0.0929703
0.0929702
0.0929701
0.09297
0.0929699
0.0929698
0.0929697
0.0929696
0.0929694
0.0929693
0.0929691
0.0929689
0.0929688
0.0929686
0.0929684
0.0929681
0.0929679
0.0929677
0.0929674
0.0929671
0.0929668
0.0929665
0.0929661
0.0929657
0.0929653
0.0929649
0.0929644
0.092964
0.0929634
0.0929629
0.0929623
0.0929616
0.0929609
0.0929602
0.0929594
0.0929586
0.0929577
0.0929567
0.0929557
0.0929546
0.0929534
0.0929521
0.0929508
0.0929493
0.0929478
0.0929461
0.0929444
0.0929425
0.0929405
0.0929383
0.092936
0.101573
0.101573
0.101573
0.101573
0.101573
0.101573
0.101573
0.101573
0.101573
0.101573
0.101573
0.101573
0.101573
0.101573
0.101573
0.101573
0.101573
0.101573
0.101573
0.101573
0.101573
0.101573
0.101573
0.101573
0.101572
0.101572
0.101572
0.101572
0.101572
0.101572
0.101572
0.101572
0.101572
0.101572
0.101572
0.101572
0.101572
0.101572
0.101571
0.101571
0.101571
0.101571
0.101571
0.101571
0.101571
0.10157
0.10157
0.10157
0.10157
0.10157
0.101569
0.101569
0.101569
0.101568
0.101568
0.101568
0.101567
0.101567
0.101567
0.101566
0.101566
0.101565
0.101564
0.101564
0.101563
0.101563
0.101562
0.101561
0.10156
0.101559
0.101558
0.101557
0.101556
0.101555
0.101554
0.101552
0.101551
0.101549
0.101548
0.101546
0.101544
0.101542
0.10154
0.101538
0.101535
0.110131
0.110131
0.110131
0.110131
0.110131
0.110131
0.110131
0.110131
0.110131
0.110131
0.110131
0.110131
0.110131
0.110131
0.110131
0.110131
0.110131
0.110131
0.110131
0.110131
0.110131
0.110131
0.110131
0.110131
0.110131
0.110131
0.110131
0.110131
0.110131
0.110131
0.11013
0.11013
0.11013
0.11013
0.11013
0.11013
0.11013
0.11013
0.11013
0.11013
0.110129
0.110129
0.110129
0.110129
0.110129
0.110129
0.110128
0.110128
0.110128
0.110128
0.110127
0.110127
0.110127
0.110127
0.110126
0.110126
0.110125
0.110125
0.110125
0.110124
0.110124
0.110123
0.110122
0.110122
0.110121
0.11012
0.11012
0.110119
0.110118
0.110117
0.110116
0.110115
0.110114
0.110112
0.110111
0.11011
0.110108
0.110106
0.110105
0.110103
0.110101
0.110099
0.110096
0.110094
0.110091
0.118647
0.118647
0.118647
0.118647
0.118647
0.118647
0.118647
0.118647
0.118647
0.118647
0.118647
0.118647
0.118647
0.118647
0.118647
0.118647
0.118647
0.118646
0.118646
0.118646
0.118646
0.118646
0.118646
0.118646
0.118646
0.118646
0.118646
0.118646
0.118646
0.118646
0.118646
0.118646
0.118646
0.118646
0.118645
0.118645
0.118645
0.118645
0.118645
0.118645
0.118645
0.118645
0.118644
0.118644
0.118644
0.118644
0.118644
0.118643
0.118643
0.118643
0.118643
0.118642
0.118642
0.118642
0.118641
0.118641
0.118641
0.11864
0.11864
0.118639
0.118639
0.118638
0.118637
0.118637
0.118636
0.118635
0.118634
0.118633
0.118633
0.118631
0.11863
0.118629
0.118628
0.118627
0.118625
0.118624
0.118622
0.11862
0.118619
0.118617
0.118615
0.118612
0.11861
0.118607
0.118605
0.127119
0.127119
0.127119
0.127119
0.127119
0.127119
0.127119
0.127119
0.127119
0.127119
0.127119
0.127119
0.127119
0.127119
0.127119
0.127119
0.127119
0.127119
0.127119
0.127119
0.127119
0.127119
0.127119
0.127119
0.127119
0.127119
0.127119
0.127119
0.127119
0.127118
0.127118
0.127118
0.127118
0.127118
0.127118
0.127118
0.127118
0.127118
0.127118
0.127117
0.127117
0.127117
0.127117
0.127117
0.127117
0.127116
0.127116
0.127116
0.127116
0.127115
0.127115
0.127115
0.127114
0.127114
0.127114
0.127113
0.127113
0.127112
0.127112
0.127111
0.127111
0.12711
0.127109
0.127109
0.127108
0.127107
0.127106
0.127105
0.127104
0.127103
0.127102
0.127101
0.1271
0.127098
0.127097
0.127095
0.127094
0.127092
0.12709
0.127088
0.127086
0.127083
0.127081
0.127078
0.127075
0.135549
0.135549
0.135549
0.135549
0.135549
0.135549
0.135549
0.135549
0.135549
0.135549
0.135549
0.135549
0.135549
0.135549
0.135549
0.135549
0.135549
0.135549
0.135549
0.135549
0.135549
0.135549
0.135549
0.135549
0.135549
0.135549
0.135549
0.135549
0.135549
0.135548
0.135548
0.135548
0.135548
0.135548
0.135548
0.135548
0.135548
0.135548
0.135548
0.135547
0.135547
0.135547
0.135547
0.135547
0.135546
0.135546
0.135546
0.135546
0.135546
0.135545
0.135545
0.135545
0.135544
0.135544
0.135543
0.135543
0.135543
0.135542
0.135542
0.135541
0.13554
0.13554
0.135539
0.135538
0.135538
0.135537
0.135536
0.135535
0.135534
0.135533
0.135532
0.13553
0.135529
0.135528
0.135526
0.135525
0.135523
0.135521
0.135519
0.135517
0.135515
0.135512
0.13551
0.135507
0.135504
0.143937
0.143937
0.143937
0.143937
0.143937
0.143937
0.143937
0.143937
0.143937
0.143937
0.143937
0.143937
0.143937
0.143937
0.143937
0.143937
0.143937
0.143937
0.143937
0.143937
0.143937
0.143937
0.143937
0.143936
0.143936
0.143936
0.143936
0.143936
0.143936
0.143936
0.143936
0.143936
0.143936
0.143936
0.143936
0.143935
0.143935
0.143935
0.143935
0.143935
0.143935
0.143935
0.143934
0.143934
0.143934
0.143934
0.143934
0.143933
0.143933
0.143933
0.143932
0.143932
0.143932
0.143931
0.143931
0.143931
0.14393
0.14393
0.143929
0.143928
0.143928
0.143927
0.143926
0.143926
0.143925
0.143924
0.143923
0.143922
0.143921
0.14392
0.143919
0.143918
0.143916
0.143915
0.143913
0.143911
0.14391
0.143908
0.143906
0.143904
0.143901
0.143899
0.143896
0.143893
0.14389
0.152283
0.152283
0.152283
0.152282
0.152282
0.152282
0.152282
0.152282
0.152282
0.152282
0.152282
0.152282
0.152282
0.152282
0.152282
0.152282
0.152282
0.152282
0.152282
0.152282
0.152282
0.152282
0.152282
0.152282
0.152282
0.152282
0.152282
0.152282
0.152282
0.152282
0.152281
0.152281
0.152281
0.152281
0.152281
0.152281
0.152281
0.152281
0.152281
0.15228
0.15228
0.15228
0.15228
0.15228
0.152279
0.152279
0.152279
0.152279
0.152278
0.152278
0.152278
0.152277
0.152277
0.152277
0.152276
0.152276
0.152275
0.152275
0.152274
0.152274
0.152273
0.152272
0.152272
0.152271
0.15227
0.152269
0.152268
0.152267
0.152266
0.152265
0.152264
0.152263
0.152261
0.15226
0.152258
0.152256
0.152254
0.152252
0.15225
0.152248
0.152246
0.152243
0.15224
0.152237
0.152234
0.160586
0.160586
0.160586
0.160586
0.160586
0.160586
0.160586
0.160586
0.160586
0.160586
0.160586
0.160586
0.160586
0.160586
0.160586
0.160586
0.160586
0.160586
0.160586
0.160586
0.160586
0.160585
0.160585
0.160585
0.160585
0.160585
0.160585
0.160585
0.160585
0.160585
0.160585
0.160585
0.160585
0.160585
0.160584
0.160584
0.160584
0.160584
0.160584
0.160584
0.160584
0.160583
0.160583
0.160583
0.160583
0.160583
0.160582
0.160582
0.160582
0.160582
0.160581
0.160581
0.16058
0.16058
0.16058
0.160579
0.160579
0.160578
0.160578
0.160577
0.160576
0.160576
0.160575
0.160574
0.160573
0.160572
0.160572
0.16057
0.160569
0.160568
0.160567
0.160566
0.160564
0.160563
0.160561
0.160559
0.160557
0.160555
0.160553
0.160551
0.160549
0.160546
0.160543
0.16054
0.160537
0.168848
0.168848
0.168848
0.168848
0.168848
0.168848
0.168848
0.168848
0.168848
0.168848
0.168848
0.168848
0.168848
0.168848
0.168847
0.168847
0.168847
0.168847
0.168847
0.168847
0.168847
0.168847
0.168847
0.168847
0.168847
0.168847
0.168847
0.168847
0.168847
0.168847
0.168847
0.168847
0.168846
0.168846
0.168846
0.168846
0.168846
0.168846
0.168846
0.168846
0.168845
0.168845
0.168845
0.168845
0.168845
0.168844
0.168844
0.168844
0.168844
0.168843
0.168843
0.168843
0.168842
0.168842
0.168841
0.168841
0.16884
0.16884
0.168839
0.168839
0.168838
0.168837
0.168837
0.168836
0.168835
0.168834
0.168833
0.168832
0.168831
0.16883
0.168828
0.168827
0.168826
0.168824
0.168822
0.168821
0.168819
0.168817
0.168815
0.168812
0.16881
0.168807
0.168804
0.168801
0.168798
0.177068
0.177068
0.177068
0.177068
0.177068
0.177068
0.177068
0.177068
0.177068
0.177068
0.177068
0.177068
0.177068
0.177068
0.177068
0.177068
0.177068
0.177068
0.177068
0.177067
0.177067
0.177067
0.177067
0.177067
0.177067
0.177067
0.177067
0.177067
0.177067
0.177067
0.177067
0.177067
0.177067
0.177066
0.177066
0.177066
0.177066
0.177066
0.177066
0.177066
0.177066
0.177065
0.177065
0.177065
0.177065
0.177064
0.177064
0.177064
0.177064
0.177063
0.177063
0.177063
0.177062
0.177062
0.177061
0.177061
0.17706
0.17706
0.177059
0.177059
0.177058
0.177057
0.177057
0.177056
0.177055
0.177054
0.177053
0.177052
0.177051
0.17705
0.177048
0.177047
0.177046
0.177044
0.177042
0.177041
0.177039
0.177037
0.177035
0.177032
0.17703
0.177027
0.177024
0.177021
0.177018
0.185247
0.185247
0.185247
0.185247
0.185247
0.185247
0.185247
0.185247
0.185247
0.185247
0.185247
0.185247
0.185247
0.185247
0.185247
0.185246
0.185246
0.185246
0.185246
0.185246
0.185246
0.185246
0.185246
0.185246
0.185246
0.185246
0.185246
0.185246
0.185246
0.185246
0.185246
0.185246
0.185245
0.185245
0.185245
0.185245
0.185245
0.185245
0.185245
0.185245
0.185244
0.185244
0.185244
0.185244
0.185244
0.185243
0.185243
0.185243
0.185242
0.185242
0.185242
0.185241
0.185241
0.185241
0.18524
0.18524
0.185239
0.185239
0.185238
0.185238
0.185237
0.185236
0.185235
0.185235
0.185234
0.185233
0.185232
0.185231
0.18523
0.185229
0.185227
0.185226
0.185224
0.185223
0.185221
0.185219
0.185217
0.185215
0.185213
0.185211
0.185208
0.185206
0.185203
0.1852
0.185196
0.193385
0.193384
0.193384
0.193384
0.193384
0.193384
0.193384
0.193384
0.193384
0.193384
0.193384
0.193384
0.193384
0.193384
0.193384
0.193384
0.193384
0.193384
0.193384
0.193384
0.193384
0.193384
0.193384
0.193384
0.193384
0.193384
0.193384
0.193384
0.193384
0.193383
0.193383
0.193383
0.193383
0.193383
0.193383
0.193383
0.193383
0.193383
0.193382
0.193382
0.193382
0.193382
0.193382
0.193381
0.193381
0.193381
0.193381
0.19338
0.19338
0.19338
0.19338
0.193379
0.193379
0.193378
0.193378
0.193378
0.193377
0.193376
0.193376
0.193375
0.193375
0.193374
0.193373
0.193372
0.193372
0.193371
0.19337
0.193369
0.193367
0.193366
0.193365
0.193364
0.193362
0.193361
0.193359
0.193357
0.193355
0.193353
0.193351
0.193349
0.193346
0.193343
0.193341
0.193338
0.193334
0.201481
0.201481
0.201481
0.201481
0.201481
0.201481
0.201481
0.201481
0.201481
0.201481
0.201481
0.201481
0.201481
0.201481
0.201481
0.201481
0.201481
0.201481
0.201481
0.201481
0.201481
0.201481
0.201481
0.201481
0.201481
0.201481
0.20148
0.20148
0.20148
0.20148
0.20148
0.20148
0.20148
0.20148
0.20148
0.20148
0.201479
0.201479
0.201479
0.201479
0.201479
0.201479
0.201478
0.201478
0.201478
0.201478
0.201478
0.201477
0.201477
0.201477
0.201476
0.201476
0.201476
0.201475
0.201475
0.201474
0.201474
0.201473
0.201473
0.201472
0.201471
0.201471
0.20147
0.201469
0.201468
0.201467
0.201467
0.201465
0.201464
0.201463
0.201462
0.201461
0.201459
0.201458
0.201456
0.201454
0.201452
0.20145
0.201448
0.201446
0.201443
0.20144
0.201438
0.201435
0.201431
0.209537
0.209537
0.209537
0.209537
0.209537
0.209537
0.209537
0.209537
0.209537
0.209537
0.209537
0.209537
0.209537
0.209537
0.209537
0.209537
0.209537
0.209537
0.209537
0.209537
0.209537
0.209537
0.209537
0.209537
0.209537
0.209537
0.209537
0.209536
0.209536
0.209536
0.209536
0.209536
0.209536
0.209536
0.209536
0.209536
0.209536
0.209535
0.209535
0.209535
0.209535
0.209535
0.209535
0.209534
0.209534
0.209534
0.209534
0.209533
0.209533
0.209533
0.209532
0.209532
0.209532
0.209531
0.209531
0.20953
0.20953
0.209529
0.209529
0.209528
0.209528
0.209527
0.209526
0.209525
0.209525
0.209524
0.209523
0.209522
0.209521
0.209519
0.209518
0.209517
0.209515
0.209514
0.209512
0.20951
0.209509
0.209507
0.209504
0.209502
0.2095
0.209497
0.209494
0.209491
0.209488
0.217553
0.217553
0.217553
0.217553
0.217553
0.217553
0.217553
0.217553
0.217553
0.217553
0.217553
0.217553
0.217553
0.217553
0.217553
0.217553
0.217553
0.217553
0.217553
0.217552
0.217552
0.217552
0.217552
0.217552
0.217552
0.217552
0.217552
0.217552
0.217552
0.217552
0.217552
0.217552
0.217552
0.217552
0.217551
0.217551
0.217551
0.217551
0.217551
0.217551
0.217551
0.21755
0.21755
0.21755
0.21755
0.21755
0.217549
0.217549
0.217549
0.217548
0.217548
0.217548
0.217547
0.217547
0.217547
0.217546
0.217546
0.217545
0.217545
0.217544
0.217543
0.217543
0.217542
0.217541
0.21754
0.217539
0.217539
0.217538
0.217536
0.217535
0.217534
0.217533
0.217531
0.21753
0.217528
0.217526
0.217525
0.217523
0.21752
0.217518
0.217516
0.217513
0.21751
0.217507
0.217504
0.225528
0.225528
0.225528
0.225528
0.225528
0.225528
0.225528
0.225528
0.225528
0.225528
0.225528
0.225528
0.225528
0.225528
0.225528
0.225528
0.225528
0.225528
0.225528
0.225528
0.225528
0.225528
0.225528
0.225528
0.225527
0.225527
0.225527
0.225527
0.225527
0.225527
0.225527
0.225527
0.225527
0.225527
0.225527
0.225527
0.225526
0.225526
0.225526
0.225526
0.225526
0.225526
0.225525
0.225525
0.225525
0.225525
0.225525
0.225524
0.225524
0.225524
0.225523
0.225523
0.225523
0.225522
0.225522
0.225522
0.225521
0.225521
0.22552
0.225519
0.225519
0.225518
0.225517
0.225517
0.225516
0.225515
0.225514
0.225513
0.225512
0.225511
0.22551
0.225508
0.225507
0.225505
0.225504
0.225502
0.2255
0.225498
0.225496
0.225494
0.225492
0.225489
0.225486
0.225484
0.22548
0.233463
0.233463
0.233463
0.233463
0.233463
0.233463
0.233463
0.233463
0.233463
0.233463
0.233463
0.233463
0.233463
0.233463
0.233463
0.233463
0.233463
0.233463
0.233463
0.233463
0.233463
0.233463
0.233463
0.233463
0.233463
0.233463
0.233463
0.233462
0.233462
0.233462
0.233462
0.233462
0.233462
0.233462
0.233462
0.233462
0.233462
0.233462
0.233461
0.233461
0.233461
0.233461
0.233461
0.233461
0.23346
0.23346
0.23346
0.23346
0.233459
0.233459
0.233459
0.233458
0.233458
0.233458
0.233457
0.233457
0.233456
0.233456
0.233455
0.233455
0.233454
0.233454
0.233453
0.233452
0.233451
0.23345
0.23345
0.233449
0.233448
0.233446
0.233445
0.233444
0.233443
0.233441
0.23344
0.233438
0.233436
0.233434
0.233432
0.23343
0.233428
0.233425
0.233423
0.23342
0.233417
0.241359
0.241359
0.241359
0.241359
0.241359
0.241359
0.241359
0.241359
0.241359
0.241358
0.241358
0.241358
0.241358
0.241358
0.241358
0.241358
0.241358
0.241358
0.241358
0.241358
0.241358
0.241358
0.241358
0.241358
0.241358
0.241358
0.241358
0.241358
0.241358
0.241358
0.241358
0.241357
0.241357
0.241357
0.241357
0.241357
0.241357
0.241357
0.241357
0.241357
0.241356
0.241356
0.241356
0.241356
0.241356
0.241355
0.241355
0.241355
0.241355
0.241354
0.241354
0.241354
0.241354
0.241353
0.241353
0.241352
0.241352
0.241351
0.241351
0.24135
0.24135
0.241349
0.241348
0.241348
0.241347
0.241346
0.241345
0.241344
0.241343
0.241342
0.241341
0.24134
0.241339
0.241337
0.241336
0.241334
0.241332
0.24133
0.241328
0.241326
0.241324
0.241322
0.241319
0.241316
0.241313
0.249214
0.249214
0.249214
0.249214
0.249214
0.249214
0.249214
0.249214
0.249214
0.249214
0.249214
0.249214
0.249214
0.249214
0.249214
0.249214
0.249214
0.249214
0.249214
0.249214
0.249214
0.249214
0.249214
0.249214
0.249214
0.249214
0.249213
0.249213
0.249213
0.249213
0.249213
0.249213
0.249213
0.249213
0.249213
0.249213
0.249213
0.249213
0.249212
0.249212
0.249212
0.249212
0.249212
0.249212
0.249211
0.249211
0.249211
0.249211
0.24921
0.24921
0.24921
0.24921
0.249209
0.249209
0.249209
0.249208
0.249208
0.249207
0.249207
0.249206
0.249206
0.249205
0.249204
0.249204
0.249203
0.249202
0.249201
0.2492
0.249199
0.249198
0.249197
0.249196
0.249195
0.249193
0.249192
0.24919
0.249189
0.249187
0.249185
0.249183
0.249181
0.249179
0.249176
0.249173
0.249171
0.25703
0.25703
0.25703
0.25703
0.25703
0.25703
0.25703
0.25703
0.25703
0.25703
0.25703
0.25703
0.25703
0.25703
0.25703
0.25703
0.25703
0.25703
0.25703
0.25703
0.25703
0.25703
0.25703
0.25703
0.25703
0.25703
0.25703
0.25703
0.25703
0.257029
0.257029
0.257029
0.257029
0.257029
0.257029
0.257029
0.257029
0.257029
0.257029
0.257028
0.257028
0.257028
0.257028
0.257028
0.257028
0.257027
0.257027
0.257027
0.257027
0.257027
0.257026
0.257026
0.257026
0.257025
0.257025
0.257025
0.257024
0.257024
0.257023
0.257023
0.257022
0.257022
0.257021
0.25702
0.25702
0.257019
0.257018
0.257017
0.257016
0.257015
0.257014
0.257013
0.257012
0.25701
0.257009
0.257008
0.257006
0.257004
0.257002
0.257
0.256998
0.256996
0.256994
0.256991
0.256988
0.264807
0.264807
0.264807
0.264807
0.264807
0.264807
0.264807
0.264807
0.264807
0.264807
0.264807
0.264807
0.264807
0.264807
0.264807
0.264807
0.264807
0.264807
0.264807
0.264807
0.264807
0.264807
0.264807
0.264807
0.264807
0.264807
0.264807
0.264806
0.264806
0.264806
0.264806
0.264806
0.264806
0.264806
0.264806
0.264806
0.264806
0.264806
0.264806
0.264805
0.264805
0.264805
0.264805
0.264805
0.264805
0.264804
0.264804
0.264804
0.264804
0.264804
0.264803
0.264803
0.264803
0.264802
0.264802
0.264802
0.264801
0.264801
0.2648
0.2648
0.264799
0.264799
0.264798
0.264798
0.264797
0.264796
0.264795
0.264795
0.264794
0.264793
0.264792
0.264791
0.264789
0.264788
0.264787
0.264785
0.264784
0.264782
0.264781
0.264779
0.264777
0.264775
0.264772
0.26477
0.264767
0.272545
0.272545
0.272545
0.272545
0.272545
0.272545
0.272545
0.272545
0.272545
0.272545
0.272545
0.272545
0.272545
0.272545
0.272545
0.272545
0.272545
0.272545
0.272545
0.272545
0.272545
0.272545
0.272545
0.272545
0.272544
0.272544
0.272544
0.272544
0.272544
0.272544
0.272544
0.272544
0.272544
0.272544
0.272544
0.272544
0.272544
0.272544
0.272543
0.272543
0.272543
0.272543
0.272543
0.272543
0.272543
0.272542
0.272542
0.272542
0.272542
0.272542
0.272541
0.272541
0.272541
0.27254
0.27254
0.27254
0.272539
0.272539
0.272539
0.272538
0.272538
0.272537
0.272537
0.272536
0.272535
0.272535
0.272534
0.272533
0.272532
0.272531
0.27253
0.272529
0.272528
0.272527
0.272526
0.272524
0.272523
0.272521
0.27252
0.272518
0.272516
0.272514
0.272512
0.27251
0.272507
0.280244
0.280244
0.280244
0.280244
0.280244
0.280244
0.280244
0.280244
0.280244
0.280244
0.280244
0.280244
0.280244
0.280244
0.280244
0.280244
0.280244
0.280244
0.280244
0.280244
0.280244
0.280244
0.280244
0.280244
0.280243
0.280243
0.280243
0.280243
0.280243
0.280243
0.280243
0.280243
0.280243
0.280243
0.280243
0.280243
0.280243
0.280243
0.280243
0.280242
0.280242
0.280242
0.280242
0.280242
0.280242
0.280242
0.280241
0.280241
0.280241
0.280241
0.28024
0.28024
0.28024
0.28024
0.280239
0.280239
0.280239
0.280238
0.280238
0.280237
0.280237
0.280236
0.280236
0.280235
0.280235
0.280234
0.280233
0.280233
0.280232
0.280231
0.28023
0.280229
0.280228
0.280227
0.280226
0.280225
0.280223
0.280222
0.28022
0.280219
0.280217
0.280215
0.280213
0.280211
0.280208
0.287904
0.287904
0.287904
0.287904
0.287904
0.287904
0.287904
0.287904
0.287904
0.287904
0.287904
0.287904
0.287904
0.287904
0.287904
0.287904
0.287904
0.287904
0.287904
0.287904
0.287904
0.287904
0.287904
0.287904
0.287904
0.287904
0.287904
0.287904
0.287904
0.287904
0.287904
0.287903
0.287903
0.287903
0.287903
0.287903
0.287903
0.287903
0.287903
0.287903
0.287903
0.287903
0.287902
0.287902
0.287902
0.287902
0.287902
0.287902
0.287901
0.287901
0.287901
0.287901
0.287901
0.2879
0.2879
0.2879
0.287899
0.287899
0.287899
0.287898
0.287898
0.287897
0.287897
0.287896
0.287896
0.287895
0.287894
0.287894
0.287893
0.287892
0.287891
0.28789
0.28789
0.287888
0.287887
0.287886
0.287885
0.287884
0.287882
0.287881
0.287879
0.287877
0.287875
0.287873
0.287871
0.295526
0.295526
0.295526
0.295526
0.295526
0.295526
0.295526
0.295526
0.295526
0.295526
0.295526
0.295526
0.295526
0.295526
0.295526
0.295526
0.295526
0.295526
0.295526
0.295526
0.295526
0.295526
0.295526
0.295526
0.295526
0.295526
0.295526
0.295526
0.295526
0.295526
0.295525
0.295525
0.295525
0.295525
0.295525
0.295525
0.295525
0.295525
0.295525
0.295525
0.295525
0.295525
0.295524
0.295524
0.295524
0.295524
0.295524
0.295524
0.295524
0.295523
0.295523
0.295523
0.295523
0.295522
0.295522
0.295522
0.295522
0.295521
0.295521
0.295521
0.29552
0.29552
0.295519
0.295519
0.295518
0.295518
0.295517
0.295516
0.295516
0.295515
0.295514
0.295513
0.295512
0.295512
0.295511
0.295509
0.295508
0.295507
0.295506
0.295504
0.295503
0.295501
0.295499
0.295497
0.295495
0.30311
0.30311
0.30311
0.30311
0.30311
0.30311
0.30311
0.30311
0.30311
0.30311
0.30311
0.30311
0.30311
0.30311
0.30311
0.30311
0.30311
0.30311
0.30311
0.30311
0.30311
0.30311
0.303109
0.303109
0.303109
0.303109
0.303109
0.303109
0.303109
0.303109
0.303109
0.303109
0.303109
0.303109
0.303109
0.303109
0.303109
0.303109
0.303109
0.303109
0.303108
0.303108
0.303108
0.303108
0.303108
0.303108
0.303108
0.303108
0.303107
0.303107
0.303107
0.303107
0.303107
0.303106
0.303106
0.303106
0.303106
0.303105
0.303105
0.303105
0.303104
0.303104
0.303103
0.303103
0.303103
0.303102
0.303101
0.303101
0.3031
0.3031
0.303099
0.303098
0.303097
0.303096
0.303095
0.303094
0.303093
0.303092
0.303091
0.30309
0.303088
0.303087
0.303085
0.303083
0.303082
0.310655
0.310655
0.310655
0.310655
0.310655
0.310655
0.310655
0.310655
0.310655
0.310655
0.310655
0.310655
0.310655
0.310655
0.310655
0.310655
0.310655
0.310655
0.310655
0.310655
0.310655
0.310655
0.310655
0.310655
0.310655
0.310655
0.310655
0.310655
0.310655
0.310655
0.310655
0.310655
0.310655
0.310655
0.310655
0.310655
0.310655
0.310654
0.310654
0.310654
0.310654
0.310654
0.310654
0.310654
0.310654
0.310654
0.310654
0.310653
0.310653
0.310653
0.310653
0.310653
0.310653
0.310652
0.310652
0.310652
0.310652
0.310651
0.310651
0.310651
0.31065
0.31065
0.31065
0.310649
0.310649
0.310648
0.310648
0.310647
0.310647
0.310646
0.310646
0.310645
0.310644
0.310643
0.310642
0.310642
0.310641
0.31064
0.310638
0.310637
0.310636
0.310635
0.310633
0.310632
0.31063
0.318163
0.318163
0.318163
0.318163
0.318163
0.318163
0.318163
0.318163
0.318163
0.318163
0.318163
0.318163
0.318163
0.318163
0.318163
0.318163
0.318163
0.318163
0.318163
0.318163
0.318163
0.318163
0.318163
0.318163
0.318163
0.318163
0.318163
0.318163
0.318163
0.318163
0.318163
0.318163
0.318163
0.318163
0.318163
0.318162
0.318162
0.318162
0.318162
0.318162
0.318162
0.318162
0.318162
0.318162
0.318162
0.318162
0.318162
0.318161
0.318161
0.318161
0.318161
0.318161
0.318161
0.31816
0.31816
0.31816
0.31816
0.31816
0.318159
0.318159
0.318159
0.318158
0.318158
0.318158
0.318157
0.318157
0.318156
0.318156
0.318156
0.318155
0.318154
0.318154
0.318153
0.318152
0.318152
0.318151
0.31815
0.318149
0.318148
0.318147
0.318146
0.318145
0.318143
0.318142
0.31814
0.325633
0.325633
0.325633
0.325633
0.325633
0.325633
0.325633
0.325633
0.325633
0.325633
0.325633
0.325633
0.325633
0.325633
0.325633
0.325633
0.325633
0.325633
0.325633
0.325633
0.325633
0.325633
0.325633
0.325633
0.325633
0.325633
0.325633
0.325633
0.325633
0.325633
0.325633
0.325633
0.325633
0.325633
0.325633
0.325633
0.325633
0.325633
0.325633
0.325632
0.325632
0.325632
0.325632
0.325632
0.325632
0.325632
0.325632
0.325632
0.325632
0.325632
0.325631
0.325631
0.325631
0.325631
0.325631
0.325631
0.32563
0.32563
0.32563
0.32563
0.325629
0.325629
0.325629
0.325629
0.325628
0.325628
0.325627
0.325627
0.325627
0.325626
0.325626
0.325625
0.325625
0.325624
0.325623
0.325623
0.325622
0.325621
0.32562
0.325619
0.325618
0.325617
0.325616
0.325615
0.325614
0.333066
0.333066
0.333066
0.333066
0.333066
0.333066
0.333066
0.333066
0.333066
0.333066
0.333066
0.333066
0.333066
0.333066
0.333066
0.333066
0.333066
0.333066
0.333066
0.333066
0.333066
0.333066
0.333066
0.333066
0.333066
0.333066
0.333066
0.333066
0.333066
0.333066
0.333066
0.333066
0.333066
0.333066
0.333066
0.333066
0.333065
0.333065
0.333065
0.333065
0.333065
0.333065
0.333065
0.333065
0.333065
0.333065
0.333065
0.333065
0.333065
0.333065
0.333064
0.333064
0.333064
0.333064
0.333064
0.333064
0.333064
0.333063
0.333063
0.333063
0.333063
0.333063
0.333062
0.333062
0.333062
0.333061
0.333061
0.333061
0.33306
0.33306
0.33306
0.333059
0.333059
0.333058
0.333057
0.333057
0.333056
0.333056
0.333055
0.333054
0.333053
0.333052
0.333051
0.33305
0.333049
0.340462
0.340462
0.340462
0.340462
0.340462
0.340462
0.340462
0.340462
0.340462
0.340462
0.340462
0.340462
0.340462
0.340461
0.340461
0.340461
0.340461
0.340461
0.340461
0.340461
0.340461
0.340461
0.340461
0.340461
0.340461
0.340461
0.340461
0.340461
0.340461
0.340461
0.340461
0.340461
0.340461
0.340461
0.340461
0.340461
0.340461
0.340461
0.340461
0.340461
0.340461
0.340461
0.340461
0.340461
0.340461
0.340461
0.340461
0.34046
0.34046
0.34046
0.34046
0.34046
0.34046
0.34046
0.34046
0.34046
0.340459
0.340459
0.340459
0.340459
0.340459
0.340459
0.340458
0.340458
0.340458
0.340458
0.340457
0.340457
0.340457
0.340457
0.340456
0.340456
0.340455
0.340455
0.340454
0.340454
0.340453
0.340453
0.340452
0.340452
0.340451
0.34045
0.340449
0.340449
0.340448
0.34782
0.34782
0.34782
0.34782
0.34782
0.34782
0.34782
0.34782
0.34782
0.34782
0.34782
0.34782
0.34782
0.34782
0.34782
0.34782
0.34782
0.34782
0.34782
0.34782
0.34782
0.34782
0.34782
0.34782
0.34782
0.34782
0.34782
0.34782
0.34782
0.34782
0.34782
0.34782
0.34782
0.34782
0.34782
0.34782
0.34782
0.34782
0.34782
0.34782
0.347819
0.347819
0.347819
0.347819
0.347819
0.347819
0.347819
0.347819
0.347819
0.347819
0.347819
0.347819
0.347819
0.347819
0.347819
0.347819
0.347818
0.347818
0.347818
0.347818
0.347818
0.347818
0.347818
0.347817
0.347817
0.347817
0.347817
0.347817
0.347816
0.347816
0.347816
0.347815
0.347815
0.347815
0.347814
0.347814
0.347814
0.347813
0.347813
0.347812
0.347812
0.347811
0.34781
0.34781
0.347809
0.355142
0.355142
0.355142
0.355142
0.355142
0.355142
0.355142
0.355142
0.355142
0.355142
0.355142
0.355142
0.355142
0.355142
0.355142
0.355142
0.355142
0.355142
0.355142
0.355142
0.355142
0.355142
0.355142
0.355142
0.355142
0.355142
0.355142
0.355142
0.355141
0.355141
0.355141
0.355141
0.355141
0.355141
0.355141
0.355141
0.355141
0.355141
0.355141
0.355141
0.355141
0.355141
0.355141
0.355141
0.355141
0.355141
0.355141
0.355141
0.355141
0.355141
0.355141
0.355141
0.355141
0.355141
0.355141
0.355141
0.35514
0.35514
0.35514
0.35514
0.35514
0.35514
0.35514
0.35514
0.35514
0.355139
0.355139
0.355139
0.355139
0.355139
0.355139
0.355138
0.355138
0.355138
0.355138
0.355137
0.355137
0.355137
0.355136
0.355136
0.355136
0.355135
0.355135
0.355134
0.355134
0.362427
0.362427
0.362427
0.362427
0.362427
0.362427
0.362427
0.362427
0.362427
0.362427
0.362427
0.362427
0.362427
0.362427
0.362427
0.362427
0.362427
0.362427
0.362427
0.362427
0.362427
0.362427
0.362427
0.362427
0.362427
0.362427
0.362427
0.362427
0.362427
0.362427
0.362427
0.362427
0.362427
0.362426
0.362426
0.362426
0.362426
0.362426
0.362426
0.362426
0.362426
0.362426
0.362426
0.362426
0.362426
0.362426
0.362426
0.362426
0.362426
0.362426
0.362426
0.362426
0.362426
0.362426
0.362426
0.362426
0.362426
0.362426
0.362426
0.362426
0.362426
0.362426
0.362426
0.362425
0.362425
0.362425
0.362425
0.362425
0.362425
0.362425
0.362425
0.362425
0.362424
0.362424
0.362424
0.362424
0.362424
0.362424
0.362423
0.362423
0.362423
0.362423
0.362422
0.362422
0.362422
0.369675
0.369675
0.369675
0.369675
0.369675
0.369675
0.369675
0.369675
0.369675
0.369675
0.369675
0.369675
0.369675
0.369675
0.369675
0.369675
0.369675
0.369675
0.369675
0.369675
0.369675
0.369675
0.369675
0.369675
0.369675
0.369675
0.369675
0.369675
0.369675
0.369675
0.369675
0.369675
0.369675
0.369675
0.369675
0.369675
0.369675
0.369675
0.369675
0.369675
0.369675
0.369675
0.369675
0.369675
0.369675
0.369675
0.369675
0.369675
0.369675
0.369675
0.369675
0.369675
0.369675
0.369675
0.369675
0.369675
0.369675
0.369675
0.369675
0.369675
0.369675
0.369675
0.369675
0.369675
0.369675
0.369675
0.369675
0.369675
0.369675
0.369675
0.369674
0.369674
0.369674
0.369674
0.369674
0.369674
0.369674
0.369674
0.369674
0.369674
0.369674
0.369674
0.369674
0.369674
0.369673
0.376887
0.376887
0.376887
0.376887
0.376887
0.376887
0.376887
0.376887
0.376887
0.376887
0.376887
0.376887
0.376887
0.376887
0.376887
0.376887
0.376887
0.376887
0.376887
0.376887
0.376887
0.376887
0.376887
0.376887
0.376887
0.376887
0.376887
0.376887
0.376887
0.376887
0.376887
0.376887
0.376888
0.376888
0.376888
0.376888
0.376888
0.376888
0.376888
0.376888
0.376888
0.376888
0.376888
0.376888
0.376888
0.376888
0.376888
0.376888
0.376888
0.376888
0.376888
0.376888
0.376888
0.376888
0.376888
0.376888
0.376888
0.376888
0.376888
0.376888
0.376888
0.376888
0.376888
0.376888
0.376888
0.376888
0.376888
0.376888
0.376888
0.376888
0.376888
0.376888
0.376888
0.376888
0.376888
0.376888
0.376888
0.376888
0.376888
0.376888
0.376888
0.376889
0.376889
0.376889
0.376889
0.384064
0.384064
0.384064
0.384064
0.384064
0.384064
0.384064
0.384064
0.384064
0.384064
0.384064
0.384064
0.384064
0.384064
0.384064
0.384064
0.384064
0.384064
0.384064
0.384064
0.384064
0.384064
0.384064
0.384064
0.384064
0.384064
0.384064
0.384064
0.384064
0.384064
0.384064
0.384064
0.384064
0.384064
0.384064
0.384064
0.384064
0.384064
0.384064
0.384064
0.384064
0.384064
0.384064
0.384064
0.384064
0.384064
0.384064
0.384064
0.384064
0.384064
0.384064
0.384064
0.384064
0.384064
0.384064
0.384064
0.384064
0.384064
0.384064
0.384065
0.384065
0.384065
0.384065
0.384065
0.384065
0.384065
0.384065
0.384065
0.384065
0.384065
0.384065
0.384066
0.384066
0.384066
0.384066
0.384066
0.384066
0.384066
0.384067
0.384067
0.384067
0.384067
0.384068
0.384068
0.384068
0.391204
0.391204
0.391204
0.391204
0.391204
0.391204
0.391204
0.391204
0.391204
0.391204
0.391204
0.391204
0.391204
0.391204
0.391204
0.391204
0.391204
0.391204
0.391204
0.391204
0.391204
0.391204
0.391204
0.391204
0.391204
0.391204
0.391204
0.391204
0.391204
0.391204
0.391204
0.391204
0.391204
0.391204
0.391204
0.391204
0.391204
0.391204
0.391204
0.391204
0.391204
0.391204
0.391204
0.391205
0.391205
0.391205
0.391205
0.391205
0.391205
0.391205
0.391205
0.391205
0.391205
0.391205
0.391205
0.391205
0.391205
0.391205
0.391205
0.391205
0.391206
0.391206
0.391206
0.391206
0.391206
0.391206
0.391206
0.391206
0.391207
0.391207
0.391207
0.391207
0.391207
0.391208
0.391208
0.391208
0.391208
0.391209
0.391209
0.391209
0.39121
0.39121
0.391211
0.391211
0.391211
0.398309
0.398309
0.398309
0.398309
0.398309
0.398309
0.398309
0.398309
0.398309
0.398309
0.398309
0.398309
0.398309
0.398309
0.398309
0.398309
0.398309
0.398309
0.398309
0.398309
0.398309
0.398309
0.398309
0.398309
0.398309
0.398309
0.398309
0.398309
0.398309
0.398309
0.398309
0.398309
0.398309
0.398309
0.398309
0.398309
0.398309
0.398309
0.398309
0.398309
0.398309
0.398309
0.398309
0.398309
0.398309
0.398309
0.39831
0.39831
0.39831
0.39831
0.39831
0.39831
0.39831
0.39831
0.39831
0.39831
0.39831
0.39831
0.398311
0.398311
0.398311
0.398311
0.398311
0.398311
0.398311
0.398312
0.398312
0.398312
0.398312
0.398313
0.398313
0.398313
0.398313
0.398314
0.398314
0.398314
0.398315
0.398315
0.398316
0.398316
0.398317
0.398317
0.398318
0.398318
0.398319
0.405378
0.405378
0.405378
0.405378
0.405378
0.405378
0.405378
0.405378
0.405378
0.405378
0.405378
0.405378
0.405378
0.405378
0.405378
0.405378
0.405378
0.405378
0.405378
0.405378
0.405378
0.405378
0.405378
0.405378
0.405378
0.405378
0.405378
0.405378
0.405378
0.405378
0.405378
0.405378
0.405378
0.405378
0.405378
0.405378
0.405378
0.405379
0.405379
0.405379
0.405379
0.405379
0.405379
0.405379
0.405379
0.405379
0.405379
0.405379
0.405379
0.405379
0.405379
0.405379
0.405379
0.40538
0.40538
0.40538
0.40538
0.40538
0.40538
0.40538
0.405381
0.405381
0.405381
0.405381
0.405381
0.405382
0.405382
0.405382
0.405382
0.405383
0.405383
0.405384
0.405384
0.405384
0.405385
0.405385
0.405386
0.405386
0.405387
0.405387
0.405388
0.405389
0.40539
0.40539
0.405391
0.412412
0.412412
0.412412
0.412412
0.412412
0.412412
0.412412
0.412412
0.412412
0.412412
0.412412
0.412412
0.412412
0.412412
0.412412
0.412412
0.412412
0.412412
0.412412
0.412412
0.412412
0.412412
0.412412
0.412412
0.412412
0.412412
0.412412
0.412412
0.412412
0.412412
0.412412
0.412412
0.412412
0.412412
0.412412
0.412412
0.412412
0.412413
0.412413
0.412413
0.412413
0.412413
0.412413
0.412413
0.412413
0.412413
0.412413
0.412413
0.412413
0.412413
0.412413
0.412414
0.412414
0.412414
0.412414
0.412414
0.412414
0.412414
0.412415
0.412415
0.412415
0.412415
0.412416
0.412416
0.412416
0.412416
0.412417
0.412417
0.412417
0.412418
0.412418
0.412419
0.412419
0.41242
0.41242
0.412421
0.412421
0.412422
0.412423
0.412423
0.412424
0.412425
0.412426
0.412427
0.412428
0.419411
0.419411
0.419411
0.419411
0.419411
0.419411
0.419411
0.419411
0.419411
0.419411
0.419411
0.419411
0.419411
0.419411
0.419411
0.419411
0.419411
0.419411
0.419411
0.419411
0.419411
0.419411
0.419411
0.419411
0.419411
0.419411
0.419411
0.419411
0.419411
0.419411
0.419411
0.419411
0.419411
0.419411
0.419411
0.419411
0.419411
0.419411
0.419412
0.419412
0.419412
0.419412
0.419412
0.419412
0.419412
0.419412
0.419412
0.419412
0.419412
0.419412
0.419413
0.419413
0.419413
0.419413
0.419413
0.419413
0.419414
0.419414
0.419414
0.419414
0.419414
0.419415
0.419415
0.419415
0.419416
0.419416
0.419416
0.419417
0.419417
0.419418
0.419418
0.419419
0.419419
0.41942
0.41942
0.419421
0.419422
0.419423
0.419423
0.419424
0.419425
0.419426
0.419427
0.419428
0.41943
0.426375
0.426375
0.426375
0.426375
0.426375
0.426375
0.426375
0.426375
0.426375
0.426375
0.426375
0.426375
0.426375
0.426375
0.426375
0.426375
0.426375
0.426375
0.426375
0.426375
0.426375
0.426375
0.426375
0.426375
0.426375
0.426375
0.426375
0.426375
0.426375
0.426375
0.426375
0.426375
0.426375
0.426375
0.426375
0.426375
0.426375
0.426375
0.426375
0.426376
0.426376
0.426376
0.426376
0.426376
0.426376
0.426376
0.426376
0.426376
0.426376
0.426377
0.426377
0.426377
0.426377
0.426377
0.426377
0.426378
0.426378
0.426378
0.426378
0.426379
0.426379
0.426379
0.426379
0.42638
0.42638
0.426381
0.426381
0.426381
0.426382
0.426382
0.426383
0.426384
0.426384
0.426385
0.426386
0.426386
0.426387
0.426388
0.426389
0.42639
0.426391
0.426392
0.426394
0.426395
0.426396
0.433304
0.433304
0.433304
0.433304
0.433304
0.433304
0.433304
0.433304
0.433304
0.433304
0.433304
0.433304
0.433304
0.433304
0.433304
0.433304
0.433304
0.433304
0.433304
0.433304
0.433304
0.433304
0.433304
0.433304
0.433304
0.433304
0.433304
0.433304
0.433304
0.433304
0.433304
0.433304
0.433304
0.433304
0.433304
0.433305
0.433305
0.433305
0.433305
0.433305
0.433305
0.433305
0.433305
0.433305
0.433305
0.433305
0.433306
0.433306
0.433306
0.433306
0.433306
0.433306
0.433306
0.433307
0.433307
0.433307
0.433307
0.433308
0.433308
0.433308
0.433309
0.433309
0.433309
0.43331
0.43331
0.43331
0.433311
0.433311
0.433312
0.433313
0.433313
0.433314
0.433315
0.433315
0.433316
0.433317
0.433318
0.433319
0.43332
0.433321
0.433322
0.433324
0.433325
0.433326
0.433328
0.440198
0.440198
0.440198
0.440198
0.440198
0.440198
0.440198
0.440198
0.440198
0.440198
0.440198
0.440198
0.440198
0.440198
0.440198
0.440198
0.440198
0.440198
0.440199
0.440199
0.440199
0.440199
0.440199
0.440199
0.440199
0.440199
0.440199
0.440199
0.440199
0.440199
0.440199
0.440199
0.440199
0.440199
0.440199
0.440199
0.440199
0.440199
0.440199
0.4402
0.4402
0.4402
0.4402
0.4402
0.4402
0.4402
0.4402
0.4402
0.440201
0.440201
0.440201
0.440201
0.440201
0.440202
0.440202
0.440202
0.440202
0.440203
0.440203
0.440203
0.440204
0.440204
0.440204
0.440205
0.440205
0.440206
0.440206
0.440207
0.440207
0.440208
0.440209
0.440209
0.44021
0.440211
0.440212
0.440213
0.440214
0.440215
0.440216
0.440217
0.440219
0.44022
0.440222
0.440223
0.440225
0.447058
0.447058
0.447058
0.447059
0.447059
0.447059
0.447059
0.447059
0.447059
0.447059
0.447059
0.447059
0.447059
0.447059
0.447059
0.447059
0.447059
0.447059
0.447059
0.447059
0.447059
0.447059
0.447059
0.447059
0.447059
0.447059
0.447059
0.447059
0.447059
0.447059
0.447059
0.447059
0.447059
0.447059
0.447059
0.447059
0.44706
0.44706
0.44706
0.44706
0.44706
0.44706
0.44706
0.44706
0.44706
0.447061
0.447061
0.447061
0.447061
0.447061
0.447061
0.447062
0.447062
0.447062
0.447062
0.447063
0.447063
0.447063
0.447064
0.447064
0.447064
0.447065
0.447065
0.447066
0.447066
0.447067
0.447067
0.447068
0.447068
0.447069
0.44707
0.447071
0.447072
0.447072
0.447073
0.447074
0.447076
0.447077
0.447078
0.447079
0.447081
0.447082
0.447084
0.447086
0.447088
0.453884
0.453884
0.453884
0.453884
0.453885
0.453885
0.453885
0.453885
0.453885
0.453885
0.453885
0.453885
0.453885
0.453885
0.453885
0.453885
0.453885
0.453885
0.453885
0.453885
0.453885
0.453885
0.453885
0.453885
0.453885
0.453885
0.453885
0.453885
0.453885
0.453885
0.453885
0.453885
0.453885
0.453885
0.453885
0.453886
0.453886
0.453886
0.453886
0.453886
0.453886
0.453886
0.453886
0.453886
0.453887
0.453887
0.453887
0.453887
0.453887
0.453887
0.453888
0.453888
0.453888
0.453888
0.453889
0.453889
0.453889
0.45389
0.45389
0.45389
0.453891
0.453891
0.453892
0.453892
0.453893
0.453893
0.453894
0.453895
0.453895
0.453896
0.453897
0.453898
0.453899
0.4539
0.453901
0.453902
0.453903
0.453904
0.453906
0.453907
0.453909
0.45391
0.453912
0.453914
0.453916
0.460676
0.460676
0.460676
0.460676
0.460676
0.460676
0.460676
0.460677
0.460677
0.460677
0.460677
0.460677
0.460677
0.460677
0.460677
0.460677
0.460677
0.460677
0.460677
0.460677
0.460677
0.460677
0.460677
0.460677
0.460677
0.460677
0.460677
0.460677
0.460677
0.460677
0.460677
0.460677
0.460677
0.460677
0.460677
0.460678
0.460678
0.460678
0.460678
0.460678
0.460678
0.460678
0.460678
0.460678
0.460679
0.460679
0.460679
0.460679
0.460679
0.46068
0.46068
0.46068
0.46068
0.460681
0.460681
0.460681
0.460682
0.460682
0.460682
0.460683
0.460683
0.460684
0.460684
0.460685
0.460685
0.460686
0.460686
0.460687
0.460688
0.460689
0.46069
0.460691
0.460692
0.460693
0.460694
0.460695
0.460696
0.460698
0.460699
0.460701
0.460702
0.460704
0.460706
0.460708
0.46071
0.467435
0.467435
0.467435
0.467435
0.467435
0.467435
0.467435
0.467435
0.467435
0.467435
0.467435
0.467435
0.467435
0.467435
0.467435
0.467435
0.467435
0.467435
0.467435
0.467435
0.467435
0.467435
0.467435
0.467435
0.467435
0.467435
0.467435
0.467435
0.467435
0.467435
0.467435
0.467435
0.467436
0.467436
0.467436
0.467436
0.467436
0.467436
0.467436
0.467436
0.467436
0.467436
0.467437
0.467437
0.467437
0.467437
0.467437
0.467437
0.467438
0.467438
0.467438
0.467438
0.467439
0.467439
0.467439
0.46744
0.46744
0.46744
0.467441
0.467441
0.467442
0.467442
0.467443
0.467443
0.467444
0.467445
0.467445
0.467446
0.467447
0.467448
0.467449
0.46745
0.467451
0.467452
0.467453
0.467454
0.467456
0.467457
0.467459
0.46746
0.467462
0.467464
0.467466
0.467468
0.467471
0.474159
0.474159
0.474159
0.474159
0.474159
0.474159
0.474159
0.474159
0.474159
0.474159
0.474159
0.474159
0.474159
0.474159
0.474159
0.474159
0.474159
0.474159
0.474159
0.474159
0.474159
0.474159
0.474159
0.474159
0.47416
0.47416
0.47416
0.47416
0.47416
0.47416
0.47416
0.47416
0.47416
0.47416
0.47416
0.47416
0.47416
0.47416
0.474161
0.474161
0.474161
0.474161
0.474161
0.474161
0.474161
0.474162
0.474162
0.474162
0.474162
0.474162
0.474163
0.474163
0.474163
0.474164
0.474164
0.474164
0.474165
0.474165
0.474166
0.474166
0.474166
0.474167
0.474168
0.474168
0.474169
0.47417
0.47417
0.474171
0.474172
0.474173
0.474174
0.474175
0.474176
0.474177
0.474178
0.47418
0.474181
0.474183
0.474184
0.474186
0.474188
0.47419
0.474192
0.474195
0.474197
0.48085
0.48085
0.48085
0.48085
0.48085
0.48085
0.48085
0.48085
0.48085
0.48085
0.48085
0.48085
0.48085
0.48085
0.48085
0.48085
0.48085
0.48085
0.48085
0.48085
0.48085
0.48085
0.48085
0.48085
0.480851
0.480851
0.480851
0.480851
0.480851
0.480851
0.480851
0.480851
0.480851
0.480851
0.480851
0.480851
0.480851
0.480852
0.480852
0.480852
0.480852
0.480852
0.480852
0.480852
0.480853
0.480853
0.480853
0.480853
0.480853
0.480854
0.480854
0.480854
0.480854
0.480855
0.480855
0.480856
0.480856
0.480856
0.480857
0.480857
0.480858
0.480858
0.480859
0.48086
0.48086
0.480861
0.480862
0.480863
0.480863
0.480864
0.480865
0.480867
0.480868
0.480869
0.48087
0.480872
0.480873
0.480875
0.480877
0.480878
0.48088
0.480883
0.480885
0.480887
0.48089
0.487508
0.487508
0.487508
0.487508
0.487508
0.487508
0.487508
0.487508
0.487508
0.487508
0.487508
0.487508
0.487508
0.487508
0.487508
0.487508
0.487508
0.487508
0.487508
0.487508
0.487508
0.487508
0.487508
0.487508
0.487508
0.487508
0.487508
0.487508
0.487508
0.487508
0.487509
0.487509
0.487509
0.487509
0.487509
0.487509
0.487509
0.487509
0.487509
0.487509
0.48751
0.48751
0.48751
0.48751
0.48751
0.48751
0.487511
0.487511
0.487511
0.487511
0.487512
0.487512
0.487512
0.487513
0.487513
0.487513
0.487514
0.487514
0.487515
0.487515
0.487516
0.487516
0.487517
0.487518
0.487518
0.487519
0.48752
0.487521
0.487522
0.487523
0.487524
0.487525
0.487526
0.487527
0.487529
0.48753
0.487532
0.487534
0.487535
0.487537
0.487539
0.487542
0.487544
0.487546
0.487549
0.494132
0.494132
0.494132
0.494132
0.494132
0.494132
0.494132
0.494132
0.494132
0.494132
0.494132
0.494132
0.494132
0.494132
0.494132
0.494132
0.494132
0.494132
0.494132
0.494132
0.494132
0.494133
0.494133
0.494133
0.494133
0.494133
0.494133
0.494133
0.494133
0.494133
0.494133
0.494133
0.494133
0.494133
0.494133
0.494133
0.494134
0.494134
0.494134
0.494134
0.494134
0.494134
0.494134
0.494135
0.494135
0.494135
0.494135
0.494135
0.494136
0.494136
0.494136
0.494137
0.494137
0.494137
0.494138
0.494138
0.494138
0.494139
0.494139
0.49414
0.494141
0.494141
0.494142
0.494142
0.494143
0.494144
0.494145
0.494146
0.494147
0.494148
0.494149
0.49415
0.494151
0.494153
0.494154
0.494156
0.494157
0.494159
0.494161
0.494163
0.494165
0.494167
0.49417
0.494172
0.494175
0.500724
0.500724
0.500724
0.500724
0.500724
0.500724
0.500724
0.500724
0.500724
0.500724
0.500724
0.500724
0.500724
0.500724
0.500724
0.500724
0.500724
0.500724
0.500724
0.500724
0.500724
0.500724
0.500724
0.500724
0.500724
0.500724
0.500724
0.500724
0.500724
0.500724
0.500725
0.500725
0.500725
0.500725
0.500725
0.500725
0.500725
0.500725
0.500725
0.500726
0.500726
0.500726
0.500726
0.500726
0.500726
0.500727
0.500727
0.500727
0.500727
0.500728
0.500728
0.500728
0.500729
0.500729
0.500729
0.50073
0.50073
0.500731
0.500731
0.500732
0.500732
0.500733
0.500734
0.500734
0.500735
0.500736
0.500737
0.500738
0.500739
0.50074
0.500741
0.500742
0.500743
0.500745
0.500746
0.500748
0.50075
0.500751
0.500753
0.500755
0.500758
0.50076
0.500763
0.500765
0.500768
0.507282
0.507282
0.507282
0.507282
0.507282
0.507282
0.507282
0.507282
0.507282
0.507282
0.507282
0.507282
0.507282
0.507282
0.507282
0.507282
0.507282
0.507283
0.507283
0.507283
0.507283
0.507283
0.507283
0.507283
0.507283
0.507283
0.507283
0.507283
0.507283
0.507283
0.507283
0.507283
0.507283
0.507284
0.507284
0.507284
0.507284
0.507284
0.507284
0.507284
0.507284
0.507285
0.507285
0.507285
0.507285
0.507285
0.507286
0.507286
0.507286
0.507286
0.507287
0.507287
0.507287
0.507288
0.507288
0.507289
0.507289
0.50729
0.50729
0.507291
0.507291
0.507292
0.507293
0.507293
0.507294
0.507295
0.507296
0.507297
0.507298
0.507299
0.5073
0.507301
0.507303
0.507304
0.507306
0.507307
0.507309
0.507311
0.507313
0.507315
0.507317
0.50732
0.507322
0.507325
0.507328
0.513808
0.513808
0.513808
0.513808
0.513808
0.513808
0.513808
0.513808
0.513808
0.513808
0.513808
0.513808
0.513808
0.513808
0.513808
0.513808
0.513808
0.513809
0.513809
0.513809
0.513809
0.513809
0.513809
0.513809
0.513809
0.513809
0.513809
0.513809
0.513809
0.513809
0.513809
0.513809
0.513809
0.51381
0.51381
0.51381
0.51381
0.51381
0.51381
0.51381
0.51381
0.513811
0.513811
0.513811
0.513811
0.513811
0.513812
0.513812
0.513812
0.513813
0.513813
0.513813
0.513814
0.513814
0.513814
0.513815
0.513815
0.513816
0.513816
0.513817
0.513817
0.513818
0.513819
0.51382
0.51382
0.513821
0.513822
0.513823
0.513824
0.513825
0.513826
0.513828
0.513829
0.513831
0.513832
0.513834
0.513836
0.513838
0.51384
0.513842
0.513844
0.513847
0.513849
0.513852
0.513855
0.520302
0.520302
0.520302
0.520302
0.520302
0.520302
0.520302
0.520302
0.520302
0.520302
0.520302
0.520302
0.520302
0.520302
0.520302
0.520302
0.520302
0.520302
0.520302
0.520302
0.520302
0.520302
0.520302
0.520302
0.520302
0.520302
0.520303
0.520303
0.520303
0.520303
0.520303
0.520303
0.520303
0.520303
0.520303
0.520303
0.520303
0.520304
0.520304
0.520304
0.520304
0.520304
0.520304
0.520305
0.520305
0.520305
0.520305
0.520306
0.520306
0.520306
0.520306
0.520307
0.520307
0.520308
0.520308
0.520308
0.520309
0.520309
0.52031
0.520311
0.520311
0.520312
0.520313
0.520313
0.520314
0.520315
0.520316
0.520317
0.520318
0.520319
0.52032
0.520322
0.520323
0.520325
0.520326
0.520328
0.52033
0.520332
0.520334
0.520336
0.520338
0.520341
0.520344
0.520347
0.52035
0.526763
0.526763
0.526763
0.526763
0.526763
0.526763
0.526763
0.526763
0.526763
0.526763
0.526763
0.526763
0.526763
0.526763
0.526763
0.526763
0.526763
0.526763
0.526763
0.526763
0.526763
0.526763
0.526763
0.526764
0.526764
0.526764
0.526764
0.526764
0.526764
0.526764
0.526764
0.526764
0.526764
0.526764
0.526764
0.526765
0.526765
0.526765
0.526765
0.526765
0.526765
0.526765
0.526766
0.526766
0.526766
0.526766
0.526767
0.526767
0.526767
0.526767
0.526768
0.526768
0.526768
0.526769
0.526769
0.52677
0.52677
0.526771
0.526771
0.526772
0.526773
0.526773
0.526774
0.526775
0.526776
0.526776
0.526777
0.526778
0.52678
0.526781
0.526782
0.526783
0.526785
0.526786
0.526788
0.52679
0.526791
0.526793
0.526796
0.526798
0.5268
0.526803
0.526806
0.526809
0.526812
0.533192
0.533192
0.533192
0.533192
0.533192
0.533192
0.533192
0.533192
0.533192
0.533192
0.533192
0.533192
0.533192
0.533192
0.533192
0.533192
0.533192
0.533192
0.533192
0.533192
0.533192
0.533192
0.533193
0.533193
0.533193
0.533193
0.533193
0.533193
0.533193
0.533193
0.533193
0.533193
0.533193
0.533193
0.533193
0.533194
0.533194
0.533194
0.533194
0.533194
0.533194
0.533195
0.533195
0.533195
0.533195
0.533195
0.533196
0.533196
0.533196
0.533197
0.533197
0.533197
0.533198
0.533198
0.533198
0.533199
0.533199
0.5332
0.5332
0.533201
0.533202
0.533202
0.533203
0.533204
0.533205
0.533206
0.533207
0.533208
0.533209
0.53321
0.533211
0.533213
0.533214
0.533216
0.533217
0.533219
0.533221
0.533223
0.533225
0.533227
0.53323
0.533233
0.533235
0.533239
0.533242
0.539589
0.539589
0.539589
0.539589
0.539589
0.539589
0.539589
0.539589
0.539589
0.539589
0.539589
0.539589
0.539589
0.539589
0.539589
0.539589
0.539589
0.539589
0.539589
0.539589
0.539589
0.53959
0.53959
0.53959
0.53959
0.53959
0.53959
0.53959
0.53959
0.53959
0.53959
0.53959
0.53959
0.53959
0.539591
0.539591
0.539591
0.539591
0.539591
0.539591
0.539591
0.539592
0.539592
0.539592
0.539592
0.539592
0.539593
0.539593
0.539593
0.539594
0.539594
0.539594
0.539595
0.539595
0.539596
0.539596
0.539597
0.539597
0.539598
0.539598
0.539599
0.5396
0.5396
0.539601
0.539602
0.539603
0.539604
0.539605
0.539606
0.539607
0.539609
0.53961
0.539611
0.539613
0.539615
0.539616
0.539618
0.53962
0.539623
0.539625
0.539627
0.53963
0.539633
0.539636
0.539639
0.545954
0.545954
0.545954
0.545954
0.545954
0.545954
0.545954
0.545954
0.545954
0.545954
0.545954
0.545954
0.545954
0.545954
0.545954
0.545954
0.545955
0.545955
0.545955
0.545955
0.545955
0.545955
0.545955
0.545955
0.545955
0.545955
0.545955
0.545955
0.545955
0.545955
0.545955
0.545955
0.545956
0.545956
0.545956
0.545956
0.545956
0.545956
0.545956
0.545956
0.545957
0.545957
0.545957
0.545957
0.545957
0.545958
0.545958
0.545958
0.545959
0.545959
0.545959
0.54596
0.54596
0.54596
0.545961
0.545961
0.545962
0.545962
0.545963
0.545964
0.545964
0.545965
0.545966
0.545966
0.545967
0.545968
0.545969
0.54597
0.545971
0.545973
0.545974
0.545975
0.545977
0.545978
0.54598
0.545982
0.545984
0.545986
0.545988
0.54599
0.545993
0.545996
0.545999
0.546002
0.546005
0.552288
0.552288
0.552288
0.552288
0.552288
0.552288
0.552288
0.552288
0.552288
0.552288
0.552288
0.552288
0.552288
0.552288
0.552288
0.552288
0.552288
0.552288
0.552288
0.552288
0.552288
0.552288
0.552288
0.552288
0.552288
0.552288
0.552289
0.552289
0.552289
0.552289
0.552289
0.552289
0.552289
0.552289
0.552289
0.552289
0.55229
0.55229
0.55229
0.55229
0.55229
0.55229
0.552291
0.552291
0.552291
0.552291
0.552292
0.552292
0.552292
0.552292
0.552293
0.552293
0.552294
0.552294
0.552294
0.552295
0.552295
0.552296
0.552296
0.552297
0.552298
0.552298
0.552299
0.5523
0.552301
0.552302
0.552303
0.552304
0.552305
0.552306
0.552308
0.552309
0.55231
0.552312
0.552314
0.552316
0.552318
0.55232
0.552322
0.552324
0.552327
0.55233
0.552332
0.552336
0.552339
0.55859
0.55859
0.55859
0.55859
0.55859
0.55859
0.55859
0.55859
0.55859
0.55859
0.55859
0.55859
0.55859
0.55859
0.55859
0.55859
0.55859
0.55859
0.55859
0.55859
0.55859
0.55859
0.55859
0.55859
0.55859
0.558591
0.558591
0.558591
0.558591
0.558591
0.558591
0.558591
0.558591
0.558591
0.558591
0.558591
0.558592
0.558592
0.558592
0.558592
0.558592
0.558592
0.558593
0.558593
0.558593
0.558593
0.558594
0.558594
0.558594
0.558594
0.558595
0.558595
0.558596
0.558596
0.558596
0.558597
0.558597
0.558598
0.558599
0.558599
0.5586
0.558601
0.558601
0.558602
0.558603
0.558604
0.558605
0.558606
0.558607
0.558608
0.55861
0.558611
0.558613
0.558614
0.558616
0.558618
0.55862
0.558622
0.558624
0.558626
0.558629
0.558632
0.558635
0.558638
0.558641
0.56486
0.56486
0.56486
0.56486
0.56486
0.56486
0.56486
0.56486
0.56486
0.56486
0.564861
0.564861
0.564861
0.564861
0.564861
0.564861
0.564861
0.564861
0.564861
0.564861
0.564861
0.564861
0.564861
0.564861
0.564861
0.564861
0.564861
0.564861
0.564861
0.564861
0.564862
0.564862
0.564862
0.564862
0.564862
0.564862
0.564862
0.564862
0.564863
0.564863
0.564863
0.564863
0.564863
0.564863
0.564864
0.564864
0.564864
0.564864
0.564865
0.564865
0.564865
0.564866
0.564866
0.564867
0.564867
0.564868
0.564868
0.564869
0.564869
0.56487
0.56487
0.564871
0.564872
0.564873
0.564874
0.564875
0.564876
0.564877
0.564878
0.564879
0.56488
0.564882
0.564883
0.564885
0.564886
0.564888
0.56489
0.564892
0.564895
0.564897
0.5649
0.564902
0.564905
0.564908
0.564912
0.5711
0.5711
0.5711
0.5711
0.5711
0.5711
0.5711
0.5711
0.5711
0.5711
0.5711
0.5711
0.5711
0.5711
0.5711
0.5711
0.5711
0.5711
0.5711
0.5711
0.5711
0.5711
0.5711
0.5711
0.571101
0.571101
0.571101
0.571101
0.571101
0.571101
0.571101
0.571101
0.571101
0.571101
0.571101
0.571102
0.571102
0.571102
0.571102
0.571102
0.571102
0.571102
0.571103
0.571103
0.571103
0.571103
0.571104
0.571104
0.571104
0.571104
0.571105
0.571105
0.571106
0.571106
0.571106
0.571107
0.571107
0.571108
0.571109
0.571109
0.57111
0.571111
0.571111
0.571112
0.571113
0.571114
0.571115
0.571116
0.571117
0.571118
0.57112
0.571121
0.571123
0.571124
0.571126
0.571128
0.57113
0.571132
0.571134
0.571136
0.571139
0.571142
0.571145
0.571148
0.571151
0.577308
0.577308
0.577308
0.577308
0.577308
0.577308
0.577308
0.577308
0.577308
0.577308
0.577308
0.577308
0.577308
0.577308
0.577308
0.577308
0.577308
0.577309
0.577309
0.577309
0.577309
0.577309
0.577309
0.577309
0.577309
0.577309
0.577309
0.577309
0.577309
0.577309
0.577309
0.577309
0.57731
0.57731
0.57731
0.57731
0.57731
0.57731
0.57731
0.57731
0.577311
0.577311
0.577311
0.577311
0.577311
0.577312
0.577312
0.577312
0.577313
0.577313
0.577313
0.577314
0.577314
0.577314
0.577315
0.577315
0.577316
0.577316
0.577317
0.577318
0.577318
0.577319
0.57732
0.57732
0.577321
0.577322
0.577323
0.577324
0.577325
0.577327
0.577328
0.577329
0.577331
0.577332
0.577334
0.577336
0.577338
0.57734
0.577342
0.577345
0.577347
0.57735
0.577353
0.577356
0.577359
0.583486
0.583486
0.583486
0.583486
0.583486
0.583486
0.583486
0.583486
0.583486
0.583486
0.583486
0.583486
0.583486
0.583486
0.583486
0.583486
0.583486
0.583486
0.583486
0.583486
0.583486
0.583486
0.583486
0.583486
0.583486
0.583486
0.583486
0.583487
0.583487
0.583487
0.583487
0.583487
0.583487
0.583487
0.583487
0.583487
0.583487
0.583488
0.583488
0.583488
0.583488
0.583488
0.583488
0.583489
0.583489
0.583489
0.583489
0.58349
0.58349
0.58349
0.583491
0.583491
0.583491
0.583492
0.583492
0.583493
0.583493
0.583494
0.583494
0.583495
0.583496
0.583496
0.583497
0.583498
0.583499
0.5835
0.583501
0.583502
0.583503
0.583504
0.583505
0.583507
0.583508
0.58351
0.583511
0.583513
0.583515
0.583517
0.583519
0.583522
0.583524
0.583527
0.58353
0.583533
0.583536
0.589632
0.589632
0.589632
0.589632
0.589632
0.589632
0.589632
0.589632
0.589632
0.589632
0.589633
0.589633
0.589633
0.589633
0.589633
0.589633
0.589633
0.589633
0.589633
0.589633
0.589633
0.589633
0.589633
0.589633
0.589633
0.589633
0.589633
0.589633
0.589633
0.589633
0.589633
0.589634
0.589634
0.589634
0.589634
0.589634
0.589634
0.589634
0.589634
0.589635
0.589635
0.589635
0.589635
0.589635
0.589636
0.589636
0.589636
0.589636
0.589637
0.589637
0.589637
0.589638
0.589638
0.589638
0.589639
0.589639
0.58964
0.58964
0.589641
0.589642
0.589642
0.589643
0.589644
0.589644
0.589645
0.589646
0.589647
0.589648
0.589649
0.589651
0.589652
0.589653
0.589655
0.589656
0.589658
0.58966
0.589662
0.589664
0.589666
0.589668
0.589671
0.589673
0.589676
0.589679
0.589682
0.595748
0.595748
0.595748
0.595749
0.595749
0.595749
0.595749
0.595749
0.595749
0.595749
0.595749
0.595749
0.595749
0.595749
0.595749
0.595749
0.595749
0.595749
0.595749
0.595749
0.595749
0.595749
0.595749
0.595749
0.595749
0.595749
0.595749
0.595749
0.595749
0.59575
0.59575
0.59575
0.59575
0.59575
0.59575
0.59575
0.59575
0.59575
0.595751
0.595751
0.595751
0.595751
0.595751
0.595751
0.595752
0.595752
0.595752
0.595752
0.595753
0.595753
0.595753
0.595754
0.595754
0.595754
0.595755
0.595755
0.595756
0.595756
0.595757
0.595758
0.595758
0.595759
0.59576
0.59576
0.595761
0.595762
0.595763
0.595764
0.595765
0.595766
0.595768
0.595769
0.59577
0.595772
0.595774
0.595775
0.595777
0.595779
0.595781
0.595784
0.595786
0.595789
0.595792
0.595795
0.595798
0.601834
0.601834
0.601834
0.601834
0.601834
0.601834
0.601834
0.601834
0.601834
0.601834
0.601834
0.601834
0.601834
0.601834
0.601834
0.601834
0.601834
0.601835
0.601835
0.601835
0.601835
0.601835
0.601835
0.601835
0.601835
0.601835
0.601835
0.601835
0.601835
0.601835
0.601835
0.601835
0.601835
0.601836
0.601836
0.601836
0.601836
0.601836
0.601836
0.601836
0.601837
0.601837
0.601837
0.601837
0.601837
0.601838
0.601838
0.601838
0.601838
0.601839
0.601839
0.601839
0.60184
0.60184
0.60184
0.601841
0.601841
0.601842
0.601842
0.601843
0.601844
0.601844
0.601845
0.601846
0.601847
0.601848
0.601849
0.60185
0.601851
0.601852
0.601853
0.601854
0.601856
0.601857
0.601859
0.601861
0.601863
0.601865
0.601867
0.601869
0.601871
0.601874
0.601877
0.60188
0.601883
0.60789
0.60789
0.60789
0.60789
0.60789
0.60789
0.60789
0.60789
0.60789
0.60789
0.60789
0.60789
0.60789
0.60789
0.60789
0.60789
0.60789
0.60789
0.60789
0.60789
0.60789
0.60789
0.60789
0.60789
0.60789
0.60789
0.60789
0.60789
0.60789
0.607891
0.607891
0.607891
0.607891
0.607891
0.607891
0.607891
0.607891
0.607891
0.607892
0.607892
0.607892
0.607892
0.607892
0.607892
0.607893
0.607893
0.607893
0.607893
0.607894
0.607894
0.607894
0.607895
0.607895
0.607895
0.607896
0.607896
0.607897
0.607897
0.607898
0.607898
0.607899
0.6079
0.6079
0.607901
0.607902
0.607903
0.607904
0.607905
0.607906
0.607907
0.607908
0.607909
0.607911
0.607912
0.607914
0.607916
0.607917
0.607919
0.607921
0.607924
0.607926
0.607929
0.607931
0.607934
0.607937
0.613915
0.613915
0.613915
0.613915
0.613915
0.613915
0.613915
0.613915
0.613915
0.613915
0.613915
0.613915
0.613915
0.613915
0.613915
0.613915
0.613915
0.613915
0.613915
0.613915
0.613915
0.613915
0.613915
0.613915
0.613915
0.613915
0.613916
0.613916
0.613916
0.613916
0.613916
0.613916
0.613916
0.613916
0.613916
0.613916
0.613916
0.613917
0.613917
0.613917
0.613917
0.613917
0.613917
0.613918
0.613918
0.613918
0.613918
0.613918
0.613919
0.613919
0.613919
0.61392
0.61392
0.61392
0.613921
0.613921
0.613922
0.613922
0.613923
0.613923
0.613924
0.613925
0.613925
0.613926
0.613927
0.613928
0.613929
0.61393
0.613931
0.613932
0.613933
0.613934
0.613936
0.613937
0.613939
0.61394
0.613942
0.613944
0.613946
0.613948
0.61395
0.613953
0.613956
0.613959
0.613962
0.61991
0.61991
0.61991
0.61991
0.61991
0.61991
0.61991
0.61991
0.61991
0.61991
0.61991
0.61991
0.61991
0.61991
0.61991
0.61991
0.61991
0.61991
0.61991
0.61991
0.61991
0.61991
0.61991
0.619911
0.619911
0.619911
0.619911
0.619911
0.619911
0.619911
0.619911
0.619911
0.619911
0.619911
0.619911
0.619911
0.619912
0.619912
0.619912
0.619912
0.619912
0.619912
0.619913
0.619913
0.619913
0.619913
0.619913
0.619914
0.619914
0.619914
0.619914
0.619915
0.619915
0.619916
0.619916
0.619916
0.619917
0.619917
0.619918
0.619918
0.619919
0.61992
0.61992
0.619921
0.619922
0.619923
0.619923
0.619924
0.619925
0.619927
0.619928
0.619929
0.61993
0.619932
0.619933
0.619935
0.619937
0.619938
0.61994
0.619943
0.619945
0.619947
0.61995
0.619953
0.619956
0.625875
0.625875
0.625875
0.625875
0.625875
0.625875
0.625875
0.625875
0.625875
0.625875
0.625875
0.625875
0.625876
0.625876
0.625876
0.625876
0.625876
0.625876
0.625876
0.625876
0.625876
0.625876
0.625876
0.625876
0.625876
0.625876
0.625876
0.625876
0.625876
0.625876
0.625876
0.625876
0.625877
0.625877
0.625877
0.625877
0.625877
0.625877
0.625877
0.625877
0.625877
0.625878
0.625878
0.625878
0.625878
0.625878
0.625879
0.625879
0.625879
0.625879
0.62588
0.62588
0.62588
0.625881
0.625881
0.625882
0.625882
0.625882
0.625883
0.625883
0.625884
0.625885
0.625885
0.625886
0.625887
0.625888
0.625888
0.625889
0.62589
0.625891
0.625893
0.625894
0.625895
0.625896
0.625898
0.6259
0.625901
0.625903
0.625905
0.625907
0.625909
0.625912
0.625914
0.625917
0.62592
0.631811
0.631811
0.631811
0.631811
0.631811
0.631811
0.631811
0.631811
0.631811
0.631811
0.631811
0.631811
0.631811
0.631811
0.631811
0.631811
0.631811
0.631811
0.631811
0.631811
0.631811
0.631811
0.631811
0.631812
0.631812
0.631812
0.631812
0.631812
0.631812
0.631812
0.631812
0.631812
0.631812
0.631812
0.631812
0.631812
0.631813
0.631813
0.631813
0.631813
0.631813
0.631813
0.631813
0.631814
0.631814
0.631814
0.631814
0.631814
0.631815
0.631815
0.631815
0.631816
0.631816
0.631816
0.631817
0.631817
0.631817
0.631818
0.631818
0.631819
0.631819
0.63182
0.631821
0.631821
0.631822
0.631823
0.631824
0.631825
0.631826
0.631827
0.631828
0.631829
0.63183
0.631831
0.631833
0.631834
0.631836
0.631838
0.63184
0.631842
0.631844
0.631846
0.631849
0.631851
0.631854
0.637717
0.637717
0.637717
0.637717
0.637717
0.637717
0.637717
0.637717
0.637717
0.637717
0.637717
0.637717
0.637717
0.637717
0.637717
0.637717
0.637717
0.637717
0.637717
0.637717
0.637717
0.637717
0.637718
0.637718
0.637718
0.637718
0.637718
0.637718
0.637718
0.637718
0.637718
0.637718
0.637718
0.637718
0.637718
0.637718
0.637719
0.637719
0.637719
0.637719
0.637719
0.637719
0.637719
0.63772
0.63772
0.63772
0.63772
0.63772
0.637721
0.637721
0.637721
0.637721
0.637722
0.637722
0.637722
0.637723
0.637723
0.637724
0.637724
0.637725
0.637725
0.637726
0.637726
0.637727
0.637728
0.637729
0.637729
0.63773
0.637731
0.637732
0.637733
0.637734
0.637736
0.637737
0.637738
0.63774
0.637741
0.637743
0.637745
0.637747
0.637749
0.637751
0.637754
0.637756
0.637759
0.643594
0.643594
0.643594
0.643594
0.643594
0.643594
0.643594
0.643594
0.643594
0.643594
0.643594
0.643594
0.643594
0.643594
0.643594
0.643594
0.643594
0.643594
0.643594
0.643594
0.643594
0.643594
0.643594
0.643594
0.643594
0.643594
0.643594
0.643594
0.643594
0.643595
0.643595
0.643595
0.643595
0.643595
0.643595
0.643595
0.643595
0.643595
0.643595
0.643595
0.643596
0.643596
0.643596
0.643596
0.643596
0.643596
0.643597
0.643597
0.643597
0.643597
0.643598
0.643598
0.643598
0.643599
0.643599
0.643599
0.6436
0.6436
0.643601
0.643601
0.643602
0.643602
0.643603
0.643603
0.643604
0.643605
0.643606
0.643606
0.643607
0.643608
0.643609
0.64361
0.643612
0.643613
0.643614
0.643616
0.643617
0.643619
0.643621
0.643622
0.643624
0.643627
0.643629
0.643631
0.643634
0.649441
0.649441
0.649441
0.649441
0.649441
0.649441
0.649441
0.649441
0.649441
0.649441
0.649441
0.649441
0.649441
0.649441
0.649441
0.649441
0.649441
0.649441
0.649441
0.649441
0.649441
0.649441
0.649441
0.649442
0.649442
0.649442
0.649442
0.649442
0.649442
0.649442
0.649442
0.649442
0.649442
0.649442
0.649442
0.649442
0.649442
0.649443
0.649443
0.649443
0.649443
0.649443
0.649443
0.649443
0.649444
0.649444
0.649444
0.649444
0.649444
0.649445
0.649445
0.649445
0.649445
0.649446
0.649446
0.649446
0.649447
0.649447
0.649448
0.649448
0.649449
0.649449
0.64945
0.64945
0.649451
0.649452
0.649452
0.649453
0.649454
0.649455
0.649456
0.649457
0.649458
0.649459
0.649461
0.649462
0.649464
0.649465
0.649467
0.649469
0.649471
0.649473
0.649475
0.649477
0.64948
0.655259
0.655259
0.655259
0.655259
0.655259
0.655259
0.655259
0.655259
0.655259
0.655259
0.655259
0.655259
0.655259
0.655259
0.655259
0.655259
0.655259
0.65526
0.65526
0.65526
0.65526
0.65526
0.65526
0.65526
0.65526
0.65526
0.65526
0.65526
0.65526
0.65526
0.65526
0.65526
0.65526
0.65526
0.65526
0.65526
0.655261
0.655261
0.655261
0.655261
0.655261
0.655261
0.655261
0.655261
0.655262
0.655262
0.655262
0.655262
0.655262
0.655263
0.655263
0.655263
0.655263
0.655264
0.655264
0.655264
0.655265
0.655265
0.655266
0.655266
0.655266
0.655267
0.655268
0.655268
0.655269
0.655269
0.65527
0.655271
0.655272
0.655273
0.655274
0.655275
0.655276
0.655277
0.655278
0.655279
0.655281
0.655282
0.655284
0.655286
0.655287
0.655289
0.655292
0.655294
0.655296
0.661048
0.661048
0.661048
0.661048
0.661048
0.661048
0.661048
0.661049
0.661049
0.661049
0.661049
0.661049
0.661049
0.661049
0.661049
0.661049
0.661049
0.661049
0.661049
0.661049
0.661049
0.661049
0.661049
0.661049
0.661049
0.661049
0.661049
0.661049
0.661049
0.661049
0.661049
0.661049
0.661049
0.661049
0.66105
0.66105
0.66105
0.66105
0.66105
0.66105
0.66105
0.66105
0.66105
0.661051
0.661051
0.661051
0.661051
0.661051
0.661051
0.661052
0.661052
0.661052
0.661052
0.661053
0.661053
0.661053
0.661054
0.661054
0.661054
0.661055
0.661055
0.661056
0.661056
0.661057
0.661058
0.661058
0.661059
0.66106
0.66106
0.661061
0.661062
0.661063
0.661064
0.661065
0.661066
0.661068
0.661069
0.66107
0.661072
0.661074
0.661075
0.661077
0.661079
0.661081
0.661084
0.666809
0.666809
0.666809
0.666809
0.666809
0.666809
0.666809
0.666809
0.666809
0.666809
0.666809
0.666809
0.666809
0.666809
0.666809
0.666809
0.666809
0.666809
0.666809
0.666809
0.666809
0.666809
0.666809
0.666809
0.666809
0.666809
0.666809
0.666809
0.666809
0.666809
0.66681
0.66681
0.66681
0.66681
0.66681
0.66681
0.66681
0.66681
0.66681
0.66681
0.66681
0.666811
0.666811
0.666811
0.666811
0.666811
0.666811
0.666811
0.666812
0.666812
0.666812
0.666812
0.666813
0.666813
0.666813
0.666813
0.666814
0.666814
0.666815
0.666815
0.666815
0.666816
0.666816
0.666817
0.666817
0.666818
0.666819
0.666819
0.66682
0.666821
0.666822
0.666823
0.666824
0.666825
0.666826
0.666827
0.666828
0.66683
0.666831
0.666833
0.666834
0.666836
0.666838
0.66684
0.666842
0.67254
0.67254
0.67254
0.67254
0.67254
0.67254
0.67254
0.67254
0.67254
0.67254
0.672541
0.672541
0.672541
0.672541
0.672541
0.672541
0.672541
0.672541
0.672541
0.672541
0.672541
0.672541
0.672541
0.672541
0.672541
0.672541
0.672541
0.672541
0.672541
0.672541
0.672541
0.672541
0.672541
0.672541
0.672541
0.672541
0.672542
0.672542
0.672542
0.672542
0.672542
0.672542
0.672542
0.672542
0.672542
0.672543
0.672543
0.672543
0.672543
0.672543
0.672544
0.672544
0.672544
0.672544
0.672545
0.672545
0.672545
0.672545
0.672546
0.672546
0.672547
0.672547
0.672548
0.672548
0.672549
0.672549
0.67255
0.67255
0.672551
0.672552
0.672553
0.672553
0.672554
0.672555
0.672556
0.672558
0.672559
0.67256
0.672561
0.672563
0.672564
0.672566
0.672568
0.67257
0.672572
0.678243
0.678243
0.678243
0.678243
0.678243
0.678243
0.678243
0.678244
0.678244
0.678244
0.678244
0.678244
0.678244
0.678244
0.678244
0.678244
0.678244
0.678244
0.678244
0.678244
0.678244
0.678244
0.678244
0.678244
0.678244
0.678244
0.678244
0.678244
0.678244
0.678244
0.678244
0.678244
0.678244
0.678244
0.678244
0.678244
0.678245
0.678245
0.678245
0.678245
0.678245
0.678245
0.678245
0.678245
0.678245
0.678245
0.678246
0.678246
0.678246
0.678246
0.678246
0.678247
0.678247
0.678247
0.678247
0.678248
0.678248
0.678248
0.678249
0.678249
0.678249
0.67825
0.67825
0.678251
0.678251
0.678252
0.678252
0.678253
0.678253
0.678254
0.678255
0.678256
0.678257
0.678258
0.678258
0.67826
0.678261
0.678262
0.678263
0.678265
0.678266
0.678268
0.678269
0.678271
0.678273
0.683918
0.683918
0.683918
0.683918
0.683918
0.683918
0.683918
0.683918
0.683918
0.683918
0.683918
0.683918
0.683918
0.683918
0.683918
0.683918
0.683918
0.683918
0.683918
0.683918
0.683918
0.683918
0.683918
0.683918
0.683918
0.683918
0.683918
0.683919
0.683919
0.683919
0.683919
0.683919
0.683919
0.683919
0.683919
0.683919
0.683919
0.683919
0.683919
0.683919
0.683919
0.683919
0.68392
0.68392
0.68392
0.68392
0.68392
0.68392
0.68392
0.683921
0.683921
0.683921
0.683921
0.683921
0.683922
0.683922
0.683922
0.683922
0.683923
0.683923
0.683923
0.683924
0.683924
0.683925
0.683925
0.683926
0.683926
0.683927
0.683927
0.683928
0.683929
0.683929
0.68393
0.683931
0.683932
0.683933
0.683934
0.683935
0.683936
0.683938
0.683939
0.683941
0.683942
0.683944
0.683946
0.689564
0.689564
0.689564
0.689564
0.689564
0.689564
0.689564
0.689564
0.689564
0.689564
0.689564
0.689564
0.689564
0.689564
0.689564
0.689564
0.689564
0.689564
0.689565
0.689565
0.689565
0.689565
0.689565
0.689565
0.689565
0.689565
0.689565
0.689565
0.689565
0.689565
0.689565
0.689565
0.689565
0.689565
0.689565
0.689565
0.689565
0.689565
0.689565
0.689565
0.689566
0.689566
0.689566
0.689566
0.689566
0.689566
0.689566
0.689566
0.689566
0.689567
0.689567
0.689567
0.689567
0.689567
0.689568
0.689568
0.689568
0.689568
0.689569
0.689569
0.689569
0.68957
0.68957
0.68957
0.689571
0.689571
0.689572
0.689572
0.689573
0.689574
0.689574
0.689575
0.689576
0.689576
0.689577
0.689578
0.689579
0.68958
0.689581
0.689583
0.689584
0.689585
0.689587
0.689588
0.68959
0.695182
0.695182
0.695182
0.695182
0.695182
0.695182
0.695182
0.695182
0.695182
0.695182
0.695182
0.695182
0.695183
0.695183
0.695183
0.695183
0.695183
0.695183
0.695183
0.695183
0.695183
0.695183
0.695183
0.695183
0.695183
0.695183
0.695183
0.695183
0.695183
0.695183
0.695183
0.695183
0.695183
0.695183
0.695183
0.695183
0.695183
0.695183
0.695183
0.695183
0.695184
0.695184
0.695184
0.695184
0.695184
0.695184
0.695184
0.695184
0.695184
0.695185
0.695185
0.695185
0.695185
0.695185
0.695185
0.695186
0.695186
0.695186
0.695186
0.695187
0.695187
0.695187
0.695188
0.695188
0.695188
0.695189
0.695189
0.69519
0.69519
0.695191
0.695191
0.695192
0.695193
0.695194
0.695194
0.695195
0.695196
0.695197
0.695198
0.695199
0.6952
0.695202
0.695203
0.695204
0.695206
0.700772
0.700772
0.700772
0.700772
0.700772
0.700772
0.700772
0.700773
0.700773
0.700773
0.700773
0.700773
0.700773
0.700773
0.700773
0.700773
0.700773
0.700773
0.700773
0.700773
0.700773
0.700773
0.700773
0.700773
0.700773
0.700773
0.700773
0.700773
0.700773
0.700773
0.700773
0.700773
0.700773
0.700773
0.700773
0.700773
0.700773
0.700773
0.700773
0.700773
0.700773
0.700774
0.700774
0.700774
0.700774
0.700774
0.700774
0.700774
0.700774
0.700774
0.700775
0.700775
0.700775
0.700775
0.700775
0.700775
0.700776
0.700776
0.700776
0.700776
0.700777
0.700777
0.700777
0.700778
0.700778
0.700778
0.700779
0.700779
0.70078
0.70078
0.700781
0.700781
0.700782
0.700783
0.700783
0.700784
0.700785
0.700786
0.700787
0.700788
0.700789
0.70079
0.700791
0.700792
0.700794
0.706335
0.706335
0.706335
0.706335
0.706335
0.706335
0.706335
0.706335
0.706335
0.706335
0.706335
0.706335
0.706335
0.706335
0.706335
0.706335
0.706335
0.706335
0.706335
0.706335
0.706335
0.706335
0.706335
0.706335
0.706335
0.706335
0.706335
0.706335
0.706335
0.706335
0.706335
0.706335
0.706335
0.706335
0.706335
0.706335
0.706335
0.706335
0.706335
0.706335
0.706336
0.706336
0.706336
0.706336
0.706336
0.706336
0.706336
0.706336
0.706336
0.706336
0.706336
0.706337
0.706337
0.706337
0.706337
0.706337
0.706337
0.706338
0.706338
0.706338
0.706338
0.706339
0.706339
0.706339
0.70634
0.70634
0.70634
0.706341
0.706341
0.706342
0.706342
0.706343
0.706343
0.706344
0.706344
0.706345
0.706346
0.706347
0.706347
0.706348
0.706349
0.70635
0.706351
0.706352
0.706354
0.711869
0.711869
0.711869
0.711869
0.711869
0.711869
0.711869
0.711869
0.711869
0.711869
0.711869
0.711869
0.711869
0.711869
0.711869
0.711869
0.711869
0.711869
0.711869
0.711869
0.711869
0.711869
0.711869
0.711869
0.711869
0.711869
0.711869
0.711869
0.711869
0.711869
0.711869
0.711869
0.711869
0.711869
0.71187
0.71187
0.71187
0.71187
0.71187
0.71187
0.71187
0.71187
0.71187
0.71187
0.71187
0.71187
0.71187
0.71187
0.71187
0.711871
0.711871
0.711871
0.711871
0.711871
0.711871
0.711871
0.711872
0.711872
0.711872
0.711872
0.711872
0.711873
0.711873
0.711873
0.711873
0.711874
0.711874
0.711874
0.711875
0.711875
0.711876
0.711876
0.711877
0.711877
0.711878
0.711878
0.711879
0.71188
0.71188
0.711881
0.711882
0.711883
0.711884
0.711885
0.711886
0.717376
0.717376
0.717376
0.717376
0.717376
0.717376
0.717376
0.717376
0.717376
0.717376
0.717376
0.717376
0.717376
0.717376
0.717376
0.717376
0.717376
0.717376
0.717376
0.717376
0.717376
0.717376
0.717376
0.717376
0.717376
0.717376
0.717376
0.717376
0.717376
0.717376
0.717376
0.717376
0.717376
0.717376
0.717376
0.717376
0.717376
0.717376
0.717376
0.717376
0.717376
0.717377
0.717377
0.717377
0.717377
0.717377
0.717377
0.717377
0.717377
0.717377
0.717377
0.717377
0.717377
0.717378
0.717378
0.717378
0.717378
0.717378
0.717378
0.717378
0.717379
0.717379
0.717379
0.717379
0.71738
0.71738
0.71738
0.71738
0.717381
0.717381
0.717381
0.717382
0.717382
0.717383
0.717383
0.717384
0.717384
0.717385
0.717386
0.717386
0.717387
0.717388
0.717389
0.717389
0.71739
0.722855
0.722855
0.722855
0.722855
0.722855
0.722855
0.722855
0.722855
0.722855
0.722855
0.722855
0.722855
0.722855
0.722855
0.722855
0.722855
0.722855
0.722855
0.722855
0.722855
0.722855
0.722855
0.722855
0.722855
0.722855
0.722855
0.722855
0.722855
0.722855
0.722855
0.722855
0.722855
0.722855
0.722855
0.722855
0.722855
0.722855
0.722855
0.722856
0.722856
0.722856
0.722856
0.722856
0.722856
0.722856
0.722856
0.722856
0.722856
0.722856
0.722856
0.722856
0.722856
0.722856
0.722856
0.722857
0.722857
0.722857
0.722857
0.722857
0.722857
0.722857
0.722858
0.722858
0.722858
0.722858
0.722858
0.722859
0.722859
0.722859
0.722859
0.72286
0.72286
0.722861
0.722861
0.722861
0.722862
0.722862
0.722863
0.722863
0.722864
0.722864
0.722865
0.722866
0.722867
0.722867
0.728307
0.728307
0.728307
0.728307
0.728307
0.728307
0.728307
0.728307
0.728307
0.728307
0.728307
0.728307
0.728307
0.728307
0.728307
0.728307
0.728307
0.728307
0.728307
0.728307
0.728307
0.728307
0.728307
0.728307
0.728307
0.728307
0.728307
0.728307
0.728307
0.728307
0.728307
0.728307
0.728307
0.728307
0.728307
0.728307
0.728307
0.728307
0.728307
0.728307
0.728307
0.728307
0.728307
0.728307
0.728308
0.728308
0.728308
0.728308
0.728308
0.728308
0.728308
0.728308
0.728308
0.728308
0.728308
0.728308
0.728308
0.728308
0.728309
0.728309
0.728309
0.728309
0.728309
0.728309
0.728309
0.72831
0.72831
0.72831
0.72831
0.728311
0.728311
0.728311
0.728311
0.728312
0.728312
0.728312
0.728313
0.728313
0.728314
0.728314
0.728315
0.728315
0.728316
0.728316
0.728317
0.733731
0.733731
0.733731
0.733731
0.733731
0.733731
0.733731
0.733731
0.733732
0.733732
0.733732
0.733732
0.733732
0.733732
0.733732
0.733732
0.733732
0.733732
0.733732
0.733732
0.733732
0.733732
0.733732
0.733732
0.733732
0.733732
0.733732
0.733732
0.733732
0.733732
0.733732
0.733732
0.733732
0.733732
0.733732
0.733732
0.733732
0.733732
0.733732
0.733732
0.733732
0.733732
0.733732
0.733732
0.733732
0.733732
0.733732
0.733732
0.733732
0.733732
0.733732
0.733732
0.733732
0.733732
0.733733
0.733733
0.733733
0.733733
0.733733
0.733733
0.733733
0.733733
0.733733
0.733733
0.733734
0.733734
0.733734
0.733734
0.733734
0.733734
0.733735
0.733735
0.733735
0.733735
0.733736
0.733736
0.733736
0.733736
0.733737
0.733737
0.733738
0.733738
0.733738
0.733739
0.733739
0.739129
0.739129
0.739129
0.739129
0.739129
0.739129
0.739129
0.739129
0.739129
0.739129
0.739129
0.739129
0.739129
0.739129
0.739129
0.739129
0.739129
0.739129
0.739129
0.739129
0.739129
0.739129
0.739129
0.739129
0.739129
0.739129
0.739129
0.739129
0.739129
0.739129
0.739129
0.739129
0.739129
0.739129
0.739129
0.739129
0.739129
0.739129
0.739129
0.739129
0.739129
0.739129
0.739129
0.739129
0.739129
0.739129
0.739129
0.739129
0.739129
0.73913
0.73913
0.73913
0.73913
0.73913
0.73913
0.73913
0.73913
0.73913
0.73913
0.73913
0.73913
0.73913
0.73913
0.73913
0.73913
0.739131
0.739131
0.739131
0.739131
0.739131
0.739131
0.739131
0.739132
0.739132
0.739132
0.739132
0.739132
0.739133
0.739133
0.739133
0.739133
0.739134
0.739134
0.739134
0.739135
0.7445
0.7445
0.7445
0.7445
0.7445
0.7445
0.7445
0.7445
0.7445
0.7445
0.7445
0.7445
0.7445
0.7445
0.7445
0.7445
0.7445
0.7445
0.7445
0.7445
0.7445
0.7445
0.7445
0.7445
0.7445
0.7445
0.7445
0.7445
0.7445
0.7445
0.7445
0.7445
0.7445
0.7445
0.7445
0.7445
0.7445
0.7445
0.7445
0.7445
0.7445
0.7445
0.7445
0.7445
0.7445
0.7445
0.7445
0.7445
0.7445
0.7445
0.7445
0.7445
0.7445
0.7445
0.7445
0.7445
0.7445
0.7445
0.7445
0.7445
0.7445
0.7445
0.7445
0.7445
0.7445
0.7445
0.744501
0.744501
0.744501
0.744501
0.744501
0.744501
0.744501
0.744501
0.744501
0.744501
0.744502
0.744502
0.744502
0.744502
0.744502
0.744502
0.744502
0.744503
0.744503
0.749843
0.749843
0.749843
0.749843
0.749843
0.749843
0.749843
0.749843
0.749843
0.749843
0.749843
0.749843
0.749843
0.749843
0.749843
0.749843
0.749843
0.749843
0.749843
0.749843
0.749843
0.749843
0.749843
0.749843
0.749843
0.749843
0.749843
0.749843
0.749843
0.749843
0.749843
0.749843
0.749843
0.749843
0.749843
0.749843
0.749843
0.749843
0.749843
0.749843
0.749843
0.749843
0.749843
0.749843
0.749843
0.749843
0.749843
0.749843
0.749843
0.749843
0.749843
0.749843
0.749843
0.749843
0.749843
0.749843
0.749843
0.749843
0.749843
0.749843
0.749843
0.749843
0.749843
0.749844
0.749844
0.749844
0.749844
0.749844
0.749844
0.749844
0.749844
0.749844
0.749844
0.749844
0.749844
0.749844
0.749844
0.749844
0.749844
0.749844
0.749844
0.749844
0.749844
0.749844
0.749844
0.75516
0.75516
0.75516
0.75516
0.75516
0.75516
0.75516
0.75516
0.75516
0.75516
0.75516
0.75516
0.75516
0.75516
0.75516
0.75516
0.75516
0.75516
0.75516
0.75516
0.75516
0.75516
0.75516
0.75516
0.75516
0.75516
0.75516
0.75516
0.75516
0.75516
0.75516
0.75516
0.75516
0.75516
0.75516
0.75516
0.75516
0.75516
0.75516
0.75516
0.75516
0.75516
0.75516
0.75516
0.75516
0.75516
0.75516
0.75516
0.755159
0.755159
0.755159
0.755159
0.755159
0.755159
0.755159
0.755159
0.755159
0.755159
0.755159
0.755159
0.755159
0.755159
0.755159
0.755159
0.755159
0.755159
0.755159
0.755159
0.755159
0.755159
0.755159
0.755159
0.755159
0.755159
0.755159
0.755159
0.755159
0.755159
0.755159
0.755159
0.755159
0.755159
0.755159
0.755159
0.755158
0.760475
0.760475
0.760475
0.760475
0.760475
0.760475
0.760475
0.760475
0.760475
0.760475
0.760475
0.760475
0.760475
0.760475
0.760475
0.760475
0.760475
0.760475
0.760475
0.760475
0.760475
0.760475
0.760475
0.760475
0.760475
0.760475
0.760475
0.760475
0.760475
0.760475
0.760475
0.760475
0.760475
0.760475
0.760475
0.760475
0.760475
0.760475
0.760475
0.760475
0.760475
0.760475
0.760475
0.760475
0.760475
0.760475
0.760475
0.760475
0.760475
0.760475
0.760475
0.760475
0.760475
0.760475
0.760475
0.760475
0.760475
0.760475
0.760475
0.760475
0.760475
0.760475
0.760475
0.760474
0.760474
0.760474
0.760474
0.760474
0.760474
0.760474
0.760474
0.760474
0.760474
0.760474
0.760474
0.760473
0.760473
0.760473
0.760473
0.760473
0.760473
0.760473
0.760472
0.760472
0.760472
0.765818
0.765818
0.765818
0.765818
0.765818
0.765818
0.765818
0.765818
0.765818
0.765818
0.765818
0.765818
0.765818
0.765817
0.765817
0.765817
0.765817
0.765817
0.765817
0.765817
0.765817
0.765817
0.765817
0.765817
0.765817
0.765817
0.765817
0.765817
0.765817
0.765817
0.765817
0.765817
0.765817
0.765817
0.765817
0.765817
0.765817
0.765817
0.765817
0.765817
0.765817
0.765817
0.765817
0.765817
0.765817
0.765817
0.765817
0.765817
0.765817
0.765817
0.765817
0.765817
0.765817
0.765817
0.765817
0.765817
0.765817
0.765817
0.765817
0.765816
0.765816
0.765816
0.765816
0.765816
0.765816
0.765816
0.765816
0.765816
0.765816
0.765815
0.765815
0.765815
0.765815
0.765815
0.765815
0.765814
0.765814
0.765814
0.765814
0.765814
0.765813
0.765813
0.765813
0.765812
0.765812
0.771186
0.771186
0.771186
0.771186
0.771186
0.771186
0.771186
0.771186
0.771186
0.771186
0.771186
0.771186
0.771186
0.771186
0.771186
0.771186
0.771186
0.771186
0.771186
0.771186
0.771186
0.771186
0.771186
0.771186
0.771186
0.771186
0.771186
0.771186
0.771186
0.771186
0.771186
0.771186
0.771186
0.771186
0.771186
0.771186
0.771186
0.771186
0.771186
0.771186
0.771186
0.771186
0.771186
0.771186
0.771186
0.771186
0.771186
0.771186
0.771186
0.771186
0.771186
0.771186
0.771186
0.771186
0.771185
0.771185
0.771185
0.771185
0.771185
0.771185
0.771185
0.771185
0.771185
0.771185
0.771184
0.771184
0.771184
0.771184
0.771184
0.771184
0.771183
0.771183
0.771183
0.771183
0.771182
0.771182
0.771182
0.771182
0.771181
0.771181
0.77118
0.77118
0.77118
0.771179
0.771179
0.776582
0.776582
0.776582
0.776582
0.776582
0.776582
0.776582
0.776582
0.776582
0.776582
0.776582
0.776582
0.776582
0.776582
0.776582
0.776582
0.776582
0.776582
0.776582
0.776582
0.776582
0.776582
0.776582
0.776582
0.776582
0.776582
0.776582
0.776582
0.776582
0.776582
0.776582
0.776582
0.776582
0.776582
0.776582
0.776582
0.776582
0.776582
0.776582
0.776582
0.776582
0.776582
0.776582
0.776582
0.776582
0.776582
0.776581
0.776581
0.776581
0.776581
0.776581
0.776581
0.776581
0.776581
0.776581
0.776581
0.776581
0.776581
0.776581
0.77658
0.77658
0.77658
0.77658
0.77658
0.77658
0.776579
0.776579
0.776579
0.776579
0.776579
0.776578
0.776578
0.776578
0.776577
0.776577
0.776577
0.776576
0.776576
0.776575
0.776575
0.776575
0.776574
0.776573
0.776573
0.776572
0.782005
0.782005
0.782005
0.782005
0.782005
0.782005
0.782005
0.782005
0.782005
0.782005
0.782005
0.782005
0.782005
0.782005
0.782005
0.782005
0.782005
0.782005
0.782005
0.782005
0.782005
0.782005
0.782005
0.782005
0.782005
0.782005
0.782005
0.782005
0.782005
0.782005
0.782005
0.782005
0.782005
0.782005
0.782005
0.782005
0.782005
0.782004
0.782004
0.782004
0.782004
0.782004
0.782004
0.782004
0.782004
0.782004
0.782004
0.782004
0.782004
0.782004
0.782004
0.782004
0.782004
0.782003
0.782003
0.782003
0.782003
0.782003
0.782003
0.782003
0.782003
0.782002
0.782002
0.782002
0.782002
0.782002
0.782001
0.782001
0.782001
0.782
0.782
0.782
0.781999
0.781999
0.781999
0.781998
0.781998
0.781997
0.781997
0.781996
0.781996
0.781995
0.781994
0.781993
0.781993
0.787455
0.787455
0.787455
0.787455
0.787455
0.787455
0.787455
0.787455
0.787455
0.787455
0.787455
0.787455
0.787455
0.787455
0.787455
0.787455
0.787455
0.787455
0.787455
0.787455
0.787455
0.787455
0.787455
0.787455
0.787455
0.787455
0.787455
0.787455
0.787455
0.787454
0.787454
0.787454
0.787454
0.787454
0.787454
0.787454
0.787454
0.787454
0.787454
0.787454
0.787454
0.787454
0.787454
0.787454
0.787454
0.787454
0.787454
0.787454
0.787454
0.787453
0.787453
0.787453
0.787453
0.787453
0.787453
0.787453
0.787453
0.787452
0.787452
0.787452
0.787452
0.787452
0.787452
0.787451
0.787451
0.787451
0.78745
0.78745
0.78745
0.78745
0.787449
0.787449
0.787448
0.787448
0.787447
0.787447
0.787446
0.787446
0.787445
0.787444
0.787444
0.787443
0.787442
0.787441
0.78744
0.792932
0.792932
0.792932
0.792932
0.792932
0.792932
0.792932
0.792932
0.792932
0.792932
0.792932
0.792932
0.792932
0.792932
0.792932
0.792932
0.792932
0.792932
0.792932
0.792932
0.792932
0.792932
0.792932
0.792932
0.792932
0.792932
0.792932
0.792932
0.792931
0.792931
0.792931
0.792931
0.792931
0.792931
0.792931
0.792931
0.792931
0.792931
0.792931
0.792931
0.792931
0.792931
0.792931
0.792931
0.792931
0.792931
0.792931
0.79293
0.79293
0.79293
0.79293
0.79293
0.79293
0.79293
0.79293
0.792929
0.792929
0.792929
0.792929
0.792929
0.792929
0.792928
0.792928
0.792928
0.792927
0.792927
0.792927
0.792927
0.792926
0.792926
0.792925
0.792925
0.792924
0.792924
0.792923
0.792923
0.792922
0.792921
0.792921
0.79292
0.792919
0.792918
0.792917
0.792916
0.792915
0.798436
0.798436
0.798436
0.798436
0.798436
0.798436
0.798436
0.798436
0.798436
0.798436
0.798436
0.798436
0.798436
0.798436
0.798436
0.798436
0.798436
0.798436
0.798436
0.798436
0.798436
0.798436
0.798436
0.798436
0.798436
0.798436
0.798436
0.798436
0.798436
0.798436
0.798436
0.798436
0.798436
0.798436
0.798436
0.798436
0.798436
0.798435
0.798435
0.798435
0.798435
0.798435
0.798435
0.798435
0.798435
0.798435
0.798435
0.798435
0.798435
0.798434
0.798434
0.798434
0.798434
0.798434
0.798434
0.798434
0.798433
0.798433
0.798433
0.798433
0.798432
0.798432
0.798432
0.798432
0.798431
0.798431
0.798431
0.79843
0.79843
0.798429
0.798429
0.798428
0.798428
0.798427
0.798427
0.798426
0.798425
0.798424
0.798424
0.798423
0.798422
0.798421
0.79842
0.798418
0.798417
0.803968
0.803968
0.803968
0.803968
0.803968
0.803968
0.803968
0.803968
0.803968
0.803968
0.803968
0.803968
0.803968
0.803968
0.803968
0.803968
0.803968
0.803968
0.803968
0.803968
0.803968
0.803968
0.803968
0.803968
0.803968
0.803968
0.803968
0.803968
0.803968
0.803968
0.803968
0.803968
0.803967
0.803967
0.803967
0.803967
0.803967
0.803967
0.803967
0.803967
0.803967
0.803967
0.803967
0.803967
0.803967
0.803967
0.803966
0.803966
0.803966
0.803966
0.803966
0.803966
0.803966
0.803966
0.803965
0.803965
0.803965
0.803965
0.803964
0.803964
0.803964
0.803964
0.803963
0.803963
0.803963
0.803962
0.803962
0.803961
0.803961
0.80396
0.80396
0.803959
0.803959
0.803958
0.803957
0.803957
0.803956
0.803955
0.803954
0.803953
0.803952
0.803951
0.80395
0.803948
0.803947
0.809528
0.809528
0.809528
0.809528
0.809528
0.809527
0.809527
0.809527
0.809527
0.809527
0.809527
0.809527
0.809527
0.809527
0.809527
0.809527
0.809527
0.809527
0.809527
0.809527
0.809527
0.809527
0.809527
0.809527
0.809527
0.809527
0.809527
0.809527
0.809527
0.809527
0.809527
0.809527
0.809527
0.809527
0.809527
0.809527
0.809527
0.809527
0.809527
0.809526
0.809526
0.809526
0.809526
0.809526
0.809526
0.809526
0.809526
0.809526
0.809526
0.809525
0.809525
0.809525
0.809525
0.809525
0.809525
0.809524
0.809524
0.809524
0.809524
0.809523
0.809523
0.809523
0.809522
0.809522
0.809522
0.809521
0.809521
0.80952
0.80952
0.809519
0.809519
0.809518
0.809517
0.809516
0.809516
0.809515
0.809514
0.809513
0.809512
0.809511
0.80951
0.809509
0.809507
0.809506
0.809504
0.815115
0.815115
0.815115
0.815115
0.815115
0.815115
0.815115
0.815115
0.815115
0.815115
0.815115
0.815115
0.815115
0.815115
0.815115
0.815115
0.815115
0.815115
0.815115
0.815115
0.815114
0.815114
0.815114
0.815114
0.815114
0.815114
0.815114
0.815114
0.815114
0.815114
0.815114
0.815114
0.815114
0.815114
0.815114
0.815114
0.815114
0.815114
0.815114
0.815114
0.815114
0.815113
0.815113
0.815113
0.815113
0.815113
0.815113
0.815113
0.815113
0.815112
0.815112
0.815112
0.815112
0.815112
0.815111
0.815111
0.815111
0.815111
0.81511
0.81511
0.81511
0.815109
0.815109
0.815109
0.815108
0.815108
0.815107
0.815107
0.815106
0.815106
0.815105
0.815104
0.815104
0.815103
0.815102
0.815101
0.8151
0.815099
0.815098
0.815097
0.815095
0.815094
0.815093
0.815091
0.815089
0.82073
0.82073
0.82073
0.82073
0.82073
0.82073
0.82073
0.82073
0.82073
0.82073
0.82073
0.82073
0.82073
0.82073
0.82073
0.82073
0.82073
0.82073
0.82073
0.82073
0.82073
0.82073
0.82073
0.820729
0.820729
0.820729
0.820729
0.820729
0.820729
0.820729
0.820729
0.820729
0.820729
0.820729
0.820729
0.820729
0.820729
0.820729
0.820729
0.820729
0.820729
0.820728
0.820728
0.820728
0.820728
0.820728
0.820728
0.820728
0.820727
0.820727
0.820727
0.820727
0.820727
0.820727
0.820726
0.820726
0.820726
0.820725
0.820725
0.820725
0.820724
0.820724
0.820724
0.820723
0.820723
0.820722
0.820722
0.820721
0.820721
0.82072
0.820719
0.820718
0.820718
0.820717
0.820716
0.820715
0.820714
0.820713
0.820712
0.82071
0.820709
0.820708
0.820706
0.820704
0.820703
0.826373
0.826373
0.826373
0.826373
0.826373
0.826373
0.826373
0.826373
0.826373
0.826373
0.826373
0.826373
0.826373
0.826373
0.826373
0.826373
0.826373
0.826373
0.826373
0.826373
0.826373
0.826373
0.826373
0.826373
0.826373
0.826372
0.826372
0.826372
0.826372
0.826372
0.826372
0.826372
0.826372
0.826372
0.826372
0.826372
0.826372
0.826372
0.826372
0.826372
0.826372
0.826371
0.826371
0.826371
0.826371
0.826371
0.826371
0.826371
0.82637
0.82637
0.82637
0.82637
0.82637
0.826369
0.826369
0.826369
0.826369
0.826368
0.826368
0.826368
0.826367
0.826367
0.826366
0.826366
0.826365
0.826365
0.826364
0.826364
0.826363
0.826362
0.826362
0.826361
0.82636
0.826359
0.826358
0.826357
0.826356
0.826355
0.826353
0.826352
0.826351
0.826349
0.826347
0.826346
0.826344
0.832044
0.832044
0.832044
0.832044
0.832044
0.832044
0.832044
0.832044
0.832044
0.832044
0.832044
0.832044
0.832044
0.832044
0.832044
0.832044
0.832044
0.832044
0.832044
0.832044
0.832044
0.832044
0.832044
0.832044
0.832044
0.832044
0.832044
0.832044
0.832044
0.832044
0.832043
0.832043
0.832043
0.832043
0.832043
0.832043
0.832043
0.832043
0.832043
0.832043
0.832043
0.832043
0.832042
0.832042
0.832042
0.832042
0.832042
0.832042
0.832041
0.832041
0.832041
0.832041
0.832041
0.83204
0.83204
0.83204
0.83204
0.832039
0.832039
0.832038
0.832038
0.832038
0.832037
0.832037
0.832036
0.832036
0.832035
0.832034
0.832034
0.832033
0.832032
0.832031
0.83203
0.832029
0.832028
0.832027
0.832026
0.832025
0.832023
0.832022
0.83202
0.832019
0.832017
0.832015
0.832013
0.837744
0.837744
0.837744
0.837744
0.837744
0.837744
0.837744
0.837744
0.837744
0.837744
0.837744
0.837744
0.837744
0.837744
0.837744
0.837743
0.837743
0.837743
0.837743
0.837743
0.837743
0.837743
0.837743
0.837743
0.837743
0.837743
0.837743
0.837743
0.837743
0.837743
0.837743
0.837743
0.837743
0.837743
0.837743
0.837743
0.837742
0.837742
0.837742
0.837742
0.837742
0.837742
0.837742
0.837742
0.837742
0.837741
0.837741
0.837741
0.837741
0.837741
0.83774
0.83774
0.83774
0.83774
0.837739
0.837739
0.837739
0.837738
0.837738
0.837738
0.837737
0.837737
0.837736
0.837736
0.837735
0.837735
0.837734
0.837733
0.837733
0.837732
0.837731
0.83773
0.837729
0.837728
0.837727
0.837726
0.837724
0.837723
0.837722
0.83772
0.837719
0.837717
0.837715
0.837713
0.837711
0.843472
0.843472
0.843472
0.843472
0.843472
0.843472
0.843472
0.843472
0.843472
0.843472
0.843472
0.843472
0.843471
0.843471
0.843471
0.843471
0.843471
0.843471
0.843471
0.843471
0.843471
0.843471
0.843471
0.843471
0.843471
0.843471
0.843471
0.843471
0.843471
0.843471
0.843471
0.843471
0.843471
0.843471
0.843471
0.84347
0.84347
0.84347
0.84347
0.84347
0.84347
0.84347
0.84347
0.84347
0.843469
0.843469
0.843469
0.843469
0.843469
0.843468
0.843468
0.843468
0.843468
0.843467
0.843467
0.843467
0.843466
0.843466
0.843466
0.843465
0.843465
0.843464
0.843464
0.843463
0.843463
0.843462
0.843461
0.843461
0.84346
0.843459
0.843458
0.843457
0.843456
0.843455
0.843454
0.843453
0.843451
0.84345
0.843448
0.843447
0.843445
0.843443
0.843441
0.843439
0.843437
0.849228
0.849228
0.849228
0.849228
0.849228
0.849228
0.849228
0.849228
0.849228
0.849228
0.849228
0.849228
0.849228
0.849228
0.849228
0.849228
0.849228
0.849228
0.849228
0.849228
0.849228
0.849228
0.849228
0.849228
0.849228
0.849228
0.849228
0.849227
0.849227
0.849227
0.849227
0.849227
0.849227
0.849227
0.849227
0.849227
0.849227
0.849227
0.849227
0.849226
0.849226
0.849226
0.849226
0.849226
0.849226
0.849226
0.849225
0.849225
0.849225
0.849225
0.849225
0.849224
0.849224
0.849224
0.849223
0.849223
0.849223
0.849222
0.849222
0.849221
0.849221
0.84922
0.84922
0.849219
0.849219
0.849218
0.849217
0.849217
0.849216
0.849215
0.849214
0.849213
0.849212
0.849211
0.84921
0.849208
0.849207
0.849205
0.849204
0.849202
0.8492
0.849198
0.849196
0.849194
0.849192
0.855013
0.855013
0.855013
0.855013
0.855013
0.855013
0.855013
0.855013
0.855013
0.855013
0.855013
0.855013
0.855013
0.855013
0.855013
0.855013
0.855013
0.855013
0.855013
0.855013
0.855013
0.855013
0.855013
0.855013
0.855013
0.855013
0.855013
0.855013
0.855013
0.855013
0.855012
0.855012
0.855012
0.855012
0.855012
0.855012
0.855012
0.855012
0.855012
0.855012
0.855011
0.855011
0.855011
0.855011
0.855011
0.855011
0.85501
0.85501
0.85501
0.85501
0.85501
0.855009
0.855009
0.855009
0.855008
0.855008
0.855008
0.855007
0.855007
0.855006
0.855006
0.855005
0.855005
0.855004
0.855003
0.855003
0.855002
0.855001
0.855
0.855
0.854999
0.854998
0.854996
0.854995
0.854994
0.854993
0.854991
0.85499
0.854988
0.854986
0.854984
0.854982
0.85498
0.854978
0.854975
0.860827
0.860827
0.860827
0.860827
0.860827
0.860827
0.860827
0.860827
0.860827
0.860827
0.860827
0.860827
0.860827
0.860827
0.860827
0.860827
0.860827
0.860827
0.860827
0.860827
0.860827
0.860827
0.860827
0.860827
0.860827
0.860827
0.860827
0.860827
0.860827
0.860826
0.860826
0.860826
0.860826
0.860826
0.860826
0.860826
0.860826
0.860826
0.860826
0.860826
0.860825
0.860825
0.860825
0.860825
0.860825
0.860825
0.860824
0.860824
0.860824
0.860824
0.860823
0.860823
0.860823
0.860823
0.860822
0.860822
0.860821
0.860821
0.860821
0.86082
0.86082
0.860819
0.860818
0.860818
0.860817
0.860816
0.860816
0.860815
0.860814
0.860813
0.860812
0.860811
0.86081
0.860809
0.860807
0.860806
0.860804
0.860803
0.860801
0.860799
0.860797
0.860795
0.860793
0.86079
0.860788
0.86667
0.86667
0.86667
0.86667
0.86667
0.86667
0.86667
0.86667
0.86667
0.86667
0.86667
0.86667
0.86667
0.86667
0.86667
0.86667
0.86667
0.86667
0.86667
0.86667
0.86667
0.86667
0.86667
0.86667
0.86667
0.86667
0.86667
0.86667
0.86667
0.866669
0.866669
0.866669
0.866669
0.866669
0.866669
0.866669
0.866669
0.866669
0.866669
0.866668
0.866668
0.866668
0.866668
0.866668
0.866668
0.866667
0.866667
0.866667
0.866667
0.866667
0.866666
0.866666
0.866666
0.866665
0.866665
0.866665
0.866664
0.866664
0.866663
0.866663
0.866662
0.866662
0.866661
0.86666
0.86666
0.866659
0.866658
0.866657
0.866656
0.866655
0.866654
0.866653
0.866652
0.866651
0.866649
0.866648
0.866646
0.866645
0.866643
0.866641
0.866639
0.866637
0.866634
0.866632
0.866629
0.872542
0.872542
0.872542
0.872542
0.872542
0.872542
0.872542
0.872542
0.872542
0.872542
0.872542
0.872542
0.872542
0.872542
0.872542
0.872542
0.872542
0.872542
0.872542
0.872542
0.872542
0.872542
0.872542
0.872542
0.872542
0.872542
0.872542
0.872542
0.872542
0.872542
0.872541
0.872541
0.872541
0.872541
0.872541
0.872541
0.872541
0.872541
0.872541
0.872541
0.87254
0.87254
0.87254
0.87254
0.87254
0.872539
0.872539
0.872539
0.872539
0.872539
0.872538
0.872538
0.872538
0.872537
0.872537
0.872537
0.872536
0.872536
0.872535
0.872535
0.872534
0.872534
0.872533
0.872532
0.872531
0.872531
0.87253
0.872529
0.872528
0.872527
0.872526
0.872525
0.872524
0.872522
0.872521
0.872519
0.872518
0.872516
0.872514
0.872512
0.87251
0.872508
0.872505
0.872503
0.8725
0.878444
0.878444
0.878444
0.878444
0.878444
0.878444
0.878444
0.878444
0.878444
0.878444
0.878444
0.878444
0.878444
0.878444
0.878444
0.878444
0.878443
0.878443
0.878443
0.878443
0.878443
0.878443
0.878443
0.878443
0.878443
0.878443
0.878443
0.878443
0.878443
0.878443
0.878443
0.878443
0.878443
0.878443
0.878442
0.878442
0.878442
0.878442
0.878442
0.878442
0.878442
0.878441
0.878441
0.878441
0.878441
0.878441
0.878441
0.87844
0.87844
0.87844
0.878439
0.878439
0.878439
0.878438
0.878438
0.878438
0.878437
0.878437
0.878436
0.878436
0.878435
0.878435
0.878434
0.878433
0.878433
0.878432
0.878431
0.87843
0.878429
0.878428
0.878427
0.878426
0.878424
0.878423
0.878422
0.87842
0.878418
0.878417
0.878415
0.878413
0.87841
0.878408
0.878406
0.878403
0.8784
0.884375
0.884375
0.884374
0.884374
0.884374
0.884374
0.884374
0.884374
0.884374
0.884374
0.884374
0.884374
0.884374
0.884374
0.884374
0.884374
0.884374
0.884374
0.884374
0.884374
0.884374
0.884374
0.884374
0.884374
0.884374
0.884374
0.884374
0.884374
0.884374
0.884374
0.884373
0.884373
0.884373
0.884373
0.884373
0.884373
0.884373
0.884373
0.884373
0.884372
0.884372
0.884372
0.884372
0.884372
0.884372
0.884371
0.884371
0.884371
0.884371
0.88437
0.88437
0.88437
0.884369
0.884369
0.884369
0.884368
0.884368
0.884367
0.884367
0.884366
0.884366
0.884365
0.884364
0.884364
0.884363
0.884362
0.884361
0.88436
0.884359
0.884358
0.884357
0.884356
0.884355
0.884353
0.884352
0.88435
0.884348
0.884347
0.884345
0.884343
0.88434
0.884338
0.884335
0.884333
0.88433
0.890335
0.890335
0.890335
0.890335
0.890335
0.890335
0.890335
0.890335
0.890335
0.890335
0.890335
0.890335
0.890335
0.890335
0.890335
0.890335
0.890334
0.890334
0.890334
0.890334
0.890334
0.890334
0.890334
0.890334
0.890334
0.890334
0.890334
0.890334
0.890334
0.890334
0.890334
0.890334
0.890334
0.890333
0.890333
0.890333
0.890333
0.890333
0.890333
0.890333
0.890333
0.890332
0.890332
0.890332
0.890332
0.890332
0.890331
0.890331
0.890331
0.890331
0.89033
0.89033
0.89033
0.890329
0.890329
0.890328
0.890328
0.890327
0.890327
0.890326
0.890326
0.890325
0.890324
0.890324
0.890323
0.890322
0.890321
0.89032
0.890319
0.890318
0.890317
0.890316
0.890314
0.890313
0.890311
0.89031
0.890308
0.890306
0.890304
0.890302
0.8903
0.890297
0.890295
0.890292
0.890289
0.896325
0.896325
0.896325
0.896325
0.896325
0.896325
0.896325
0.896325
0.896325
0.896325
0.896325
0.896325
0.896325
0.896325
0.896325
0.896324
0.896324
0.896324
0.896324
0.896324
0.896324
0.896324
0.896324
0.896324
0.896324
0.896324
0.896324
0.896324
0.896324
0.896324
0.896324
0.896324
0.896324
0.896323
0.896323
0.896323
0.896323
0.896323
0.896323
0.896323
0.896322
0.896322
0.896322
0.896322
0.896322
0.896322
0.896321
0.896321
0.896321
0.89632
0.89632
0.89632
0.896319
0.896319
0.896319
0.896318
0.896318
0.896317
0.896317
0.896316
0.896316
0.896315
0.896314
0.896313
0.896313
0.896312
0.896311
0.89631
0.896309
0.896308
0.896307
0.896305
0.896304
0.896303
0.896301
0.896299
0.896298
0.896296
0.896294
0.896291
0.896289
0.896287
0.896284
0.896281
0.896278
0.902345
0.902345
0.902345
0.902345
0.902344
0.902344
0.902344
0.902344
0.902344
0.902344
0.902344
0.902344
0.902344
0.902344
0.902344
0.902344
0.902344
0.902344
0.902344
0.902344
0.902344
0.902344
0.902344
0.902344
0.902344
0.902344
0.902344
0.902344
0.902344
0.902344
0.902343
0.902343
0.902343
0.902343
0.902343
0.902343
0.902343
0.902343
0.902343
0.902342
0.902342
0.902342
0.902342
0.902342
0.902341
0.902341
0.902341
0.902341
0.90234
0.90234
0.90234
0.90234
0.902339
0.902339
0.902338
0.902338
0.902337
0.902337
0.902336
0.902336
0.902335
0.902335
0.902334
0.902333
0.902332
0.902331
0.90233
0.902329
0.902328
0.902327
0.902326
0.902325
0.902323
0.902322
0.90232
0.902319
0.902317
0.902315
0.902313
0.902311
0.902308
0.902306
0.902303
0.9023
0.902297
0.908394
0.908394
0.908394
0.908394
0.908394
0.908394
0.908394
0.908394
0.908394
0.908394
0.908394
0.908394
0.908394
0.908394
0.908394
0.908394
0.908394
0.908394
0.908394
0.908394
0.908394
0.908394
0.908394
0.908394
0.908394
0.908394
0.908393
0.908393
0.908393
0.908393
0.908393
0.908393
0.908393
0.908393
0.908393
0.908393
0.908393
0.908392
0.908392
0.908392
0.908392
0.908392
0.908392
0.908391
0.908391
0.908391
0.908391
0.90839
0.90839
0.90839
0.90839
0.908389
0.908389
0.908388
0.908388
0.908388
0.908387
0.908387
0.908386
0.908385
0.908385
0.908384
0.908383
0.908383
0.908382
0.908381
0.90838
0.908379
0.908378
0.908377
0.908376
0.908374
0.908373
0.908371
0.90837
0.908368
0.908366
0.908364
0.908362
0.90836
0.908357
0.908355
0.908352
0.908349
0.908346
0.914474
0.914474
0.914474
0.914474
0.914474
0.914474
0.914474
0.914474
0.914474
0.914474
0.914474
0.914474
0.914474
0.914474
0.914474
0.914474
0.914474
0.914474
0.914474
0.914474
0.914474
0.914474
0.914474
0.914474
0.914473
0.914473
0.914473
0.914473
0.914473
0.914473
0.914473
0.914473
0.914473
0.914473
0.914473
0.914473
0.914472
0.914472
0.914472
0.914472
0.914472
0.914472
0.914471
0.914471
0.914471
0.914471
0.914471
0.91447
0.91447
0.91447
0.914469
0.914469
0.914469
0.914468
0.914468
0.914467
0.914467
0.914466
0.914466
0.914465
0.914465
0.914464
0.914463
0.914462
0.914462
0.914461
0.91446
0.914459
0.914458
0.914456
0.914455
0.914454
0.914452
0.914451
0.914449
0.914448
0.914446
0.914444
0.914442
0.914439
0.914437
0.914434
0.914432
0.914429
0.914425
0.920584
0.920584
0.920584
0.920584
0.920584
0.920584
0.920584
0.920584
0.920584
0.920584
0.920584
0.920584
0.920584
0.920584
0.920584
0.920584
0.920584
0.920584
0.920584
0.920584
0.920584
0.920584
0.920584
0.920584
0.920584
0.920584
0.920583
0.920583
0.920583
0.920583
0.920583
0.920583
0.920583
0.920583
0.920583
0.920583
0.920583
0.920582
0.920582
0.920582
0.920582
0.920582
0.920582
0.920581
0.920581
0.920581
0.920581
0.92058
0.92058
0.92058
0.920579
0.920579
0.920579
0.920578
0.920578
0.920577
0.920577
0.920576
0.920576
0.920575
0.920575
0.920574
0.920573
0.920572
0.920572
0.920571
0.92057
0.920569
0.920568
0.920566
0.920565
0.920564
0.920562
0.920561
0.920559
0.920557
0.920556
0.920554
0.920551
0.920549
0.920547
0.920544
0.920541
0.920538
0.920535
0.926725
0.926725
0.926725
0.926725
0.926725
0.926725
0.926725
0.926725
0.926725
0.926725
0.926725
0.926725
0.926725
0.926725
0.926725
0.926725
0.926725
0.926724
0.926724
0.926724
0.926724
0.926724
0.926724
0.926724
0.926724
0.926724
0.926724
0.926724
0.926724
0.926724
0.926724
0.926724
0.926724
0.926723
0.926723
0.926723
0.926723
0.926723
0.926723
0.926723
0.926722
0.926722
0.926722
0.926722
0.926722
0.926721
0.926721
0.926721
0.926721
0.92672
0.92672
0.92672
0.926719
0.926719
0.926718
0.926718
0.926717
0.926717
0.926716
0.926716
0.926715
0.926714
0.926714
0.926713
0.926712
0.926711
0.92671
0.926709
0.926708
0.926707
0.926706
0.926704
0.926703
0.926701
0.9267
0.926698
0.926696
0.926694
0.926692
0.926689
0.926687
0.926684
0.926682
0.926679
0.926675
0.932896
0.932896
0.932896
0.932896
0.932896
0.932896
0.932896
0.932896
0.932896
0.932896
0.932896
0.932896
0.932896
0.932896
0.932896
0.932896
0.932896
0.932896
0.932896
0.932896
0.932895
0.932895
0.932895
0.932895
0.932895
0.932895
0.932895
0.932895
0.932895
0.932895
0.932895
0.932895
0.932895
0.932895
0.932894
0.932894
0.932894
0.932894
0.932894
0.932894
0.932894
0.932893
0.932893
0.932893
0.932893
0.932893
0.932892
0.932892
0.932892
0.932891
0.932891
0.932891
0.93289
0.93289
0.93289
0.932889
0.932889
0.932888
0.932887
0.932887
0.932886
0.932886
0.932885
0.932884
0.932883
0.932882
0.932881
0.93288
0.932879
0.932878
0.932877
0.932875
0.932874
0.932872
0.932871
0.932869
0.932867
0.932865
0.932863
0.93286
0.932858
0.932855
0.932853
0.932849
0.932846
0.939098
0.939098
0.939098
0.939098
0.939098
0.939098
0.939098
0.939098
0.939098
0.939098
0.939098
0.939098
0.939098
0.939098
0.939098
0.939097
0.939097
0.939097
0.939097
0.939097
0.939097
0.939097
0.939097
0.939097
0.939097
0.939097
0.939097
0.939097
0.939097
0.939097
0.939097
0.939097
0.939096
0.939096
0.939096
0.939096
0.939096
0.939096
0.939096
0.939096
0.939095
0.939095
0.939095
0.939095
0.939095
0.939094
0.939094
0.939094
0.939094
0.939093
0.939093
0.939093
0.939092
0.939092
0.939091
0.939091
0.93909
0.93909
0.939089
0.939089
0.939088
0.939087
0.939087
0.939086
0.939085
0.939084
0.939083
0.939082
0.939081
0.93908
0.939078
0.939077
0.939076
0.939074
0.939072
0.939071
0.939069
0.939067
0.939065
0.939062
0.93906
0.939057
0.939054
0.939051
0.939048
0.94533
0.94533
0.94533
0.94533
0.94533
0.94533
0.94533
0.94533
0.94533
0.94533
0.94533
0.94533
0.94533
0.94533
0.94533
0.94533
0.94533
0.94533
0.94533
0.94533
0.94533
0.94533
0.94533
0.94533
0.94533
0.94533
0.94533
0.94533
0.94533
0.945329
0.945329
0.945329
0.945329
0.945329
0.945329
0.945329
0.945329
0.945329
0.945328
0.945328
0.945328
0.945328
0.945328
0.945327
0.945327
0.945327
0.945327
0.945327
0.945326
0.945326
0.945326
0.945325
0.945325
0.945324
0.945324
0.945324
0.945323
0.945323
0.945322
0.945321
0.945321
0.94532
0.945319
0.945319
0.945318
0.945317
0.945316
0.945315
0.945314
0.945312
0.945311
0.94531
0.945308
0.945307
0.945305
0.945303
0.945302
0.9453
0.945297
0.945295
0.945293
0.94529
0.945287
0.945284
0.945281
0.951594
0.951594
0.951594
0.951594
0.951594
0.951594
0.951594
0.951594
0.951594
0.951594
0.951594
0.951594
0.951594
0.951594
0.951594
0.951594
0.951594
0.951594
0.951594
0.951594
0.951594
0.951594
0.951594
0.951594
0.951594
0.951593
0.951593
0.951593
0.951593
0.951593
0.951593
0.951593
0.951593
0.951593
0.951593
0.951593
0.951592
0.951592
0.951592
0.951592
0.951592
0.951592
0.951591
0.951591
0.951591
0.951591
0.951591
0.95159
0.95159
0.95159
0.951589
0.951589
0.951589
0.951588
0.951588
0.951587
0.951587
0.951586
0.951586
0.951585
0.951584
0.951584
0.951583
0.951582
0.951581
0.951581
0.95158
0.951579
0.951577
0.951576
0.951575
0.951574
0.951572
0.951571
0.951569
0.951567
0.951565
0.951563
0.951561
0.951559
0.951556
0.951554
0.951551
0.951548
0.951545
0.957889
0.957889
0.957889
0.957889
0.957889
0.957889
0.957889
0.957889
0.957889
0.957889
0.957889
0.957889
0.957889
0.957889
0.957889
0.957889
0.957889
0.957889
0.957889
0.957889
0.957889
0.957889
0.957889
0.957888
0.957888
0.957888
0.957888
0.957888
0.957888
0.957888
0.957888
0.957888
0.957888
0.957888
0.957888
0.957887
0.957887
0.957887
0.957887
0.957887
0.957887
0.957887
0.957886
0.957886
0.957886
0.957886
0.957885
0.957885
0.957885
0.957885
0.957884
0.957884
0.957884
0.957883
0.957883
0.957882
0.957882
0.957881
0.957881
0.95788
0.957879
0.957879
0.957878
0.957877
0.957876
0.957876
0.957875
0.957874
0.957872
0.957871
0.95787
0.957869
0.957867
0.957866
0.957864
0.957862
0.95786
0.957858
0.957856
0.957854
0.957852
0.957849
0.957846
0.957843
0.95784
0.964215
0.964215
0.964215
0.964215
0.964215
0.964215
0.964215
0.964215
0.964215
0.964215
0.964215
0.964215
0.964215
0.964215
0.964215
0.964215
0.964215
0.964215
0.964215
0.964215
0.964215
0.964215
0.964215
0.964215
0.964215
0.964215
0.964214
0.964214
0.964214
0.964214
0.964214
0.964214
0.964214
0.964214
0.964214
0.964214
0.964214
0.964213
0.964213
0.964213
0.964213
0.964213
0.964213
0.964212
0.964212
0.964212
0.964212
0.964211
0.964211
0.964211
0.964211
0.96421
0.96421
0.964209
0.964209
0.964209
0.964208
0.964208
0.964207
0.964206
0.964206
0.964205
0.964204
0.964204
0.964203
0.964202
0.964201
0.9642
0.964199
0.964198
0.964196
0.964195
0.964194
0.964192
0.964191
0.964189
0.964187
0.964185
0.964183
0.964181
0.964178
0.964176
0.964173
0.96417
0.964167
0.970573
0.970573
0.970573
0.970573
0.970573
0.970573
0.970573
0.970573
0.970573
0.970573
0.970573
0.970573
0.970573
0.970573
0.970573
0.970573
0.970573
0.970573
0.970573
0.970573
0.970573
0.970572
0.970572
0.970572
0.970572
0.970572
0.970572
0.970572
0.970572
0.970572
0.970572
0.970572
0.970572
0.970572
0.970572
0.970571
0.970571
0.970571
0.970571
0.970571
0.970571
0.970571
0.97057
0.97057
0.97057
0.97057
0.970569
0.970569
0.970569
0.970569
0.970568
0.970568
0.970568
0.970567
0.970567
0.970566
0.970566
0.970565
0.970565
0.970564
0.970564
0.970563
0.970562
0.970561
0.970561
0.97056
0.970559
0.970558
0.970557
0.970556
0.970554
0.970553
0.970552
0.97055
0.970549
0.970547
0.970545
0.970543
0.970541
0.970539
0.970536
0.970534
0.970531
0.970528
0.970525
0.976962
0.976962
0.976962
0.976962
0.976962
0.976962
0.976962
0.976962
0.976962
0.976962
0.976962
0.976962
0.976962
0.976962
0.976962
0.976962
0.976962
0.976962
0.976962
0.976962
0.976962
0.976962
0.976962
0.976962
0.976962
0.976962
0.976962
0.976961
0.976961
0.976961
0.976961
0.976961
0.976961
0.976961
0.976961
0.976961
0.976961
0.976961
0.97696
0.97696
0.97696
0.97696
0.97696
0.97696
0.976959
0.976959
0.976959
0.976959
0.976958
0.976958
0.976958
0.976957
0.976957
0.976957
0.976956
0.976956
0.976955
0.976955
0.976954
0.976954
0.976953
0.976952
0.976952
0.976951
0.97695
0.976949
0.976948
0.976947
0.976946
0.976945
0.976944
0.976943
0.976941
0.97694
0.976938
0.976937
0.976935
0.976933
0.976931
0.976929
0.976926
0.976924
0.976921
0.976918
0.976915
0.983384
0.983383
0.983383
0.983383
0.983383
0.983383
0.983383
0.983383
0.983383
0.983383
0.983383
0.983383
0.983383
0.983383
0.983383
0.983383
0.983383
0.983383
0.983383
0.983383
0.983383
0.983383
0.983383
0.983383
0.983383
0.983383
0.983383
0.983383
0.983383
0.983383
0.983382
0.983382
0.983382
0.983382
0.983382
0.983382
0.983382
0.983382
0.983382
0.983381
0.983381
0.983381
0.983381
0.983381
0.983381
0.98338
0.98338
0.98338
0.98338
0.983379
0.983379
0.983379
0.983378
0.983378
0.983377
0.983377
0.983377
0.983376
0.983376
0.983375
0.983374
0.983374
0.983373
0.983372
0.983372
0.983371
0.98337
0.983369
0.983368
0.983367
0.983366
0.983364
0.983363
0.983362
0.98336
0.983358
0.983357
0.983355
0.983353
0.983351
0.983348
0.983346
0.983343
0.98334
0.983337
0.989837
0.989837
0.989837
0.989837
0.989837
0.989837
0.989837
0.989837
0.989836
0.989836
0.989836
0.989836
0.989836
0.989836
0.989836
0.989836
0.989836
0.989836
0.989836
0.989836
0.989836
0.989836
0.989836
0.989836
0.989836
0.989836
0.989836
0.989836
0.989836
0.989836
0.989836
0.989835
0.989835
0.989835
0.989835
0.989835
0.989835
0.989835
0.989835
0.989835
0.989834
0.989834
0.989834
0.989834
0.989834
0.989833
0.989833
0.989833
0.989833
0.989832
0.989832
0.989832
0.989832
0.989831
0.989831
0.98983
0.98983
0.989829
0.989829
0.989828
0.989828
0.989827
0.989826
0.989826
0.989825
0.989824
0.989823
0.989822
0.989821
0.98982
0.989819
0.989818
0.989817
0.989815
0.989814
0.989812
0.98981
0.989809
0.989807
0.989804
0.989802
0.9898
0.989797
0.989794
0.989792
0.996322
0.996322
0.996322
0.996322
0.996322
0.996322
0.996322
0.996322
0.996322
0.996322
0.996322
0.996322
0.996322
0.996322
0.996322
0.996322
0.996322
0.996322
0.996321
0.996321
0.996321
0.996321
0.996321
0.996321
0.996321
0.996321
0.996321
0.996321
0.996321
0.996321
0.996321
0.996321
0.996321
0.996321
0.99632
0.99632
0.99632
0.99632
0.99632
0.99632
0.99632
0.99632
0.996319
0.996319
0.996319
0.996319
0.996319
0.996318
0.996318
0.996318
0.996318
0.996317
0.996317
0.996317
0.996316
0.996316
0.996315
0.996315
0.996314
0.996314
0.996313
0.996313
0.996312
0.996311
0.996311
0.99631
0.996309
0.996308
0.996307
0.996306
0.996305
0.996304
0.996302
0.996301
0.9963
0.996298
0.996296
0.996295
0.996293
0.996291
0.996288
0.996286
0.996284
0.996281
0.996278
1.00284
1.00284
1.00284
1.00284
1.00284
1.00284
1.00284
1.00284
1.00284
1.00284
1.00284
1.00284
1.00284
1.00284
1.00284
1.00284
1.00284
1.00284
1.00284
1.00284
1.00284
1.00284
1.00284
1.00284
1.00284
1.00284
1.00284
1.00284
1.00284
1.00284
1.00284
1.00284
1.00284
1.00284
1.00284
1.00284
1.00284
1.00284
1.00284
1.00284
1.00284
1.00284
1.00284
1.00284
1.00284
1.00284
1.00284
1.00284
1.00284
1.00284
1.00284
1.00283
1.00283
1.00283
1.00283
1.00283
1.00283
1.00283
1.00283
1.00283
1.00283
1.00283
1.00283
1.00283
1.00283
1.00283
1.00283
1.00283
1.00282
1.00282
1.00282
1.00282
1.00282
1.00282
1.00282
1.00282
1.00281
1.00281
1.00281
1.00281
1.00281
1.0028
1.0028
1.0028
1.0028
1.00939
1.00939
1.00939
1.00939
1.00939
1.00939
1.00939
1.00939
1.00939
1.00939
1.00939
1.00939
1.00939
1.00939
1.00939
1.00939
1.00939
1.00939
1.00939
1.00939
1.00939
1.00939
1.00939
1.00939
1.00939
1.00939
1.00939
1.00939
1.00939
1.00939
1.00939
1.00939
1.00939
1.00939
1.00939
1.00939
1.00939
1.00939
1.00939
1.00939
1.00939
1.00939
1.00939
1.00939
1.00939
1.00939
1.00939
1.00939
1.00939
1.00939
1.00939
1.00939
1.00938
1.00938
1.00938
1.00938
1.00938
1.00938
1.00938
1.00938
1.00938
1.00938
1.00938
1.00938
1.00938
1.00938
1.00938
1.00938
1.00938
1.00937
1.00937
1.00937
1.00937
1.00937
1.00937
1.00937
1.00937
1.00936
1.00936
1.00936
1.00936
1.00936
1.00935
1.00935
1.00935
1.01597
1.01597
1.01597
1.01597
1.01597
1.01597
1.01597
1.01597
1.01597
1.01597
1.01597
1.01597
1.01597
1.01597
1.01597
1.01597
1.01597
1.01597
1.01597
1.01597
1.01597
1.01597
1.01597
1.01597
1.01597
1.01597
1.01597
1.01597
1.01597
1.01597
1.01597
1.01597
1.01597
1.01597
1.01597
1.01597
1.01597
1.01597
1.01597
1.01597
1.01597
1.01597
1.01597
1.01597
1.01597
1.01597
1.01597
1.01597
1.01597
1.01597
1.01597
1.01597
1.01597
1.01597
1.01597
1.01597
1.01597
1.01597
1.01597
1.01596
1.01596
1.01596
1.01596
1.01596
1.01596
1.01596
1.01596
1.01596
1.01596
1.01596
1.01596
1.01596
1.01595
1.01595
1.01595
1.01595
1.01595
1.01595
1.01595
1.01594
1.01594
1.01594
1.01594
1.01594
1.01593
1.02259
1.02259
1.02259
1.02259
1.02259
1.02259
1.02259
1.02259
1.02259
1.02259
1.02259
1.02259
1.02259
1.02259
1.02259
1.02259
1.02259
1.02259
1.02259
1.02259
1.02259
1.02259
1.02259
1.02259
1.02259
1.02259
1.02259
1.02259
1.02259
1.02259
1.02259
1.02259
1.02259
1.02259
1.02259
1.02259
1.02259
1.02259
1.02259
1.02259
1.02259
1.02259
1.02259
1.02259
1.02258
1.02258
1.02258
1.02258
1.02258
1.02258
1.02258
1.02258
1.02258
1.02258
1.02258
1.02258
1.02258
1.02258
1.02258
1.02258
1.02258
1.02258
1.02258
1.02258
1.02258
1.02258
1.02258
1.02258
1.02257
1.02257
1.02257
1.02257
1.02257
1.02257
1.02257
1.02257
1.02257
1.02256
1.02256
1.02256
1.02256
1.02256
1.02255
1.02255
1.02255
1.02924
1.02924
1.02924
1.02924
1.02924
1.02924
1.02924
1.02924
1.02924
1.02924
1.02924
1.02924
1.02924
1.02924
1.02924
1.02924
1.02924
1.02924
1.02924
1.02924
1.02924
1.02924
1.02924
1.02924
1.02924
1.02924
1.02924
1.02924
1.02923
1.02923
1.02923
1.02923
1.02923
1.02923
1.02923
1.02923
1.02923
1.02923
1.02923
1.02923
1.02923
1.02923
1.02923
1.02923
1.02923
1.02923
1.02923
1.02923
1.02923
1.02923
1.02923
1.02923
1.02923
1.02923
1.02923
1.02923
1.02923
1.02923
1.02923
1.02923
1.02923
1.02923
1.02923
1.02923
1.02923
1.02923
1.02923
1.02922
1.02922
1.02922
1.02922
1.02922
1.02922
1.02922
1.02922
1.02922
1.02921
1.02921
1.02921
1.02921
1.02921
1.02921
1.0292
1.0292
1.0292
1.03592
1.03592
1.03592
1.03592
1.03592
1.03592
1.03592
1.03592
1.03592
1.03592
1.03592
1.03592
1.03592
1.03592
1.03592
1.03592
1.03592
1.03592
1.03592
1.03592
1.03592
1.03592
1.03592
1.03592
1.03592
1.03592
1.03592
1.03592
1.03592
1.03592
1.03592
1.03592
1.03592
1.03592
1.03592
1.03592
1.03592
1.03592
1.03592
1.03592
1.03592
1.03592
1.03592
1.03592
1.03591
1.03591
1.03591
1.03591
1.03591
1.03591
1.03591
1.03591
1.03591
1.03591
1.03591
1.03591
1.03591
1.03591
1.03591
1.03591
1.03591
1.03591
1.03591
1.03591
1.03591
1.03591
1.03591
1.03591
1.03591
1.0359
1.0359
1.0359
1.0359
1.0359
1.0359
1.0359
1.0359
1.0359
1.03589
1.03589
1.03589
1.03589
1.03589
1.03589
1.03588
1.04263
1.04263
1.04263
1.04263
1.04263
1.04263
1.04263
1.04263
1.04263
1.04263
1.04263
1.04263
1.04263
1.04263
1.04263
1.04263
1.04263
1.04263
1.04263
1.04263
1.04263
1.04263
1.04263
1.04263
1.04263
1.04263
1.04263
1.04263
1.04263
1.04263
1.04263
1.04263
1.04263
1.04263
1.04263
1.04263
1.04263
1.04263
1.04263
1.04263
1.04263
1.04263
1.04263
1.04263
1.04263
1.04263
1.04263
1.04263
1.04263
1.04263
1.04263
1.04263
1.04263
1.04263
1.04263
1.04263
1.04263
1.04263
1.04263
1.04263
1.04263
1.04263
1.04262
1.04262
1.04262
1.04262
1.04262
1.04262
1.04262
1.04262
1.04262
1.04262
1.04262
1.04262
1.04262
1.04261
1.04261
1.04261
1.04261
1.04261
1.04261
1.04261
1.0426
1.0426
1.0426
1.04938
1.04938
1.04938
1.04938
1.04938
1.04938
1.04938
1.04938
1.04938
1.04938
1.04938
1.04938
1.04938
1.04938
1.04938
1.04938
1.04938
1.04938
1.04938
1.04938
1.04938
1.04938
1.04938
1.04938
1.04938
1.04938
1.04938
1.04938
1.04938
1.04938
1.04938
1.04938
1.04938
1.04938
1.04938
1.04938
1.04938
1.04938
1.04938
1.04938
1.04938
1.04938
1.04938
1.04938
1.04938
1.04938
1.04938
1.04938
1.04938
1.04938
1.04938
1.04938
1.04938
1.04938
1.04938
1.04938
1.04938
1.04938
1.04938
1.04937
1.04937
1.04937
1.04937
1.04937
1.04937
1.04937
1.04937
1.04937
1.04937
1.04937
1.04937
1.04937
1.04937
1.04937
1.04937
1.04936
1.04936
1.04936
1.04936
1.04936
1.04936
1.04936
1.04935
1.04935
1.04935
1.05616
1.05616
1.05616
1.05616
1.05616
1.05616
1.05616
1.05616
1.05616
1.05616
1.05616
1.05616
1.05616
1.05616
1.05616
1.05616
1.05616
1.05616
1.05616
1.05616
1.05616
1.05616
1.05616
1.05616
1.05616
1.05616
1.05616
1.05616
1.05616
1.05616
1.05616
1.05616
1.05616
1.05616
1.05616
1.05616
1.05616
1.05616
1.05616
1.05616
1.05616
1.05616
1.05616
1.05616
1.05616
1.05616
1.05616
1.05616
1.05616
1.05616
1.05616
1.05616
1.05616
1.05616
1.05616
1.05616
1.05616
1.05616
1.05616
1.05616
1.05616
1.05616
1.05616
1.05616
1.05615
1.05615
1.05615
1.05615
1.05615
1.05615
1.05615
1.05615
1.05615
1.05615
1.05615
1.05615
1.05615
1.05615
1.05614
1.05614
1.05614
1.05614
1.05614
1.05614
1.05613
1.06298
1.06298
1.06298
1.06298
1.06298
1.06298
1.06298
1.06298
1.06298
1.06298
1.06298
1.06298
1.06298
1.06298
1.06298
1.06298
1.06298
1.06298
1.06298
1.06298
1.06298
1.06298
1.06298
1.06298
1.06298
1.06298
1.06298
1.06298
1.06298
1.06298
1.06298
1.06298
1.06298
1.06298
1.06298
1.06298
1.06298
1.06298
1.06298
1.06298
1.06298
1.06298
1.06298
1.06298
1.06298
1.06298
1.06298
1.06298
1.06298
1.06298
1.06298
1.06297
1.06297
1.06297
1.06297
1.06297
1.06297
1.06297
1.06297
1.06297
1.06297
1.06297
1.06297
1.06297
1.06297
1.06297
1.06297
1.06297
1.06297
1.06297
1.06297
1.06297
1.06297
1.06297
1.06297
1.06296
1.06296
1.06296
1.06296
1.06296
1.06296
1.06296
1.06296
1.06295
1.06295
1.06983
1.06983
1.06983
1.06983
1.06983
1.06983
1.06983
1.06983
1.06983
1.06983
1.06983
1.06983
1.06983
1.06983
1.06983
1.06983
1.06983
1.06983
1.06983
1.06983
1.06983
1.06983
1.06983
1.06983
1.06983
1.06983
1.06983
1.06983
1.06983
1.06983
1.06983
1.06983
1.06983
1.06983
1.06983
1.06983
1.06983
1.06983
1.06983
1.06983
1.06983
1.06983
1.06983
1.06983
1.06983
1.06983
1.06983
1.06983
1.06983
1.06983
1.06983
1.06982
1.06982
1.06982
1.06982
1.06982
1.06982
1.06982
1.06982
1.06982
1.06982
1.06982
1.06982
1.06982
1.06982
1.06982
1.06982
1.06982
1.06982
1.06982
1.06982
1.06982
1.06982
1.06982
1.06982
1.06982
1.06981
1.06981
1.06981
1.06981
1.06981
1.06981
1.06981
1.06981
1.06981
1.07671
1.07671
1.07671
1.07671
1.07671
1.07671
1.07671
1.07671
1.07671
1.07671
1.07671
1.07671
1.07671
1.07671
1.07671
1.07671
1.07671
1.07671
1.07671
1.07671
1.07671
1.07671
1.07671
1.07671
1.07671
1.07671
1.07671
1.07671
1.07671
1.07671
1.07671
1.07671
1.07671
1.07671
1.07671
1.07671
1.07671
1.07671
1.07671
1.07671
1.07671
1.07671
1.07671
1.07671
1.07671
1.07671
1.07671
1.07671
1.07671
1.07671
1.07671
1.07671
1.07671
1.07671
1.07671
1.07671
1.07671
1.07671
1.07671
1.07671
1.07671
1.07671
1.07671
1.07671
1.07671
1.07671
1.07671
1.0767
1.0767
1.0767
1.0767
1.0767
1.0767
1.0767
1.0767
1.0767
1.0767
1.0767
1.0767
1.0767
1.0767
1.0767
1.07669
1.07669
1.07669
1.08363
1.08363
1.08363
1.08363
1.08363
1.08363
1.08363
1.08363
1.08363
1.08363
1.08363
1.08363
1.08363
1.08363
1.08363
1.08363
1.08363
1.08363
1.08363
1.08363
1.08363
1.08363
1.08363
1.08363
1.08363
1.08363
1.08363
1.08363
1.08363
1.08363
1.08363
1.08363
1.08363
1.08363
1.08363
1.08363
1.08363
1.08363
1.08363
1.08363
1.08363
1.08363
1.08363
1.08363
1.08363
1.08363
1.08363
1.08363
1.08363
1.08363
1.08363
1.08363
1.08363
1.08363
1.08363
1.08363
1.08363
1.08363
1.08363
1.08363
1.08363
1.08363
1.08363
1.08363
1.08362
1.08362
1.08362
1.08362
1.08362
1.08362
1.08362
1.08362
1.08362
1.08362
1.08362
1.08362
1.08362
1.08362
1.08362
1.08362
1.08362
1.08362
1.08361
1.08361
1.08361
1.09058
1.09058
1.09058
1.09058
1.09058
1.09058
1.09058
1.09058
1.09058
1.09058
1.09058
1.09058
1.09058
1.09058
1.09058
1.09058
1.09058
1.09058
1.09058
1.09058
1.09058
1.09058
1.09058
1.09058
1.09058
1.09058
1.09058
1.09058
1.09058
1.09058
1.09058
1.09058
1.09058
1.09058
1.09058
1.09058
1.09058
1.09058
1.09058
1.09058
1.09058
1.09058
1.09058
1.09058
1.09058
1.09058
1.09058
1.09058
1.09058
1.09058
1.09058
1.09058
1.09058
1.09058
1.09058
1.09058
1.09058
1.09058
1.09058
1.09058
1.09058
1.09058
1.09058
1.09058
1.09058
1.09058
1.09058
1.09058
1.09058
1.09058
1.09058
1.09058
1.09058
1.09058
1.09057
1.09057
1.09057
1.09057
1.09057
1.09057
1.09057
1.09057
1.09057
1.09057
1.09057
1.09757
1.09757
1.09757
1.09757
1.09757
1.09757
1.09757
1.09757
1.09757
1.09757
1.09757
1.09757
1.09757
1.09757
1.09757
1.09757
1.09757
1.09757
1.09757
1.09757
1.09757
1.09757
1.09757
1.09757
1.09757
1.09757
1.09757
1.09757
1.09757
1.09757
1.09757
1.09757
1.09757
1.09757
1.09757
1.09757
1.09757
1.09757
1.09757
1.09757
1.09757
1.09757
1.09757
1.09757
1.09757
1.09757
1.09757
1.09757
1.09757
1.09757
1.09757
1.09757
1.09757
1.09757
1.09757
1.09757
1.09757
1.09757
1.09757
1.09757
1.09757
1.09757
1.09757
1.09757
1.09757
1.09757
1.09757
1.09757
1.09757
1.09757
1.09757
1.09756
1.09756
1.09756
1.09756
1.09756
1.09756
1.09756
1.09756
1.09756
1.09756
1.09756
1.09756
1.09756
1.09756
1.10459
1.10459
1.10459
1.10459
1.10459
1.10459
1.10459
1.10459
1.10459
1.10459
1.10459
1.10459
1.10459
1.10459
1.10459
1.10459
1.10459
1.10459
1.10459
1.10459
1.10459
1.10459
1.10459
1.10459
1.10459
1.10459
1.10459
1.10459
1.10459
1.10459
1.10459
1.10459
1.10459
1.10459
1.10459
1.10459
1.10459
1.10459
1.10459
1.10459
1.10459
1.10459
1.10459
1.10459
1.10459
1.10459
1.10459
1.10459
1.10459
1.10459
1.10459
1.10459
1.10459
1.10459
1.10459
1.10459
1.10459
1.10459
1.10459
1.10459
1.10459
1.10459
1.10459
1.10459
1.10459
1.10459
1.10459
1.10459
1.10459
1.10459
1.10459
1.10459
1.10459
1.10459
1.10459
1.10459
1.10459
1.10459
1.10459
1.10459
1.10459
1.10459
1.10458
1.10458
1.10458
1.11165
1.11165
1.11165
1.11165
1.11165
1.11165
1.11165
1.11165
1.11165
1.11165
1.11165
1.11165
1.11165
1.11165
1.11165
1.11165
1.11165
1.11165
1.11165
1.11165
1.11165
1.11165
1.11165
1.11165
1.11165
1.11165
1.11165
1.11165
1.11165
1.11165
1.11165
1.11165
1.11165
1.11165
1.11165
1.11165
1.11165
1.11165
1.11165
1.11165
1.11165
1.11165
1.11165
1.11165
1.11165
1.11165
1.11165
1.11165
1.11165
1.11165
1.11165
1.11165
1.11165
1.11165
1.11165
1.11165
1.11165
1.11165
1.11165
1.11165
1.11165
1.11165
1.11165
1.11165
1.11165
1.11165
1.11165
1.11165
1.11165
1.11165
1.11165
1.11165
1.11165
1.11165
1.11165
1.11165
1.11165
1.11165
1.11165
1.11165
1.11165
1.11164
1.11164
1.11164
1.11164
1.11874
1.11874
1.11874
1.11874
1.11874
1.11874
1.11874
1.11874
1.11874
1.11874
1.11874
1.11874
1.11874
1.11874
1.11874
1.11874
1.11874
1.11874
1.11874
1.11874
1.11874
1.11874
1.11874
1.11874
1.11874
1.11874
1.11874
1.11874
1.11874
1.11874
1.11874
1.11874
1.11874
1.11874
1.11874
1.11874
1.11874
1.11874
1.11874
1.11874
1.11874
1.11874
1.11874
1.11874
1.11874
1.11874
1.11874
1.11874
1.11874
1.11874
1.11874
1.11874
1.11874
1.11874
1.11874
1.11874
1.11874
1.11874
1.11874
1.11874
1.11874
1.11874
1.11874
1.11874
1.11874
1.11874
1.11874
1.11874
1.11874
1.11874
1.11874
1.11874
1.11874
1.11874
1.11874
1.11874
1.11874
1.11874
1.11874
1.11874
1.11874
1.11874
1.11874
1.11874
1.11874
1.12587
1.12587
1.12587
1.12587
1.12587
1.12587
1.12587
1.12587
1.12587
1.12587
1.12587
1.12587
1.12587
1.12587
1.12587
1.12587
1.12587
1.12587
1.12587
1.12587
1.12587
1.12587
1.12587
1.12587
1.12587
1.12587
1.12587
1.12587
1.12587
1.12587
1.12587
1.12587
1.12587
1.12587
1.12587
1.12587
1.12587
1.12587
1.12587
1.12587
1.12587
1.12587
1.12587
1.12587
1.12587
1.12587
1.12587
1.12587
1.12587
1.12587
1.12587
1.12587
1.12587
1.12587
1.12587
1.12587
1.12587
1.12587
1.12587
1.12587
1.12587
1.12587
1.12587
1.12587
1.12587
1.12587
1.12587
1.12587
1.12587
1.12587
1.12587
1.12587
1.12587
1.12587
1.12587
1.12587
1.12587
1.12587
1.12587
1.12587
1.12587
1.12587
1.12587
1.12587
1.12587
1.13303
1.13303
1.13303
1.13303
1.13303
1.13303
1.13303
1.13303
1.13303
1.13303
1.13303
1.13303
1.13303
1.13303
1.13303
1.13303
1.13303
1.13303
1.13303
1.13303
1.13303
1.13303
1.13303
1.13303
1.13303
1.13303
1.13303
1.13303
1.13303
1.13303
1.13303
1.13303
1.13303
1.13303
1.13303
1.13303
1.13303
1.13303
1.13303
1.13303
1.13303
1.13303
1.13303
1.13303
1.13303
1.13303
1.13303
1.13303
1.13303
1.13303
1.13303
1.13303
1.13303
1.13303
1.13303
1.13303
1.13303
1.13303
1.13303
1.13303
1.13303
1.13303
1.13303
1.13303
1.13303
1.13303
1.13303
1.13303
1.13303
1.13303
1.13304
1.13304
1.13304
1.13304
1.13304
1.13304
1.13304
1.13304
1.13304
1.13304
1.13304
1.13304
1.13304
1.13304
1.13304
1.14023
1.14023
1.14023
1.14023
1.14023
1.14023
1.14023
1.14023
1.14023
1.14023
1.14023
1.14023
1.14023
1.14023
1.14023
1.14023
1.14023
1.14023
1.14023
1.14023
1.14023
1.14023
1.14023
1.14023
1.14023
1.14023
1.14023
1.14023
1.14023
1.14023
1.14023
1.14023
1.14023
1.14023
1.14023
1.14023
1.14023
1.14023
1.14023
1.14023
1.14023
1.14023
1.14023
1.14023
1.14023
1.14023
1.14023
1.14023
1.14023
1.14023
1.14023
1.14023
1.14023
1.14023
1.14023
1.14023
1.14023
1.14023
1.14023
1.14023
1.14023
1.14023
1.14023
1.14023
1.14023
1.14024
1.14024
1.14024
1.14024
1.14024
1.14024
1.14024
1.14024
1.14024
1.14024
1.14024
1.14024
1.14024
1.14024
1.14024
1.14024
1.14024
1.14024
1.14024
1.14024
1.14747
1.14747
1.14747
1.14747
1.14747
1.14747
1.14747
1.14747
1.14747
1.14747
1.14747
1.14747
1.14747
1.14747
1.14747
1.14747
1.14747
1.14747
1.14747
1.14747
1.14747
1.14747
1.14747
1.14747
1.14747
1.14747
1.14747
1.14747
1.14747
1.14747
1.14747
1.14747
1.14747
1.14747
1.14747
1.14747
1.14747
1.14747
1.14747
1.14747
1.14747
1.14747
1.14747
1.14747
1.14747
1.14747
1.14747
1.14747
1.14747
1.14747
1.14747
1.14747
1.14747
1.14747
1.14747
1.14747
1.14747
1.14747
1.14747
1.14747
1.14747
1.14747
1.14747
1.14747
1.14747
1.14747
1.14747
1.14747
1.14747
1.14747
1.14747
1.14747
1.14747
1.14747
1.14747
1.14747
1.14747
1.14747
1.14748
1.14748
1.14748
1.14748
1.14748
1.14748
1.14748
1.15474
1.15474
1.15474
1.15474
1.15474
1.15474
1.15474
1.15474
1.15474
1.15474
1.15474
1.15474
1.15474
1.15474
1.15474
1.15474
1.15474
1.15474
1.15474
1.15474
1.15474
1.15474
1.15474
1.15474
1.15474
1.15474
1.15474
1.15474
1.15474
1.15474
1.15474
1.15474
1.15474
1.15474
1.15474
1.15474
1.15474
1.15474
1.15474
1.15474
1.15474
1.15474
1.15474
1.15474
1.15474
1.15474
1.15474
1.15474
1.15474
1.15474
1.15474
1.15474
1.15474
1.15474
1.15474
1.15474
1.15474
1.15474
1.15474
1.15474
1.15474
1.15474
1.15474
1.15474
1.15474
1.15474
1.15474
1.15474
1.15474
1.15475
1.15475
1.15475
1.15475
1.15475
1.15475
1.15475
1.15475
1.15475
1.15475
1.15475
1.15475
1.15475
1.15475
1.15475
1.15475
1.16205
1.16205
1.16205
1.16205
1.16205
1.16205
1.16205
1.16205
1.16205
1.16205
1.16205
1.16205
1.16205
1.16205
1.16205
1.16205
1.16205
1.16205
1.16205
1.16205
1.16205
1.16205
1.16205
1.16205
1.16205
1.16205
1.16205
1.16205
1.16205
1.16205
1.16205
1.16205
1.16205
1.16205
1.16205
1.16205
1.16205
1.16205
1.16205
1.16205
1.16205
1.16205
1.16205
1.16205
1.16205
1.16205
1.16205
1.16205
1.16205
1.16205
1.16205
1.16205
1.16205
1.16205
1.16205
1.16205
1.16205
1.16205
1.16205
1.16205
1.16205
1.16205
1.16205
1.16205
1.16205
1.16205
1.16205
1.16205
1.16205
1.16205
1.16205
1.16206
1.16206
1.16206
1.16206
1.16206
1.16206
1.16206
1.16206
1.16206
1.16206
1.16206
1.16206
1.16206
1.16206
1.16939
1.16939
1.16939
1.16939
1.16939
1.16939
1.16939
1.16939
1.16939
1.16939
1.16939
1.16939
1.16939
1.16939
1.16939
1.16939
1.16939
1.16939
1.16939
1.16939
1.16939
1.16939
1.16939
1.16939
1.16939
1.16939
1.16939
1.16939
1.16939
1.16939
1.16939
1.16939
1.16939
1.16939
1.16939
1.16939
1.16939
1.16939
1.16939
1.16939
1.16939
1.16939
1.16939
1.16939
1.16939
1.16939
1.16939
1.1694
1.1694
1.1694
1.1694
1.1694
1.1694
1.1694
1.1694
1.1694
1.1694
1.1694
1.1694
1.1694
1.1694
1.1694
1.1694
1.1694
1.1694
1.1694
1.1694
1.1694
1.1694
1.1694
1.1694
1.1694
1.1694
1.1694
1.1694
1.1694
1.1694
1.16941
1.16941
1.16941
1.16941
1.16941
1.16941
1.16941
1.16941
1.17678
1.17678
1.17678
1.17678
1.17678
1.17678
1.17678
1.17678
1.17678
1.17678
1.17678
1.17678
1.17678
1.17678
1.17678
1.17678
1.17678
1.17678
1.17678
1.17678
1.17678
1.17678
1.17678
1.17678
1.17678
1.17678
1.17678
1.17678
1.17678
1.17678
1.17678
1.17678
1.17678
1.17678
1.17678
1.17678
1.17678
1.17678
1.17678
1.17678
1.17678
1.17678
1.17678
1.17678
1.17678
1.17678
1.17678
1.17678
1.17678
1.17678
1.17678
1.17678
1.17678
1.17678
1.17678
1.17678
1.17678
1.17678
1.17678
1.17678
1.17678
1.17678
1.17678
1.17678
1.17678
1.17678
1.17678
1.17678
1.17678
1.17678
1.17678
1.17678
1.17678
1.17679
1.17679
1.17679
1.17679
1.17679
1.17679
1.17679
1.17679
1.17679
1.17679
1.1768
1.1768
1.18419
1.18419
1.18419
1.18419
1.18419
1.18419
1.18419
1.18419
1.18419
1.18419
1.18419
1.18419
1.18419
1.18419
1.18419
1.18419
1.18419
1.18419
1.18419
1.18419
1.18419
1.18419
1.18419
1.18419
1.18419
1.18419
1.18419
1.18419
1.18419
1.18419
1.18419
1.18419
1.18419
1.18419
1.18419
1.18419
1.18419
1.18419
1.18419
1.18419
1.18419
1.18419
1.1842
1.1842
1.1842
1.1842
1.1842
1.1842
1.1842
1.1842
1.1842
1.1842
1.1842
1.1842
1.1842
1.1842
1.1842
1.1842
1.1842
1.1842
1.1842
1.1842
1.1842
1.1842
1.1842
1.1842
1.1842
1.1842
1.1842
1.1842
1.1842
1.1842
1.1842
1.18421
1.18421
1.18421
1.18421
1.18421
1.18421
1.18421
1.18421
1.18421
1.18422
1.18422
1.18422
1.19165
1.19165
1.19165
1.19165
1.19165
1.19165
1.19165
1.19165
1.19165
1.19165
1.19165
1.19165
1.19165
1.19165
1.19165
1.19165
1.19165
1.19165
1.19165
1.19165
1.19165
1.19165
1.19165
1.19165
1.19165
1.19165
1.19165
1.19165
1.19165
1.19165
1.19165
1.19165
1.19165
1.19165
1.19165
1.19165
1.19165
1.19165
1.19165
1.19165
1.19165
1.19165
1.19165
1.19165
1.19165
1.19165
1.19165
1.19165
1.19165
1.19165
1.19165
1.19165
1.19165
1.19165
1.19165
1.19165
1.19165
1.19165
1.19165
1.19165
1.19165
1.19166
1.19166
1.19166
1.19166
1.19166
1.19166
1.19166
1.19166
1.19166
1.19166
1.19166
1.19166
1.19166
1.19166
1.19166
1.19167
1.19167
1.19167
1.19167
1.19167
1.19167
1.19167
1.19167
1.19168
1.19914
1.19914
1.19914
1.19914
1.19914
1.19914
1.19914
1.19914
1.19914
1.19914
1.19914
1.19914
1.19914
1.19914
1.19914
1.19914
1.19914
1.19914
1.19914
1.19914
1.19914
1.19914
1.19914
1.19914
1.19914
1.19914
1.19914
1.19914
1.19914
1.19914
1.19914
1.19914
1.19914
1.19914
1.19914
1.19914
1.19914
1.19914
1.19914
1.19914
1.19914
1.19914
1.19914
1.19914
1.19914
1.19914
1.19914
1.19915
1.19915
1.19915
1.19915
1.19915
1.19915
1.19915
1.19915
1.19915
1.19915
1.19915
1.19915
1.19915
1.19915
1.19915
1.19915
1.19915
1.19915
1.19915
1.19915
1.19915
1.19915
1.19915
1.19915
1.19916
1.19916
1.19916
1.19916
1.19916
1.19916
1.19916
1.19916
1.19916
1.19917
1.19917
1.19917
1.19917
1.19917
1.20667
1.20667
1.20667
1.20667
1.20667
1.20667
1.20667
1.20667
1.20667
1.20667
1.20667
1.20667
1.20667
1.20667
1.20667
1.20667
1.20667
1.20667
1.20667
1.20667
1.20667
1.20667
1.20667
1.20667
1.20667
1.20667
1.20667
1.20667
1.20667
1.20667
1.20667
1.20667
1.20667
1.20667
1.20667
1.20667
1.20667
1.20667
1.20667
1.20667
1.20667
1.20668
1.20668
1.20668
1.20668
1.20668
1.20668
1.20668
1.20668
1.20668
1.20668
1.20668
1.20668
1.20668
1.20668
1.20668
1.20668
1.20668
1.20668
1.20668
1.20668
1.20668
1.20668
1.20668
1.20668
1.20668
1.20668
1.20668
1.20668
1.20669
1.20669
1.20669
1.20669
1.20669
1.20669
1.20669
1.20669
1.20669
1.20669
1.2067
1.2067
1.2067
1.2067
1.2067
1.20671
1.21424
1.21424
1.21424
1.21424
1.21424
1.21424
1.21424
1.21424
1.21424
1.21424
1.21424
1.21424
1.21424
1.21424
1.21424
1.21424
1.21424
1.21424
1.21424
1.21424
1.21424
1.21424
1.21424
1.21424
1.21424
1.21424
1.21424
1.21424
1.21424
1.21424
1.21424
1.21424
1.21424
1.21424
1.21424
1.21424
1.21424
1.21424
1.21424
1.21424
1.21424
1.21424
1.21424
1.21424
1.21424
1.21424
1.21424
1.21424
1.21424
1.21425
1.21425
1.21425
1.21425
1.21425
1.21425
1.21425
1.21425
1.21425
1.21425
1.21425
1.21425
1.21425
1.21425
1.21425
1.21425
1.21425
1.21425
1.21425
1.21425
1.21425
1.21426
1.21426
1.21426
1.21426
1.21426
1.21426
1.21426
1.21426
1.21427
1.21427
1.21427
1.21427
1.21427
1.21427
1.21428
1.22185
1.22185
1.22185
1.22185
1.22185
1.22185
1.22185
1.22185
1.22185
1.22185
1.22185
1.22185
1.22185
1.22185
1.22185
1.22185
1.22185
1.22185
1.22185
1.22185
1.22185
1.22185
1.22185
1.22185
1.22185
1.22185
1.22185
1.22185
1.22185
1.22185
1.22185
1.22185
1.22185
1.22185
1.22185
1.22185
1.22185
1.22185
1.22185
1.22185
1.22185
1.22185
1.22185
1.22185
1.22185
1.22185
1.22185
1.22185
1.22185
1.22185
1.22185
1.22185
1.22185
1.22185
1.22185
1.22185
1.22185
1.22185
1.22185
1.22186
1.22186
1.22186
1.22186
1.22186
1.22186
1.22186
1.22186
1.22186
1.22186
1.22186
1.22186
1.22186
1.22186
1.22187
1.22187
1.22187
1.22187
1.22187
1.22187
1.22187
1.22188
1.22188
1.22188
1.22188
1.22189
1.22949
1.22949
1.22949
1.22949
1.22949
1.22949
1.22949
1.22949
1.22949
1.22949
1.22949
1.22949
1.22949
1.22949
1.22949
1.22949
1.22949
1.22949
1.22949
1.22949
1.22949
1.22949
1.22949
1.22949
1.22949
1.22949
1.22949
1.22949
1.22949
1.22949
1.22949
1.22949
1.22949
1.22949
1.22949
1.22949
1.22949
1.22949
1.22949
1.22949
1.22949
1.2295
1.2295
1.2295
1.2295
1.2295
1.2295
1.2295
1.2295
1.2295
1.2295
1.2295
1.2295
1.2295
1.2295
1.2295
1.2295
1.2295
1.2295
1.2295
1.2295
1.2295
1.2295
1.2295
1.2295
1.2295
1.2295
1.22951
1.22951
1.22951
1.22951
1.22951
1.22951
1.22951
1.22951
1.22951
1.22952
1.22952
1.22952
1.22952
1.22952
1.22953
1.22953
1.22953
1.22953
1.23718
1.23718
1.23718
1.23718
1.23718
1.23718
1.23718
1.23718
1.23718
1.23718
1.23718
1.23718
1.23718
1.23718
1.23718
1.23718
1.23718
1.23718
1.23718
1.23718
1.23718
1.23718
1.23718
1.23718
1.23718
1.23718
1.23718
1.23718
1.23718
1.23718
1.23718
1.23718
1.23718
1.23718
1.23718
1.23718
1.23718
1.23718
1.23718
1.23718
1.23718
1.23718
1.23718
1.23718
1.23718
1.23718
1.23718
1.23718
1.23718
1.23718
1.23718
1.23718
1.23718
1.23718
1.23718
1.23718
1.23718
1.23718
1.23718
1.23718
1.23718
1.23718
1.23719
1.23719
1.23719
1.23719
1.23719
1.23719
1.23719
1.23719
1.23719
1.23719
1.23719
1.2372
1.2372
1.2372
1.2372
1.2372
1.2372
1.23721
1.23721
1.23721
1.23721
1.23721
1.23722
1.2449
1.2449
1.2449
1.2449
1.2449
1.2449
1.2449
1.2449
1.2449
1.2449
1.2449
1.2449
1.2449
1.2449
1.2449
1.2449
1.2449
1.2449
1.2449
1.2449
1.2449
1.2449
1.2449
1.2449
1.2449
1.2449
1.2449
1.2449
1.2449
1.2449
1.2449
1.2449
1.2449
1.2449
1.2449
1.2449
1.2449
1.2449
1.2449
1.2449
1.2449
1.2449
1.2449
1.2449
1.2449
1.2449
1.2449
1.2449
1.2449
1.2449
1.2449
1.2449
1.2449
1.2449
1.2449
1.2449
1.2449
1.2449
1.24491
1.24491
1.24491
1.24491
1.24491
1.24491
1.24491
1.24491
1.24491
1.24491
1.24491
1.24491
1.24491
1.24492
1.24492
1.24492
1.24492
1.24492
1.24492
1.24492
1.24493
1.24493
1.24493
1.24493
1.24494
1.24494
1.24494
1.25266
1.25266
1.25266
1.25266
1.25266
1.25266
1.25266
1.25266
1.25266
1.25266
1.25266
1.25266
1.25266
1.25266
1.25266
1.25266
1.25266
1.25266
1.25266
1.25266
1.25266
1.25266
1.25266
1.25266
1.25266
1.25266
1.25266
1.25266
1.25266
1.25266
1.25266
1.25266
1.25266
1.25266
1.25266
1.25266
1.25266
1.25266
1.25266
1.25266
1.25266
1.25266
1.25266
1.25266
1.25266
1.25266
1.25266
1.25266
1.25266
1.25266
1.25266
1.25266
1.25266
1.25266
1.25266
1.25266
1.25266
1.25267
1.25267
1.25267
1.25267
1.25267
1.25267
1.25267
1.25267
1.25267
1.25267
1.25267
1.25267
1.25267
1.25268
1.25268
1.25268
1.25268
1.25268
1.25268
1.25268
1.25269
1.25269
1.25269
1.25269
1.25269
1.2527
1.2527
1.2527
1.26046
1.26046
1.26046
1.26046
1.26046
1.26046
1.26046
1.26046
1.26046
1.26046
1.26046
1.26046
1.26046
1.26046
1.26046
1.26046
1.26046
1.26046
1.26046
1.26046
1.26046
1.26046
1.26046
1.26046
1.26046
1.26046
1.26046
1.26046
1.26046
1.26046
1.26046
1.26046
1.26046
1.26046
1.26046
1.26046
1.26046
1.26046
1.26046
1.26046
1.26046
1.26046
1.26046
1.26046
1.26046
1.26046
1.26046
1.26046
1.26046
1.26046
1.26046
1.26046
1.26046
1.26046
1.26046
1.26046
1.26046
1.26047
1.26047
1.26047
1.26047
1.26047
1.26047
1.26047
1.26047
1.26047
1.26047
1.26047
1.26047
1.26047
1.26048
1.26048
1.26048
1.26048
1.26048
1.26048
1.26048
1.26049
1.26049
1.26049
1.26049
1.2605
1.2605
1.2605
1.2605
1.2683
1.2683
1.2683
1.2683
1.2683
1.2683
1.2683
1.2683
1.2683
1.2683
1.2683
1.2683
1.2683
1.2683
1.2683
1.2683
1.2683
1.2683
1.2683
1.2683
1.2683
1.2683
1.2683
1.2683
1.2683
1.2683
1.2683
1.2683
1.2683
1.2683
1.2683
1.2683
1.2683
1.2683
1.2683
1.2683
1.2683
1.2683
1.2683
1.2683
1.2683
1.2683
1.2683
1.2683
1.2683
1.2683
1.2683
1.2683
1.2683
1.2683
1.2683
1.2683
1.2683
1.2683
1.2683
1.2683
1.2683
1.2683
1.2683
1.26831
1.26831
1.26831
1.26831
1.26831
1.26831
1.26831
1.26831
1.26831
1.26831
1.26831
1.26831
1.26832
1.26832
1.26832
1.26832
1.26832
1.26832
1.26833
1.26833
1.26833
1.26833
1.26834
1.26834
1.26834
1.26834
1.27617
1.27617
1.27617
1.27617
1.27617
1.27617
1.27617
1.27617
1.27617
1.27617
1.27617
1.27617
1.27617
1.27617
1.27617
1.27617
1.27617
1.27617
1.27617
1.27617
1.27617
1.27617
1.27618
1.27618
1.27618
1.27618
1.27618
1.27618
1.27618
1.27618
1.27618
1.27618
1.27618
1.27618
1.27618
1.27618
1.27618
1.27618
1.27618
1.27618
1.27618
1.27618
1.27618
1.27618
1.27618
1.27618
1.27618
1.27618
1.27618
1.27618
1.27618
1.27618
1.27618
1.27618
1.27618
1.27618
1.27618
1.27618
1.27618
1.27618
1.27618
1.27618
1.27619
1.27619
1.27619
1.27619
1.27619
1.27619
1.27619
1.27619
1.27619
1.27619
1.2762
1.2762
1.2762
1.2762
1.2762
1.2762
1.27621
1.27621
1.27621
1.27621
1.27622
1.27622
1.27622
1.28409
1.28409
1.28409
1.28409
1.28409
1.28409
1.28409
1.28409
1.28409
1.28409
1.28409
1.28409
1.28409
1.28409
1.28409
1.28409
1.28409
1.28409
1.28409
1.28409
1.28409
1.28409
1.28409
1.28409
1.28409
1.28409
1.28409
1.28409
1.28409
1.28409
1.28409
1.28409
1.28409
1.28409
1.28409
1.28409
1.28409
1.28409
1.28409
1.28409
1.28409
1.28409
1.28409
1.2841
1.2841
1.2841
1.2841
1.2841
1.2841
1.2841
1.2841
1.2841
1.2841
1.2841
1.2841
1.2841
1.2841
1.2841
1.2841
1.2841
1.2841
1.2841
1.2841
1.2841
1.2841
1.28411
1.28411
1.28411
1.28411
1.28411
1.28411
1.28411
1.28411
1.28412
1.28412
1.28412
1.28412
1.28412
1.28413
1.28413
1.28413
1.28413
1.28414
1.28414
1.28414
1.29205
1.29205
1.29205
1.29205
1.29205
1.29205
1.29205
1.29205
1.29205
1.29205
1.29205
1.29205
1.29205
1.29205
1.29205
1.29205
1.29205
1.29205
1.29205
1.29205
1.29205
1.29205
1.29205
1.29205
1.29205
1.29205
1.29205
1.29205
1.29205
1.29205
1.29205
1.29205
1.29205
1.29205
1.29205
1.29205
1.29205
1.29205
1.29205
1.29205
1.29205
1.29205
1.29205
1.29205
1.29205
1.29205
1.29205
1.29205
1.29205
1.29205
1.29205
1.29205
1.29206
1.29206
1.29206
1.29206
1.29206
1.29206
1.29206
1.29206
1.29206
1.29206
1.29206
1.29206
1.29206
1.29206
1.29206
1.29207
1.29207
1.29207
1.29207
1.29207
1.29207
1.29207
1.29208
1.29208
1.29208
1.29208
1.29208
1.29209
1.29209
1.29209
1.29209
1.2921
1.2921
1.30005
1.30005
1.30005
1.30005
1.30005
1.30005
1.30005
1.30005
1.30005
1.30005
1.30005
1.30005
1.30005
1.30005
1.30005
1.30005
1.30005
1.30005
1.30005
1.30005
1.30005
1.30005
1.30005
1.30005
1.30005
1.30005
1.30005
1.30005
1.30005
1.30005
1.30005
1.30005
1.30005
1.30005
1.30005
1.30005
1.30005
1.30005
1.30005
1.30005
1.30005
1.30005
1.30005
1.30005
1.30005
1.30005
1.30005
1.30005
1.30005
1.30005
1.30005
1.30005
1.30005
1.30005
1.30005
1.30005
1.30005
1.30006
1.30006
1.30006
1.30006
1.30006
1.30006
1.30006
1.30006
1.30006
1.30006
1.30006
1.30006
1.30007
1.30007
1.30007
1.30007
1.30007
1.30007
1.30007
1.30008
1.30008
1.30008
1.30008
1.30009
1.30009
1.30009
1.30009
1.3001
1.30808
1.30808
1.30808
1.30808
1.30808
1.30808
1.30808
1.30808
1.30808
1.30808
1.30808
1.30808
1.30808
1.30808
1.30808
1.30809
1.30809
1.30809
1.30809
1.30809
1.30809
1.30809
1.30809
1.30809
1.30809
1.30809
1.30809
1.30809
1.30809
1.30809
1.30809
1.30809
1.30809
1.30809
1.30809
1.30809
1.30809
1.30809
1.30809
1.30809
1.30809
1.30809
1.30809
1.30809
1.30809
1.30809
1.30809
1.30809
1.30809
1.30809
1.30809
1.30809
1.30809
1.30809
1.30809
1.30809
1.30809
1.30809
1.30809
1.30809
1.30809
1.3081
1.3081
1.3081
1.3081
1.3081
1.3081
1.3081
1.3081
1.3081
1.3081
1.30811
1.30811
1.30811
1.30811
1.30811
1.30811
1.30812
1.30812
1.30812
1.30812
1.30813
1.30813
1.30813
1.30814
1.31616
1.31616
1.31616
1.31616
1.31616
1.31616
1.31616
1.31616
1.31616
1.31616
1.31616
1.31616
1.31616
1.31616
1.31616
1.31616
1.31616
1.31616
1.31616
1.31616
1.31616
1.31616
1.31616
1.31616
1.31616
1.31616
1.31616
1.31616
1.31616
1.31616
1.31616
1.31616
1.31616
1.31616
1.31616
1.31616
1.31616
1.31616
1.31616
1.31617
1.31617
1.31617
1.31617
1.31617
1.31617
1.31617
1.31617
1.31617
1.31617
1.31617
1.31617
1.31617
1.31617
1.31617
1.31617
1.31617
1.31617
1.31617
1.31617
1.31617
1.31617
1.31617
1.31617
1.31618
1.31618
1.31618
1.31618
1.31618
1.31618
1.31618
1.31618
1.31618
1.31619
1.31619
1.31619
1.31619
1.31619
1.31619
1.3162
1.3162
1.3162
1.3162
1.31621
1.31621
1.31621
1.32428
1.32428
1.32428
1.32428
1.32428
1.32428
1.32428
1.32428
1.32428
1.32428
1.32428
1.32428
1.32428
1.32428
1.32428
1.32428
1.32428
1.32428
1.32428
1.32428
1.32428
1.32428
1.32428
1.32428
1.32428
1.32428
1.32428
1.32428
1.32428
1.32428
1.32428
1.32428
1.32428
1.32428
1.32428
1.32428
1.32428
1.32428
1.32428
1.32428
1.32428
1.32428
1.32428
1.32428
1.32428
1.32429
1.32429
1.32429
1.32429
1.32429
1.32429
1.32429
1.32429
1.32429
1.32429
1.32429
1.32429
1.32429
1.32429
1.32429
1.32429
1.32429
1.32429
1.32429
1.32429
1.3243
1.3243
1.3243
1.3243
1.3243
1.3243
1.3243
1.3243
1.32431
1.32431
1.32431
1.32431
1.32431
1.32432
1.32432
1.32432
1.32432
1.32433
1.32433
1.32433
1.33244
1.33244
1.33244
1.33244
1.33244
1.33244
1.33244
1.33244
1.33244
1.33244
1.33244
1.33244
1.33244
1.33244
1.33244
1.33244
1.33244
1.33244
1.33244
1.33244
1.33244
1.33244
1.33244
1.33244
1.33244
1.33244
1.33244
1.33244
1.33244
1.33244
1.33244
1.33244
1.33244
1.33244
1.33244
1.33244
1.33244
1.33244
1.33244
1.33244
1.33244
1.33244
1.33244
1.33244
1.33244
1.33244
1.33244
1.33245
1.33245
1.33245
1.33245
1.33245
1.33245
1.33245
1.33245
1.33245
1.33245
1.33245
1.33245
1.33245
1.33245
1.33245
1.33245
1.33245
1.33245
1.33246
1.33246
1.33246
1.33246
1.33246
1.33246
1.33246
1.33246
1.33246
1.33247
1.33247
1.33247
1.33247
1.33247
1.33248
1.33248
1.33248
1.33248
1.33249
1.33249
1.34064
1.34064
1.34064
1.34064
1.34064
1.34064
1.34064
1.34064
1.34064
1.34064
1.34064
1.34064
1.34064
1.34064
1.34064
1.34064
1.34064
1.34064
1.34064
1.34064
1.34064
1.34064
1.34064
1.34064
1.34064
1.34064
1.34064
1.34064
1.34064
1.34064
1.34064
1.34064
1.34064
1.34064
1.34064
1.34064
1.34064
1.34064
1.34064
1.34064
1.34064
1.34064
1.34064
1.34064
1.34064
1.34065
1.34065
1.34065
1.34065
1.34065
1.34065
1.34065
1.34065
1.34065
1.34065
1.34065
1.34065
1.34065
1.34065
1.34065
1.34065
1.34065
1.34065
1.34065
1.34065
1.34066
1.34066
1.34066
1.34066
1.34066
1.34066
1.34066
1.34066
1.34067
1.34067
1.34067
1.34067
1.34067
1.34067
1.34068
1.34068
1.34068
1.34068
1.34069
1.34069
1.34888
1.34888
1.34888
1.34888
1.34888
1.34888
1.34888
1.34888
1.34888
1.34888
1.34888
1.34888
1.34888
1.34888
1.34888
1.34888
1.34888
1.34888
1.34888
1.34888
1.34888
1.34888
1.34888
1.34888
1.34888
1.34888
1.34888
1.34888
1.34888
1.34888
1.34888
1.34888
1.34888
1.34889
1.34889
1.34889
1.34889
1.34889
1.34889
1.34889
1.34889
1.34889
1.34889
1.34889
1.34889
1.34889
1.34889
1.34889
1.34889
1.34889
1.34889
1.34889
1.34889
1.34889
1.34889
1.34889
1.34889
1.34889
1.34889
1.34889
1.34889
1.34889
1.34889
1.3489
1.3489
1.3489
1.3489
1.3489
1.3489
1.3489
1.3489
1.3489
1.34891
1.34891
1.34891
1.34891
1.34891
1.34891
1.34892
1.34892
1.34892
1.34892
1.34893
1.34893
1.34893
1.35717
1.35717
1.35717
1.35717
1.35717
1.35717
1.35717
1.35717
1.35717
1.35717
1.35717
1.35717
1.35717
1.35717
1.35717
1.35717
1.35717
1.35717
1.35717
1.35717
1.35717
1.35717
1.35717
1.35717
1.35717
1.35717
1.35717
1.35717
1.35717
1.35717
1.35717
1.35717
1.35717
1.35717
1.35717
1.35717
1.35717
1.35717
1.35717
1.35717
1.35717
1.35717
1.35717
1.35717
1.35717
1.35717
1.35717
1.35717
1.35717
1.35717
1.35717
1.35717
1.35717
1.35717
1.35717
1.35717
1.35717
1.35717
1.35718
1.35718
1.35718
1.35718
1.35718
1.35718
1.35718
1.35718
1.35718
1.35718
1.35718
1.35718
1.35719
1.35719
1.35719
1.35719
1.35719
1.35719
1.35719
1.3572
1.3572
1.3572
1.3572
1.35721
1.35721
1.35721
1.35721
1.36549
1.36549
1.36549
1.36549
1.36549
1.36549
1.36549
1.36549
1.36549
1.36549
1.36549
1.36549
1.36549
1.36549
1.36549
1.36549
1.36549
1.36549
1.36549
1.36549
1.36549
1.36549
1.36549
1.36549
1.36549
1.36549
1.36549
1.36549
1.36549
1.36549
1.36549
1.36549
1.36549
1.36549
1.36549
1.36549
1.36549
1.36549
1.36549
1.36549
1.36549
1.36549
1.36549
1.36549
1.36549
1.3655
1.3655
1.3655
1.3655
1.3655
1.3655
1.3655
1.3655
1.3655
1.3655
1.3655
1.3655
1.3655
1.3655
1.3655
1.3655
1.3655
1.3655
1.3655
1.3655
1.3655
1.36551
1.36551
1.36551
1.36551
1.36551
1.36551
1.36551
1.36551
1.36552
1.36552
1.36552
1.36552
1.36552
1.36552
1.36553
1.36553
1.36553
1.36553
1.36554
1.37386
1.37386
1.37386
1.37386
1.37386
1.37386
1.37386
1.37386
1.37386
1.37386
1.37386
1.37386
1.37386
1.37386
1.37386
1.37386
1.37386
1.37386
1.37386
1.37386
1.37386
1.37386
1.37386
1.37386
1.37386
1.37386
1.37386
1.37386
1.37386
1.37386
1.37386
1.37386
1.37386
1.37386
1.37386
1.37386
1.37386
1.37386
1.37386
1.37386
1.37386
1.37386
1.37386
1.37386
1.37386
1.37386
1.37386
1.37386
1.37386
1.37386
1.37386
1.37386
1.37386
1.37386
1.37386
1.37386
1.37387
1.37387
1.37387
1.37387
1.37387
1.37387
1.37387
1.37387
1.37387
1.37387
1.37387
1.37387
1.37387
1.37387
1.37388
1.37388
1.37388
1.37388
1.37388
1.37388
1.37388
1.37389
1.37389
1.37389
1.37389
1.37389
1.3739
1.3739
1.3739
1.38227
1.38227
1.38227
1.38227
1.38227
1.38227
1.38227
1.38227
1.38227
1.38227
1.38227
1.38227
1.38227
1.38227
1.38227
1.38227
1.38227
1.38227
1.38227
1.38227
1.38227
1.38227
1.38227
1.38227
1.38227
1.38227
1.38227
1.38227
1.38227
1.38227
1.38227
1.38227
1.38227
1.38227
1.38227
1.38227
1.38227
1.38227
1.38227
1.38227
1.38227
1.38227
1.38227
1.38227
1.38227
1.38227
1.38227
1.38227
1.38227
1.38227
1.38227
1.38227
1.38227
1.38227
1.38227
1.38227
1.38227
1.38227
1.38227
1.38228
1.38228
1.38228
1.38228
1.38228
1.38228
1.38228
1.38228
1.38228
1.38228
1.38228
1.38228
1.38229
1.38229
1.38229
1.38229
1.38229
1.38229
1.38229
1.3823
1.3823
1.3823
1.3823
1.3823
1.38231
1.38231
1.39072
1.39072
1.39072
1.39072
1.39072
1.39072
1.39072
1.39072
1.39072
1.39072
1.39072
1.39072
1.39072
1.39072
1.39072
1.39072
1.39072
1.39072
1.39072
1.39072
1.39072
1.39072
1.39072
1.39072
1.39072
1.39072
1.39072
1.39072
1.39072
1.39072
1.39072
1.39072
1.39072
1.39072
1.39072
1.39072
1.39072
1.39072
1.39072
1.39072
1.39072
1.39072
1.39072
1.39072
1.39072
1.39072
1.39072
1.39072
1.39072
1.39072
1.39072
1.39072
1.39072
1.39072
1.39072
1.39072
1.39072
1.39073
1.39073
1.39073
1.39073
1.39073
1.39073
1.39073
1.39073
1.39073
1.39073
1.39073
1.39073
1.39073
1.39073
1.39074
1.39074
1.39074
1.39074
1.39074
1.39074
1.39074
1.39075
1.39075
1.39075
1.39075
1.39075
1.39076
1.39076
1.39921
1.39921
1.39921
1.39921
1.39921
1.39921
1.39921
1.39921
1.39921
1.39921
1.39921
1.39921
1.39921
1.39921
1.39921
1.39921
1.39921
1.39921
1.39921
1.39921
1.39921
1.39921
1.39921
1.39921
1.39921
1.39921
1.39921
1.39921
1.39921
1.39921
1.39921
1.39921
1.39921
1.39921
1.39921
1.39921
1.39921
1.39921
1.39921
1.39921
1.39921
1.39921
1.39921
1.39921
1.39921
1.39921
1.39922
1.39922
1.39922
1.39922
1.39922
1.39922
1.39922
1.39922
1.39922
1.39922
1.39922
1.39922
1.39922
1.39922
1.39922
1.39922
1.39922
1.39922
1.39922
1.39922
1.39922
1.39922
1.39923
1.39923
1.39923
1.39923
1.39923
1.39923
1.39923
1.39923
1.39923
1.39924
1.39924
1.39924
1.39924
1.39924
1.39925
1.39925
1.39925
1.40775
1.40775
1.40775
1.40775
1.40775
1.40775
1.40775
1.40775
1.40775
1.40775
1.40775
1.40775
1.40775
1.40775
1.40775
1.40775
1.40775
1.40775
1.40775
1.40775
1.40775
1.40775
1.40775
1.40775
1.40775
1.40775
1.40775
1.40775
1.40775
1.40775
1.40775
1.40775
1.40775
1.40775
1.40775
1.40775
1.40775
1.40775
1.40775
1.40775
1.40775
1.40775
1.40775
1.40775
1.40775
1.40775
1.40775
1.40775
1.40775
1.40775
1.40775
1.40775
1.40775
1.40775
1.40775
1.40775
1.40775
1.40775
1.40775
1.40776
1.40776
1.40776
1.40776
1.40776
1.40776
1.40776
1.40776
1.40776
1.40776
1.40776
1.40776
1.40776
1.40776
1.40777
1.40777
1.40777
1.40777
1.40777
1.40777
1.40777
1.40778
1.40778
1.40778
1.40778
1.40778
1.41633
1.41633
1.41633
1.41633
1.41633
1.41633
1.41633
1.41633
1.41633
1.41633
1.41633
1.41633
1.41633
1.41633
1.41633
1.41633
1.41633
1.41633
1.41633
1.41633
1.41633
1.41633
1.41633
1.41633
1.41633
1.41633
1.41633
1.41633
1.41633
1.41633
1.41633
1.41633
1.41633
1.41633
1.41633
1.41633
1.41633
1.41633
1.41633
1.41633
1.41633
1.41633
1.41633
1.41633
1.41633
1.41633
1.41633
1.41633
1.41633
1.41633
1.41633
1.41633
1.41633
1.41633
1.41633
1.41633
1.41633
1.41633
1.41633
1.41633
1.41633
1.41633
1.41634
1.41634
1.41634
1.41634
1.41634
1.41634
1.41634
1.41634
1.41634
1.41634
1.41634
1.41634
1.41634
1.41635
1.41635
1.41635
1.41635
1.41635
1.41635
1.41635
1.41636
1.41636
1.41636
1.42495
1.42495
1.42495
1.42495
1.42495
1.42495
1.42495
1.42495
1.42495
1.42495
1.42495
1.42495
1.42495
1.42495
1.42495
1.42495
1.42495
1.42495
1.42495
1.42495
1.42495
1.42495
1.42495
1.42495
1.42495
1.42495
1.42495
1.42495
1.42495
1.42495
1.42495
1.42495
1.42495
1.42495
1.42495
1.42495
1.42495
1.42495
1.42495
1.42495
1.42495
1.42495
1.42495
1.42495
1.42495
1.42495
1.42495
1.42495
1.42495
1.42495
1.42495
1.42495
1.42495
1.42495
1.42495
1.42495
1.42495
1.42495
1.42495
1.42496
1.42496
1.42496
1.42496
1.42496
1.42496
1.42496
1.42496
1.42496
1.42496
1.42496
1.42496
1.42496
1.42496
1.42496
1.42497
1.42497
1.42497
1.42497
1.42497
1.42497
1.42497
1.42497
1.42498
1.42498
1.42498
1.43362
1.43362
1.43362
1.43362
1.43362
1.43362
1.43362
1.43362
1.43362
1.43362
1.43362
1.43362
1.43362
1.43362
1.43362
1.43362
1.43362
1.43362
1.43362
1.43362
1.43362
1.43362
1.43362
1.43362
1.43362
1.43362
1.43362
1.43362
1.43362
1.43362
1.43362
1.43362
1.43362
1.43362
1.43362
1.43362
1.43362
1.43362
1.43362
1.43362
1.43362
1.43362
1.43362
1.43362
1.43362
1.43362
1.43362
1.43362
1.43362
1.43362
1.43362
1.43362
1.43362
1.43362
1.43362
1.43362
1.43362
1.43362
1.43362
1.43362
1.43362
1.43362
1.43362
1.43362
1.43362
1.43362
1.43362
1.43362
1.43362
1.43362
1.43363
1.43363
1.43363
1.43363
1.43363
1.43363
1.43363
1.43363
1.43363
1.43363
1.43364
1.43364
1.43364
1.43364
1.43364
1.44232
1.44232
1.44232
1.44232
1.44232
1.44232
1.44232
1.44232
1.44232
1.44232
1.44232
1.44232
1.44232
1.44232
1.44232
1.44232
1.44232
1.44232
1.44232
1.44232
1.44232
1.44232
1.44232
1.44232
1.44232
1.44232
1.44232
1.44232
1.44232
1.44232
1.44232
1.44232
1.44232
1.44232
1.44232
1.44232
1.44233
1.44233
1.44233
1.44233
1.44233
1.44233
1.44233
1.44233
1.44233
1.44233
1.44233
1.44233
1.44233
1.44233
1.44233
1.44233
1.44233
1.44233
1.44233
1.44233
1.44233
1.44233
1.44233
1.44233
1.44233
1.44233
1.44233
1.44233
1.44233
1.44233
1.44233
1.44233
1.44233
1.44233
1.44233
1.44233
1.44233
1.44234
1.44234
1.44234
1.44234
1.44234
1.44234
1.44234
1.44234
1.44234
1.44234
1.44235
1.44235
1.45108
1.45108
1.45108
1.45108
1.45108
1.45108
1.45108
1.45108
1.45108
1.45108
1.45108
1.45108
1.45108
1.45108
1.45108
1.45108
1.45108
1.45108
1.45108
1.45108
1.45108
1.45108
1.45108
1.45108
1.45108
1.45108
1.45108
1.45108
1.45108
1.45108
1.45108
1.45108
1.45108
1.45108
1.45108
1.45108
1.45108
1.45108
1.45108
1.45108
1.45108
1.45108
1.45108
1.45108
1.45108
1.45108
1.45108
1.45108
1.45108
1.45108
1.45108
1.45108
1.45108
1.45108
1.45108
1.45108
1.45108
1.45108
1.45108
1.45108
1.45108
1.45108
1.45108
1.45108
1.45108
1.45108
1.45108
1.45108
1.45108
1.45108
1.45108
1.45109
1.45109
1.45109
1.45109
1.45109
1.45109
1.45109
1.45109
1.45109
1.45109
1.45109
1.45109
1.4511
1.4511
1.45987
1.45987
1.45987
1.45987
1.45987
1.45987
1.45987
1.45987
1.45987
1.45987
1.45987
1.45987
1.45987
1.45987
1.45987
1.45987
1.45987
1.45987
1.45987
1.45987
1.45987
1.45987
1.45987
1.45987
1.45987
1.45987
1.45987
1.45987
1.45987
1.45987
1.45987
1.45987
1.45987
1.45987
1.45987
1.45987
1.45987
1.45987
1.45987
1.45987
1.45987
1.45987
1.45987
1.45987
1.45987
1.45987
1.45987
1.45987
1.45987
1.45987
1.45987
1.45988
1.45988
1.45988
1.45988
1.45988
1.45988
1.45988
1.45988
1.45988
1.45988
1.45988
1.45988
1.45988
1.45988
1.45988
1.45988
1.45988
1.45988
1.45988
1.45988
1.45988
1.45988
1.45988
1.45988
1.45988
1.45988
1.45988
1.45988
1.45989
1.45989
1.45989
1.45989
1.45989
1.45989
1.46871
1.46871
1.46871
1.46871
1.46871
1.46871
1.46871
1.46871
1.46871
1.46871
1.46871
1.46871
1.46871
1.46871
1.46871
1.46871
1.46871
1.46871
1.46871
1.46871
1.46871
1.46871
1.46871
1.46871
1.46871
1.46871
1.46871
1.46871
1.46871
1.46871
1.46871
1.46871
1.46871
1.46871
1.46871
1.46871
1.46871
1.46871
1.46871
1.46871
1.46871
1.46871
1.46871
1.46871
1.46871
1.46871
1.46871
1.46871
1.46871
1.46871
1.46872
1.46872
1.46872
1.46872
1.46872
1.46872
1.46872
1.46872
1.46872
1.46872
1.46872
1.46872
1.46872
1.46872
1.46872
1.46872
1.46872
1.46872
1.46872
1.46872
1.46872
1.46872
1.46872
1.46872
1.46872
1.46872
1.46872
1.46872
1.46872
1.46872
1.46872
1.46872
1.46873
1.46873
1.46873
1.4776
1.4776
1.4776
1.4776
1.4776
1.4776
1.4776
1.4776
1.4776
1.4776
1.4776
1.4776
1.4776
1.4776
1.4776
1.4776
1.4776
1.4776
1.4776
1.4776
1.4776
1.4776
1.4776
1.4776
1.4776
1.4776
1.4776
1.4776
1.4776
1.4776
1.4776
1.4776
1.4776
1.4776
1.4776
1.4776
1.4776
1.4776
1.4776
1.4776
1.4776
1.4776
1.4776
1.4776
1.4776
1.4776
1.4776
1.4776
1.4776
1.4776
1.4776
1.4776
1.4776
1.4776
1.4776
1.4776
1.4776
1.4776
1.4776
1.4776
1.4776
1.4776
1.4776
1.4776
1.4776
1.4776
1.4776
1.4776
1.4776
1.4776
1.4776
1.4776
1.4776
1.4776
1.4776
1.4776
1.4776
1.4776
1.4776
1.47761
1.47761
1.47761
1.47761
1.47761
1.47761
1.48653
1.48653
1.48653
1.48653
1.48653
1.48653
1.48653
1.48653
1.48653
1.48653
1.48653
1.48653
1.48653
1.48653
1.48653
1.48653
1.48653
1.48653
1.48653
1.48653
1.48653
1.48653
1.48653
1.48653
1.48653
1.48653
1.48653
1.48653
1.48653
1.48653
1.48653
1.48653
1.48653
1.48653
1.48653
1.48653
1.48653
1.48653
1.48653
1.48653
1.48653
1.48653
1.48653
1.48653
1.48653
1.48653
1.48653
1.48653
1.48653
1.48653
1.48653
1.48653
1.48653
1.48653
1.48653
1.48653
1.48653
1.48653
1.48653
1.48653
1.48653
1.48653
1.48653
1.48653
1.48653
1.48653
1.48653
1.48653
1.48653
1.48653
1.48653
1.48653
1.48653
1.48653
1.48653
1.48653
1.48653
1.48653
1.48653
1.48653
1.48653
1.48653
1.48653
1.48653
1.48653
1.4955
1.4955
1.4955
1.4955
1.4955
1.4955
1.4955
1.4955
1.4955
1.4955
1.4955
1.4955
1.4955
1.4955
1.4955
1.4955
1.4955
1.4955
1.4955
1.4955
1.4955
1.4955
1.4955
1.4955
1.4955
1.4955
1.4955
1.4955
1.4955
1.4955
1.4955
1.4955
1.4955
1.4955
1.4955
1.4955
1.4955
1.4955
1.4955
1.4955
1.4955
1.4955
1.4955
1.4955
1.4955
1.4955
1.4955
1.4955
1.4955
1.4955
1.4955
1.4955
1.4955
1.4955
1.4955
1.4955
1.4955
1.4955
1.4955
1.4955
1.4955
1.4955
1.4955
1.4955
1.4955
1.4955
1.4955
1.4955
1.4955
1.4955
1.4955
1.4955
1.4955
1.4955
1.4955
1.4955
1.4955
1.4955
1.4955
1.4955
1.4955
1.4955
1.4955
1.4955
1.4955
)
;

boundaryField
{
    lateral_sides
    {
        type            empty;
    }
    outerwall
    {
        type            calculated;
        value           nonuniform List<scalar> 
214
(
0.00453389
0.013579
0.0225788
0.0315336
0.0404436
0.0493089
0.0581297
0.0669063
0.0756389
0.0843277
0.0929728
0.101575
0.110133
0.118649
0.127121
0.135551
0.143939
0.152285
0.160588
0.16885
0.17707
0.185249
0.193387
0.201484
0.20954
0.217556
0.225531
0.233466
0.241361
0.249217
0.257033
0.26481
0.272548
0.280247
0.287907
0.295529
0.303113
0.310658
0.318166
0.325636
0.333069
0.340465
0.347823
0.355145
0.36243
0.369678
0.37689
0.384067
0.391207
0.398312
0.405381
0.412415
0.419414
0.426377
0.433307
0.440201
0.447061
0.453887
0.460679
0.467437
0.474162
0.480852
0.48751
0.494134
0.500726
0.507284
0.51381
0.520304
0.526765
0.533194
0.539591
0.545956
0.55229
0.558592
0.564862
0.571102
0.57731
0.583487
0.589634
0.59575
0.601836
0.607891
0.613916
0.619911
0.625876
0.631812
0.637718
0.643595
0.649442
0.65526
0.661049
0.66681
0.672541
0.678244
0.683919
0.689565
0.695183
0.700773
0.706335
0.711869
0.717376
0.722855
0.728307
0.733732
0.739129
0.7445
0.749843
0.75516
0.760475
0.765817
0.771186
0.776582
0.782005
0.787454
0.792931
0.798436
0.803968
0.809527
0.815114
0.820729
0.826372
0.832043
0.837743
0.843471
0.849227
0.855012
0.860826
0.866669
0.872541
0.878443
0.884373
0.890333
0.896323
0.902343
0.908393
0.914473
0.920583
0.926723
0.932894
0.939096
0.945329
0.951592
0.957887
0.964213
0.970571
0.97696
0.983381
0.989834
0.99632
1.00284
1.00939
1.01597
1.02258
1.02923
1.03591
1.04263
1.04938
1.05616
1.06297
1.06982
1.07671
1.08363
1.09058
1.09757
1.10459
1.11165
1.11874
1.12587
1.13303
1.14023
1.14747
1.15474
1.16205
1.16939
1.17677
1.18419
1.19165
1.19914
1.20667
1.21424
1.22185
1.22949
1.23717
1.24489
1.25266
1.26045
1.26829
1.27617
1.28409
1.29205
1.30004
1.30808
1.31616
1.32428
1.33244
1.34064
1.34888
1.35716
1.36549
1.37386
1.38227
1.39072
1.39921
1.40775
1.41633
1.42495
1.43361
1.44232
1.45108
1.45987
1.46871
1.4776
1.48653
1.4955
)
;
    }
    longitudinal_symmetry
    {
        type            symmetryPlane;
    }
    inlet
    {
        type            calculated;
        value           uniform 0;
    }
    outlet
    {
        type            calculated;
        value           nonuniform List<scalar> 
85
(
1.5
1.5
1.5
1.5
1.5
1.5
1.5
1.5
1.5
1.5
1.5
1.5
1.5
1.5
1.5
1.5
1.5
1.5
1.5
1.5
1.5
1.5
1.5
1.5
1.5
1.5
1.5
1.5
1.5
1.5
1.5
1.5
1.5
1.5
1.5
1.5
1.5
1.5
1.5
1.5
1.5
1.5
1.5
1.5
1.5
1.5
1.5
1.5
1.5
1.5
1.5
1.5
1.5
1.5
1.5
1.5
1.5
1.5
1.5
1.5
1.5
1.5
1.5
1.5
1.5
1.5
1.5
1.5
1.5
1.5
1.5
1.5
1.5
1.5
1.5
1.5
1.5
1.5
1.5
1.5
1.5
1.5
1.5
1.5
1.5
)
;
    }
}


// ************************************************************************* //
