/*--------------------------------*- C++ -*----------------------------------*\
  =========                 |
  \\      /  F ield         | OpenFOAM: The Open Source CFD Toolbox
   \\    /   O peration     | Website:  https://openfoam.org
    \\  /    A nd           | Version:  6
     \\/     M anipulation  |
\*---------------------------------------------------------------------------*/
FoamFile
{
    version     2.0;
    format      ascii;
    class       volScalarField;
    location    "0";
    object      Ma;
}
// * * * * * * * * * * * * * * * * * * * * * * * * * * * * * * * * * * * * * //

dimensions      [0 0 0 0 0 0 0];

internalField   nonuniform List<scalar>
18190
(
0.47355747962351763
0.47355747962351763
0.47355747962351763
0.47355747962351763
0.47355747962351763
0.47355747962351763
0.47355747962351763
0.47355747962351763
0.47355747962351763
0.47355747962351763
0.47355747962351763
0.47355747962351763
0.47355747962351763
0.47355747962351763
0.47355747962351763
0.47355747962351763
0.47355747962351763
0.47355747962351763
0.47355747962351763
0.47355747962351763
0.47355747962351763
0.47355747962351763
0.47355747962351763
0.47355747962351763
0.47355747962351763
0.47355747962351763
0.47355747962351763
0.47355747962351763
0.47355747962351763
0.47355747962351763
0.47355747962351763
0.47355747962351763
0.47355747962351763
0.47355747962351763
0.47355747962351763
0.47355747962351763
0.47355747962351763
0.47355747962351763
0.47355747962351763
0.47355747962351763
0.47355747962351763
0.47355747962351763
0.47355747962351763
0.47355747962351763
0.47355747962351763
0.47355747962351763
0.47355747962351763
0.47355747962351763
0.47355747962351763
0.47355747962351763
0.47355747962351763
0.47355747962351763
0.47355747962351763
0.47355747962351763
0.47355747962351763
0.47355747962351763
0.47355747962351763
0.47355747962351763
0.47355747962351763
0.47355747962351763
0.47355747962351763
0.47355747962351763
0.47355747962351763
0.47355747962351763
0.47355747962351763
0.47355747962351763
0.47355747962351763
0.47355747962351763
0.47355747962351763
0.47355747962351763
0.47355747962351763
0.47355747962351763
0.47355747962351763
0.47355747962351763
0.47355747962351763
0.47355747962351763
0.47355747962351763
0.47355747962351763
0.47355747962351763
0.47355747962351763
0.47355747962351763
0.47355747962351763
0.47355747962351763
0.47355747962351763
0.47355747962351763
0.47368690759689813
0.47368690759689813
0.47368690759689813
0.47368690759689813
0.47368690759689813
0.47368690759689813
0.47368690759689813
0.47368690759689813
0.47368690759689813
0.47368690759689813
0.47368690616596104
0.47368690616596104
0.47368690616596104
0.47368690616596104
0.47368690616596104
0.47368690616596104
0.47368690616596104
0.47368690616596104
0.47368690616596104
0.47368690616596104
0.47368690616596104
0.47368690616596104
0.47368690616596104
0.47368690616596104
0.47368690616596104
0.47368690616596104
0.47368690616596104
0.47368690616596104
0.47368690616596104
0.47368690473502395
0.47368690473502395
0.47368690473502395
0.47368690473502395
0.47368690473502395
0.47368690473502395
0.47368690473502395
0.47368690473502395
0.47368690330408686
0.47368690330408686
0.47368690330408686
0.47368690330408686
0.47368690330408686
0.47368690187314977
0.47368690187314977
0.47368690187314977
0.47368690187314977
0.4736869004422127
0.4736869004422127
0.4736869004422127
0.4736868990112756
0.4736868990112756
0.4736868990112756
0.4736868975803385
0.4736868975803385
0.47368689614940146
0.47368689614940146
0.47368689471846437
0.47368689471846437
0.4736868932875273
0.4736868918565902
0.4736868904256531
0.4736868904256531
0.473686888994716
0.4736868875637789
0.4736868861328418
0.47368688470190473
0.47368688327096764
0.47368688184003055
0.47368687897815637
0.4736868775472193
0.4736868746853451
0.47368687325440806
0.4736868703925339
0.4736868675306597
0.4736868660997226
0.4736868632378484
0.47368685894503715
0.47368685608316297
0.4736868532212888
0.47368684892847757
0.4736868446356663
0.473686840342855
0.47368683605004375
0.4736868303262954
0.4736868246025471
0.47394511167808306
0.47394511167808306
0.47394511167808306
0.47394511167808306
0.47394511167808306
0.47394511167808306
0.4739451088090532
0.4739451088090532
0.4739451088090532
0.4739451088090532
0.4739451088090532
0.4739451088090532
0.4739451088090532
0.4739451088090532
0.4739451088090532
0.4739451088090532
0.4739451088090532
0.4739451088090532
0.4739451088090532
0.4739451088090532
0.4739451088090532
0.4739451088090532
0.4739451088090532
0.4739451059400233
0.4739451059400233
0.4739451059400233
0.4739451059400233
0.4739451059400233
0.4739451059400233
0.4739451059400233
0.47394510307099347
0.47394510307099347
0.47394510307099347
0.47394510307099347
0.47394510307099347
0.47394510020196357
0.47394510020196357
0.47394510020196357
0.47394510020196357
0.4739450973329337
0.4739450973329337
0.4739450973329337
0.47394509446390387
0.47394509446390387
0.47394509446390387
0.47394509159487397
0.47394509159487397
0.4739450887258441
0.4739450887258441
0.4739450858568142
0.47394508298778437
0.47394508298778437
0.4739450801187545
0.4739450772497246
0.4739450743806948
0.4739450715116649
0.4739450715116649
0.4739450657736051
0.4739450629045753
0.47394506003554543
0.4739450571665155
0.4739450542974857
0.47394504855942593
0.4739450456903961
0.47394503995233633
0.4739450342142766
0.47394503134524674
0.473945025607187
0.47394501986912724
0.47394501126203764
0.4739450055239779
0.4739449969168883
0.47394499117882855
0.47394498257173895
0.47394497109561945
0.47394496248852985
0.47394495101241035
0.47394494240532076
0.4739449280601714
0.4739449165840519
0.47394490223890257
0.4739448878937532
0.4739448735486039
0.4739448563344247
0.47394483912024543
0.47432987238929003
0.47432987238929003
0.47432987238929003
0.47432987238929003
0.47432987238929003
0.47432987238929003
0.47432987238929003
0.47432987238929003
0.47432987238929003
0.47432987238929003
0.47432987238929003
0.47432987238929003
0.47432987238929003
0.47432986809249605
0.47432986809249605
0.47432986809249605
0.47432986809249605
0.47432986809249605
0.47432986809249605
0.47432986809249605
0.47432986809249605
0.47432986809249605
0.47432986809249605
0.47432986379570213
0.47432986379570213
0.47432986379570213
0.47432986379570213
0.47432986379570213
0.47432986379570213
0.47432985949890816
0.47432985949890816
0.47432985949890816
0.47432985949890816
0.47432985520211424
0.47432985520211424
0.47432985520211424
0.47432985090532026
0.47432985090532026
0.47432985090532026
0.47432984660852634
0.47432984660852634
0.47432984231173236
0.47432984231173236
0.47432983801493844
0.47432983801493844
0.47432983371814447
0.4743298294213505
0.4743298294213505
0.47432982512455657
0.4743298208277626
0.4743298165309687
0.4743298122341747
0.4743298079373808
0.4743298036405868
0.4743297993437928
0.4743297950469989
0.474329786453411
0.47432978215661703
0.4743297778598231
0.4743297692662352
0.47432976067264726
0.47432975207905936
0.47432974348547147
0.47432973489188357
0.4743297262982957
0.4743297177047078
0.4743297048143259
0.47432969192394403
0.47432968333035613
0.47432966614318034
0.47432965325279847
0.4743296360656227
0.4743296231752408
0.474329605988065
0.47432958450409524
0.4743295630201255
0.47432954153615575
0.474329520052186
0.4743294942714223
0.47432946849065855
0.47432944270989486
0.4743294126323372
0.4743293782579856
0.47432934388363396
0.47432930950928237
0.4748391974876409
0.4748391974876409
0.4748391974876409
0.4748391974876409
0.4748391974876409
0.4748391974876409
0.4748391974876409
0.4748391974876409
0.4748391974876409
0.4748391974876409
0.4748391974876409
0.47483919177118156
0.47483919177118156
0.47483919177118156
0.47483919177118156
0.47483919177118156
0.47483919177118156
0.47483919177118156
0.47483919177118156
0.47483919177118156
0.47483918605472214
0.47483918605472214
0.47483918605472214
0.47483918605472214
0.47483918605472214
0.47483918605472214
0.4748391803382628
0.4748391803382628
0.4748391803382628
0.4748391803382628
0.47483917462180336
0.47483917462180336
0.47483917462180336
0.474839168905344
0.474839168905344
0.4748391631888846
0.4748391631888846
0.4748391631888846
0.4748391574724252
0.4748391574724252
0.4748391517559658
0.47483914603950644
0.47483914603950644
0.4748391403230471
0.47483913460658767
0.4748391288901283
0.4748391288901283
0.4748391231736689
0.4748391174572095
0.4748391117407501
0.47483910602429075
0.47483909459137197
0.4748390888749126
0.4748390831584532
0.4748390717255344
0.47483906600907505
0.47483905457615627
0.4748390431432375
0.4748390317103187
0.47483902027739994
0.4748390088444812
0.47483899741156244
0.47483898026218424
0.47483896882926546
0.4748389516798873
0.4748389345305092
0.47483891738113104
0.4748388945152935
0.47483887164945593
0.4748388487836184
0.47483882591778087
0.4748388030519433
0.4748387744696464
0.47483874017089006
0.47483871158859314
0.4748386772898368
0.47483864299108053
0.4748386029758648
0.4748385572441897
0.474838517228974
0.47483846578083955
0.47483841433270507
0.4748383628845706
0.47483830571997676
0.4748382428389235
0.4754722223079853
0.4754722223079853
0.4754722223079853
0.4754722223079853
0.4754722151674265
0.4754722151674265
0.4754722151674265
0.4754722151674265
0.4754722151674265
0.4754722151674265
0.4754722151674265
0.4754722151674265
0.4754722151674265
0.4754722151674265
0.4754722151674265
0.4754722080268677
0.4754722080268677
0.4754722080268677
0.4754722080268677
0.4754722080268677
0.4754722080268677
0.47547220088630887
0.47547220088630887
0.47547220088630887
0.47547220088630887
0.47547220088630887
0.47547219374575
0.47547219374575
0.47547219374575
0.4754721866051912
0.4754721866051912
0.4754721866051912
0.4754721794646324
0.4754721794646324
0.47547217232407357
0.47547217232407357
0.47547216518351476
0.47547216518351476
0.47547215804295595
0.47547215804295595
0.47547215090239714
0.47547214376183833
0.47547213662127946
0.47547213662127946
0.47547212948072065
0.47547212234016184
0.47547211519960303
0.4754721080590442
0.4754720937779266
0.4754720866373678
0.4754720794968089
0.4754720652156913
0.4754720580751325
0.47547204379401486
0.4754720295128972
0.4754720223723384
0.47547200809122075
0.4754719866695443
0.47547197238842664
0.475471958107309
0.4754719366856326
0.4754719152639561
0.47547189384227967
0.47547187242060324
0.47547184385836794
0.4754718224366915
0.4754717938744562
0.47547176531222096
0.47547172960942685
0.47547169390663274
0.4754716582038387
0.4754716225010446
0.47547157965769166
0.4754715296737799
0.47547148683042706
0.4754714368465153
0.4754713797220448
0.47547132259757424
0.47547125833254483
0.47547118692695667
0.4754711155213685
0.4754710369752215
0.4754709584290745
0.47547087274236866
0.47547077277454525
0.4762264640266117
0.4762264640266117
0.4762264640266117
0.4762264640266117
0.4762264640266117
0.4762264640266117
0.4762264640266117
0.4762264554757969
0.4762264554757969
0.4762264554757969
0.4762264554757969
0.4762264554757969
0.4762264554757969
0.4762264554757969
0.4762264554757969
0.4762264469249821
0.4762264469249821
0.4762264469249821
0.4762264469249821
0.4762264469249821
0.4762264469249821
0.47622643837416734
0.47622643837416734
0.47622643837416734
0.47622643837416734
0.47622642982335256
0.47622642982335256
0.47622642982335256
0.47622642127253784
0.47622642127253784
0.47622641272172306
0.47622641272172306
0.47622641272172306
0.4762264041709083
0.4762264041709083
0.4762263956200935
0.4762263870692787
0.4762263870692787
0.47622637851846394
0.47622636996764917
0.4762263614168344
0.4762263614168344
0.4762263528660196
0.4762263443152049
0.4762263357643901
0.47622632721357533
0.47622631011194577
0.476226301561131
0.4762262930103162
0.47622627590868666
0.47622626735787194
0.4762262502562424
0.4762262331546128
0.47622621605298326
0.4762261989513537
0.4762261818497242
0.47622616474809465
0.4762261390956503
0.47622612199402076
0.4762260963415765
0.47622607068913214
0.476226036485873
0.47622601083342875
0.47622597663016963
0.4762259424269106
0.47622590822365146
0.4762258654695776
0.47622582271550373
0.4762257799614299
0.4762257286565412
0.4762256773516526
0.476225626046764
0.4762255661910606
0.47622550633535715
0.476225437928839
0.4762253695223208
0.47622529256498786
0.4762252070568401
0.4762251215486924
0.4762250274897299
0.47622492487995266
0.4762248137193606
0.4762247025587686
0.47622457429654697
0.4762244460343254
0.47710053951662174
0.47710053951662174
0.47710053951662174
0.47710053951662174
0.47710053951662174
0.47710052955734994
0.47710052955734994
0.47710052955734994
0.47710052955734994
0.47710052955734994
0.47710052955734994
0.47710052955734994
0.47710052955734994
0.47710052955734994
0.47710051959807814
0.47710051959807814
0.47710051959807814
0.47710051959807814
0.47710051959807814
0.47710050963880635
0.47710050963880635
0.47710050963880635
0.47710050963880635
0.4771004996795345
0.4771004996795345
0.4771004996795345
0.4771004897202627
0.4771004897202627
0.4771004897202627
0.4771004797609909
0.4771004797609909
0.4771004698017191
0.4771004698017191
0.4771004598424473
0.47710044988317546
0.47710044988317546
0.47710043992390366
0.47710042996463187
0.47710042996463187
0.47710042000536007
0.4771004100460883
0.4771004000868165
0.4771003901275446
0.47710038016827283
0.47710037020900103
0.47710035029045744
0.47710034033118565
0.477100320412642
0.4771003104533702
0.4771002905348266
0.47710027061628296
0.47710026065701117
0.4771002307791958
0.47710021086065213
0.47710019094210854
0.47710016106429315
0.4771001411457495
0.4771001112679341
0.47710008139011867
0.4771000515123033
0.47710001167521604
0.4770999718381288
0.4770999320010416
0.4770998921639544
0.47709985232686714
0.47709980253050815
0.4770997527341491
0.4770996929785183
0.47709963322288745
0.4770995734672566
0.47709950375235394
0.4770994340374513
0.4770993543632769
0.4770992647298306
0.4770991750963844
0.4770990854629381
0.4770989858702201
0.4770988763182302
0.47709875680696856
0.4770986372957069
0.4770984978659016
0.4770983584360963
0.4770982090470193
0.47709803973939857
0.47709787043177787
0.47809324741684595
0.47809324741684595
0.47809324741684595
0.47809324741684595
0.47809324741684595
0.47809324741684595
0.47809324741684595
0.47809324741684595
0.47809324741684595
0.47809324741684595
0.4780932360487467
0.4780932360487467
0.4780932360487467
0.4780932360487467
0.4780932360487467
0.4780932360487467
0.4780932246806474
0.4780932246806474
0.4780932246806474
0.4780932246806474
0.47809321331254817
0.47809321331254817
0.47809321331254817
0.47809321331254817
0.4780932019444489
0.4780932019444489
0.47809319057634964
0.47809319057634964
0.47809319057634964
0.47809317920825034
0.47809317920825034
0.4780931678401511
0.4780931564720518
0.4780931564720518
0.47809314510395257
0.47809313373585327
0.47809313373585327
0.47809312236775403
0.4780931109996548
0.4780930996315555
0.47809308826345626
0.47809307689535696
0.4780930655272577
0.4780930427910592
0.4780930314229599
0.47809302005486065
0.4780929973186621
0.4780929859505629
0.47809296321436434
0.4780929404781658
0.47809291774196727
0.47809289500576874
0.4780928722695702
0.4780928381652724
0.4780928154290739
0.47809278132477606
0.4780927472204783
0.4780927131161805
0.47809266764378344
0.4780926335394856
0.4780925880670886
0.4780925425946915
0.47809248575419516
0.47809242891369885
0.47809237207320254
0.47809231523270623
0.47809224702411063
0.478092178815515
0.4780920992388202
0.47809201966212533
0.47809194008543043
0.47809184914063635
0.47809174682774297
0.4780916445148496
0.4780915308338569
0.478091405784765
0.4780912807356731
0.47809113295038264
0.4780909851650922
0.47809083737980174
0.47809066685831275
0.4780904849687245
0.478090291711037
0.47809008708525025
0.47808985972326495
0.4792035595343073
0.4792035595343073
0.4792035595343073
0.4792035595343073
0.4792035467555013
0.4792035467555013
0.4792035467555013
0.4792035467555013
0.4792035467555013
0.4792035467555013
0.4792035467555013
0.4792035467555013
0.4792035339766953
0.4792035339766953
0.4792035339766953
0.4792035339766953
0.4792035339766953
0.4792035211978893
0.4792035211978893
0.4792035211978893
0.4792035211978893
0.4792035084190833
0.4792035084190833
0.4792035084190833
0.4792034956402773
0.4792034956402773
0.4792034828614713
0.4792034828614713
0.4792034700826653
0.4792034700826653
0.47920345730385927
0.47920345730385927
0.47920344452505326
0.47920343174624724
0.47920343174624724
0.47920341896744123
0.4792034061886353
0.47920339340982926
0.47920338063102325
0.47920336785221723
0.4792033550734112
0.4792033422946052
0.4792033167369932
0.4792033039581872
0.4792032911793812
0.4792032656217692
0.47920324006415715
0.47920322728535114
0.47920320172773917
0.47920317617012714
0.4792031506125151
0.47920311227609713
0.4792030867184851
0.47920304838206706
0.4792030100456491
0.47920297170923104
0.479202933372813
0.479202895036395
0.47920284392117096
0.47920279280594696
0.4792027416907229
0.4792026777966929
0.4792026139026629
0.4792025500086328
0.4792024733357968
0.4792023966629608
0.4792023199901247
0.47920223053848265
0.4792021410868406
0.47920203885639256
0.4792019366259445
0.4792018216166905
0.4792016938286304
0.47920156604057035
0.4792014254737043
0.4792012849068382
0.47920111878236016
0.47920095265788204
0.47920077375459796
0.47920056929370186
0.47920036483280576
0.47920014759310364
0.47919990479578956
0.4791996492196694
0.4791993808647433
0.4804306131568329
0.4804306131568329
0.4804306131568329
0.4804306131568329
0.4804306131568329
0.4804306131568329
0.48043059896303736
0.48043059896303736
0.48043059896303736
0.48043059896303736
0.48043059896303736
0.48043059896303736
0.48043058476924183
0.48043058476924183
0.48043058476924183
0.48043058476924183
0.48043058476924183
0.48043057057544636
0.48043057057544636
0.48043057057544636
0.48043055638165083
0.48043055638165083
0.48043055638165083
0.4804305421878553
0.4804305421878553
0.4804305421878553
0.4804305279940598
0.4804305279940598
0.48043051380026425
0.4804304996064687
0.4804304996064687
0.48043048541267325
0.48043048541267325
0.4804304712188777
0.4804304570250822
0.48043044283128666
0.48043042863749114
0.4804304144436956
0.48043040024990014
0.4804303860561046
0.4804303718623091
0.48043035766851355
0.48043032928092255
0.480430315087127
0.48043028669953597
0.4804302583119449
0.48043024411814944
0.4804302157305584
0.48043018734296733
0.4804301447615808
0.48043011637398975
0.48043008798639875
0.48043004540501216
0.48043000282362563
0.48042996024223905
0.4804299176608525
0.4804298608856704
0.48042980411048836
0.4804297473353063
0.48042969056012425
0.4804296195911466
0.48042956281596455
0.48042947765319144
0.48042940668421386
0.48042932152144074
0.4804292221648721
0.4804291228083035
0.4804290234517349
0.4804289099013707
0.4804287963510066
0.4804286686068469
0.48042852666889174
0.4804283847309366
0.4804282285991859
0.48042805827363966
0.4804278737542979
0.4804276892349562
0.4804274763280234
0.48042726342109066
0.48042702212656685
0.48042678083204304
0.4804265111499282
0.48042622727401785
0.48042591501051646
0.48042558855321954
0.4817718180918841
0.4817718180918841
0.4817718180918841
0.4817718180918841
0.4817718180918841
0.4817718180918841
0.4817718180918841
0.4817718180918841
0.4817718180918841
0.4817718180918841
0.4817718180918841
0.4817718180918841
0.4817718180918841
0.4817718180918841
0.4817718180918841
0.4817718180918841
0.4817718180918841
0.4817718180918841
0.4817718180918841
0.4817718180918841
0.4817718180918841
0.4817718180918841
0.4817718180918841
0.4817718180918841
0.48177166216683115
0.48177166216683115
0.48177166216683115
0.48177166216683115
0.48177166216683115
0.48177166216683115
0.48177166216683115
0.48177166216683115
0.48177166216683115
0.48177166216683115
0.48177166216683115
0.48177166216683115
0.48177166216683115
0.48177166216683115
0.4817715062417783
0.4817715062417783
0.4817715062417783
0.4817715062417783
0.4817715062417783
0.4817715062417783
0.4817715062417783
0.48177135031672536
0.48177135031672536
0.48177135031672536
0.48177135031672536
0.48177135031672536
0.4817711943916725
0.4817711943916725
0.4817711943916725
0.48177103846661956
0.48177103846661956
0.48177103846661956
0.48177088254156664
0.48177088254156664
0.48177088254156664
0.48177072661651377
0.48177072661651377
0.48177057069146084
0.481770414766408
0.481770414766408
0.48177025884135505
0.48177025884135505
0.4817701029163021
0.48176994699124925
0.48176979106619633
0.4817696351411434
0.48176947921609053
0.4817693232910376
0.48176916736598474
0.4817690114409318
0.4817688555158789
0.4817685436657731
0.4817683877407202
0.4817680758906144
0.4817679199655615
0.4817676081154557
0.48176729626534986
0.48176698441524407
0.4817666725651383
0.4817663607150325
0.48176589293987376
0.48322658130571644
0.48322658130571644
0.48322658130571644
0.48322658130571644
0.48322658130571644
0.48322658130571644
0.48322658130571644
0.48322658130571644
0.48322658130571644
0.48322658130571644
0.48322658130571644
0.48322658130571644
0.48322658130571644
0.48322658130571644
0.48322658130571644
0.48322658130571644
0.48322658130571644
0.48322658130571644
0.48322658130571644
0.48322658130571644
0.48322658130571644
0.48322658130571644
0.48322658130571644
0.48322658130571644
0.48322658130571644
0.48322658130571644
0.48322658130571644
0.48322658130571644
0.48322658130571644
0.48322658130571644
0.4832264113170259
0.4832264113170259
0.4832264113170259
0.4832264113170259
0.4832264113170259
0.4832264113170259
0.4832264113170259
0.4832264113170259
0.4832264113170259
0.4832264113170259
0.4832262413283353
0.4832262413283353
0.4832262413283353
0.4832262413283353
0.4832262413283353
0.4832262413283353
0.48322607133964474
0.48322607133964474
0.48322607133964474
0.48322607133964474
0.48322590135095417
0.48322590135095417
0.48322590135095417
0.48322590135095417
0.48322573136226366
0.48322573136226366
0.4832255613735731
0.4832255613735731
0.4832255613735731
0.4832253913848825
0.4832253913848825
0.48322522139619195
0.4832250514075014
0.4832250514075014
0.4832248814188108
0.48322471143012025
0.48322471143012025
0.4832245414414297
0.4832243714527391
0.48322420146404854
0.48322403147535803
0.48322386148666746
0.4832236914979769
0.48322335152059576
0.4832231815319052
0.4832230115432146
0.4832226715658335
0.4832223315884524
0.48322216159976183
0.4832218216223807
0.48322148164499956
0.4832211416676184
0.4832206317015468
0.48322029172416564
0.48321978175809394
0.48479444989289533
0.48479444989289533
0.48479444989289533
0.48479444989289533
0.48479444989289533
0.48479444989289533
0.48479444989289533
0.48479444989289533
0.48479444989289533
0.48479444989289533
0.48479444989289533
0.48479444989289533
0.48479444989289533
0.48479444989289533
0.48479444989289533
0.48479444989289533
0.48479444989289533
0.4847942657843247
0.4847942657843247
0.4847942657843247
0.4847942657843247
0.4847942657843247
0.4847942657843247
0.4847942657843247
0.4847942657843247
0.4847942657843247
0.4847942657843247
0.4847942657843247
0.4847942657843247
0.4847942657843247
0.4847942657843247
0.4847942657843247
0.4847942657843247
0.4847942657843247
0.48479408167575416
0.48479408167575416
0.48479408167575416
0.48479408167575416
0.48479408167575416
0.48479408167575416
0.48479408167575416
0.48479408167575416
0.48479389756718355
0.48479389756718355
0.48479389756718355
0.48479389756718355
0.48479389756718355
0.48479371345861294
0.48479371345861294
0.48479371345861294
0.48479371345861294
0.4847935293500424
0.4847935293500424
0.4847935293500424
0.4847933452414718
0.4847933452414718
0.4847933452414718
0.48479316113290116
0.48479316113290116
0.48479297702433055
0.48479297702433055
0.48479279291576
0.4847926088071894
0.4847926088071894
0.4847924246986188
0.4847922405900482
0.4847920564814776
0.484791872372907
0.484791872372907
0.48479150415576583
0.4847913200471952
0.48479113593862466
0.48479095183005405
0.48479076772148344
0.4847903995043423
0.48479021539577166
0.4847898471786305
0.4847894789614893
0.4847892948529187
0.4847889266357775
0.48478855841863633
0.48478800609292455
0.48478763787578333
0.48478708555007155
0.4847867173329304
0.4864731751435159
0.4864731751435159
0.4864731751435159
0.4864731751435159
0.4864731751435159
0.4864731751435159
0.4864731751435159
0.4864731751435159
0.4864731751435159
0.4864731751435159
0.4864731751435159
0.4864731751435159
0.4864731751435159
0.4864731751435159
0.4864731751435159
0.4864731751435159
0.4864731751435159
0.4864731751435159
0.4864731751435159
0.4864731751435159
0.4864731751435159
0.4864731751435159
0.4864731751435159
0.4864731751435159
0.4864731751435159
0.4864731751435159
0.4864731751435159
0.4864731751435159
0.4864731751435159
0.4864729769936988
0.4864729769936988
0.4864729769936988
0.4864729769936988
0.4864729769936988
0.4864729769936988
0.4864729769936988
0.4864729769936988
0.4864729769936988
0.4864729769936988
0.4864727788438817
0.4864727788438817
0.4864727788438817
0.4864727788438817
0.4864727788438817
0.4864727788438817
0.48647258069406457
0.48647258069406457
0.48647258069406457
0.48647258069406457
0.4864723825442474
0.4864723825442474
0.4864723825442474
0.4864721843944303
0.4864721843944303
0.4864721843944303
0.4864719862446132
0.4864719862446132
0.4864717880947961
0.4864717880947961
0.48647158994497897
0.48647158994497897
0.48647139179516186
0.48647119364534475
0.48647119364534475
0.4864709954955276
0.48647079734571047
0.48647059919589336
0.48647040104607625
0.48647020289625914
0.48647000474644203
0.4864698065966249
0.48646960844680776
0.48646941029699065
0.4864690139973564
0.4864688158475393
0.4864684195479051
0.486468221398088
0.4864678250984537
0.4864674287988195
0.48646703249918527
0.486466636199551
0.48646604175009966
0.48646564545046544
0.48646505100101406
0.48646445655156273
0.48826349245017703
0.48826349245017703
0.48826349245017703
0.48826349245017703
0.48826349245017703
0.48826349245017703
0.48826349245017703
0.48826349245017703
0.48826349245017703
0.48826349245017703
0.48826349245017703
0.48826349245017703
0.48826349245017703
0.48826349245017703
0.48826349245017703
0.48826349245017703
0.48826349245017703
0.48826349245017703
0.48826349245017703
0.48826349245017703
0.48826349245017703
0.48826349245017703
0.48826349245017703
0.48826349245017703
0.48826349245017703
0.48826349245017703
0.48826349245017703
0.48826349245017703
0.48826349245017703
0.4882632800756448
0.4882632800756448
0.4882632800756448
0.4882632800756448
0.4882632800756448
0.4882632800756448
0.4882632800756448
0.4882632800756448
0.4882632800756448
0.4882632800756448
0.48826306770111255
0.48826306770111255
0.48826306770111255
0.48826306770111255
0.48826306770111255
0.48826285532658037
0.48826285532658037
0.48826285532658037
0.48826285532658037
0.48826285532658037
0.48826264295204813
0.48826264295204813
0.48826264295204813
0.4882624305775159
0.4882624305775159
0.48826221820298366
0.48826221820298366
0.48826221820298366
0.4882620058284515
0.4882620058284515
0.48826179345391924
0.488261581079387
0.488261581079387
0.48826136870485476
0.4882611563303225
0.4882611563303225
0.48826094395579034
0.4882607315812581
0.48826051920672586
0.4882603068321936
0.48826009445766144
0.4882598820831292
0.48825945733406473
0.48825924495953255
0.4882590325850003
0.48825860783593583
0.4882583954614036
0.4882579707123392
0.4882575459632747
0.4882571212142103
0.4882566964651458
0.4882562717160814
0.48825563459248467
0.48825520984342025
0.48825457271982353
0.4882539355962269
0.49016236032275917
0.49016236032275917
0.49016236032275917
0.49016236032275917
0.49016236032275917
0.49016236032275917
0.49016236032275917
0.49016236032275917
0.49016236032275917
0.49016236032275917
0.49016236032275917
0.49016236032275917
0.49016236032275917
0.49016236032275917
0.49016236032275917
0.49016236032275917
0.49016236032275917
0.49016236032275917
0.49016236032275917
0.49016236032275917
0.49016236032275917
0.49016236032275917
0.49016236032275917
0.49016213394366137
0.49016213394366137
0.49016213394366137
0.49016213394366137
0.49016213394366137
0.49016213394366137
0.49016213394366137
0.49016213394366137
0.49016213394366137
0.49016213394366137
0.49016213394366137
0.49016213394366137
0.4901619075645635
0.4901619075645635
0.4901619075645635
0.4901619075645635
0.4901619075645635
0.4901619075645635
0.4901619075645635
0.4901616811854657
0.4901616811854657
0.4901616811854657
0.4901616811854657
0.4901616811854657
0.49016145480636786
0.49016145480636786
0.49016145480636786
0.49016122842727006
0.49016122842727006
0.49016122842727006
0.4901610020481722
0.4901610020481722
0.4901610020481722
0.4901607756690744
0.4901607756690744
0.49016054928997654
0.49016032291087874
0.49016032291087874
0.4901600965317809
0.4901598701526831
0.4901598701526831
0.49015964377358523
0.49015941739448743
0.4901591910153896
0.49015896463629177
0.4901587382571939
0.4901585118780961
0.49015828549899826
0.49015805911990046
0.4901576063617048
0.49015737998260694
0.4901569272244113
0.49015647446621563
0.49015624808711783
0.4901557953289222
0.4901553425707265
0.49015488981253086
0.49015421067523735
0.4901537579170417
0.49015307877974823
0.4901523996424547
0.49015172050516126
0.4921707119980098
0.4921707119980098
0.4921707119980098
0.49217047136157616
0.49217047136157616
0.49217047136157616
0.49217047136157616
0.49217047136157616
0.49217047136157616
0.49217047136157616
0.49217047136157616
0.49217047136157616
0.49217047136157616
0.49217047136157616
0.49217047136157616
0.49217047136157616
0.49217047136157616
0.49217047136157616
0.49217047136157616
0.49217047136157616
0.49217047136157616
0.49217047136157616
0.49217047136157616
0.49217047136157616
0.49217047136157616
0.49217047136157616
0.49217047136157616
0.49217047136157616
0.49217047136157616
0.49217047136157616
0.49217023072514254
0.49217023072514254
0.49217023072514254
0.49217023072514254
0.49217023072514254
0.49217023072514254
0.49217023072514254
0.49217023072514254
0.49217023072514254
0.4921699900887089
0.4921699900887089
0.4921699900887089
0.4921699900887089
0.4921699900887089
0.4921697494522752
0.4921697494522752
0.4921697494522752
0.4921697494522752
0.4921695088158416
0.4921695088158416
0.4921695088158416
0.4921692681794079
0.4921692681794079
0.4921692681794079
0.49216902754297426
0.49216902754297426
0.4921687869065406
0.4921687869065406
0.492168546270107
0.492168546270107
0.4921683056336733
0.49216806499723964
0.49216806499723964
0.492167824360806
0.49216758372437236
0.4921673430879387
0.4921671024515051
0.4921668618150714
0.49216662117863774
0.49216638054220413
0.49216613990577046
0.4921658992693368
0.4921654179964695
0.49216517736003584
0.49216469608716856
0.4921642148143012
0.49216373354143395
0.49216325226856666
0.49216277099569933
0.49216228972283205
0.4921618084499647
0.49216108654066376
0.4921603646313628
0.49215964272206186
0.4921589208127609
0.49428561320598136
0.49428561320598136
0.49428561320598136
0.49428561320598136
0.49428561320598136
0.49428561320598136
0.49428561320598136
0.49428561320598136
0.49428561320598136
0.49428561320598136
0.49428561320598136
0.49428561320598136
0.49428561320598136
0.49428561320598136
0.49428561320598136
0.49428561320598136
0.49428561320598136
0.49428561320598136
0.49428561320598136
0.49428561320598136
0.49428561320598136
0.4942853584906727
0.4942853584906727
0.4942853584906727
0.4942853584906727
0.4942853584906727
0.4942853584906727
0.4942853584906727
0.4942853584906727
0.4942853584906727
0.4942853584906727
0.4942853584906727
0.4942853584906727
0.4942853584906727
0.494285103775364
0.494285103775364
0.494285103775364
0.494285103775364
0.494285103775364
0.494285103775364
0.494285103775364
0.4942848490600553
0.4942848490600553
0.4942848490600553
0.4942848490600553
0.4942848490600553
0.49428459434474664
0.49428459434474664
0.49428459434474664
0.49428459434474664
0.49428433962943796
0.49428433962943796
0.4942840849141293
0.4942840849141293
0.4942840849141293
0.4942838301988206
0.4942838301988206
0.4942835754835119
0.4942835754835119
0.49428332076820325
0.49428306605289457
0.49428306605289457
0.4942828113375859
0.4942825566222772
0.49428230190696854
0.49428204719165986
0.49428204719165986
0.49428153776104244
0.49428128304573377
0.4942810283304251
0.4942807736151164
0.49428051889980773
0.4942800094691904
0.4942797547538817
0.49427924532326434
0.494278735892647
0.4942782264620296
0.49427771703141227
0.4942772076007949
0.49427669817017755
0.4942761887395602
0.49427542459363416
0.4942746604477081
0.4942738963017821
0.49427313215585605
0.4965081624413893
0.4965081624413893
0.4965081624413893
0.4965081624413893
0.4965081624413893
0.4965081624413893
0.4965081624413893
0.4965081624413893
0.4965081624413893
0.4965081624413893
0.4965081624413893
0.4965081624413893
0.4965081624413893
0.4965081624413893
0.49650789343276724
0.49650789343276724
0.49650789343276724
0.49650789343276724
0.49650789343276724
0.49650789343276724
0.49650789343276724
0.49650789343276724
0.49650789343276724
0.49650789343276724
0.49650789343276724
0.49650789343276724
0.49650789343276724
0.49650789343276724
0.49650789343276724
0.49650789343276724
0.49650789343276724
0.49650789343276724
0.4965076244241452
0.4965076244241452
0.4965076244241452
0.4965076244241452
0.4965076244241452
0.4965076244241452
0.4965076244241452
0.4965076244241452
0.4965073554155231
0.4965073554155231
0.4965073554155231
0.4965073554155231
0.4965073554155231
0.49650708640690105
0.49650708640690105
0.49650708640690105
0.49650708640690105
0.496506817398279
0.496506817398279
0.496506817398279
0.49650654838965697
0.49650654838965697
0.4965062793810349
0.4965062793810349
0.4965060103724129
0.4965060103724129
0.4965057413637908
0.4965057413637908
0.49650547235516873
0.4965052033465467
0.4965052033465467
0.49650493433792464
0.4965046653293026
0.49650439632068055
0.4965041273120585
0.4965038583034364
0.49650358929481436
0.4965033202861923
0.49650278226894823
0.4965025132603262
0.4965022442517041
0.49650170623446
0.4965011682172159
0.49650089920859386
0.4965003611913497
0.4964998231741056
0.49649928515686154
0.49649847813099535
0.49649794011375126
0.49649713308788507
0.49649632606201893
0.49649551903615274
0.4964947120102866
0.49883651759727526
0.49883651759727526
0.49883651759727526
0.49883651759727526
0.49883651759727526
0.49883651759727526
0.49883651759727526
0.49883651759727526
0.49883651759727526
0.49883651759727526
0.49883651759727526
0.49883651759727526
0.49883651759727526
0.49883651759727526
0.49883651759727526
0.49883651759727526
0.49883651759727526
0.49883651759727526
0.49883651759727526
0.4988362343423901
0.4988362343423901
0.4988362343423901
0.4988362343423901
0.4988362343423901
0.4988362343423901
0.4988362343423901
0.4988362343423901
0.4988362343423901
0.4988362343423901
0.4988362343423901
0.4988362343423901
0.4988362343423901
0.4988362343423901
0.498835951087505
0.498835951087505
0.498835951087505
0.498835951087505
0.498835951087505
0.498835951087505
0.498835951087505
0.498835951087505
0.49883566783261984
0.49883566783261984
0.49883566783261984
0.49883566783261984
0.4988353845777347
0.4988353845777347
0.4988353845777347
0.4988353845777347
0.49883510132284953
0.49883510132284953
0.49883510132284953
0.49883481806796437
0.49883481806796437
0.49883453481307927
0.49883453481307927
0.4988342515581941
0.4988342515581941
0.49883396830330895
0.49883396830330895
0.4988336850484238
0.4988334017935387
0.4988334017935387
0.49883311853865353
0.49883283528376837
0.4988325520288832
0.4988322687739981
0.49883198551911295
0.4988317022642278
0.4988314190093427
0.4988308524995724
0.4988305692446872
0.4988302859898021
0.4988297194800318
0.49882915297026154
0.4988288697153764
0.49882830320560606
0.4988277366958358
0.4988271701860655
0.49882632042141006
0.4988257539116398
0.4988249041469843
0.4988240543823289
0.4988232046176735
0.49882235485301807
0.5012709090394908
0.5012709090394908
0.5012709090394908
0.5012709090394908
0.5012709090394908
0.5012709090394908
0.5012709090394908
0.5012709090394908
0.5012709090394908
0.5012709090394908
0.5012709090394908
0.5012709090394908
0.5012709090394908
0.5012709090394908
0.5012709090394908
0.5012706114002388
0.5012706114002388
0.5012706114002388
0.5012706114002388
0.5012706114002388
0.5012706114002388
0.5012706114002388
0.5012706114002388
0.5012706114002388
0.5012706114002388
0.5012706114002388
0.5012706114002388
0.5012706114002388
0.5012706114002388
0.5012706114002388
0.5012706114002388
0.5012706114002388
0.5012703137609867
0.5012703137609867
0.5012703137609867
0.5012703137609867
0.5012703137609867
0.5012703137609867
0.5012703137609867
0.5012703137609867
0.5012700161217347
0.5012700161217347
0.5012700161217347
0.5012700161217347
0.5012700161217347
0.5012697184824827
0.5012697184824827
0.5012697184824827
0.5012694208432307
0.5012694208432307
0.5012694208432307
0.5012691232039788
0.5012691232039788
0.5012691232039788
0.5012688255647267
0.5012688255647267
0.5012685279254747
0.5012685279254747
0.5012682302862227
0.5012682302862227
0.5012679326469707
0.5012676350077186
0.5012673373684666
0.5012673373684666
0.5012670397292146
0.5012667420899626
0.5012664444507106
0.5012661468114585
0.5012658491722065
0.5012655515329546
0.5012649562544506
0.5012646586151985
0.5012640633366945
0.5012637656974425
0.5012631704189384
0.5012625751404344
0.5012619798619304
0.5012613845834264
0.5012607893049223
0.5012601940264183
0.5012593011086622
0.5012587058301583
0.5012578129124022
0.5012569199946462
0.5012557294376381
0.5038095461068531
0.5038092341583317
0.5038092341583317
0.5038092341583317
0.5038092341583317
0.5038092341583317
0.5038092341583317
0.5038092341583317
0.5038092341583317
0.5038092341583317
0.5038092341583317
0.5038092341583317
0.5038092341583317
0.5038092341583317
0.5038092341583317
0.5038092341583317
0.5038092341583317
0.5038092341583317
0.5038092341583317
0.5038092341583317
0.5038092341583317
0.5038092341583317
0.5038092341583317
0.5038092341583317
0.5038092341583317
0.5038092341583317
0.5038092341583317
0.5038092341583317
0.5038092341583317
0.5038089222098103
0.5038089222098103
0.5038089222098103
0.5038089222098103
0.5038089222098103
0.5038089222098103
0.5038089222098103
0.5038089222098103
0.5038089222098103
0.5038086102612889
0.5038086102612889
0.5038086102612889
0.5038086102612889
0.5038086102612889
0.5038082983127674
0.5038082983127674
0.5038082983127674
0.5038082983127674
0.503807986364246
0.503807986364246
0.503807986364246
0.503807986364246
0.5038076744157246
0.5038076744157246
0.5038073624672031
0.5038073624672031
0.5038073624672031
0.5038070505186817
0.5038067385701603
0.5038067385701603
0.5038064266216389
0.5038064266216389
0.5038061146731174
0.5038058027245961
0.5038054907760746
0.5038054907760746
0.5038051788275532
0.5038048668790317
0.5038045549305104
0.5038039310334674
0.5038036190849461
0.5038033071364246
0.5038029951879032
0.5038023712908604
0.5038020593423389
0.5038014354452961
0.5038008115482532
0.5038001876512104
0.5037995637541675
0.5037989398571247
0.5037983159600818
0.5037973801145176
0.5037964442689532
0.5037958203719104
0.5037948845263461
0.5037936367322604
0.506451674793573
0.506451674793573
0.506451674793573
0.506451674793573
0.506451674793573
0.506451674793573
0.506451674793573
0.506451674793573
0.506451674793573
0.506451674793573
0.506451674793573
0.506451674793573
0.506451674793573
0.506451674793573
0.506451674793573
0.506451674793573
0.506451674793573
0.506451674793573
0.506451674793573
0.506451674793573
0.506451674793573
0.506451674793573
0.506451674793573
0.506451674793573
0.506451674793573
0.506451674793573
0.5064513484436858
0.5064513484436858
0.5064513484436858
0.5064513484436858
0.5064513484436858
0.5064513484436858
0.5064513484436858
0.5064513484436858
0.5064513484436858
0.5064513484436858
0.5064510220937987
0.5064510220937987
0.5064510220937987
0.5064510220937987
0.5064510220937987
0.5064510220937987
0.5064506957439114
0.5064506957439114
0.5064506957439114
0.5064506957439114
0.5064506957439114
0.5064503693940242
0.5064503693940242
0.5064503693940242
0.506450043044137
0.506450043044137
0.506450043044137
0.5064497166942499
0.5064497166942499
0.5064493903443626
0.5064493903443626
0.5064490639944754
0.5064490639944754
0.5064487376445883
0.5064484112947011
0.5064484112947011
0.5064480849448139
0.5064477585949266
0.5064474322450395
0.5064471058951523
0.5064471058951523
0.506446453195378
0.5064461268454907
0.5064458004956035
0.5064454741457163
0.5064451477958292
0.5064444950960547
0.5064441687461676
0.5064435160463931
0.5064428633466188
0.5064422106468444
0.50644155794707
0.5064409052472956
0.5064402525475212
0.5064392734978597
0.5064382944481981
0.5064376417484237
0.5064366626987621
0.5064353572992133
0.5091965534027557
0.5091965534027557
0.5091965534027557
0.5091965534027557
0.5091965534027557
0.5091965534027557
0.5091965534027557
0.5091965534027557
0.5091965534027557
0.5091965534027557
0.5091965534027557
0.5091965534027557
0.5091965534027557
0.5091965534027557
0.5091965534027557
0.5091965534027557
0.5091965534027557
0.5091965534027557
0.5091965534027557
0.5091965534027557
0.5091965534027557
0.5091965534027557
0.5091965534027557
0.5091965534027557
0.5091965534027557
0.5091965534027557
0.5091965534027557
0.5091962126780029
0.5091962126780029
0.5091962126780029
0.5091962126780029
0.5091962126780029
0.5091962126780029
0.5091962126780029
0.5091962126780029
0.5091962126780029
0.5091962126780029
0.50919587195325
0.50919587195325
0.50919587195325
0.50919587195325
0.50919587195325
0.50919587195325
0.509195531228497
0.509195531228497
0.509195531228497
0.509195531228497
0.5091951905037442
0.5091951905037442
0.5091951905037442
0.5091948497789913
0.5091948497789913
0.5091948497789913
0.5091945090542385
0.5091945090542385
0.5091941683294856
0.5091941683294856
0.5091938276047326
0.5091938276047326
0.5091934868799798
0.5091934868799798
0.5091931461552269
0.5091928054304741
0.5091924647057212
0.5091924647057212
0.5091921239809682
0.5091917832562154
0.5091914425314625
0.5091911018067097
0.509190420357204
0.509190079632451
0.5091897389076981
0.5091890574581924
0.5091887167334396
0.5091880352839337
0.509187353834428
0.5091870131096752
0.5091863316601694
0.5091853094859108
0.509184628036405
0.5091839465868992
0.5091829244126406
0.509181902238382
0.5091808800641233
0.5091798578898648
0.5120445383083075
0.5120445383083075
0.5120445383083075
0.5120445383083075
0.5120445383083075
0.5120445383083075
0.5120445383083075
0.5120445383083075
0.5120445383083075
0.5120445383083075
0.5120445383083075
0.5120445383083075
0.5120445383083075
0.5120445383083075
0.5120445383083075
0.5120445383083075
0.5120445383083075
0.5120445383083075
0.5120445383083075
0.5120441830207694
0.5120441830207694
0.5120441830207694
0.5120441830207694
0.5120441830207694
0.5120441830207694
0.5120441830207694
0.5120441830207694
0.5120441830207694
0.5120441830207694
0.5120441830207694
0.5120441830207694
0.5120441830207694
0.5120441830207694
0.5120441830207694
0.5120438277332313
0.5120438277332313
0.5120438277332313
0.5120438277332313
0.5120438277332313
0.5120438277332313
0.5120438277332313
0.5120434724456931
0.5120434724456931
0.5120434724456931
0.5120434724456931
0.5120434724456931
0.5120431171581551
0.5120431171581551
0.5120431171581551
0.5120427618706169
0.5120427618706169
0.5120427618706169
0.5120424065830789
0.5120424065830789
0.5120424065830789
0.5120420512955407
0.5120420512955407
0.5120416960080026
0.5120416960080026
0.5120413407204645
0.5120409854329263
0.5120409854329263
0.5120406301453883
0.5120402748578501
0.512039919570312
0.5120395642827739
0.5120395642827739
0.5120392089952358
0.5120384984201596
0.5120381431326214
0.5120377878450834
0.5120374325575452
0.512036721982469
0.5120363666949308
0.5120356561198546
0.5120349455447784
0.5120345902572403
0.512033879682164
0.5120328138195497
0.5120321032444735
0.5120313926693972
0.5120303268067828
0.5120292609441685
0.5120281950815542
0.5120271292189398
0.5149938193424047
0.5149938193424047
0.5149938193424047
0.5149938193424047
0.5149938193424047
0.5149938193424047
0.5149938193424047
0.5149938193424047
0.5149938193424047
0.5149938193424047
0.5149938193424047
0.5149938193424047
0.5149938193424047
0.5149938193424047
0.5149938193424047
0.5149938193424047
0.5149938193424047
0.5149938193424047
0.5149938193424047
0.5149938193424047
0.5149938193424047
0.5149938193424047
0.5149938193424047
0.5149938193424047
0.5149934495266011
0.5149934495266011
0.5149934495266011
0.5149934495266011
0.5149934495266011
0.5149934495266011
0.5149934495266011
0.5149934495266011
0.5149934495266011
0.5149934495266011
0.5149934495266011
0.5149934495266011
0.5149930797107974
0.5149930797107974
0.5149930797107974
0.5149930797107974
0.5149930797107974
0.5149930797107974
0.5149927098949938
0.5149927098949938
0.5149927098949938
0.5149927098949938
0.5149927098949938
0.5149923400791901
0.5149923400791901
0.5149923400791901
0.5149919702633865
0.5149919702633865
0.5149919702633865
0.5149916004475829
0.5149916004475829
0.5149916004475829
0.5149912306317792
0.5149912306317792
0.5149908608159756
0.5149904910001719
0.5149904910001719
0.5149901211843683
0.5149897513685646
0.5149897513685646
0.514989381552761
0.5149890117369573
0.5149886419211537
0.51498827210535
0.5149879022895464
0.5149875324737427
0.5149871626579391
0.5149864230263318
0.5149860532105281
0.5149853135789209
0.5149849437631172
0.5149842041315099
0.5149834644999026
0.5149827248682953
0.514981985236688
0.5149812456050806
0.5149805059734733
0.5149793965260624
0.5149782870786515
0.5149775474470442
0.5149760681838296
0.5180436344988825
0.5180436344988825
0.5180436344988825
0.5180436344988825
0.5180436344988825
0.5180436344988825
0.5180436344988825
0.5180436344988825
0.5180436344988825
0.5180436344988825
0.5180436344988825
0.5180436344988825
0.5180436344988825
0.5180436344988825
0.5180436344988825
0.5180436344988825
0.5180436344988825
0.5180436344988825
0.5180436344988825
0.5180436344988825
0.5180436344988825
0.5180436344988825
0.5180436344988825
0.5180436344988825
0.5180436344988825
0.5180436344988825
0.5180436344988825
0.5180432501491463
0.5180432501491463
0.5180432501491463
0.5180432501491463
0.5180432501491463
0.5180432501491463
0.5180432501491463
0.5180432501491463
0.5180432501491463
0.5180432501491463
0.5180432501491463
0.5180428657994102
0.5180428657994102
0.5180428657994102
0.5180428657994102
0.5180428657994102
0.5180428657994102
0.518042481449674
0.518042481449674
0.518042481449674
0.518042481449674
0.5180420970999378
0.5180420970999378
0.5180420970999378
0.5180417127502016
0.5180417127502016
0.5180417127502016
0.5180413284004655
0.5180413284004655
0.5180409440507293
0.5180409440507293
0.5180405597009932
0.5180405597009932
0.518040175351257
0.518040175351257
0.5180397910015208
0.5180394066517846
0.5180390223020485
0.5180386379523123
0.5180386379523123
0.5180382536025762
0.51803786925284
0.5180371005533676
0.5180367162036315
0.5180363318538953
0.5180359475041592
0.5180351788046869
0.5180347944549506
0.5180340257554783
0.518033257056006
0.5180324883565337
0.5180317196570613
0.518030950957589
0.5180301822581167
0.5180290292089081
0.5180282605094358
0.5180271074602273
0.5180259544110188
0.521194338582618
0.521194338582618
0.521194338582618
0.521194338582618
0.521194338582618
0.521194338582618
0.521194338582618
0.521194338582618
0.521194338582618
0.5211939395572781
0.5211939395572781
0.5211939395572781
0.5211939395572781
0.5211939395572781
0.5211939395572781
0.5211939395572781
0.5211939395572781
0.5211939395572781
0.5211939395572781
0.5211939395572781
0.5211939395572781
0.5211939395572781
0.5211939395572781
0.5211939395572781
0.5211939395572781
0.5211939395572781
0.5211939395572781
0.5211939395572781
0.5211939395572781
0.5211939395572781
0.5211939395572781
0.5211935405319382
0.5211935405319382
0.5211935405319382
0.5211935405319382
0.5211935405319382
0.5211935405319382
0.5211935405319382
0.5211935405319382
0.5211935405319382
0.5211931415065983
0.5211931415065983
0.5211931415065983
0.5211931415065983
0.5211931415065983
0.5211927424812585
0.5211927424812585
0.5211927424812585
0.5211927424812585
0.5211923434559186
0.5211923434559186
0.5211923434559186
0.5211923434559186
0.5211919444305787
0.5211919444305787
0.5211915454052388
0.5211915454052388
0.5211911463798989
0.5211911463798989
0.5211907473545591
0.5211907473545591
0.5211903483292192
0.5211899493038793
0.5211899493038793
0.5211895502785394
0.5211891512531995
0.5211887522278597
0.5211883532025197
0.5211879541771798
0.5211875551518399
0.5211871561265
0.5211867571011601
0.5211863580758203
0.5211855600251405
0.5211851609998006
0.5211843629491208
0.5211835648984411
0.5211827668477613
0.5211819687970816
0.5211811707464018
0.521180372695722
0.5211795746450423
0.5211783775690225
0.5211771804930029
0.5211759834169832
0.5244451556881989
0.5244451556881989
0.5244451556881989
0.5244451556881989
0.5244451556881989
0.5244451556881989
0.5244451556881989
0.5244451556881989
0.5244451556881989
0.5244451556881989
0.5244451556881989
0.5244451556881989
0.5244451556881989
0.5244451556881989
0.5244451556881989
0.5244451556881989
0.5244451556881989
0.5244451556881989
0.5244451556881989
0.5244451556881989
0.5244451556881989
0.5244451556881989
0.5244451556881989
0.5244451556881989
0.5244451556881989
0.5244451556881989
0.524444741834971
0.524444741834971
0.524444741834971
0.524444741834971
0.524444741834971
0.524444741834971
0.524444741834971
0.524444741834971
0.524444741834971
0.524444741834971
0.524444741834971
0.524444741834971
0.524444327981743
0.524444327981743
0.524444327981743
0.524444327981743
0.524444327981743
0.524444327981743
0.5244439141285151
0.5244439141285151
0.5244439141285151
0.5244439141285151
0.5244435002752871
0.5244435002752871
0.5244435002752871
0.5244435002752871
0.5244430864220592
0.5244430864220592
0.5244430864220592
0.5244426725688313
0.5244426725688313
0.5244422587156032
0.5244422587156032
0.5244418448623753
0.5244418448623753
0.5244414310091473
0.5244410171559194
0.5244410171559194
0.5244406033026915
0.5244401894494635
0.5244397755962356
0.5244393617430075
0.5244389478897796
0.5244385340365517
0.5244381201833237
0.5244377063300958
0.5244372924768678
0.524436464770412
0.5244360509171839
0.524435223210728
0.5244348093575001
0.5244339816510442
0.5244331539445882
0.5244323262381324
0.5244314985316765
0.5244306708252205
0.5244294292655367
0.5244281877058529
0.5244273599993969
0.5277952629013549
0.5277952629013549
0.5277952629013549
0.5277952629013549
0.5277952629013549
0.5277952629013549
0.5277952629013549
0.5277952629013549
0.5277952629013549
0.5277952629013549
0.5277952629013549
0.5277952629013549
0.5277952629013549
0.5277952629013549
0.5277952629013549
0.5277952629013549
0.5277952629013549
0.5277952629013549
0.5277952629013549
0.5277952629013549
0.5277952629013549
0.5277952629013549
0.5277952629013549
0.5277952629013549
0.5277952629013549
0.5277952629013549
0.5277952629013549
0.5277952629013549
0.5277952629013549
0.5277948342796541
0.5277948342796541
0.5277948342796541
0.5277948342796541
0.5277948342796541
0.5277948342796541
0.5277948342796541
0.5277948342796541
0.5277948342796541
0.5277948342796541
0.5277944056579534
0.5277944056579534
0.5277944056579534
0.5277944056579534
0.5277944056579534
0.5277944056579534
0.5277939770362526
0.5277939770362526
0.5277939770362526
0.5277939770362526
0.5277939770362526
0.5277935484145518
0.5277935484145518
0.5277935484145518
0.5277931197928512
0.5277931197928512
0.5277931197928512
0.5277926911711504
0.5277926911711504
0.5277922625494496
0.5277922625494496
0.5277918339277489
0.5277918339277489
0.5277914053060481
0.5277909766843473
0.5277909766843473
0.5277905480626466
0.5277901194409458
0.527789690819245
0.5277892621975443
0.5277888335758435
0.5277884049541427
0.527787976332442
0.5277875477107412
0.5277866904673397
0.5277862618456389
0.5277858332239381
0.5277849759805366
0.5277841187371352
0.5277832614937336
0.5277824042503321
0.5277815470069306
0.527780689763529
0.5277798325201275
0.5277785466550252
0.5277772607899229
0.5312425754647475
0.5312425754647475
0.5312425754647475
0.5312425754647475
0.5312425754647475
0.5312425754647475
0.5312425754647475
0.5312425754647475
0.5312425754647475
0.5312425754647475
0.5312425754647475
0.5312425754647475
0.5312425754647475
0.5312425754647475
0.5312425754647475
0.5312425754647475
0.5312425754647475
0.5312425754647475
0.5312425754647475
0.5312425754647475
0.5312425754647475
0.5312425754647475
0.5312425754647475
0.5312425754647475
0.5312425754647475
0.5312425754647475
0.5312425754647475
0.5312421321945194
0.5312421321945194
0.5312421321945194
0.5312421321945194
0.5312421321945194
0.5312421321945194
0.5312421321945194
0.5312421321945194
0.5312421321945194
0.5312421321945194
0.5312421321945194
0.5312421321945194
0.5312416889242915
0.5312416889242915
0.5312416889242915
0.5312416889242915
0.5312416889242915
0.5312416889242915
0.5312412456540634
0.5312412456540634
0.5312412456540634
0.5312412456540634
0.5312412456540634
0.5312408023838354
0.5312408023838354
0.5312408023838354
0.5312403591136073
0.5312403591136073
0.5312403591136073
0.5312399158433794
0.5312399158433794
0.5312394725731513
0.5312394725731513
0.5312390293029232
0.5312390293029232
0.5312385860326952
0.5312385860326952
0.5312381427624672
0.5312376994922392
0.5312372562220111
0.5312372562220111
0.531236812951783
0.5312363696815551
0.5312359264113271
0.531235483141099
0.531234596600643
0.5312341533304149
0.5312337100601869
0.5312328235197308
0.5312323802495028
0.5312314937090468
0.5312310504388187
0.5312301638983626
0.5312292773579066
0.5312283908174505
0.5312270610067664
0.5312261744663104
0.5312248446556262
0.5347885224991833
0.5347885224991833
0.5347885224991833
0.5347885224991833
0.5347885224991833
0.5347885224991833
0.5347885224991833
0.5347885224991833
0.5347885224991833
0.5347885224991833
0.5347885224991833
0.5347885224991833
0.5347885224991833
0.5347885224991833
0.5347885224991833
0.5347885224991833
0.5347885224991833
0.5347885224991833
0.5347885224991833
0.5347885224991833
0.5347885224991833
0.5347885224991833
0.5347885224991833
0.5347885224991833
0.5347880642480803
0.5347880642480803
0.5347880642480803
0.5347880642480803
0.5347880642480803
0.5347880642480803
0.5347880642480803
0.5347880642480803
0.5347880642480803
0.5347880642480803
0.5347880642480803
0.5347880642480803
0.5347880642480803
0.5347880642480803
0.5347876059969774
0.5347876059969774
0.5347876059969774
0.5347876059969774
0.5347876059969774
0.5347876059969774
0.5347876059969774
0.5347871477458745
0.5347871477458745
0.5347871477458745
0.5347871477458745
0.5347871477458745
0.5347866894947716
0.5347866894947716
0.5347866894947716
0.5347862312436686
0.5347862312436686
0.5347862312436686
0.5347857729925657
0.5347857729925657
0.5347857729925657
0.5347853147414628
0.5347853147414628
0.5347848564903599
0.5347848564903599
0.5347843982392569
0.5347839399881541
0.5347839399881541
0.5347834817370511
0.5347830234859482
0.5347825652348452
0.5347821069837424
0.5347816487326394
0.5347811904815365
0.5347807322304335
0.5347802739793307
0.5347798157282277
0.5347788992260218
0.534778440974919
0.5347775244727131
0.5347770662216101
0.5347761497194043
0.5347752332171984
0.5347743167149926
0.5347734002127867
0.534772483710581
0.5347711089572721
0.5384321245169725
0.5384321245169725
0.5384321245169725
0.5384321245169725
0.5384321245169725
0.5384321245169725
0.5384321245169725
0.5384321245169725
0.5384321245169725
0.5384321245169725
0.5384321245169725
0.5384321245169725
0.5384321245169725
0.5384321245169725
0.5384321245169725
0.5384321245169725
0.5384321245169725
0.5384321245169725
0.5384321245169725
0.5384321245169725
0.5384321245169725
0.5384321245169725
0.5384321245169725
0.5384321245169725
0.5384316512604435
0.5384316512604435
0.5384316512604435
0.5384316512604435
0.5384316512604435
0.5384316512604435
0.5384316512604435
0.5384316512604435
0.5384316512604435
0.5384316512604435
0.5384316512604435
0.5384316512604435
0.5384316512604435
0.5384316512604435
0.5384316512604435
0.5384311780039143
0.5384311780039143
0.5384311780039143
0.5384311780039143
0.5384311780039143
0.5384311780039143
0.5384311780039143
0.5384307047473852
0.5384307047473852
0.5384307047473852
0.5384307047473852
0.538430231490856
0.538430231490856
0.538430231490856
0.538430231490856
0.5384297582343269
0.5384297582343269
0.5384297582343269
0.5384292849777977
0.5384292849777977
0.5384288117212687
0.5384288117212687
0.5384283384647395
0.5384283384647395
0.5384278652082104
0.5384278652082104
0.5384273919516812
0.5384269186951521
0.5384269186951521
0.538426445438623
0.5384259721820939
0.5384254989255647
0.5384250256690356
0.5384245524125064
0.5384240791559773
0.5384236058994482
0.5384231326429191
0.5384221861298608
0.5384217128733316
0.5384207663602734
0.5384202931037442
0.5384193465906859
0.5384184000776276
0.5384174535645694
0.5384165070515111
0.5384150872819238
0.5421723058179323
0.5421723058179323
0.5421723058179323
0.5421723058179323
0.5421723058179323
0.5421723058179323
0.5421723058179323
0.5421723058179323
0.5421723058179323
0.5421723058179323
0.5421723058179323
0.5421723058179323
0.5421723058179323
0.5421723058179323
0.5421723058179323
0.5421723058179323
0.5421723058179323
0.5421723058179323
0.5421723058179323
0.5421723058179323
0.5421723058179323
0.5421723058179323
0.5421723058179323
0.5421723058179323
0.5421723058179323
0.5421723058179323
0.5421723058179323
0.5421723058179323
0.5421723058179323
0.5421723058179323
0.5421723058179323
0.542171817543611
0.542171817543611
0.542171817543611
0.542171817543611
0.542171817543611
0.542171817543611
0.542171817543611
0.542171817543611
0.542171817543611
0.542171817543611
0.542171817543611
0.5421713292692898
0.5421713292692898
0.5421713292692898
0.5421713292692898
0.5421713292692898
0.5421713292692898
0.5421708409949685
0.5421708409949685
0.5421708409949685
0.5421708409949685
0.5421708409949685
0.5421703527206472
0.5421703527206472
0.5421703527206472
0.542169864446326
0.542169864446326
0.542169864446326
0.5421693761720047
0.5421693761720047
0.5421688878976834
0.5421688878976834
0.542168399623362
0.542168399623362
0.5421679113490409
0.5421674230747195
0.5421674230747195
0.5421669348003982
0.542166446526077
0.5421659582517557
0.5421654699774344
0.5421654699774344
0.5421644934287919
0.5421640051544706
0.5421635168801494
0.5421630286058281
0.5421625403315068
0.5421615637828643
0.542161075508543
0.5421600989599005
0.5421591224112579
0.5421581458626153
0.5421571693139728
0.5421561927653302
0.5460091695110065
0.5460091695110065
0.5460091695110065
0.5460091695110065
0.5460091695110065
0.5460091695110065
0.5460091695110065
0.5460091695110065
0.5460091695110065
0.5460091695110065
0.5460091695110065
0.5460091695110065
0.5460091695110065
0.5460091695110065
0.5460091695110065
0.5460091695110065
0.5460091695110065
0.5460091695110065
0.5460091695110065
0.5460091695110065
0.5460091695110065
0.5460091695110065
0.5460091695110065
0.5460091695110065
0.5460091695110065
0.5460091695110065
0.5460091695110065
0.5460091695110065
0.5460091695110065
0.5460091695110065
0.5460086661177117
0.5460086661177117
0.5460086661177117
0.5460086661177117
0.5460086661177117
0.5460086661177117
0.5460086661177117
0.5460086661177117
0.5460086661177117
0.5460086661177117
0.5460086661177117
0.5460086661177117
0.5460081627244169
0.5460081627244169
0.5460081627244169
0.5460081627244169
0.5460081627244169
0.5460081627244169
0.5460081627244169
0.546007659331122
0.546007659331122
0.546007659331122
0.546007659331122
0.5460071559378272
0.5460071559378272
0.5460071559378272
0.5460071559378272
0.5460066525445324
0.5460066525445324
0.5460066525445324
0.5460061491512377
0.5460061491512377
0.5460056457579429
0.5460056457579429
0.546005142364648
0.546005142364648
0.5460046389713532
0.5460041355780584
0.5460041355780584
0.5460036321847636
0.5460031287914687
0.5460026253981739
0.5460021220048791
0.5460021220048791
0.5460016186115844
0.5460006118249947
0.5460001084316999
0.5459996050384051
0.5459991016451102
0.5459980948585206
0.5459975914652258
0.5459965846786362
0.5459955778920466
0.5459945711054569
0.5459935643188673
0.549940157280393
0.549940157280393
0.549940157280393
0.549940157280393
0.549940157280393
0.549940157280393
0.549940157280393
0.549940157280393
0.549940157280393
0.549940157280393
0.549940157280393
0.549940157280393
0.549940157280393
0.549940157280393
0.549940157280393
0.549940157280393
0.549940157280393
0.549940157280393
0.549940157280393
0.549940157280393
0.549940157280393
0.549940157280393
0.5499396389539467
0.5499396389539467
0.5499396389539467
0.5499396389539467
0.5499396389539467
0.5499396389539467
0.5499396389539467
0.5499396389539467
0.5499396389539467
0.5499396389539467
0.5499396389539467
0.5499396389539467
0.5499396389539467
0.5499396389539467
0.5499396389539467
0.5499396389539467
0.5499396389539467
0.5499396389539467
0.5499391206275003
0.5499391206275003
0.5499391206275003
0.5499391206275003
0.5499391206275003
0.5499391206275003
0.5499391206275003
0.5499391206275003
0.5499386023010538
0.5499386023010538
0.5499386023010538
0.5499386023010538
0.5499386023010538
0.5499380839746075
0.5499380839746075
0.5499380839746075
0.5499380839746075
0.5499375656481611
0.5499375656481611
0.5499375656481611
0.5499370473217147
0.5499370473217147
0.5499365289952683
0.5499365289952683
0.5499365289952683
0.5499360106688219
0.5499354923423756
0.5499354923423756
0.5499349740159292
0.5499349740159292
0.5499344556894828
0.5499339373630364
0.54993341903659
0.5499329007101437
0.5499323823836972
0.5499318640572508
0.5499313457308045
0.5499308274043581
0.5499303090779117
0.5499297907514653
0.5499287540985726
0.5499282357721261
0.5499271991192334
0.5499261624663406
0.5499256441398942
0.553966490211726
0.553966490211726
0.553966490211726
0.553966490211726
0.553966490211726
0.553966490211726
0.553966490211726
0.553966490211726
0.553966490211726
0.553966490211726
0.553966490211726
0.553966490211726
0.553966490211726
0.553966490211726
0.553966490211726
0.553966490211726
0.553966490211726
0.553966490211726
0.553966490211726
0.553966490211726
0.553966490211726
0.553966490211726
0.553966490211726
0.553966490211726
0.553966490211726
0.553966490211726
0.553966490211726
0.553966490211726
0.553966490211726
0.553966490211726
0.553966490211726
0.553966490211726
0.553966490211726
0.553966490211726
0.553966490211726
0.553966490211726
0.553966490211726
0.5539659565691903
0.5539659565691903
0.5539659565691903
0.5539659565691903
0.5539659565691903
0.5539659565691903
0.5539659565691903
0.5539659565691903
0.5539659565691903
0.5539659565691903
0.5539654229266547
0.5539654229266547
0.5539654229266547
0.5539654229266547
0.5539654229266547
0.5539654229266547
0.553964889284119
0.553964889284119
0.553964889284119
0.553964889284119
0.5539643556415834
0.5539643556415834
0.5539643556415834
0.5539638219990478
0.5539638219990478
0.5539638219990478
0.5539632883565122
0.5539632883565122
0.5539627547139765
0.5539627547139765
0.5539622210714409
0.5539622210714409
0.5539616874289053
0.5539616874289053
0.5539611537863697
0.553960620143834
0.5539600865012984
0.5539595528587627
0.5539595528587627
0.5539590192162271
0.5539584855736915
0.5539574182886202
0.5539568846460846
0.553956351003549
0.5539558173610133
0.5539547500759421
0.5539542164334065
0.5539531491483352
0.5580867008527236
0.5580867008527236
0.5580867008527236
0.5580867008527236
0.5580867008527236
0.5580867008527236
0.5580867008527236
0.5580867008527236
0.5580867008527236
0.5580867008527236
0.5580867008527236
0.5580867008527236
0.5580867008527236
0.5580867008527236
0.5580867008527236
0.5580867008527236
0.5580867008527236
0.5580867008527236
0.5580867008527236
0.5580867008527236
0.5580867008527236
0.5580867008527236
0.5580867008527236
0.5580867008527236
0.5580867008527236
0.5580867008527236
0.5580867008527236
0.5580867008527236
0.5580867008527236
0.5580867008527236
0.5580867008527236
0.5580867008527236
0.5580867008527236
0.5580867008527236
0.5580867008527236
0.5580861520766659
0.5580861520766659
0.5580861520766659
0.5580861520766659
0.5580861520766659
0.5580861520766659
0.5580861520766659
0.5580861520766659
0.5580861520766659
0.5580861520766659
0.5580861520766659
0.5580861520766659
0.5580856033006083
0.5580856033006083
0.5580856033006083
0.5580856033006083
0.5580856033006083
0.5580856033006083
0.5580850545245506
0.5580850545245506
0.5580850545245506
0.5580850545245506
0.5580850545245506
0.558084505748493
0.558084505748493
0.558084505748493
0.5580839569724353
0.5580839569724353
0.5580839569724353
0.5580834081963776
0.5580834081963776
0.5580828594203199
0.5580828594203199
0.5580828594203199
0.5580823106442623
0.5580817618682046
0.5580817618682046
0.5580812130921469
0.5580806643160893
0.5580806643160893
0.5580801155400316
0.5580795667639739
0.5580790179879163
0.5580784692118586
0.5580779204358008
0.5580773716597432
0.5580768228836855
0.5580757253315702
0.5580751765555125
0.5580740790033971
0.5623005424552406
0.5623005424552406
0.5623005424552406
0.5623005424552406
0.5623005424552406
0.5623005424552406
0.5623005424552406
0.5623005424552406
0.5623005424552406
0.5623005424552406
0.5623005424552406
0.5623005424552406
0.5623005424552406
0.5623005424552406
0.5623005424552406
0.5623005424552406
0.5623005424552406
0.5623005424552406
0.5623005424552406
0.5623005424552406
0.5623005424552406
0.5623005424552406
0.5623005424552406
0.5623005424552406
0.5623005424552406
0.5623005424552406
0.5623005424552406
0.5623005424552406
0.5623005424552406
0.5623005424552406
0.5623005424552406
0.5623005424552406
0.5623005424552406
0.5623005424552406
0.5623005424552406
0.5623005424552406
0.5623005424552406
0.5623005424552406
0.5623005424552406
0.5622999783532858
0.5622999783532858
0.5622999783532858
0.5622999783532858
0.5622999783532858
0.5622999783532858
0.5622999783532858
0.5622999783532858
0.5622999783532858
0.5622999783532858
0.5622999783532858
0.562299414251331
0.562299414251331
0.562299414251331
0.562299414251331
0.562299414251331
0.562299414251331
0.5622988501493762
0.5622988501493762
0.5622988501493762
0.5622988501493762
0.5622982860474214
0.5622982860474214
0.5622982860474214
0.5622982860474214
0.5622977219454666
0.5622977219454666
0.5622971578435118
0.5622971578435118
0.5622971578435118
0.5622965937415569
0.5622965937415569
0.562296029639602
0.562296029639602
0.5622954655376473
0.5622949014356924
0.5622949014356924
0.5622943373337376
0.5622937732317828
0.5622932091298279
0.5622926450278731
0.5622920809259183
0.5622915168239635
0.5622909527220087
0.5622903886200539
0.5622898245180991
0.5666076872535296
0.5666076872535296
0.5666076872535296
0.5666076872535296
0.5666076872535296
0.5666076872535296
0.5666076872535296
0.5666076872535296
0.5666076872535296
0.5666076872535296
0.5666076872535296
0.5666076872535296
0.5666076872535296
0.5666076872535296
0.5666076872535296
0.5666076872535296
0.5666076872535296
0.5666076872535296
0.5666076872535296
0.5666076872535296
0.5666076872535296
0.5666076872535296
0.5666076872535296
0.5666076872535296
0.5666076872535296
0.5666076872535296
0.5666076872535296
0.5666076872535296
0.5666076872535296
0.5666076872535296
0.5666076872535296
0.5666076872535296
0.5666076872535296
0.5666076872535296
0.5666076872535296
0.5666076872535296
0.5666071077910249
0.5666071077910249
0.5666071077910249
0.5666071077910249
0.5666071077910249
0.5666071077910249
0.5666071077910249
0.5666071077910249
0.5666071077910249
0.5666071077910249
0.5666071077910249
0.5666071077910249
0.5666071077910249
0.5666071077910249
0.56660652832852
0.56660652832852
0.56660652832852
0.56660652832852
0.56660652832852
0.56660652832852
0.56660652832852
0.5666059488660152
0.5666059488660152
0.5666059488660152
0.5666059488660152
0.5666059488660152
0.5666053694035104
0.5666053694035104
0.5666053694035104
0.5666047899410056
0.5666047899410056
0.5666047899410056
0.5666042104785007
0.5666042104785007
0.5666042104785007
0.5666036310159959
0.5666036310159959
0.5666030515534911
0.5666024720909862
0.5666024720909862
0.5666018926284815
0.5666018926284815
0.5666013131659766
0.5666007337034719
0.566600154240967
0.5665995747784622
0.5665989953159574
0.5665984158534526
0.5665978363909477
0.571007714548933
0.571007714548933
0.571007714548933
0.571007714548933
0.571007714548933
0.571007714548933
0.571007714548933
0.571007714548933
0.571007714548933
0.571007714548933
0.571007714548933
0.571007714548933
0.571007714548933
0.5710071196290715
0.5710071196290715
0.5710071196290715
0.5710071196290715
0.5710071196290715
0.5710071196290715
0.5710071196290715
0.5710071196290715
0.5710071196290715
0.5710071196290715
0.5710071196290715
0.5710071196290715
0.5710071196290715
0.5710071196290715
0.5710071196290715
0.5710071196290715
0.5710071196290715
0.5710071196290715
0.5710071196290715
0.5710071196290715
0.5710071196290715
0.5710071196290715
0.5710071196290715
0.5710071196290715
0.5710071196290715
0.5710071196290715
0.5710071196290715
0.5710071196290715
0.5710071196290715
0.5710071196290715
0.5710071196290715
0.5710071196290715
0.5710071196290715
0.5710071196290715
0.57100652470921
0.57100652470921
0.57100652470921
0.57100652470921
0.57100652470921
0.57100652470921
0.57100652470921
0.57100652470921
0.57100652470921
0.5710059297893486
0.5710059297893486
0.5710059297893486
0.5710059297893486
0.5710059297893486
0.5710059297893486
0.5710053348694871
0.5710053348694871
0.5710053348694871
0.5710053348694871
0.5710047399496256
0.5710047399496256
0.5710047399496256
0.5710047399496256
0.5710041450297642
0.5710041450297642
0.5710035501099027
0.5710035501099027
0.5710029551900412
0.5710029551900412
0.5710023602701798
0.5710023602701798
0.5710017653503183
0.5710017653503183
0.5710011704304568
0.5710005755105954
0.5709999805907339
0.5709999805907339
0.5709993856708724
0.5754971271284438
0.5754971271284438
0.5754971271284438
0.5754971271284438
0.5754971271284438
0.5754971271284438
0.5754971271284438
0.5754971271284438
0.5754971271284438
0.5754971271284438
0.5754971271284438
0.5754971271284438
0.5754971271284438
0.5754971271284438
0.5754971271284438
0.5754971271284438
0.5754971271284438
0.5754971271284438
0.5754971271284438
0.5754971271284438
0.5754971271284438
0.5754971271284438
0.5754971271284438
0.5754971271284438
0.5754971271284438
0.5754971271284438
0.5754971271284438
0.5754971271284438
0.5754971271284438
0.5754971271284438
0.5754971271284438
0.5754971271284438
0.5754971271284438
0.5754971271284438
0.5754971271284438
0.5754971271284438
0.5754971271284438
0.5754971271284438
0.5754971271284438
0.5754971271284438
0.5754965169881096
0.5754965169881096
0.5754965169881096
0.5754965169881096
0.5754965169881096
0.5754965169881096
0.5754965169881096
0.5754965169881096
0.5754965169881096
0.5754965169881096
0.5754965169881096
0.5754965169881096
0.5754965169881096
0.5754965169881096
0.5754965169881096
0.5754965169881096
0.5754959068477753
0.5754959068477753
0.5754959068477753
0.5754959068477753
0.5754959068477753
0.5754959068477753
0.5754959068477753
0.575495296707441
0.575495296707441
0.575495296707441
0.575495296707441
0.575495296707441
0.5754946865671068
0.5754946865671068
0.5754946865671068
0.5754940764267724
0.5754940764267724
0.5754940764267724
0.5754934662864383
0.5754934662864383
0.5754934662864383
0.5754928561461039
0.5754928561461039
0.5754922460057696
0.5754922460057696
0.5754916358654354
0.5754910257251011
0.5754910257251011
0.5754904155847669
0.5800781184041086
0.5800781184041086
0.5800781184041086
0.5800781184041086
0.5800781184041086
0.5800781184041086
0.5800781184041086
0.5800781184041086
0.5800781184041086
0.5800781184041086
0.5800781184041086
0.5800781184041086
0.5800781184041086
0.5800781184041086
0.5800781184041086
0.5800781184041086
0.5800781184041086
0.5800781184041086
0.5800781184041086
0.5800781184041086
0.5800781184041086
0.5800781184041086
0.5800781184041086
0.5800781184041086
0.5800781184041086
0.5800781184041086
0.5800781184041086
0.5800781184041086
0.5800774927565703
0.5800774927565703
0.5800774927565703
0.5800774927565703
0.5800774927565703
0.5800774927565703
0.5800774927565703
0.5800774927565703
0.5800774927565703
0.5800774927565703
0.5800774927565703
0.5800774927565703
0.5800774927565703
0.5800774927565703
0.5800774927565703
0.5800774927565703
0.5800774927565703
0.5800774927565703
0.5800774927565703
0.5800774927565703
0.5800774927565703
0.5800774927565703
0.5800774927565703
0.5800774927565703
0.5800774927565703
0.5800774927565703
0.5800774927565703
0.5800774927565703
0.580076867109032
0.580076867109032
0.580076867109032
0.580076867109032
0.580076867109032
0.580076867109032
0.580076867109032
0.580076867109032
0.580076867109032
0.5800762414614936
0.5800762414614936
0.5800762414614936
0.5800762414614936
0.5800762414614936
0.5800762414614936
0.5800756158139553
0.5800756158139553
0.5800756158139553
0.5800756158139553
0.580074990166417
0.580074990166417
0.580074990166417
0.5800743645188786
0.5800743645188786
0.5800743645188786
0.5800737388713403
0.5800737388713403
0.580073113223802
0.580073113223802
0.5847498978571964
0.5847498978571964
0.5847498978571964
0.5847498978571964
0.5847498978571964
0.5847498978571964
0.5847498978571964
0.5847498978571964
0.5847498978571964
0.5847498978571964
0.5847498978571964
0.5847498978571964
0.5847498978571964
0.5847498978571964
0.5847498978571964
0.5847498978571964
0.5847498978571964
0.5847498978571964
0.5847498978571964
0.5847498978571964
0.5847498978571964
0.5847498978571964
0.5847498978571964
0.5847498978571964
0.5847498978571964
0.5847498978571964
0.5847498978571964
0.5847498978571964
0.5847498978571964
0.5847498978571964
0.5847498978571964
0.5847498978571964
0.5847498978571964
0.5847492565696943
0.5847492565696943
0.5847492565696943
0.5847492565696943
0.5847492565696943
0.5847492565696943
0.5847492565696943
0.5847492565696943
0.5847492565696943
0.5847492565696943
0.5847492565696943
0.5847492565696943
0.5847492565696943
0.5847492565696943
0.5847492565696943
0.5847492565696943
0.5847492565696943
0.5847492565696943
0.5847492565696943
0.5847492565696943
0.5847492565696943
0.5847492565696943
0.5847492565696943
0.5847492565696943
0.5847492565696943
0.5847492565696943
0.5847492565696943
0.5847492565696943
0.5847492565696943
0.5847492565696943
0.5847486152821921
0.5847486152821921
0.5847486152821921
0.5847486152821921
0.5847486152821921
0.5847486152821921
0.5847486152821921
0.5847486152821921
0.5847486152821921
0.58474797399469
0.58474797399469
0.58474797399469
0.58474797399469
0.58474797399469
0.58474797399469
0.5847473327071879
0.5847473327071879
0.5847473327071879
0.5847473327071879
0.5847466914196857
0.5847466914196857
0.5847466914196857
0.589509934666149
0.589509934666149
0.589509934666149
0.589509934666149
0.589509934666149
0.589509934666149
0.589509934666149
0.589509934666149
0.589509934666149
0.589509934666149
0.589509934666149
0.589509934666149
0.589509934666149
0.589509934666149
0.589509934666149
0.589509934666149
0.589509934666149
0.589509934666149
0.589509934666149
0.589509934666149
0.589509934666149
0.589509934666149
0.589509934666149
0.589509934666149
0.589509934666149
0.589509934666149
0.589509934666149
0.589509934666149
0.589509934666149
0.589509934666149
0.589509934666149
0.589509934666149
0.589509934666149
0.589509934666149
0.589509934666149
0.589509934666149
0.589509934666149
0.589509934666149
0.589509934666149
0.589509934666149
0.589509934666149
0.589509934666149
0.589509934666149
0.589509934666149
0.589509934666149
0.589509934666149
0.589509934666149
0.589509934666149
0.589509934666149
0.589509934666149
0.589509934666149
0.589509934666149
0.589509934666149
0.589509934666149
0.589509934666149
0.589509934666149
0.589509934666149
0.589509934666149
0.589509934666149
0.589509934666149
0.589509934666149
0.589509934666149
0.589509934666149
0.589509934666149
0.589509934666149
0.589509934666149
0.589509934666149
0.589509934666149
0.589509934666149
0.589509934666149
0.5895092779281786
0.5895092779281786
0.5895092779281786
0.5895092779281786
0.5895092779281786
0.5895092779281786
0.5895092779281786
0.5895092779281786
0.5895092779281786
0.5895092779281786
0.5895092779281786
0.5895092779281786
0.5895092779281786
0.5895092779281786
0.5895086211902083
0.5943602511566597
0.5943602511566597
0.5943602511566597
0.5943602511566597
0.5943602511566597
0.5943602511566597
0.5943602511566597
0.5943602511566597
0.5943602511566597
0.5943602511566597
0.5943602511566597
0.5943602511566597
0.5943602511566597
0.5943602511566597
0.5943602511566597
0.5943602511566597
0.5943602511566597
0.5943602511566597
0.5943602511566597
0.5943602511566597
0.5943602511566597
0.5943602511566597
0.5943602511566597
0.5943602511566597
0.5943602511566597
0.5943602511566597
0.5943602511566597
0.5943602511566597
0.5943602511566597
0.5943602511566597
0.5943602511566597
0.5943602511566597
0.5943609389195503
0.5943609389195503
0.5943609389195503
0.5943609389195503
0.5943609389195503
0.5943609389195503
0.5943609389195503
0.5943609389195503
0.5943609389195503
0.5943609389195503
0.5943609389195503
0.5943609389195503
0.5943609389195503
0.5943609389195503
0.5943609389195503
0.5943609389195503
0.5943609389195503
0.5943609389195503
0.5943609389195503
0.5943609389195503
0.5943609389195503
0.5943609389195503
0.5943609389195503
0.5943609389195503
0.5943609389195503
0.5943609389195503
0.5943609389195503
0.5943609389195503
0.5943609389195503
0.5943609389195503
0.5943609389195503
0.5943609389195503
0.5943609389195503
0.5943609389195503
0.5943609389195503
0.5943609389195503
0.5943609389195503
0.5943609389195503
0.5943609389195503
0.5943609389195503
0.5943609389195503
0.5943609389195503
0.5943609389195503
0.5943609389195503
0.5943609389195503
0.5943609389195503
0.5943609389195503
0.5943609389195503
0.5943609389195503
0.5943616266824411
0.5943616266824411
0.5943616266824411
0.5943616266824411
0.5992963254231739
0.5992963254231739
0.5992963254231739
0.5992963254231739
0.5992963254231739
0.5992963254231739
0.5992963254231739
0.5992963254231739
0.5992963254231739
0.5992963254231739
0.5992963254231739
0.5992963254231739
0.5992963254231739
0.5992963254231739
0.5992963254231739
0.5992963254231739
0.5992963254231739
0.5992963254231739
0.5992963254231739
0.5992963254231739
0.5992963254231739
0.5992963254231739
0.5992963254231739
0.5992963254231739
0.5992963254231739
0.5992963254231739
0.5992963254231739
0.5992963254231739
0.5992963254231739
0.5992963254231739
0.5992963254231739
0.5992963254231739
0.5992963254231739
0.5992963254231739
0.5992963254231739
0.5992963254231739
0.5992963254231739
0.5992963254231739
0.5992963254231739
0.5992963254231739
0.5992963254231739
0.5992963254231739
0.5992963254231739
0.5992963254231739
0.5992963254231739
0.5992963254231739
0.5992963254231739
0.5992963254231739
0.5992963254231739
0.5992963254231739
0.5992963254231739
0.5992963254231739
0.5992963254231739
0.5992963254231739
0.5992963254231739
0.5992963254231739
0.5992963254231739
0.5992963254231739
0.5992963254231739
0.5992970290078897
0.5992970290078897
0.5992970290078897
0.5992970290078897
0.5992970290078897
0.5992970290078897
0.5992970290078897
0.5992970290078897
0.5992970290078897
0.5992970290078897
0.5992970290078897
0.5992970290078897
0.5992977325926055
0.5992977325926055
0.5992977325926055
0.5992977325926055
0.5992977325926055
0.5992977325926055
0.5992977325926055
0.5992984361773214
0.5992984361773214
0.5992984361773214
0.5992984361773214
0.5992991397620373
0.5992991397620373
0.5992991397620373
0.6043199202942816
0.6043199202942816
0.6043199202942816
0.6043199202942816
0.6043199202942816
0.6043199202942816
0.6043199202942816
0.6043199202942816
0.6043199202942816
0.6043199202942816
0.6043199202942816
0.6043199202942816
0.6043199202942816
0.6043199202942816
0.6043199202942816
0.6043199202942816
0.6043199202942816
0.6043199202942816
0.6043199202942816
0.6043199202942816
0.6043199202942816
0.6043199202942816
0.6043199202942816
0.6043199202942816
0.6043199202942816
0.6043199202942816
0.6043199202942816
0.6043199202942816
0.6043199202942816
0.6043199202942816
0.6043199202942816
0.6043199202942816
0.6043199202942816
0.6043199202942816
0.6043199202942816
0.6043199202942816
0.6043199202942816
0.6043199202942816
0.6043199202942816
0.6043199202942816
0.6043199202942816
0.6043199202942816
0.6043199202942816
0.6043206394320724
0.6043206394320724
0.6043206394320724
0.6043206394320724
0.6043206394320724
0.6043206394320724
0.6043206394320724
0.6043206394320724
0.6043206394320724
0.6043206394320724
0.6043206394320724
0.6043206394320724
0.6043206394320724
0.6043206394320724
0.6043206394320724
0.6043206394320724
0.6043206394320724
0.6043213585698631
0.6043213585698631
0.6043213585698631
0.6043213585698631
0.6043213585698631
0.6043213585698631
0.6043213585698631
0.6043213585698631
0.6043220777076539
0.6043220777076539
0.6043220777076539
0.6043220777076539
0.6043220777076539
0.6043227968454447
0.6043227968454447
0.6043227968454447
0.6043227968454447
0.6043235159832354
0.6043235159832354
0.6043235159832354
0.6043242351210262
0.6043242351210262
0.6043249542588169
0.6043249542588169
0.6043249542588169
0.6094293942976986
0.6094293942976986
0.6094293942976986
0.6094293942976986
0.6094293942976986
0.6094293942976986
0.6094293942976986
0.6094293942976986
0.6094293942976986
0.6094293942976986
0.6094293942976986
0.6094293942976986
0.6094293942976986
0.6094293942976986
0.6094293942976986
0.6094293942976986
0.6094293942976986
0.6094293942976986
0.6094293942976986
0.6094293942976986
0.6094293942976986
0.6094293942976986
0.6094293942976986
0.6094293942976986
0.6094293942976986
0.6094293942976986
0.6094293942976986
0.6094293942976986
0.6094293942976986
0.6094293942976986
0.6094293942976986
0.6094293942976986
0.6094293942976986
0.6094293942976986
0.6094293942976986
0.6094293942976986
0.6094293942976986
0.6094293942976986
0.6094293942976986
0.6094293942976986
0.6094293942976986
0.6094293942976986
0.6094293942976986
0.6094293942976986
0.6094293942976986
0.6094293942976986
0.6094301292309525
0.6094301292309525
0.6094301292309525
0.6094301292309525
0.6094301292309525
0.6094301292309525
0.6094301292309525
0.6094301292309525
0.6094301292309525
0.6094301292309525
0.6094301292309525
0.6094301292309525
0.6094308641642066
0.6094308641642066
0.6094308641642066
0.6094308641642066
0.6094308641642066
0.6094308641642066
0.6094308641642066
0.6094315990974606
0.6094315990974606
0.6094315990974606
0.6094315990974606
0.6094323340307145
0.6094323340307145
0.6094323340307145
0.6094323340307145
0.6094330689639685
0.6094330689639685
0.6094330689639685
0.6094338038972225
0.6094338038972225
0.6094345388304765
0.6094345388304765
0.6094352737637304
0.6094352737637304
0.6094360086969844
0.6094360086969844
0.6094367436302384
0.6146246374701037
0.6146246374701037
0.6146246374701037
0.6146246374701037
0.6146246374701037
0.6146246374701037
0.6146246374701037
0.6146246374701037
0.6146246374701037
0.6146246374701037
0.6146246374701037
0.6146246374701037
0.6146246374701037
0.6146246374701037
0.6146246374701037
0.6146246374701037
0.6146246374701037
0.6146246374701037
0.6146246374701037
0.6146246374701037
0.6146246374701037
0.6146246374701037
0.6146246374701037
0.6146246374701037
0.6146246374701037
0.6146246374701037
0.6146246374701037
0.6146246374701037
0.6146246374701037
0.6146246374701037
0.6146246374701037
0.6146246374701037
0.6146246374701037
0.6146246374701037
0.6146246374701037
0.6146246374701037
0.6146246374701037
0.6146253879627326
0.6146253879627326
0.6146253879627326
0.6146253879627326
0.6146253879627326
0.6146253879627326
0.6146253879627326
0.6146253879627326
0.6146253879627326
0.6146253879627326
0.6146253879627326
0.6146253879627326
0.6146253879627326
0.6146253879627326
0.6146253879627326
0.6146253879627326
0.6146261384553616
0.6146261384553616
0.6146261384553616
0.6146261384553616
0.6146261384553616
0.6146261384553616
0.6146261384553616
0.6146268889479907
0.6146268889479907
0.6146268889479907
0.6146268889479907
0.6146268889479907
0.6146276394406196
0.6146276394406196
0.6146276394406196
0.6146276394406196
0.6146283899332486
0.6146283899332486
0.6146291404258777
0.6146291404258777
0.6146291404258777
0.6146298909185066
0.6146298909185066
0.6146306414111357
0.6146306414111357
0.6146313919037646
0.6146313919037646
0.6146321423963936
0.6146328928890227
0.6146336433816516
0.6146336433816516
0.6146343938742806
0.6199036026224896
0.6199036026224896
0.6199036026224896
0.6199036026224896
0.6199036026224896
0.6199036026224896
0.6199036026224896
0.6199036026224896
0.6199036026224896
0.6199036026224896
0.6199036026224896
0.6199036026224896
0.6199036026224896
0.6199036026224896
0.6199036026224896
0.6199036026224896
0.6199036026224896
0.6199036026224896
0.6199036026224896
0.6199036026224896
0.6199036026224896
0.6199036026224896
0.6199036026224896
0.6199036026224896
0.6199036026224896
0.6199036026224896
0.6199036026224896
0.6199036026224896
0.6199036026224896
0.6199036026224896
0.6199036026224896
0.6199036026224896
0.6199036026224896
0.6199036026224896
0.6199036026224896
0.6199036026224896
0.6199036026224896
0.619904368762567
0.619904368762567
0.619904368762567
0.619904368762567
0.619904368762567
0.619904368762567
0.619904368762567
0.619904368762567
0.619904368762567
0.619904368762567
0.619904368762567
0.619904368762567
0.619904368762567
0.619904368762567
0.6199051349026445
0.6199051349026445
0.6199051349026445
0.6199051349026445
0.6199051349026445
0.6199051349026445
0.6199051349026445
0.619905901042722
0.619905901042722
0.619905901042722
0.619905901042722
0.6199066671827995
0.6199066671827995
0.6199066671827995
0.6199066671827995
0.619907433322877
0.619907433322877
0.619907433322877
0.6199081994629545
0.6199081994629545
0.619908965603032
0.619908965603032
0.6199097317431095
0.6199097317431095
0.619910497883187
0.619910497883187
0.6199112640232646
0.619912030163342
0.619912030163342
0.6199127963034196
0.6199135624434969
0.6199143285835745
0.619915094723652
0.6199158608637295
0.6252658170248795
0.6252658170248795
0.6252658170248795
0.6252658170248795
0.6252658170248795
0.6252658170248795
0.6252658170248795
0.6252658170248795
0.6252658170248795
0.6252658170248795
0.6252658170248795
0.6252658170248795
0.6252658170248795
0.6252658170248795
0.6252658170248795
0.6252658170248795
0.6252658170248795
0.6252658170248795
0.6252658170248795
0.6252658170248795
0.6252658170248795
0.6252658170248795
0.6252658170248795
0.6252658170248795
0.6252658170248795
0.6252658170248795
0.6252658170248795
0.6252658170248795
0.6252658170248795
0.6252658170248795
0.6252658170248795
0.6252658170248795
0.6252658170248795
0.6252658170248795
0.6252658170248795
0.6252658170248795
0.6252658170248795
0.6252658170248795
0.6252665986040946
0.6252665986040946
0.6252665986040946
0.6252665986040946
0.6252665986040946
0.6252665986040946
0.6252665986040946
0.6252665986040946
0.6252665986040946
0.6252665986040946
0.6252665986040946
0.6252665986040946
0.6252673801833097
0.6252673801833097
0.6252673801833097
0.6252673801833097
0.6252673801833097
0.6252673801833097
0.6252681617625249
0.6252681617625249
0.6252681617625249
0.6252681617625249
0.6252681617625249
0.62526894334174
0.62526894334174
0.62526894334174
0.6252697249209551
0.6252697249209551
0.6252697249209551
0.6252705065001702
0.6252705065001702
0.6252712880793854
0.6252712880793854
0.6252720696586005
0.6252720696586005
0.6252728512378156
0.6252728512378156
0.6252736328170306
0.6252744143962459
0.6252751959754609
0.6252751959754609
0.625275977554676
0.6252767591338911
0.6252775407131063
0.6252783222923214
0.6252791038715365
0.6252806670299668
0.6307087346789628
0.6307087346789628
0.6307087346789628
0.6307087346789628
0.6307087346789628
0.6307087346789628
0.6307087346789628
0.6307087346789628
0.6307087346789628
0.6307087346789628
0.6307087346789628
0.6307087346789628
0.6307087346789628
0.6307087346789628
0.6307087346789628
0.6307087346789628
0.6307087346789628
0.6307087346789628
0.6307087346789628
0.6307087346789628
0.6307087346789628
0.6307087346789628
0.6307087346789628
0.6307087346789628
0.6307087346789628
0.6307087346789628
0.6307087346789628
0.6307087346789628
0.6307087346789628
0.6307087346789628
0.6307087346789628
0.6307087346789628
0.6307087346789628
0.6307087346789628
0.6307087346789628
0.6307087346789628
0.6307087346789628
0.6307087346789628
0.6307087346789628
0.630709532290947
0.630709532290947
0.630709532290947
0.630709532290947
0.630709532290947
0.630709532290947
0.630709532290947
0.630709532290947
0.630709532290947
0.630709532290947
0.6307103299029311
0.6307103299029311
0.6307103299029311
0.6307103299029311
0.6307103299029311
0.6307103299029311
0.6307111275149152
0.6307111275149152
0.6307111275149152
0.6307111275149152
0.6307119251268993
0.6307119251268993
0.6307119251268993
0.6307119251268993
0.6307127227388835
0.6307127227388835
0.6307135203508676
0.6307135203508676
0.6307135203508676
0.6307143179628517
0.6307143179628517
0.630715115574836
0.6307159131868201
0.6307159131868201
0.6307167107988042
0.6307175084107883
0.6307175084107883
0.6307183060227725
0.6307191036347566
0.6307199012467407
0.6307206988587248
0.630721496470709
0.6307222940826931
0.6307238893066613
0.6307246869186456
0.6307254845306297
0.6362353881170348
0.6362353881170348
0.6362353881170348
0.6362353881170348
0.6362353881170348
0.6362353881170348
0.6362353881170348
0.6362353881170348
0.6362353881170348
0.6362353881170348
0.6362353881170348
0.6362353881170348
0.6362353881170348
0.6362353881170348
0.6362353881170348
0.6362353881170348
0.6362353881170348
0.6362353881170348
0.6362353881170348
0.6362353881170348
0.6362353881170348
0.6362353881170348
0.6362353881170348
0.6362353881170348
0.6362353881170348
0.6362353881170348
0.6362353881170348
0.6362353881170348
0.6362353881170348
0.6362353881170348
0.6362353881170348
0.6362353881170348
0.6362353881170348
0.6362353881170348
0.6362353881170348
0.6362362012180046
0.6362362012180046
0.6362362012180046
0.6362362012180046
0.6362362012180046
0.6362362012180046
0.6362362012180046
0.6362362012180046
0.6362362012180046
0.6362362012180046
0.6362362012180046
0.6362370143189745
0.6362370143189745
0.6362370143189745
0.6362370143189745
0.6362370143189745
0.6362370143189745
0.6362370143189745
0.6362378274199443
0.6362378274199443
0.6362378274199443
0.6362378274199443
0.6362386405209141
0.6362386405209141
0.6362386405209141
0.6362394536218838
0.6362394536218838
0.6362394536218838
0.6362402667228537
0.6362402667228537
0.6362402667228537
0.6362410798238235
0.6362410798238235
0.6362418929247933
0.6362427060257632
0.6362427060257632
0.6362435191267329
0.6362443322277027
0.6362443322277027
0.6362451453286726
0.6362459584296424
0.6362467715306122
0.636247584631582
0.6362483977325518
0.6362492108335216
0.6362500239344915
0.636251650136431
0.6362524632374009
0.6362532763383707
0.6362549025403104
0.6418409062029232
0.6418409062029232
0.6418409062029232
0.6418409062029232
0.6418409062029232
0.6418409062029232
0.6418409062029232
0.6418409062029232
0.6418409062029232
0.6418409062029232
0.6418409062029232
0.6418409062029232
0.6418409062029232
0.6418409062029232
0.6418409062029232
0.6418409062029232
0.6418409062029232
0.6418409062029232
0.6418417349421308
0.6418417349421308
0.6418417349421308
0.6418417349421308
0.6418417349421308
0.6418417349421308
0.6418417349421308
0.6418417349421308
0.6418417349421308
0.6418417349421308
0.6418417349421308
0.6418417349421308
0.6418417349421308
0.6418417349421308
0.6418417349421308
0.6418417349421308
0.6418417349421308
0.6418417349421308
0.6418417349421308
0.6418417349421308
0.6418417349421308
0.6418425636813383
0.6418425636813383
0.6418425636813383
0.6418425636813383
0.6418425636813383
0.6418425636813383
0.6418425636813383
0.6418425636813383
0.6418425636813383
0.6418433924205459
0.6418433924205459
0.6418433924205459
0.6418433924205459
0.6418433924205459
0.6418442211597535
0.6418442211597535
0.6418442211597535
0.6418442211597535
0.6418450498989611
0.6418450498989611
0.6418450498989611
0.6418458786381686
0.6418458786381686
0.6418458786381686
0.6418467073773761
0.6418467073773761
0.6418475361165837
0.6418475361165837
0.6418483648557912
0.6418483648557912
0.6418491935949988
0.6418500223342064
0.6418500223342064
0.6418508510734139
0.6418516798126215
0.6418525085518291
0.6418533372910367
0.6418541660302441
0.6418549947694517
0.6418558235086592
0.6418566522478668
0.641858309726282
0.6418591384654895
0.6418607959439047
0.6418616246831121
0.6418632821615272
0.6475260571667666
0.6475260571667666
0.6475260571667666
0.6475269014970035
0.6475269014970035
0.6475269014970035
0.6475269014970035
0.6475269014970035
0.6475269014970035
0.6475269014970035
0.6475269014970035
0.6475269014970035
0.6475269014970035
0.6475269014970035
0.6475269014970035
0.6475269014970035
0.6475269014970035
0.6475269014970035
0.6475269014970035
0.6475269014970035
0.6475269014970035
0.6475269014970035
0.6475269014970035
0.6475269014970035
0.6475269014970035
0.6475269014970035
0.6475269014970035
0.6475269014970035
0.6475269014970035
0.6475269014970035
0.6475269014970035
0.6475269014970035
0.6475269014970035
0.6475269014970035
0.6475269014970035
0.6475269014970035
0.6475277458272406
0.6475277458272406
0.6475277458272406
0.6475277458272406
0.6475277458272406
0.6475277458272406
0.6475277458272406
0.6475277458272406
0.6475277458272406
0.6475285901574775
0.6475285901574775
0.6475285901574775
0.6475285901574775
0.6475285901574775
0.6475285901574775
0.6475294344877146
0.6475294344877146
0.6475294344877146
0.6475294344877146
0.6475302788179516
0.6475302788179516
0.6475302788179516
0.6475311231481886
0.6475311231481886
0.6475311231481886
0.6475319674784256
0.6475319674784256
0.6475328118086625
0.6475328118086625
0.6475336561388996
0.6475336561388996
0.6475345004691365
0.6475345004691365
0.6475353447993736
0.6475361891296105
0.6475370334598475
0.6475378777900845
0.6475378777900845
0.6475387221203215
0.6475395664505585
0.6475412551110324
0.6475420994412695
0.6475429437715065
0.6475437881017435
0.6475454767622175
0.6475463210924545
0.6475480097529285
0.6475496984134025
0.6475513870738764
0.6532894553644981
0.6532894553644981
0.6532894553644981
0.6532894553644981
0.6532903152010093
0.6532903152010093
0.6532903152010093
0.6532903152010093
0.6532903152010093
0.6532903152010093
0.6532903152010093
0.6532903152010093
0.6532903152010093
0.6532903152010093
0.6532903152010093
0.6532903152010093
0.6532903152010093
0.6532903152010093
0.6532903152010093
0.6532903152010093
0.6532903152010093
0.6532903152010093
0.6532903152010093
0.6532903152010093
0.6532903152010093
0.6532903152010093
0.6532903152010093
0.6532903152010093
0.6532903152010093
0.6532903152010093
0.6532903152010093
0.6532903152010093
0.6532903152010093
0.6532903152010093
0.6532903152010093
0.6532911750375205
0.6532911750375205
0.6532911750375205
0.6532911750375205
0.6532911750375205
0.6532911750375205
0.6532911750375205
0.6532911750375205
0.6532911750375205
0.6532920348740318
0.6532920348740318
0.6532920348740318
0.6532920348740318
0.6532920348740318
0.6532920348740318
0.653292894710543
0.653292894710543
0.653292894710543
0.653292894710543
0.6532937545470542
0.6532937545470542
0.6532937545470542
0.6532946143835654
0.6532946143835654
0.6532946143835654
0.6532954742200765
0.6532954742200765
0.6532963340565878
0.6532963340565878
0.6532971938930989
0.6532971938930989
0.6532980537296101
0.6532989135661214
0.6532989135661214
0.6532997734026326
0.6533006332391438
0.653301493075655
0.6533023529121662
0.6533032127486774
0.6533040725851886
0.6533049324216998
0.6533057922582111
0.6533066520947223
0.6533083717677446
0.6533092316042559
0.6533109512772782
0.6533118111137894
0.6533135307868119
0.6533152504598343
0.6533169701328567
0.6591294649486135
0.6591294649486135
0.6591294649486135
0.6591294649486135
0.6591294649486135
0.6591294649486135
0.6591294649486135
0.6591303403713931
0.6591303403713931
0.6591303403713931
0.6591303403713931
0.6591303403713931
0.6591303403713931
0.6591303403713931
0.6591303403713931
0.6591303403713931
0.6591303403713931
0.6591303403713931
0.6591303403713931
0.6591303403713931
0.6591303403713931
0.6591303403713931
0.6591303403713931
0.6591303403713931
0.6591303403713931
0.6591303403713931
0.6591303403713931
0.6591303403713931
0.6591303403713931
0.6591303403713931
0.6591303403713931
0.6591303403713931
0.6591303403713931
0.6591303403713931
0.6591303403713931
0.6591312157941727
0.6591312157941727
0.6591312157941727
0.6591312157941727
0.6591312157941727
0.6591312157941727
0.6591312157941727
0.6591312157941727
0.6591312157941727
0.6591320912169523
0.6591320912169523
0.6591320912169523
0.6591320912169523
0.6591320912169523
0.6591329666397319
0.6591329666397319
0.6591329666397319
0.6591329666397319
0.6591338420625115
0.6591338420625115
0.6591338420625115
0.6591347174852911
0.6591347174852911
0.6591347174852911
0.6591355929080707
0.6591355929080707
0.6591364683308503
0.6591364683308503
0.6591373437536299
0.6591373437536299
0.6591382191764095
0.6591382191764095
0.6591390945991891
0.6591399700219687
0.6591408454447483
0.6591417208675279
0.6591425962903075
0.6591434717130871
0.6591443471358667
0.6591452225586463
0.6591460979814259
0.6591469734042055
0.6591487242497647
0.6591495996725443
0.6591513505181036
0.6591522259408831
0.6591539767864423
0.6591557276320015
0.6591574784775607
0.6591592293231199
0.6650464475159356
0.6650464475159356
0.6650464475159356
0.6650464475159356
0.6650464475159356
0.6650464475159356
0.6650464475159356
0.6650464475159356
0.6650464475159356
0.6650464475159356
0.6650464475159356
0.6650464475159356
0.6650464475159356
0.6650464475159356
0.6650464475159356
0.6650464475159356
0.6650464475159356
0.6650464475159356
0.6650464475159356
0.6650464475159356
0.6650464475159356
0.6650464475159356
0.6650464475159356
0.6650464475159356
0.6650464475159356
0.6650464475159356
0.6650464475159356
0.6650464475159356
0.6650464475159356
0.6650464475159356
0.6650464475159356
0.6650464475159356
0.6650473382929396
0.6650473382929396
0.6650473382929396
0.6650473382929396
0.6650473382929396
0.6650473382929396
0.6650473382929396
0.6650473382929396
0.6650473382929396
0.6650473382929396
0.6650482290699437
0.6650482290699437
0.6650482290699437
0.6650482290699437
0.6650482290699437
0.6650482290699437
0.6650491198469478
0.6650491198469478
0.6650491198469478
0.6650491198469478
0.6650500106239519
0.6650500106239519
0.6650500106239519
0.6650509014009559
0.6650509014009559
0.6650509014009559
0.66505179217796
0.66505179217796
0.6650526829549641
0.6650526829549641
0.6650535737319682
0.6650535737319682
0.6650544645089722
0.6650553552859763
0.6650553552859763
0.6650562460629803
0.6650571368399845
0.6650580276169885
0.6650589183939926
0.6650598091709966
0.6650606999480008
0.6650615907250048
0.6650624815020089
0.6650633722790129
0.665065153833021
0.6650660446100252
0.6650678261640333
0.6650687169410373
0.6650704984950455
0.6650722800490536
0.6650740616030618
0.6650758431570699
0.6650785154880822
0.6710360320913107
0.6710360320913107
0.6710360320913107
0.6710360320913107
0.6710360320913107
0.6710360320913107
0.6710360320913107
0.6710360320913107
0.6710360320913107
0.6710360320913107
0.6710360320913107
0.6710360320913107
0.6710360320913107
0.6710360320913107
0.6710360320913107
0.6710360320913107
0.6710360320913107
0.6710360320913107
0.6710360320913107
0.6710360320913107
0.6710360320913107
0.6710360320913107
0.6710360320913107
0.6710360320913107
0.6710369384503367
0.6710369384503367
0.6710369384503367
0.6710369384503367
0.6710369384503367
0.6710369384503367
0.6710369384503367
0.6710369384503367
0.6710369384503367
0.6710369384503367
0.6710369384503367
0.6710369384503367
0.6710369384503367
0.6710369384503367
0.6710378448093628
0.6710378448093628
0.6710378448093628
0.6710378448093628
0.6710378448093628
0.6710378448093628
0.6710378448093628
0.6710387511683888
0.6710387511683888
0.6710387511683888
0.6710387511683888
0.6710387511683888
0.6710396575274149
0.6710396575274149
0.6710396575274149
0.671040563886441
0.671040563886441
0.671040563886441
0.671041470245467
0.671041470245467
0.6710423766044931
0.6710423766044931
0.6710423766044931
0.6710432829635192
0.6710441893225452
0.6710441893225452
0.6710450956815713
0.6710460020405974
0.6710460020405974
0.6710469083996234
0.6710478147586495
0.6710487211176756
0.6710496274767016
0.6710505338357277
0.6710514401947537
0.6710523465537798
0.6710532529128058
0.6710550656308579
0.671055971989884
0.6710577847079362
0.6710586910669621
0.6710605037850144
0.6710623165030665
0.6710641292211186
0.6710659419391707
0.6710686610162488
0.671070473734301
0.6771004803346807
0.6771004803346807
0.6771004803346807
0.6771004803346807
0.6771004803346807
0.6771004803346807
0.6771004803346807
0.6771004803346807
0.6771004803346807
0.6771004803346807
0.6771004803346807
0.6771004803346807
0.6771004803346807
0.6771004803346807
0.6771004803346807
0.6771004803346807
0.6771004803346807
0.6771004803346807
0.6771004803346807
0.6771004803346807
0.6771004803346807
0.6771004803346807
0.6771004803346807
0.6771004803346807
0.6771014016781777
0.6771014016781777
0.6771014016781777
0.6771014016781777
0.6771014016781777
0.6771014016781777
0.6771014016781777
0.6771014016781777
0.6771014016781777
0.6771014016781777
0.6771014016781777
0.6771014016781777
0.6771014016781777
0.6771023230216747
0.6771023230216747
0.6771023230216747
0.6771023230216747
0.6771023230216747
0.6771023230216747
0.6771023230216747
0.6771032443651717
0.6771032443651717
0.6771032443651717
0.6771032443651717
0.6771032443651717
0.6771041657086687
0.6771041657086687
0.6771041657086687
0.6771041657086687
0.6771050870521657
0.6771050870521657
0.6771060083956627
0.6771060083956627
0.6771060083956627
0.6771069297391596
0.6771069297391596
0.6771078510826567
0.6771078510826567
0.6771087724261536
0.6771096937696507
0.6771096937696507
0.6771106151131476
0.6771115364566447
0.6771124578001416
0.6771124578001416
0.6771133791436387
0.6771143004871357
0.6771161431741297
0.6771170645176267
0.6771179858611237
0.6771189072046206
0.6771207498916146
0.6771216712351117
0.6771235139221057
0.6771253566090997
0.6771262779525966
0.6771281206395906
0.6771308846700816
0.6771327273570756
0.6771345700440696
0.6771373340745606
0.6832347853376848
0.6832347853376848
0.6832347853376848
0.6832347853376848
0.6832347853376848
0.6832347853376848
0.6832347853376848
0.6832347853376848
0.6832347853376848
0.6832347853376848
0.6832347853376848
0.6832347853376848
0.6832347853376848
0.6832347853376848
0.6832347853376848
0.6832347853376848
0.6832347853376848
0.6832347853376848
0.6832347853376848
0.6832347853376848
0.6832347853376848
0.6832347853376848
0.6832347853376848
0.6832347853376848
0.6832347853376848
0.6832347853376848
0.6832347853376848
0.6832347853376848
0.6832347853376848
0.6832347853376848
0.6832357222566334
0.6832357222566334
0.6832357222566334
0.6832357222566334
0.6832357222566334
0.6832357222566334
0.6832357222566334
0.6832357222566334
0.6832357222566334
0.6832357222566334
0.6832366591755821
0.6832366591755821
0.6832366591755821
0.6832366591755821
0.6832366591755821
0.6832366591755821
0.6832375960945307
0.6832375960945307
0.6832375960945307
0.6832375960945307
0.6832385330134793
0.6832385330134793
0.6832385330134793
0.6832394699324279
0.6832394699324279
0.6832394699324279
0.6832404068513765
0.6832404068513765
0.6832413437703251
0.6832413437703251
0.6832422806892738
0.6832422806892738
0.6832432176082224
0.683244154527171
0.683244154527171
0.6832450914461197
0.6832460283650683
0.6832469652840168
0.6832479022029655
0.6832488391219141
0.6832497760408628
0.6832507129598114
0.6832516498787601
0.6832525867977086
0.6832544606356059
0.6832553975545546
0.6832572713924518
0.683259145230349
0.6832600821492977
0.6832619559871949
0.6832638298250922
0.683266640581938
0.6832685144198353
0.6832703882577326
0.6832731990145784
0.6894409364533763
0.6894409364533763
0.6894409364533763
0.6894409364533763
0.6894409364533763
0.6894409364533763
0.6894409364533763
0.6894409364533763
0.6894409364533763
0.6894409364533763
0.6894409364533763
0.6894409364533763
0.6894409364533763
0.6894409364533763
0.6894409364533763
0.6894409364533763
0.6894409364533763
0.6894409364533763
0.6894409364533763
0.6894409364533763
0.6894409364533763
0.6894418887474213
0.6894418887474213
0.6894418887474213
0.6894418887474213
0.6894418887474213
0.6894418887474213
0.6894418887474213
0.6894418887474213
0.6894418887474213
0.6894418887474213
0.6894418887474213
0.6894418887474213
0.6894418887474213
0.6894418887474213
0.6894418887474213
0.6894428410414664
0.6894428410414664
0.6894428410414664
0.6894428410414664
0.6894428410414664
0.6894428410414664
0.6894428410414664
0.6894437933355114
0.6894437933355114
0.6894437933355114
0.6894437933355114
0.6894437933355114
0.6894447456295565
0.6894447456295565
0.6894447456295565
0.6894456979236014
0.6894456979236014
0.6894456979236014
0.6894466502176465
0.6894466502176465
0.6894466502176465
0.6894476025116916
0.6894476025116916
0.6894485548057366
0.6894495070997816
0.6894495070997816
0.6894504593938267
0.6894504593938267
0.6894514116878717
0.6894523639819167
0.6894533162759617
0.6894542685700067
0.6894552208640518
0.6894561731580968
0.6894571254521419
0.6894580777461868
0.6894590300402319
0.689460934628322
0.689461886922367
0.689463791510457
0.6894647438045021
0.6894666483925922
0.6894685529806822
0.6894704575687723
0.6894723621568624
0.6894742667449524
0.6894771236270875
0.6894790282151776
0.6894818850973127
0.6957184587982208
0.6957184587982208
0.6957184587982208
0.6957184587982208
0.6957184587982208
0.6957184587982208
0.6957184587982208
0.6957184587982208
0.6957184587982208
0.6957184587982208
0.6957184587982208
0.6957184587982208
0.6957184587982208
0.6957184587982208
0.6957184587982208
0.6957184587982208
0.6957184587982208
0.6957184587982208
0.6957184587982208
0.6957184587982208
0.6957184587982208
0.6957184587982208
0.6957184587982208
0.6957184587982208
0.6957184587982208
0.6957184587982208
0.6957184587982208
0.6957184587982208
0.6957184587982208
0.6957184587982208
0.6957194259849585
0.6957194259849585
0.6957194259849585
0.6957194259849585
0.6957194259849585
0.6957194259849585
0.6957194259849585
0.6957194259849585
0.6957194259849585
0.6957203931716961
0.6957203931716961
0.6957203931716961
0.6957203931716961
0.6957203931716961
0.6957203931716961
0.6957213603584338
0.6957213603584338
0.6957213603584338
0.6957213603584338
0.6957223275451714
0.6957223275451714
0.6957223275451714
0.6957232947319091
0.6957232947319091
0.6957232947319091
0.6957242619186467
0.6957242619186467
0.6957252291053844
0.6957252291053844
0.695726196292122
0.695726196292122
0.6957271634788597
0.6957281306655972
0.6957281306655972
0.6957290978523349
0.6957300650390725
0.6957310322258101
0.6957319994125478
0.6957329665992855
0.6957339337860231
0.6957349009727607
0.6957358681594984
0.6957368353462361
0.6957387697197113
0.695739736906449
0.6957416712799243
0.6957436056533995
0.6957445728401371
0.6957465072136124
0.6957484415870877
0.6957513431473007
0.6957532775207759
0.6957561790809889
0.6957581134544641
0.695761015014677
0.702061269423668
0.702061269423668
0.702061269423668
0.702061269423668
0.702061269423668
0.702061269423668
0.702061269423668
0.702061269423668
0.702061269423668
0.702061269423668
0.702061269423668
0.702061269423668
0.702061269423668
0.702061269423668
0.702061269423668
0.702061269423668
0.702061269423668
0.7020622515906078
0.7020622515906078
0.7020622515906078
0.7020622515906078
0.7020622515906078
0.7020622515906078
0.7020622515906078
0.7020622515906078
0.7020622515906078
0.7020622515906078
0.7020622515906078
0.7020622515906078
0.7020622515906078
0.7020622515906078
0.7020622515906078
0.7020622515906078
0.7020632337575473
0.7020632337575473
0.7020632337575473
0.7020632337575473
0.7020632337575473
0.7020632337575473
0.7020632337575473
0.7020632337575473
0.7020642159244871
0.7020642159244871
0.7020642159244871
0.7020642159244871
0.7020642159244871
0.7020651980914269
0.7020651980914269
0.7020651980914269
0.7020651980914269
0.7020661802583665
0.7020661802583665
0.7020661802583665
0.7020671624253062
0.7020671624253062
0.7020681445922459
0.7020681445922459
0.7020691267591856
0.7020691267591856
0.7020701089261254
0.7020701089261254
0.702071091093065
0.7020720732600048
0.7020720732600048
0.7020730554269445
0.7020740375938842
0.7020750197608239
0.7020760019277635
0.7020769840947033
0.7020779662616431
0.7020789484285826
0.7020799305955224
0.7020818949294018
0.7020828770963415
0.702084841430221
0.7020858235971607
0.7020877879310401
0.7020897522649194
0.7020917165987989
0.7020936809326783
0.7020956452665578
0.7020985917673769
0.7021005561012563
0.7021035026020754
0.7021064491028945
0.7084708908722014
0.7084708908722014
0.7084708908722014
0.7084708908722014
0.7084708908722014
0.7084708908722014
0.7084708908722014
0.7084708908722014
0.7084708908722014
0.7084708908722014
0.7084708908722014
0.7084708908722014
0.7084708908722014
0.7084708908722014
0.7084708908722014
0.7084708908722014
0.7084708908722014
0.7084718879749294
0.7084718879749294
0.7084718879749294
0.7084718879749294
0.7084718879749294
0.7084718879749294
0.7084718879749294
0.7084718879749294
0.7084718879749294
0.7084718879749294
0.7084718879749294
0.7084718879749294
0.7084718879749294
0.7084718879749294
0.7084718879749294
0.7084718879749294
0.7084728850776575
0.7084728850776575
0.7084728850776575
0.7084728850776575
0.7084728850776575
0.7084728850776575
0.7084728850776575
0.7084728850776575
0.7084738821803857
0.7084738821803857
0.7084738821803857
0.7084738821803857
0.7084738821803857
0.7084748792831138
0.7084748792831138
0.7084748792831138
0.7084758763858418
0.7084758763858418
0.7084758763858418
0.7084768734885699
0.7084768734885699
0.7084768734885699
0.7084778705912981
0.7084778705912981
0.7084788676940261
0.7084788676940261
0.7084798647967542
0.7084798647967542
0.7084808618994823
0.7084818590022104
0.7084828561049386
0.7084828561049386
0.7084838532076666
0.7084848503103947
0.7084858474131228
0.7084868445158509
0.7084878416185789
0.7084888387213071
0.7084908329267632
0.7084918300294913
0.7084938242349476
0.7084948213376756
0.7084968155431318
0.708498809748588
0.7085008039540442
0.7085027981595003
0.7085047923649567
0.7085067865704128
0.7085097778785971
0.7085117720840532
0.7085147633922375
0.7085177547004218
0.7149460759884572
0.7149460759884572
0.7149460759884572
0.7149460759884572
0.7149460759884572
0.7149460759884572
0.7149460759884572
0.7149460759884572
0.7149460759884572
0.7149460759884572
0.7149460759884572
0.7149460759884572
0.7149460759884572
0.7149460759884572
0.7149460759884572
0.7149460759884572
0.7149460759884572
0.7149460759884572
0.7149460759884572
0.7149460759884572
0.7149460759884572
0.7149460759884572
0.7149460759884572
0.7149460759884572
0.7149460759884572
0.7149460759884572
0.714947088103299
0.714947088103299
0.714947088103299
0.714947088103299
0.714947088103299
0.714947088103299
0.714947088103299
0.714947088103299
0.714947088103299
0.714947088103299
0.714947088103299
0.7149481002181409
0.7149481002181409
0.7149481002181409
0.7149481002181409
0.7149481002181409
0.7149481002181409
0.7149491123329829
0.7149491123329829
0.7149491123329829
0.7149491123329829
0.7149501244478248
0.7149501244478248
0.7149501244478248
0.7149501244478248
0.7149511365626666
0.7149511365626666
0.7149521486775087
0.7149521486775087
0.7149521486775087
0.7149531607923506
0.7149531607923506
0.7149541729071925
0.7149551850220344
0.7149551850220344
0.7149561971368763
0.7149572092517182
0.7149572092517182
0.7149582213665602
0.714959233481402
0.7149602455962439
0.7149612577110859
0.7149622698259277
0.7149632819407696
0.7149642940556117
0.7149663182852954
0.7149673304001374
0.7149693546298213
0.7149703667446631
0.714972390974347
0.7149744152040307
0.7149764394337147
0.7149784636633985
0.7149804878930823
0.7149825121227661
0.7149855484672919
0.7149885848118177
0.7149916211563434
0.7149946575008691
0.721485349982084
0.721485349982084
0.721485349982084
0.721485349982084
0.721485349982084
0.721485349982084
0.721485349982084
0.721485349982084
0.721485349982084
0.721485349982084
0.721485349982084
0.721485349982084
0.721485349982084
0.721485349982084
0.721485349982084
0.721485349982084
0.721485349982084
0.721485349982084
0.721485349982084
0.721485349982084
0.721485349982084
0.721485349982084
0.721485349982084
0.7214863768338077
0.7214863768338077
0.7214863768338077
0.7214863768338077
0.7214863768338077
0.7214863768338077
0.7214863768338077
0.7214863768338077
0.7214863768338077
0.7214863768338077
0.7214863768338077
0.7214863768338077
0.7214874036855313
0.7214874036855313
0.7214874036855313
0.7214874036855313
0.7214874036855313
0.7214874036855313
0.7214874036855313
0.7214884305372549
0.7214884305372549
0.7214884305372549
0.7214884305372549
0.7214894573889786
0.7214894573889786
0.7214894573889786
0.7214894573889786
0.7214904842407023
0.7214904842407023
0.7214904842407023
0.7214915110924259
0.7214915110924259
0.7214925379441495
0.7214925379441495
0.7214935647958731
0.7214935647958731
0.7214945916475968
0.7214956184993204
0.7214956184993204
0.7214966453510441
0.7214976722027677
0.7214986990544914
0.7214986990544914
0.721499725906215
0.7215007527579386
0.7215028064613859
0.7215038333131096
0.7215048601648332
0.7215058870165568
0.721507940720004
0.7215089675717277
0.721511021275175
0.7215130749786223
0.7215141018303459
0.7215161555337931
0.7215192360889642
0.7215212897924114
0.7215233434958587
0.7215264240510296
0.7215295046062005
0.7215325851613713
0.7215356657165423
0.7280869797133512
0.7280869797133512
0.7280869797133512
0.7280869797133512
0.7280869797133512
0.7280869797133512
0.7280869797133512
0.7280869797133512
0.7280869797133512
0.7280869797133512
0.7280869797133512
0.7280869797133512
0.7280869797133512
0.7280869797133512
0.7280869797133512
0.7280869797133512
0.7280869797133512
0.7280869797133512
0.7280869797133512
0.7280869797133512
0.7280869797133512
0.7280869797133512
0.7280880211324865
0.7280880211324865
0.7280880211324865
0.7280880211324865
0.7280880211324865
0.7280880211324865
0.7280880211324865
0.7280880211324865
0.7280880211324865
0.7280880211324865
0.7280880211324865
0.7280880211324865
0.7280880211324865
0.7280890625516215
0.7280890625516215
0.7280890625516215
0.7280890625516215
0.7280890625516215
0.7280890625516215
0.7280901039707568
0.7280901039707568
0.7280901039707568
0.7280901039707568
0.7280901039707568
0.728091145389892
0.728091145389892
0.728091145389892
0.7280921868090272
0.7280921868090272
0.7280921868090272
0.7280932282281622
0.7280932282281622
0.7280932282281622
0.7280942696472975
0.7280942696472975
0.7280953110664328
0.7280953110664328
0.7280963524855679
0.7280973939047031
0.7280973939047031
0.7280984353238382
0.7280994767429735
0.7281005181621086
0.7281015595812438
0.728102601000379
0.7281036424195142
0.7281046838386495
0.7281057252577845
0.7281067666769198
0.7281088495151902
0.7281098909343253
0.7281119737725957
0.7281130151917309
0.7281150980300013
0.7281171808682716
0.728119263706542
0.7281213465448123
0.7281234293830827
0.7281265536404883
0.7281296778978938
0.7281317607361643
0.728135926412705
0.7281390506701105
0.7347489379211324
0.7347489379211324
0.7347489379211324
0.7347489379211324
0.7347489379211324
0.7347489379211324
0.7347489379211324
0.7347489379211324
0.7347489379211324
0.7347489379211324
0.7347489379211324
0.7347489379211324
0.7347489379211324
0.7347489379211324
0.7347489379211324
0.7347489379211324
0.7347489379211324
0.7347489379211324
0.7347489379211324
0.7347489379211324
0.7347489379211324
0.7347499936828736
0.7347499936828736
0.7347499936828736
0.7347499936828736
0.7347499936828736
0.7347499936828736
0.7347499936828736
0.7347499936828736
0.7347499936828736
0.7347499936828736
0.7347499936828736
0.7347499936828736
0.7347499936828736
0.734751049444615
0.734751049444615
0.734751049444615
0.734751049444615
0.734751049444615
0.734751049444615
0.734751049444615
0.7347521052063561
0.7347521052063561
0.7347521052063561
0.7347521052063561
0.7347521052063561
0.7347531609680975
0.7347531609680975
0.7347531609680975
0.7347542167298388
0.7347542167298388
0.7347542167298388
0.7347552724915801
0.7347552724915801
0.7347563282533213
0.7347563282533213
0.7347573840150626
0.7347573840150626
0.7347584397768039
0.7347584397768039
0.7347594955385452
0.7347605513002864
0.7347605513002864
0.7347616070620278
0.734762662823769
0.7347637185855104
0.7347647743472515
0.7347658301089928
0.7347668858707341
0.7347679416324753
0.7347700531559579
0.7347711089176993
0.7347721646794404
0.734774276202923
0.7347763877264055
0.7347774434881469
0.7347795550116295
0.7347816665351119
0.7347848338203358
0.7347869453438184
0.7347890568673009
0.7347922241525248
0.7347953914377486
0.7347985587229724
0.7348017260081962
0.7414688614043556
0.7414688614043556
0.7414688614043556
0.7414688614043556
0.7414688614043556
0.7414688614043556
0.7414688614043556
0.7414688614043556
0.7414688614043556
0.7414688614043556
0.7414688614043556
0.7414688614043556
0.7414688614043556
0.7414688614043556
0.7414688614043556
0.7414688614043556
0.7414699316020072
0.7414699316020072
0.7414699316020072
0.7414699316020072
0.7414699316020072
0.7414699316020072
0.7414699316020072
0.7414699316020072
0.7414699316020072
0.7414699316020072
0.7414699316020072
0.7414699316020072
0.7414699316020072
0.7414699316020072
0.7414699316020072
0.7414699316020072
0.741471001799659
0.741471001799659
0.741471001799659
0.741471001799659
0.741471001799659
0.741471001799659
0.741471001799659
0.741471001799659
0.7414720719973107
0.7414720719973107
0.7414720719973107
0.7414720719973107
0.7414720719973107
0.7414731421949624
0.7414731421949624
0.7414731421949624
0.741474212392614
0.741474212392614
0.741474212392614
0.7414752825902657
0.7414752825902657
0.7414752825902657
0.7414763527879175
0.7414763527879175
0.7414774229855691
0.7414774229855691
0.7414784931832208
0.7414795633808725
0.7414795633808725
0.7414806335785242
0.7414817037761758
0.7414817037761758
0.7414827739738276
0.7414838441714793
0.741484914369131
0.7414859845667826
0.7414870547644343
0.7414891951597378
0.7414902653573894
0.7414913355550411
0.7414934759503445
0.7414945461479961
0.7414966865432997
0.741498826938603
0.7415009673339065
0.7415031077292098
0.7415052481245132
0.7415073885198166
0.7415105991127716
0.7415138097057268
0.7415170202986818
0.7415202308916369
0.7415234414845919
0.7482474933301847
0.7482474933301847
0.7482474933301847
0.7482474933301847
0.7482474933301847
0.7482474933301847
0.7482474933301847
0.7482474933301847
0.7482474933301847
0.7482474933301847
0.7482474933301847
0.7482474933301847
0.7482474933301847
0.7482474933301847
0.7482474933301847
0.7482474933301847
0.7482474933301847
0.7482474933301847
0.7482474933301847
0.7482474933301847
0.7482474933301847
0.7482474933301847
0.7482474933301847
0.7482474933301847
0.7482474933301847
0.7482474933301847
0.7482485772602724
0.7482485772602724
0.7482485772602724
0.7482485772602724
0.7482485772602724
0.7482485772602724
0.7482485772602724
0.7482485772602724
0.7482485772602724
0.7482485772602724
0.7482496611903598
0.7482496611903598
0.7482496611903598
0.7482496611903598
0.7482496611903598
0.7482496611903598
0.7482507451204475
0.7482507451204475
0.7482507451204475
0.7482507451204475
0.7482518290505351
0.7482518290505351
0.7482518290505351
0.7482518290505351
0.7482529129806228
0.7482529129806228
0.7482539969107103
0.7482539969107103
0.7482539969107103
0.748255080840798
0.748255080840798
0.7482561647708855
0.7482561647708855
0.7482572487009732
0.7482583326310607
0.7482583326310607
0.7482594165611484
0.7482605004912359
0.7482615844213236
0.7482626683514111
0.7482637522814988
0.7482648362115865
0.748265920141674
0.7482670040717616
0.7482691719319369
0.7482702558620244
0.748271339792112
0.7482735076522873
0.7482756755124624
0.7482778433726377
0.7482800112328128
0.7482821790929881
0.7482843469531633
0.7482865148133385
0.7482897666036014
0.7482930183938642
0.7482951862540395
0.7482995219743899
0.7483027737646526
0.7550784207422796
0.7550784207422796
0.7550784207422796
0.7550784207422796
0.7550784207422796
0.7550784207422796
0.7550784207422796
0.7550784207422796
0.7550784207422796
0.7550784207422796
0.7550784207422796
0.7550784207422796
0.7550784207422796
0.7550784207422796
0.7550784207422796
0.7550784207422796
0.7550784207422796
0.7550784207422796
0.7550784207422796
0.7550784207422796
0.7550784207422796
0.7550784207422796
0.7550784207422796
0.7550784207422796
0.7550784207422796
0.7550795191609825
0.7550795191609825
0.7550795191609825
0.7550795191609825
0.7550795191609825
0.7550795191609825
0.7550795191609825
0.7550795191609825
0.7550795191609825
0.7550795191609825
0.7550795191609825
0.7550806175796855
0.7550806175796855
0.7550806175796855
0.7550806175796855
0.7550806175796855
0.7550806175796855
0.7550817159983885
0.7550817159983885
0.7550817159983885
0.7550817159983885
0.7550828144170916
0.7550828144170916
0.7550828144170916
0.7550828144170916
0.7550839128357945
0.7550839128357945
0.7550850112544975
0.7550850112544975
0.7550850112544975
0.7550861096732004
0.7550861096732004
0.7550872080919034
0.7550883065106063
0.7550883065106063
0.7550894049293093
0.7550905033480123
0.7550905033480123
0.7550916017667154
0.7550927001854183
0.7550937986041213
0.7550948970228243
0.7550959954415273
0.7550970938602302
0.7550981922789332
0.7551003891163393
0.7551014875350421
0.7551036843724481
0.7551047827911511
0.755106979628557
0.755109176465963
0.755111373303369
0.7551135701407748
0.7551157669781808
0.7551179638155868
0.7551212590716958
0.7551245543278047
0.7551278495839137
0.7551311448400225
0.7551344400961316
0.7619655060099613
0.7619655060099613
0.7619655060099613
0.7619655060099613
0.7619655060099613
0.7619655060099613
0.7619655060099613
0.7619655060099613
0.7619655060099613
0.7619655060099613
0.7619666181723583
0.7619666181723583
0.7619666181723583
0.7619666181723583
0.7619666181723583
0.7619666181723583
0.7619666181723583
0.7619666181723583
0.7619666181723583
0.7619666181723583
0.7619666181723583
0.7619666181723583
0.7619666181723583
0.7619666181723583
0.7619666181723583
0.7619666181723583
0.7619666181723583
0.7619666181723583
0.7619666181723583
0.7619666181723583
0.7619677303347556
0.7619677303347556
0.7619677303347556
0.7619677303347556
0.7619677303347556
0.7619677303347556
0.7619677303347556
0.7619677303347556
0.7619688424971529
0.7619688424971529
0.7619688424971529
0.7619688424971529
0.7619688424971529
0.7619688424971529
0.7619699546595501
0.7619699546595501
0.7619699546595501
0.7619699546595501
0.7619710668219473
0.7619710668219473
0.7619710668219473
0.7619721789843444
0.7619721789843444
0.7619732911467417
0.7619732911467417
0.7619744033091389
0.7619744033091389
0.7619755154715361
0.7619755154715361
0.7619766276339333
0.7619766276339333
0.7619777397963305
0.7619788519587277
0.7619799641211249
0.7619810762835221
0.7619821884459194
0.7619833006083165
0.7619844127707137
0.7619855249331109
0.7619866370955082
0.7619877492579054
0.7619899735826997
0.761991085745097
0.7619933100698913
0.7619944222322885
0.7619966465570829
0.7619988708818775
0.7620010952066718
0.7620044316938634
0.7620066560186578
0.7620099925058494
0.7620122168306439
0.7620155533178354
0.7620188898050271
0.7620233384546159
0.7689053993685238
0.7689053993685238
0.7689053993685238
0.7689053993685238
0.7689053993685238
0.7689053993685238
0.7689053993685238
0.7689053993685238
0.7689053993685238
0.7689053993685238
0.7689053993685238
0.7689053993685238
0.7689053993685238
0.7689053993685238
0.7689053993685238
0.7689053993685238
0.7689053993685238
0.7689053993685238
0.7689053993685238
0.7689053993685238
0.7689053993685238
0.7689053993685238
0.7689053993685238
0.7689053993685238
0.7689065251398841
0.7689065251398841
0.7689065251398841
0.7689065251398841
0.7689065251398841
0.7689065251398841
0.7689065251398841
0.7689065251398841
0.7689065251398841
0.7689065251398841
0.7689065251398841
0.7689076509112446
0.7689076509112446
0.7689076509112446
0.7689076509112446
0.7689076509112446
0.7689076509112446
0.7689076509112446
0.7689087766826049
0.7689087766826049
0.7689087766826049
0.7689087766826049
0.7689099024539653
0.7689099024539653
0.7689099024539653
0.7689099024539653
0.7689110282253258
0.7689110282253258
0.7689121539966862
0.7689121539966862
0.7689121539966862
0.7689132797680467
0.7689132797680467
0.7689144055394069
0.7689155313107674
0.7689155313107674
0.7689166570821279
0.7689177828534883
0.7689177828534883
0.7689189086248486
0.768920034396209
0.7689211601675695
0.76892228593893
0.7689234117102903
0.7689245374816507
0.7689256632530111
0.768927914795732
0.7689290405670924
0.7689312921098133
0.7689324178811736
0.7689346694238945
0.7689369209666153
0.7689391725093362
0.7689414240520569
0.7689436755947778
0.7689459271374985
0.7689493044515798
0.7689526817656611
0.7689560590797424
0.7689594363938236
0.7689628137079048
0.775894187973976
0.775894187973976
0.775894187973976
0.775894187973976
0.775894187973976
0.775894187973976
0.775894187973976
0.775894187973976
0.775894187973976
0.775894187973976
0.775894187973976
0.775894187973976
0.775894187973976
0.775894187973976
0.775894187973976
0.775894187973976
0.775894187973976
0.7758953270759572
0.7758953270759572
0.7758953270759572
0.7758953270759572
0.7758953270759572
0.7758953270759572
0.7758953270759572
0.7758953270759572
0.7758953270759572
0.7758953270759572
0.7758953270759572
0.7758953270759572
0.7758953270759572
0.7758953270759572
0.7758953270759572
0.7758964661779386
0.7758964661779386
0.7758964661779386
0.7758964661779386
0.7758964661779386
0.7758964661779386
0.7758964661779386
0.7758964661779386
0.7758976052799199
0.7758976052799199
0.7758976052799199
0.7758976052799199
0.7758976052799199
0.7758987443819012
0.7758987443819012
0.7758987443819012
0.7758998834838824
0.7758998834838824
0.7758998834838824
0.7759010225858638
0.7759010225858638
0.7759010225858638
0.7759021616878451
0.7759021616878451
0.7759033007898264
0.7759033007898264
0.7759044398918077
0.775905578993789
0.775905578993789
0.7759067180957703
0.7759078571977517
0.7759078571977517
0.7759089962997329
0.7759101354017142
0.7759112745036955
0.7759124136056768
0.775913552707658
0.7759158309116208
0.7759169700136019
0.7759181091155832
0.7759203873195459
0.7759215264215271
0.7759238046254898
0.7759260828294523
0.775928361033415
0.7759306392373775
0.7759329174413402
0.7759363347472841
0.7759386129512467
0.7759420302571906
0.7759454475631344
0.7759488648690783
0.7759522821750222
0.7829315600144422
0.7829315600144422
0.7829315600144422
0.7829315600144422
0.7829315600144422
0.7829315600144422
0.7829315600144422
0.7829315600144422
0.7829315600144422
0.7829315600144422
0.7829315600144422
0.7829315600144422
0.7829315600144422
0.7829315600144422
0.7829315600144422
0.7829315600144422
0.7829315600144422
0.7829315600144422
0.7829315600144422
0.7829315600144422
0.7829315600144422
0.7829315600144422
0.7829315600144422
0.7829315600144422
0.7829315600144422
0.7829315600144422
0.7829315600144422
0.7829327128970931
0.7829327128970931
0.7829327128970931
0.7829327128970931
0.7829327128970931
0.7829327128970931
0.7829327128970931
0.7829327128970931
0.7829327128970931
0.7829327128970931
0.782933865779744
0.782933865779744
0.782933865779744
0.782933865779744
0.782933865779744
0.782933865779744
0.782935018662395
0.782935018662395
0.782935018662395
0.782935018662395
0.7829361715450458
0.7829361715450458
0.7829361715450458
0.7829373244276967
0.7829373244276967
0.7829373244276967
0.7829384773103476
0.7829384773103476
0.7829396301929985
0.7829396301929985
0.7829407830756493
0.7829407830756493
0.7829419359583003
0.7829430888409512
0.7829430888409512
0.7829442417236021
0.7829453946062529
0.7829465474889038
0.7829477003715548
0.7829488532542057
0.7829500061368565
0.7829511590195074
0.7829523119021583
0.7829534647848092
0.782955770550111
0.7829569234327619
0.7829592291980636
0.7829603820807145
0.7829626878460163
0.7829649936113181
0.7829672993766198
0.7829696051419217
0.7829730637898743
0.7829753695551762
0.7829788282031288
0.7829822868510815
0.7829857454990341
0.7829892041469869
0.7900171767868227
0.7900171767868227
0.7900171767868227
0.7900171767868227
0.7900171767868227
0.7900171767868227
0.7900171767868227
0.7900171767868227
0.7900171767868227
0.7900171767868227
0.7900183431527064
0.7900183431527064
0.7900183431527064
0.7900183431527064
0.7900183431527064
0.7900183431527064
0.7900183431527064
0.7900183431527064
0.7900183431527064
0.7900183431527064
0.7900183431527064
0.7900183431527064
0.7900183431527064
0.7900183431527064
0.7900183431527064
0.7900183431527064
0.7900183431527064
0.7900183431527064
0.7900183431527064
0.7900183431527064
0.7900183431527064
0.7900195095185901
0.7900195095185901
0.7900195095185901
0.7900195095185901
0.7900195095185901
0.7900195095185901
0.7900195095185901
0.7900195095185901
0.790020675884474
0.790020675884474
0.790020675884474
0.790020675884474
0.790020675884474
0.7900218422503578
0.7900218422503578
0.7900218422503578
0.7900218422503578
0.7900230086162414
0.7900230086162414
0.7900230086162414
0.7900241749821252
0.7900241749821252
0.7900241749821252
0.7900253413480091
0.7900253413480091
0.7900265077138928
0.7900265077138928
0.7900276740797765
0.7900288404456602
0.7900288404456602
0.790030006811544
0.7900311731774278
0.7900311731774278
0.7900323395433115
0.7900335059091953
0.7900346722750791
0.7900358386409627
0.7900370050068466
0.7900393377386141
0.7900405041044978
0.7900416704703817
0.7900440032021492
0.7900451695680328
0.7900475022998005
0.7900498350315679
0.7900521677633355
0.790054500495103
0.7900568332268706
0.790059165958638
0.7900626650562893
0.7900649977880568
0.7900684968857081
0.7900719959833593
0.7900754950810107
0.797150670531904
0.797150670531904
0.797150670531904
0.7971518488491786
0.7971518488491786
0.7971518488491786
0.7971518488491786
0.7971518488491786
0.7971518488491786
0.7971518488491786
0.7971518488491786
0.7971518488491786
0.7971518488491786
0.7971518488491786
0.7971518488491786
0.7971518488491786
0.7971518488491786
0.7971518488491786
0.7971518488491786
0.7971518488491786
0.7971518488491786
0.7971518488491786
0.7971518488491786
0.7971518488491786
0.7971518488491786
0.7971518488491786
0.7971518488491786
0.7971518488491786
0.7971518488491786
0.7971530271664532
0.7971530271664532
0.7971530271664532
0.7971530271664532
0.7971530271664532
0.7971530271664532
0.7971530271664532
0.7971530271664532
0.7971530271664532
0.7971542054837278
0.7971542054837278
0.7971542054837278
0.7971542054837278
0.7971542054837278
0.7971542054837278
0.7971553838010024
0.7971553838010024
0.7971553838010024
0.7971553838010024
0.797156562118277
0.797156562118277
0.797156562118277
0.7971577404355517
0.7971577404355517
0.7971577404355517
0.7971589187528263
0.7971589187528263
0.7971600970701008
0.7971600970701008
0.7971612753873755
0.7971624537046501
0.7971624537046501
0.7971636320219248
0.7971648103391993
0.7971648103391993
0.7971659886564739
0.7971671669737486
0.7971683452910232
0.7971695236082977
0.7971707019255724
0.797171880242847
0.7971742368773962
0.7971754151946708
0.7971765935119455
0.7971789501464946
0.7971813067810439
0.7971824850983186
0.7971848417328677
0.7971871983674169
0.7971895550019662
0.79719308995379
0.7971954465883394
0.7971989815401632
0.797202516491987
0.7972060514438108
0.7972095863956348
0.8043219094652075
0.8043219094652075
0.8043219094652075
0.8043219094652075
0.8043219094652075
0.8043219094652075
0.8043219094652075
0.8043219094652075
0.8043219094652075
0.8043219094652075
0.8043219094652075
0.8043219094652075
0.8043219094652075
0.8043219094652075
0.8043219094652075
0.8043219094652075
0.8043219094652075
0.8043231012325567
0.8043231012325567
0.8043231012325567
0.8043231012325567
0.8043231012325567
0.8043231012325567
0.8043231012325567
0.8043231012325567
0.8043231012325567
0.8043231012325567
0.8043231012325567
0.8043231012325567
0.8043231012325567
0.8043231012325567
0.8043231012325567
0.8043231012325567
0.8043242929999059
0.8043242929999059
0.8043242929999059
0.8043242929999059
0.8043242929999059
0.8043242929999059
0.8043242929999059
0.804325484767255
0.804325484767255
0.804325484767255
0.804325484767255
0.804325484767255
0.8043266765346041
0.8043266765346041
0.8043266765346041
0.8043266765346041
0.8043278683019534
0.8043278683019534
0.8043278683019534
0.8043290600693025
0.8043290600693025
0.8043290600693025
0.8043302518366515
0.8043302518366515
0.8043314436040007
0.8043314436040007
0.8043326353713499
0.804333827138699
0.804333827138699
0.8043350189060481
0.8043362106733973
0.8043374024407465
0.8043385942080956
0.8043397859754446
0.8043409777427939
0.804342169510143
0.8043433612774922
0.8043445530448413
0.8043457448121905
0.8043481283468886
0.8043493201142379
0.8043517036489362
0.8043540871836344
0.8043564707183328
0.804358854253031
0.8043612377877294
0.8043636213224276
0.804366004857126
0.8043695801591734
0.8043731554612208
0.8043767307632681
0.8043803060653155
0.8115392525316227
0.8115392525316227
0.8115392525316227
0.8115392525316227
0.8115392525316227
0.8115392525316227
0.8115392525316227
0.8115392525316227
0.8115392525316227
0.8115392525316227
0.8115392525316227
0.8115392525316227
0.8115392525316227
0.8115392525316227
0.8115392525316227
0.8115392525316227
0.8115392525316227
0.8115392525316227
0.8115392525316227
0.8115392525316227
0.8115392525316227
0.8115392525316227
0.8115392525316227
0.8115392525316227
0.8115392525316227
0.8115392525316227
0.8115392525316227
0.8115392525316227
0.8115392525316227
0.8115404562070544
0.8115404562070544
0.8115404562070544
0.8115404562070544
0.8115404562070544
0.8115404562070544
0.8115404562070544
0.8115404562070544
0.8115404562070544
0.8115416598824863
0.8115416598824863
0.8115416598824863
0.8115416598824863
0.8115416598824863
0.8115416598824863
0.811542863557918
0.811542863557918
0.811542863557918
0.811542863557918
0.8115440672333499
0.8115440672333499
0.8115440672333499
0.8115452709087816
0.8115452709087816
0.8115452709087816
0.8115464745842134
0.8115464745842134
0.8115476782596452
0.8115476782596452
0.811548881935077
0.811548881935077
0.8115500856105088
0.8115512892859406
0.8115512892859406
0.8115524929613723
0.8115536966368042
0.8115549003122359
0.8115561039876678
0.8115573076630995
0.8115585113385312
0.8115597150139631
0.8115609186893948
0.8115621223648267
0.8115645297156903
0.811565733391122
0.8115681407419856
0.8115705480928492
0.811571751768281
0.8115741591191445
0.8115765664700082
0.8115801774963035
0.811582584847167
0.8115861958734625
0.811588603224326
0.8115922142506213
0.8115958252769166
0.818791397008146
0.818791397008146
0.818791397008146
0.818791397008146
0.818791397008146
0.818791397008146
0.818791397008146
0.818791397008146
0.818791397008146
0.818791397008146
0.818791397008146
0.818791397008146
0.818791397008146
0.818791397008146
0.818791397008146
0.818791397008146
0.818791397008146
0.818791397008146
0.818791397008146
0.818791397008146
0.818791397008146
0.818791397008146
0.818791397008146
0.818791397008146
0.818791397008146
0.818791397008146
0.8187926130646584
0.8187926130646584
0.8187926130646584
0.8187926130646584
0.8187926130646584
0.8187926130646584
0.8187926130646584
0.8187926130646584
0.8187926130646584
0.8187926130646584
0.8187926130646584
0.818793829121171
0.818793829121171
0.818793829121171
0.818793829121171
0.818793829121171
0.818793829121171
0.8187950451776834
0.8187950451776834
0.8187950451776834
0.8187950451776834
0.8187950451776834
0.8187962612341959
0.8187962612341959
0.8187962612341959
0.8187974772907084
0.8187974772907084
0.8187974772907084
0.818798693347221
0.818798693347221
0.8187999094037334
0.8187999094037334
0.8188011254602459
0.8188011254602459
0.8188023415167583
0.818803557573271
0.818803557573271
0.8188047736297833
0.8188059896862958
0.8188072057428084
0.8188084217993208
0.8188096378558333
0.8188108539123458
0.8188120699688584
0.8188132860253707
0.8188145020818832
0.8188169341949083
0.8188181502514207
0.8188205823644457
0.8188217984209583
0.8188242305339831
0.8188266626470082
0.8188290947600331
0.8188315268730582
0.818833958986083
0.8188376071556205
0.818841255325158
0.8188449034946955
0.818848551664233
0.8260816558005124
0.8260816558005124
0.8260816558005124
0.8260816558005124
0.8260816558005124
0.8260816558005124
0.8260816558005124
0.8260816558005124
0.8260816558005124
0.8260816558005124
0.8260816558005124
0.8260816558005124
0.8260816558005124
0.8260816558005124
0.8260816558005124
0.8260816558005124
0.8260816558005124
0.8260816558005124
0.8260816558005124
0.8260816558005124
0.8260816558005124
0.8260816558005124
0.8260816558005124
0.8260828850562347
0.8260828850562347
0.8260828850562347
0.8260828850562347
0.8260828850562347
0.8260828850562347
0.8260828850562347
0.8260828850562347
0.8260828850562347
0.8260828850562347
0.8260828850562347
0.8260828850562347
0.8260828850562347
0.826084114311957
0.826084114311957
0.826084114311957
0.826084114311957
0.826084114311957
0.826084114311957
0.8260853435676794
0.8260853435676794
0.8260853435676794
0.8260853435676794
0.8260853435676794
0.8260865728234016
0.8260865728234016
0.8260865728234016
0.8260865728234016
0.8260878020791239
0.8260878020791239
0.8260890313348462
0.8260890313348462
0.8260890313348462
0.8260902605905687
0.8260902605905687
0.8260914898462909
0.8260914898462909
0.8260927191020132
0.8260939483577355
0.8260939483577355
0.8260951776134579
0.8260964068691801
0.8260976361249024
0.8260976361249024
0.8260988653806247
0.8261000946363469
0.8261025531477916
0.8261037824035139
0.8261050116592361
0.8261062409149584
0.8261086994264032
0.8261099286821253
0.82611238719357
0.8261148457050146
0.8261160749607369
0.8261185334721816
0.8261222212393484
0.826124679750793
0.8261271382622376
0.8261308260294046
0.8261345137965714
0.8261382015637383
0.8334141661840426
0.8334141661840426
0.8334141661840426
0.8334141661840426
0.8334141661840426
0.8334141661840426
0.8334141661840426
0.8334141661840426
0.8334141661840426
0.8334141661840426
0.8334141661840426
0.8334141661840426
0.8334154062676049
0.8334154062676049
0.8334154062676049
0.8334154062676049
0.8334154062676049
0.8334154062676049
0.8334154062676049
0.8334154062676049
0.8334154062676049
0.8334154062676049
0.8334154062676049
0.8334154062676049
0.8334154062676049
0.8334154062676049
0.8334154062676049
0.8334154062676049
0.8334154062676049
0.8334154062676049
0.8334154062676049
0.8334154062676049
0.8334166463511671
0.8334166463511671
0.8334166463511671
0.8334166463511671
0.8334166463511671
0.8334166463511671
0.8334166463511671
0.8334166463511671
0.8334166463511671
0.8334178864347294
0.8334178864347294
0.8334178864347294
0.8334178864347294
0.8334178864347294
0.8334191265182914
0.8334191265182914
0.8334191265182914
0.8334191265182914
0.8334203666018537
0.8334203666018537
0.8334203666018537
0.8334216066854159
0.8334216066854159
0.8334228467689782
0.8334228467689782
0.8334228467689782
0.8334240868525402
0.8334240868525402
0.8334253269361024
0.8334265670196647
0.8334265670196647
0.833427807103227
0.833429047186789
0.8334302872703512
0.8334302872703512
0.8334315273539135
0.8334327674374755
0.8334340075210378
0.8334364876881623
0.8334377277717243
0.8334389678552866
0.8334402079388488
0.8334426881059731
0.8334451682730976
0.8334464083566598
0.8334488885237842
0.8334513686909086
0.833453848858033
0.8334563290251574
0.8334600492758439
0.8334625294429683
0.8334662496936549
0.8334699699443415
0.8407753022092391
0.8407753022092391
0.8407753022092391
0.8407753022092391
0.8407753022092391
0.8407753022092391
0.8407753022092391
0.8407753022092391
0.8407753022092391
0.8407753022092391
0.8407753022092391
0.8407753022092391
0.8407753022092391
0.8407753022092391
0.8407753022092391
0.8407753022092391
0.8407753022092391
0.8407753022092391
0.8407753022092391
0.8407753022092391
0.8407753022092391
0.8407753022092391
0.8407753022092391
0.8407765539765516
0.8407765539765516
0.8407765539765516
0.8407765539765516
0.8407765539765516
0.8407765539765516
0.8407765539765516
0.8407765539765516
0.8407765539765516
0.8407765539765516
0.8407765539765516
0.8407765539765516
0.8407765539765516
0.8407778057438638
0.8407778057438638
0.8407778057438638
0.8407778057438638
0.8407778057438638
0.8407778057438638
0.8407778057438638
0.8407790575111763
0.8407790575111763
0.8407790575111763
0.8407790575111763
0.8407790575111763
0.8407803092784887
0.8407803092784887
0.8407803092784887
0.8407815610458012
0.8407815610458012
0.8407815610458012
0.8407828128131135
0.8407828128131135
0.8407828128131135
0.8407840645804259
0.8407840645804259
0.8407853163477383
0.8407853163477383
0.8407865681150508
0.8407878198823631
0.8407878198823631
0.8407890716496755
0.8407903234169879
0.8407915751843004
0.8407928269516127
0.8407940787189251
0.8407953304862376
0.8407965822535498
0.8407978340208623
0.8407990857881747
0.8408003375554871
0.8408028410901118
0.8408040928574243
0.840806596392049
0.840809099926674
0.8408116034612987
0.8408141069959235
0.8408166105305482
0.8408191140651732
0.8408228693671103
0.8408253729017352
0.8408291282036724
0.8481682399562723
0.8481682399562723
0.8481682399562723
0.8481682399562723
0.8481682399562723
0.8481682399562723
0.8481682399562723
0.8481682399562723
0.8481682399562723
0.8481682399562723
0.8481682399562723
0.8481682399562723
0.8481682399562723
0.8481682399562723
0.8481682399562723
0.8481682399562723
0.8481682399562723
0.8481682399562723
0.8481682399562723
0.8481682399562723
0.8481682399562723
0.8481682399562723
0.8481695028156203
0.8481695028156203
0.8481695028156203
0.8481695028156203
0.8481695028156203
0.8481695028156203
0.8481695028156203
0.8481695028156203
0.8481695028156203
0.8481695028156203
0.8481695028156203
0.8481695028156203
0.8481695028156203
0.8481695028156203
0.8481707656749682
0.8481707656749682
0.8481707656749682
0.8481707656749682
0.8481707656749682
0.8481707656749682
0.8481707656749682
0.8481720285343161
0.8481720285343161
0.8481720285343161
0.8481720285343161
0.8481720285343161
0.848173291393664
0.848173291393664
0.848173291393664
0.848173291393664
0.8481745542530119
0.8481745542530119
0.8481745542530119
0.8481758171123599
0.8481758171123599
0.8481770799717077
0.8481770799717077
0.8481783428310556
0.8481783428310556
0.8481796056904036
0.8481796056904036
0.8481808685497515
0.8481821314090994
0.8481833942684474
0.8481833942684474
0.8481846571277952
0.8481859199871432
0.848187182846491
0.848188445705839
0.8481897085651869
0.8481922342838827
0.8481934971432307
0.8481947600025785
0.8481972857212743
0.8481985485806223
0.848201074299318
0.848203600018014
0.8482061257367097
0.8482086514554056
0.8482111771741013
0.8482149657521452
0.8482174914708409
0.8482212800488846
0.8555900643439566
0.8555900643439566
0.8555900643439566
0.8555900643439566
0.8555900643439566
0.8555900643439566
0.8555900643439566
0.8555900643439566
0.8555900643439566
0.8555900643439566
0.8555900643439566
0.8555900643439566
0.8555900643439566
0.8555900643439566
0.8555900643439566
0.8555900643439566
0.8555900643439566
0.8555900643439566
0.8555900643439566
0.8555900643439566
0.8555900643439566
0.8555900643439566
0.8555900643439566
0.8555900643439566
0.8555900643439566
0.8555900643439566
0.8555900643439566
0.8555900643439566
0.8555900643439566
0.8555913393028814
0.8555913393028814
0.8555913393028814
0.8555913393028814
0.8555913393028814
0.8555913393028814
0.8555913393028814
0.8555913393028814
0.8555913393028814
0.8555913393028814
0.8555913393028814
0.8555926142618062
0.8555926142618062
0.8555926142618062
0.8555926142618062
0.8555926142618062
0.8555926142618062
0.8555938892207312
0.8555938892207312
0.8555938892207312
0.8555938892207312
0.8555951641796561
0.8555951641796561
0.8555951641796561
0.855596439138581
0.855596439138581
0.855596439138581
0.8555977140975057
0.8555977140975057
0.8555989890564307
0.8555989890564307
0.8556002640153556
0.8556002640153556
0.8556015389742805
0.8556015389742805
0.8556028139332053
0.8556040888921302
0.8556053638510551
0.8556053638510551
0.85560663880998
0.8556079137689049
0.8556091887278298
0.8556104636867546
0.8556130136046044
0.8556142885635293
0.8556155635224542
0.8556181134403039
0.8556193883992288
0.8556219383170787
0.8556244882349283
0.8556257631938532
0.855628313111703
0.8556321379884775
0.8556346879063274
0.855637237824177
0.8556410627009517
0.8630447491777264
0.8630447491777264
0.8630447491777264
0.8630447491777264
0.8630447491777264
0.8630447491777264
0.8630447491777264
0.8630447491777264
0.8630447491777264
0.8630447491777264
0.8630447491777264
0.8630447491777264
0.8630447491777264
0.8630447491777264
0.8630447491777264
0.8630447491777264
0.8630447491777264
0.8630447491777264
0.8630447491777264
0.8630447491777264
0.8630447491777264
0.8630447491777264
0.8630447491777264
0.863046034295471
0.863046034295471
0.863046034295471
0.863046034295471
0.863046034295471
0.863046034295471
0.863046034295471
0.863046034295471
0.863046034295471
0.863046034295471
0.863046034295471
0.863046034295471
0.863046034295471
0.863046034295471
0.8630473194132157
0.8630473194132157
0.8630473194132157
0.8630473194132157
0.8630473194132157
0.8630473194132157
0.8630473194132157
0.8630486045309603
0.8630486045309603
0.8630486045309603
0.8630486045309603
0.8630486045309603
0.863049889648705
0.863049889648705
0.863049889648705
0.863049889648705
0.8630511747664494
0.8630511747664494
0.8630511747664494
0.8630524598841941
0.8630524598841941
0.8630537450019388
0.8630537450019388
0.8630550301196834
0.8630550301196834
0.863056315237428
0.863056315237428
0.8630576003551726
0.8630588854729173
0.8630588854729173
0.8630601705906619
0.8630614557084065
0.8630627408261512
0.8630640259438959
0.8630653110616403
0.863066596179385
0.8630678812971296
0.8630704515326189
0.8630717366503635
0.8630743068858528
0.8630755920035974
0.8630781622390867
0.863080732474576
0.8630833027100653
0.8630858729455544
0.8630884431810437
0.8630910134165329
0.8630948687697668
0.8705215642159678
0.8705215642159678
0.8705215642159678
0.8705215642159678
0.8705215642159678
0.8705215642159678
0.8705215642159678
0.8705215642159678
0.8705215642159678
0.8705215642159678
0.8705215642159678
0.8705215642159678
0.8705215642159678
0.8705215642159678
0.8705215642159678
0.8705215642159678
0.8705215642159678
0.8705228601955997
0.8705228601955997
0.8705228601955997
0.8705228601955997
0.8705228601955997
0.8705228601955997
0.8705228601955997
0.8705228601955997
0.8705228601955997
0.8705228601955997
0.8705228601955997
0.8705228601955997
0.8705228601955997
0.8705228601955997
0.8705228601955997
0.8705228601955997
0.8705228601955997
0.8705228601955997
0.8705228601955997
0.8705241561752317
0.8705241561752317
0.8705241561752317
0.8705241561752317
0.8705241561752317
0.8705241561752317
0.8705241561752317
0.8705241561752317
0.8705254521548637
0.8705254521548637
0.8705254521548637
0.8705254521548637
0.8705254521548637
0.8705267481344957
0.8705267481344957
0.8705267481344957
0.8705267481344957
0.8705280441141275
0.8705280441141275
0.8705280441141275
0.8705293400937596
0.8705293400937596
0.8705306360733915
0.8705306360733915
0.8705306360733915
0.8705319320530236
0.8705332280326554
0.8705332280326554
0.8705345240122875
0.8705345240122875
0.8705358199919194
0.8705371159715515
0.8705384119511833
0.8705397079308154
0.8705410039104473
0.8705422998900794
0.8705435958697112
0.8705448918493432
0.8705461878289752
0.870547483808607
0.870550075767871
0.8705513717475031
0.870553963706767
0.870556555666031
0.8705578516456628
0.8705604436049268
0.8705643315438227
0.8705669235030867
0.8705695154623506
0.8780239903054295
0.8780239903054295
0.8780239903054295
0.8780239903054295
0.8780239903054295
0.8780239903054295
0.8780239903054295
0.8780252962645256
0.8780252962645256
0.8780252962645256
0.8780252962645256
0.8780252962645256
0.8780252962645256
0.8780252962645256
0.8780252962645256
0.8780252962645256
0.8780252962645256
0.8780252962645256
0.8780252962645256
0.8780252962645256
0.8780252962645256
0.8780252962645256
0.8780252962645256
0.8780252962645256
0.8780252962645256
0.8780252962645256
0.8780252962645256
0.8780252962645256
0.8780252962645256
0.8780252962645256
0.8780252962645256
0.8780252962645256
0.8780252962645256
0.8780252962645256
0.8780266022236217
0.8780266022236217
0.8780266022236217
0.8780266022236217
0.8780266022236217
0.8780266022236217
0.8780266022236217
0.8780266022236217
0.8780266022236217
0.8780279081827178
0.8780279081827178
0.8780279081827178
0.8780279081827178
0.8780279081827178
0.8780279081827178
0.8780292141418138
0.8780292141418138
0.8780292141418138
0.8780292141418138
0.8780305201009099
0.8780305201009099
0.8780305201009099
0.8780318260600061
0.8780318260600061
0.8780318260600061
0.8780331320191019
0.8780331320191019
0.878034437978198
0.878034437978198
0.8780357439372942
0.8780370498963903
0.8780370498963903
0.8780383558554863
0.8780396618145824
0.8780396618145824
0.8780409677736785
0.8780422737327745
0.8780435796918705
0.8780448856509666
0.8780461916100627
0.8780474975691588
0.8780501094873508
0.8780514154464469
0.878052721405543
0.8780553333237351
0.8780579452419274
0.8780592512010233
0.8780618631192155
0.8780644750374076
0.8780670869555998
0.8780710048328879
0.8855476206578601
0.8855476206578601
0.8855476206578601
0.8855476206578601
0.8855476206578601
0.8855476206578601
0.8855476206578601
0.8855476206578601
0.8855476206578601
0.8855476206578601
0.8855476206578601
0.8855476206578601
0.8855476206578601
0.8855476206578601
0.8855476206578601
0.8855476206578601
0.8855476206578601
0.8855476206578601
0.8855476206578601
0.8855476206578601
0.8855476206578601
0.8855476206578601
0.8855476206578601
0.8855476206578601
0.8855476206578601
0.8855476206578601
0.8855476206578601
0.8855476206578601
0.8855476206578601
0.8855476206578601
0.885548937907887
0.885548937907887
0.885548937907887
0.885548937907887
0.885548937907887
0.885548937907887
0.885548937907887
0.885548937907887
0.885548937907887
0.885548937907887
0.885548937907887
0.885550255157914
0.885550255157914
0.885550255157914
0.885550255157914
0.885550255157914
0.885550255157914
0.885550255157914
0.8855515724079407
0.8855515724079407
0.8855515724079407
0.8855515724079407
0.8855528896579676
0.8855528896579676
0.8855528896579676
0.8855528896579676
0.8855542069079946
0.8855542069079946
0.8855555241580215
0.8855555241580215
0.8855555241580215
0.8855568414080482
0.8855568414080482
0.8855581586580752
0.8855581586580752
0.8855594759081021
0.8855607931581291
0.8855607931581291
0.8855621104081559
0.8855634276581827
0.8855647449082097
0.8855660621582366
0.8855673794082635
0.8855686966582904
0.8855700139083174
0.8855713311583441
0.885572648408371
0.8855752829084249
0.8855766001584516
0.8855792346585055
0.8855805519085325
0.8855831864085861
0.88558582090864
0.8855884554086937
0.8855910899087476
0.8930967805619779
0.8930967805619779
0.8930967805619779
0.8930967805619779
0.8930967805619779
0.8930967805619779
0.8930967805619779
0.8930967805619779
0.8930967805619779
0.8930967805619779
0.8930981060559061
0.8930981060559061
0.8930981060559061
0.8930981060559061
0.8930981060559061
0.8930981060559061
0.8930981060559061
0.8930981060559061
0.8930981060559061
0.8930981060559061
0.8930981060559061
0.8930981060559061
0.8930981060559061
0.8930981060559061
0.8930981060559061
0.8930981060559061
0.8930981060559061
0.8930981060559061
0.8930981060559061
0.8930981060559061
0.8930981060559061
0.8930981060559061
0.8930981060559061
0.8930981060559061
0.8930981060559061
0.8930981060559061
0.8930994315498341
0.8930994315498341
0.8930994315498341
0.8930994315498341
0.8930994315498341
0.8930994315498341
0.8930994315498341
0.8930994315498341
0.8930994315498341
0.8931007570437622
0.8931007570437622
0.8931007570437622
0.8931007570437622
0.8931007570437622
0.8931020825376904
0.8931020825376904
0.8931020825376904
0.8931020825376904
0.8931034080316185
0.8931034080316185
0.8931034080316185
0.8931034080316185
0.8931047335255465
0.8931047335255465
0.8931060590194747
0.8931060590194747
0.8931073845134029
0.8931073845134029
0.8931087100073309
0.8931087100073309
0.893110035501259
0.893110035501259
0.8931113609951872
0.8931126864891153
0.8931140119830434
0.8931140119830434
0.8931153374769715
0.8931166629708996
0.8931179884648278
0.8931206394526839
0.8931219649466121
0.8931232904405403
0.8931246159344683
0.8931272669223246
0.8931285924162528
0.8931312434041089
0.8931338943919652
0.8931365453798213
0.8931391963676776
0.9006560724340232
0.9006560724340232
0.9006560724340232
0.9006560724340232
0.9006560724340232
0.9006560724340232
0.9006560724340232
0.9006574087887537
0.9006574087887537
0.9006574087887537
0.9006574087887537
0.9006574087887537
0.9006574087887537
0.9006574087887537
0.9006574087887537
0.9006574087887537
0.9006574087887537
0.9006574087887537
0.9006574087887537
0.9006574087887537
0.9006574087887537
0.9006574087887537
0.9006574087887537
0.9006574087887537
0.9006574087887537
0.9006574087887537
0.9006574087887537
0.9006574087887537
0.9006574087887537
0.9006574087887537
0.9006574087887537
0.9006574087887537
0.9006574087887537
0.9006574087887537
0.9006574087887537
0.9006574087887537
0.9006587451434842
0.9006587451434842
0.9006587451434842
0.9006587451434842
0.9006587451434842
0.9006587451434842
0.9006587451434842
0.9006587451434842
0.9006587451434842
0.9006587451434842
0.9006600814982147
0.9006600814982147
0.9006600814982147
0.9006600814982147
0.9006600814982147
0.9006614178529453
0.9006614178529453
0.9006614178529453
0.9006614178529453
0.9006627542076756
0.9006627542076756
0.9006627542076756
0.9006640905624061
0.9006640905624061
0.9006640905624061
0.9006654269171367
0.9006654269171367
0.9006667632718672
0.9006667632718672
0.9006680996265977
0.9006680996265977
0.9006694359813282
0.9006694359813282
0.9006707723360587
0.9006721086907893
0.9006734450455196
0.9006747814002501
0.9006761177549807
0.9006761177549807
0.9006787904644417
0.9006801268191722
0.9006814631739027
0.9006827995286331
0.9006854722380941
0.9006868085928247
0.9006894813022857
0.9006908176570162
0.9006934903664771
0.9006961630759381
0.9082398855296062
0.9082398855296062
0.9082398855296062
0.9082398855296062
0.9082398855296062
0.9082398855296062
0.9082398855296062
0.9082398855296062
0.9082398855296062
0.9082398855296062
0.9082398855296062
0.9082398855296062
0.9082398855296062
0.9082398855296062
0.9082398855296062
0.9082398855296062
0.9082398855296062
0.9082398855296062
0.9082398855296062
0.9082398855296062
0.9082398855296062
0.9082398855296062
0.9082398855296062
0.9082398855296062
0.9082398855296062
0.9082398855296062
0.9082398855296062
0.9082412298822732
0.9082412298822732
0.9082412298822732
0.9082412298822732
0.9082412298822732
0.9082412298822732
0.9082412298822732
0.9082412298822732
0.9082412298822732
0.9082412298822732
0.9082412298822732
0.9082412298822732
0.9082412298822732
0.9082412298822732
0.9082412298822732
0.90824257423494
0.90824257423494
0.90824257423494
0.90824257423494
0.90824257423494
0.90824257423494
0.90824257423494
0.908243918587607
0.908243918587607
0.908243918587607
0.908243918587607
0.908243918587607
0.908245262940274
0.908245262940274
0.908245262940274
0.908245262940274
0.9082466072929408
0.9082466072929408
0.9082466072929408
0.9082479516456078
0.9082479516456078
0.9082492959982748
0.9082492959982748
0.9082506403509418
0.9082506403509418
0.9082519847036086
0.9082519847036086
0.9082533290562756
0.9082546734089426
0.9082546734089426
0.9082560177616096
0.9082573621142764
0.9082587064669434
0.9082600508196104
0.9082613951722773
0.9082627395249442
0.9082640838776112
0.9082667725829451
0.9082681169356119
0.9082708056409459
0.9082721499936129
0.9082748386989468
0.9082775274042807
0.9158301006871717
0.9158301006871717
0.9158301006871717
0.9158301006871717
0.9158301006871717
0.9158301006871717
0.9158301006871717
0.9158301006871717
0.9158301006871717
0.9158301006871717
0.9158301006871717
0.9158301006871717
0.9158301006871717
0.9158301006871717
0.9158301006871717
0.9158301006871717
0.9158301006871717
0.9158301006871717
0.9158314559301624
0.9158314559301624
0.9158314559301624
0.9158314559301624
0.9158314559301624
0.9158314559301624
0.9158314559301624
0.9158314559301624
0.9158314559301624
0.9158314559301624
0.9158314559301624
0.9158314559301624
0.9158314559301624
0.9158314559301624
0.9158314559301624
0.9158314559301624
0.9158314559301624
0.9158314559301624
0.9158314559301624
0.9158314559301624
0.9158314559301624
0.9158314559301624
0.9158328111731531
0.9158328111731531
0.9158328111731531
0.9158328111731531
0.9158328111731531
0.9158328111731531
0.9158328111731531
0.9158328111731531
0.9158328111731531
0.9158341664161437
0.9158341664161437
0.9158341664161437
0.9158341664161437
0.9158341664161437
0.9158355216591342
0.9158355216591342
0.9158355216591342
0.9158355216591342
0.9158368769021248
0.9158368769021248
0.9158368769021248
0.9158382321451155
0.9158382321451155
0.9158382321451155
0.9158395873881061
0.9158395873881061
0.9158409426310966
0.9158409426310966
0.9158422978740872
0.9158436531170779
0.9158436531170779
0.9158450083600685
0.915846363603059
0.915846363603059
0.9158477188460497
0.9158490740890404
0.915850429332031
0.9158517845750215
0.9158531398180121
0.9158558503039933
0.9158572055469839
0.9158585607899745
0.9158612712759557
0.9158626265189463
0.9158653370049277
0.9234438558083999
0.9234438558083999
0.9234438558083999
0.9234438558083999
0.9234438558083999
0.9234438558083999
0.9234438558083999
0.9234438558083999
0.9234438558083999
0.9234438558083999
0.9234438558083999
0.9234438558083999
0.9234452181105021
0.9234452181105021
0.9234452181105021
0.9234452181105021
0.9234452181105021
0.9234452181105021
0.9234452181105021
0.9234452181105021
0.9234452181105021
0.9234452181105021
0.9234452181105021
0.9234452181105021
0.9234452181105021
0.9234452181105021
0.9234452181105021
0.9234452181105021
0.9234452181105021
0.9234452181105021
0.9234452181105021
0.9234452181105021
0.9234452181105021
0.9234452181105021
0.9234452181105021
0.9234452181105021
0.9234452181105021
0.9234452181105021
0.9234452181105021
0.9234452181105021
0.9234465804126041
0.9234465804126041
0.9234465804126041
0.9234465804126041
0.9234465804126041
0.9234465804126041
0.9234465804126041
0.9234465804126041
0.9234465804126041
0.9234479427147062
0.9234479427147062
0.9234479427147062
0.9234479427147062
0.9234479427147062
0.9234479427147062
0.9234493050168081
0.9234493050168081
0.9234493050168081
0.9234493050168081
0.9234506673189102
0.9234506673189102
0.9234506673189102
0.9234520296210122
0.9234520296210122
0.9234520296210122
0.9234533919231143
0.9234533919231143
0.9234547542252163
0.9234547542252163
0.9234561165273184
0.9234561165273184
0.9234574788294205
0.9234588411315224
0.9234602034336246
0.9234602034336246
0.9234615657357266
0.9234629280378287
0.9234642903399306
0.9234656526420327
0.9234670149441347
0.9234683772462369
0.9234711018504409
0.923472464152543
0.923473826454645
0.9234765510588491
0.9310591245588413
0.9310591245588413
0.9310591245588413
0.9310591245588413
0.9310591245588413
0.9310591245588413
0.9310591245588413
0.9310604942449552
0.9310604942449552
0.9310604942449552
0.9310604942449552
0.9310604942449552
0.9310604942449552
0.9310604942449552
0.9310604942449552
0.9310604942449552
0.9310604942449552
0.9310604942449552
0.9310604942449552
0.9310604942449552
0.9310604942449552
0.9310604942449552
0.9310604942449552
0.9310604942449552
0.9310604942449552
0.9310604942449552
0.9310604942449552
0.9310604942449552
0.9310604942449552
0.9310604942449552
0.9310604942449552
0.9310604942449552
0.9310604942449552
0.9310604942449552
0.9310604942449552
0.9310604942449552
0.9310604942449552
0.9310604942449552
0.9310604942449552
0.9310604942449552
0.9310604942449552
0.9310618639310689
0.9310618639310689
0.9310618639310689
0.9310618639310689
0.9310618639310689
0.9310618639310689
0.9310618639310689
0.9310618639310689
0.9310618639310689
0.9310632336171828
0.9310632336171828
0.9310632336171828
0.9310632336171828
0.9310632336171828
0.9310632336171828
0.9310646033032964
0.9310646033032964
0.9310646033032964
0.9310646033032964
0.9310659729894103
0.9310659729894103
0.9310659729894103
0.931067342675524
0.931067342675524
0.931067342675524
0.9310687123616379
0.9310687123616379
0.9310700820477515
0.9310700820477515
0.9310714517338653
0.9310714517338653
0.9310728214199792
0.931074191106093
0.931074191106093
0.9310755607922067
0.9310769304783204
0.9310783001644343
0.9310796698505481
0.9310810395366618
0.9310824092227755
0.9310837789088894
0.9310851485950031
0.9310865182811169
0.9310892576533445
0.9386786884097705
0.9386786884097705
0.9386786884097705
0.9386786884097705
0.9386786884097705
0.9386786884097705
0.9386786884097705
0.9386786884097705
0.9386786884097705
0.9386786884097705
0.9386786884097705
0.9386786884097705
0.9386786884097705
0.9386786884097705
0.9386786884097705
0.9386786884097705
0.9386786884097705
0.9386786884097705
0.9386786884097705
0.9386786884097705
0.9386786884097705
0.9386786884097705
0.9386786884097705
0.9386786884097705
0.9386786884097705
0.9386786884097705
0.9386786884097705
0.9386786884097705
0.9386786884097705
0.9386786884097705
0.9386786884097705
0.9386786884097705
0.9386786884097705
0.9386786884097705
0.9386786884097705
0.9386786884097705
0.9386786884097705
0.9386786884097705
0.9386786884097705
0.9386786884097705
0.9386800669809389
0.9386800669809389
0.9386800669809389
0.9386800669809389
0.9386800669809389
0.9386800669809389
0.9386800669809389
0.9386800669809389
0.9386800669809389
0.9386800669809389
0.9386800669809389
0.9386814455521074
0.9386814455521074
0.9386814455521074
0.9386814455521074
0.9386814455521074
0.9386814455521074
0.9386828241232759
0.9386828241232759
0.9386828241232759
0.9386828241232759
0.9386842026944443
0.9386842026944443
0.9386842026944443
0.9386855812656126
0.9386855812656126
0.9386855812656126
0.9386869598367812
0.9386869598367812
0.9386883384079496
0.9386883384079496
0.9386897169791182
0.9386897169791182
0.9386910955502865
0.9386910955502865
0.938692474121455
0.9386938526926235
0.9386952312637918
0.9386952312637918
0.9386966098349603
0.9386979884061288
0.9386993669772973
0.9387007455484656
0.9387021241196342
0.9387048812619712
0.9463077012559834
0.9463077012559834
0.9463077012559834
0.9463077012559834
0.9463077012559834
0.9463077012559834
0.9463077012559834
0.9463077012559834
0.9463077012559834
0.9463077012559834
0.9463077012559834
0.9463077012559834
0.9463077012559834
0.9463077012559834
0.9463077012559834
0.9463077012559834
0.9463077012559834
0.9463077012559834
0.9463077012559834
0.9463077012559834
0.9463077012559834
0.9463077012559834
0.9463077012559834
0.9463077012559834
0.9463077012559834
0.9463077012559834
0.9463077012559834
0.9463077012559834
0.9463077012559834
0.9463077012559834
0.9463077012559834
0.9463077012559834
0.9463077012559834
0.9463077012559834
0.9463090900256239
0.9463090900256239
0.9463090900256239
0.9463090900256239
0.9463090900256239
0.9463090900256239
0.9463090900256239
0.9463090900256239
0.9463090900256239
0.9463090900256239
0.9463090900256239
0.9463090900256239
0.9463090900256239
0.9463090900256239
0.9463090900256239
0.9463104787952644
0.9463104787952644
0.9463104787952644
0.9463104787952644
0.9463104787952644
0.9463104787952644
0.9463104787952644
0.9463118675649047
0.9463118675649047
0.9463118675649047
0.9463118675649047
0.9463118675649047
0.9463132563345452
0.9463132563345452
0.9463132563345452
0.9463132563345452
0.9463146451041857
0.9463146451041857
0.9463146451041857
0.9463160338738262
0.9463160338738262
0.9463174226434665
0.9463174226434665
0.946318811413107
0.946318811413107
0.9463202001827475
0.9463202001827475
0.9463215889523879
0.9463229777220283
0.9463229777220283
0.9463243664916688
0.9463257552613094
0.9463271440309498
0.9463285328005901
0.9463299215702307
0.9463313103398711
0.9539556556659373
0.9539556556659373
0.9539556556659373
0.9539556556659373
0.9539556556659373
0.9539556556659373
0.9539556556659373
0.9539556556659373
0.9539556556659373
0.9539556556659373
0.9539556556659373
0.9539556556659373
0.9539556556659373
0.9539556556659373
0.9539556556659373
0.9539556556659373
0.9539556556659373
0.9539556556659373
0.9539556556659373
0.9539556556659373
0.9539556556659373
0.9539556556659373
0.9539556556659373
0.9539556556659373
0.9539556556659373
0.9539556556659373
0.9539556556659373
0.9539556556659373
0.9539556556659373
0.9539556556659373
0.9539556556659373
0.9539556556659373
0.9539556556659373
0.9539556556659373
0.9539556556659373
0.9539556556659373
0.9539556556659373
0.9539556556659373
0.9539556556659373
0.9539556556659373
0.9539556556659373
0.9539570475625222
0.9539570475625222
0.9539570475625222
0.9539570475625222
0.9539570475625222
0.9539570475625222
0.9539570475625222
0.9539570475625222
0.9539570475625222
0.9539570475625222
0.9539570475625222
0.9539570475625222
0.953958439459107
0.953958439459107
0.953958439459107
0.953958439459107
0.953958439459107
0.953958439459107
0.953958439459107
0.9539598313556918
0.9539598313556918
0.9539598313556918
0.9539598313556918
0.9539612232522768
0.9539612232522768
0.9539612232522768
0.9539612232522768
0.9539626151488617
0.9539626151488617
0.9539626151488617
0.9539640070454465
0.9539640070454465
0.9539653989420314
0.9539653989420314
0.9539667908386162
0.9539667908386162
0.9539681827352012
0.953969574631786
0.953969574631786
0.9539709665283709
0.9539723584249558
0.9539737503215406
0.9539737503215406
0.9539751422181254
0.9615818570544339
0.9615818570544339
0.9615818570544339
0.9615818570544339
0.9615818570544339
0.9615818570544339
0.9615818570544339
0.9615818570544339
0.9615818570544339
0.9615818570544339
0.9615818570544339
0.9615818570544339
0.9615818570544339
0.9615818570544339
0.9615818570544339
0.9615818570544339
0.9615818570544339
0.9615818570544339
0.9615818570544339
0.9615818570544339
0.9615818570544339
0.9615818570544339
0.9615818570544339
0.9615818570544339
0.9615818570544339
0.9615818570544339
0.9615818570544339
0.9615818570544339
0.9615818570544339
0.9615818570544339
0.9615818570544339
0.9615818570544339
0.9615818570544339
0.9615818570544339
0.9615818570544339
0.9615818570544339
0.9615818570544339
0.9615818570544339
0.9615832639913353
0.9615832639913353
0.9615832639913353
0.9615832639913353
0.9615832639913353
0.9615832639913353
0.9615832639913353
0.9615832639913353
0.9615832639913353
0.9615832639913353
0.9615832639913353
0.9615832639913353
0.9615832639913353
0.9615832639913353
0.9615832639913353
0.9615832639913353
0.9615846709282365
0.9615846709282365
0.9615846709282365
0.9615846709282365
0.9615846709282365
0.9615846709282365
0.9615846709282365
0.961586077865138
0.961586077865138
0.961586077865138
0.961586077865138
0.961586077865138
0.9615874848020394
0.9615874848020394
0.9615874848020394
0.9615874848020394
0.9615888917389406
0.9615888917389406
0.961590298675842
0.961590298675842
0.961590298675842
0.9615917056127434
0.9615917056127434
0.9615931125496449
0.9615931125496449
0.9615945194865461
0.9615945194865461
0.9615959264234475
0.9615973333603489
0.9615987402972503
0.9615987402972503
0.969252477040684
0.969252477040684
0.969252477040684
0.969252477040684
0.969252477040684
0.969252477040684
0.969252477040684
0.969252477040684
0.969252477040684
0.969252477040684
0.969252477040684
0.969252477040684
0.969252477040684
0.969252477040684
0.969252477040684
0.969252477040684
0.969252477040684
0.969252477040684
0.969252477040684
0.969252477040684
0.969252477040684
0.969252477040684
0.969252477040684
0.969252477040684
0.969252477040684
0.969252477040684
0.969252477040684
0.969252477040684
0.969252477040684
0.969252477040684
0.969252477040684
0.969252477040684
0.969252477040684
0.969252477040684
0.969252477040684
0.969252477040684
0.969252477040684
0.969252477040684
0.969252477040684
0.969252477040684
0.969252477040684
0.969252477040684
0.969252477040684
0.969252477040684
0.9692538829220871
0.9692538829220871
0.9692538829220871
0.9692538829220871
0.9692538829220871
0.9692538829220871
0.9692538829220871
0.9692538829220871
0.9692538829220871
0.9692538829220871
0.9692538829220871
0.9692538829220871
0.9692538829220871
0.9692538829220871
0.9692552888034905
0.9692552888034905
0.9692552888034905
0.9692552888034905
0.9692552888034905
0.9692552888034905
0.9692552888034905
0.969256694684894
0.969256694684894
0.969256694684894
0.969256694684894
0.9692581005662972
0.9692581005662972
0.9692581005662972
0.9692581005662972
0.9692595064477005
0.9692595064477005
0.9692595064477005
0.9692609123291038
0.9692609123291038
0.9692623182105072
0.9692623182105072
0.9692637240919106
0.9692637240919106
0.9692651299733138
0.9692651299733138
0.9692665358547172
0.9768779777723517
0.9768779777723517
0.9768779777723517
0.9768779777723517
0.9768779777723517
0.9768779777723517
0.9768779777723517
0.9768779777723517
0.9768794011272584
0.9768794011272584
0.9768794011272584
0.9768794011272584
0.9768794011272584
0.9768794011272584
0.9768794011272584
0.9768794011272584
0.9768794011272584
0.9768794011272584
0.9768794011272584
0.9768794011272584
0.9768794011272584
0.9768794011272584
0.9768794011272584
0.9768794011272584
0.9768794011272584
0.9768794011272584
0.9768794011272584
0.9768794011272584
0.9768794011272584
0.9768794011272584
0.9768794011272584
0.9768794011272584
0.9768794011272584
0.9768794011272584
0.9768794011272584
0.9768794011272584
0.9768794011272584
0.9768794011272584
0.9768794011272584
0.9768794011272584
0.9768794011272584
0.9768794011272584
0.9768794011272584
0.9768794011272584
0.9768794011272584
0.9768794011272584
0.9768794011272584
0.9768794011272584
0.9768794011272584
0.9768794011272584
0.9768794011272584
0.9768794011272584
0.9768794011272584
0.9768794011272584
0.9768808244821647
0.9768808244821647
0.9768808244821647
0.9768808244821647
0.9768808244821647
0.9768808244821647
0.9768808244821647
0.9768808244821647
0.9768808244821647
0.9768808244821647
0.9768822478370713
0.9768822478370713
0.9768822478370713
0.9768822478370713
0.9768822478370713
0.9768822478370713
0.9768836711919779
0.9768836711919779
0.9768836711919779
0.9768836711919779
0.9768850945468845
0.9768850945468845
0.9768850945468845
0.9768850945468845
0.976886517901791
0.976886517901791
0.9768879412566975
0.9768879412566975
0.9768879412566975
0.9768893646116041
0.9768893646116041
0.9845612475579247
0.9845612475579247
0.9845612475579247
0.9845612475579247
0.9845612475579247
0.9845612475579247
0.9845612475579247
0.9845612475579247
0.9845612475579247
0.9845612475579247
0.9845612475579247
0.9845612475579247
0.9845612475579247
0.9845612475579247
0.9845612475579247
0.9845612475579247
0.9845612475579247
0.9845612475579247
0.9845612475579247
0.9845612475579247
0.9845612475579247
0.9845612475579247
0.9845612475579247
0.9845612475579247
0.9845612475579247
0.9845612475579247
0.9845612475579247
0.9845612475579247
0.9845612475579247
0.9845612475579247
0.9845612475579247
0.9845612475579247
0.9845612475579247
0.9845612475579247
0.9845612475579247
0.9845612475579247
0.9845612475579247
0.9845612475579247
0.9845612475579247
0.9845612475579247
0.9845612475579247
0.9845612475579247
0.9845612475579247
0.9845612475579247
0.9845612475579247
0.9845612475579247
0.9845612475579247
0.9845612475579247
0.9845612475579247
0.9845626748531313
0.9845626748531313
0.9845626748531313
0.9845626748531313
0.9845626748531313
0.9845626748531313
0.9845626748531313
0.9845626748531313
0.9845626748531313
0.9845626748531313
0.9845626748531313
0.9845626748531313
0.9845626748531313
0.9845626748531313
0.9845626748531313
0.9845626748531313
0.9845641021483381
0.9845641021483381
0.9845641021483381
0.9845641021483381
0.9845641021483381
0.9845641021483381
0.9845641021483381
0.9845655294435448
0.9845655294435448
0.9845655294435448
0.9845655294435448
0.9845655294435448
0.9845669567387516
0.9845669567387516
0.9845669567387516
0.9845669567387516
0.9845683840339582
0.9845683840339582
0.9845683840339582
0.984569811329165
0.9922272501131981
0.9922272501131981
0.9922272501131981
0.9922272501131981
0.9922272501131981
0.9922272501131981
0.9922272501131981
0.9922272501131981
0.9922272501131981
0.9922272501131981
0.9922272501131981
0.9922272501131981
0.9922272501131981
0.9922272501131981
0.9922272501131981
0.9922272501131981
0.9922272501131981
0.9922272501131981
0.9922272501131981
0.9922272501131981
0.9922272501131981
0.9922272501131981
0.9922272501131981
0.9922272501131981
0.9922272501131981
0.9922272501131981
0.9922272501131981
0.9922272501131981
0.9922272501131981
0.9922272501131981
0.9922272501131981
0.9922272501131981
0.9922272501131981
0.9922272501131981
0.9922272501131981
0.9922272501131981
0.9922272501131981
0.9922272501131981
0.9922272501131981
0.9922272501131981
0.9922272501131981
0.9922272501131981
0.9922272501131981
0.9922272501131981
0.9922272501131981
0.9922272501131981
0.9922272501131981
0.9922272501131981
0.9922272501131981
0.9922272501131981
0.9922272501131981
0.9922272501131981
0.9922272501131981
0.9922272501131981
0.9922272501131981
0.9922272501131981
0.9922272501131981
0.9922272501131981
0.9922272501131981
0.9922272501131981
0.9922272501131981
0.9922272501131981
0.9922272501131981
0.9922272501131981
0.9922272501131981
0.9922272501131981
0.9922287048658289
0.9922287048658289
0.9922287048658289
0.9922287048658289
0.9922287048658289
0.9922287048658289
0.9922287048658289
0.9922287048658289
0.9922287048658289
0.9922287048658289
0.9922301596184598
0.9922301596184598
0.9922301596184598
0.9922301596184598
0.9922301596184598
0.9922301596184598
0.9922301596184598
0.9922316143710908
0.9922316143710908
0.9999999934200892
0.9999999934200892
0.9999999934200892
0.9999999934200892
0.9999999934200892
0.9999999934200892
0.9999999934200892
0.9999999934200892
0.9999999934200892
0.9999999934200892
0.9999999934200892
0.9999999934200892
0.9999999934200892
0.9999999934200892
0.9999999934200892
0.9999999934200892
0.9999999934200892
0.9999999934200892
0.9999999934200892
0.9999999934200892
0.9999999934200892
0.9999999934200892
0.9999999934200892
0.9999999934200892
0.9999999934200892
0.9999999934200892
0.9999999934200892
0.9999999934200892
0.9999999934200892
0.9999999934200892
0.9999999934200892
0.9999999934200892
0.9999999934200892
0.9999999934200892
0.9999999934200892
0.9999999934200892
0.9999999934200892
0.9999999934200892
0.9999999934200892
0.9999999934200892
0.9999999934200892
0.9999999934200892
0.9999999934200892
0.9999999934200892
0.9999999934200892
0.9999999934200892
0.9999999934200892
0.9999999934200892
0.9999999934200892
0.9999999934200892
0.9999999934200892
0.9999999934200892
0.9999999934200892
0.9999999934200892
0.9999999934200892
0.9999999934200892
0.9999999934200892
0.9999999934200892
0.9999999934200892
0.9999999934200892
0.9999999934200892
0.9999999934200892
0.9999999934200892
1.0000013738201061
1.0000013738201061
1.0000013738201061
1.0000013738201061
1.0000013738201061
1.0000013738201061
1.0000013738201061
1.0000013738201061
1.0000013738201061
1.0000013738201061
1.0000013738201061
1.0000013738201061
1.0000013738201061
1.0000013738201061
1.0000013738201061
1.0000013738201061
1.0000013738201061
1.0000013738201061
1.0000013738201061
1.0000013738201061
1.0000013738201061
1.0000013738201061
1.0073395803108613
1.0073395803108613
1.0073395803108613
1.0073395803108613
1.0073395803108613
1.0073395803108613
1.0073395803108613
1.0073395803108613
1.0073395803108613
1.0073395803108613
1.0073395803108613
1.0073395803108613
1.0073395803108613
1.0073395803108613
1.0073395803108613
1.0073395803108613
1.0073395803108613
1.0073395803108613
1.0073395803108613
1.0073395803108613
1.0073395803108613
1.0073395803108613
1.0073395803108613
1.0073395803108613
1.0073395803108613
1.0073395803108613
1.0073395803108613
1.0073395803108613
1.0073395803108613
1.0073395803108613
1.0073395803108613
1.0073395803108613
1.0073395803108613
1.0073395803108613
1.0073395803108613
1.0073395803108613
1.0073395803108613
1.0073395803108613
1.0073395803108613
1.0073395803108613
1.0073395803108613
1.0073395803108613
1.0073395803108613
1.0073395803108613
1.0073395803108613
1.0073395803108613
1.0073395803108613
1.0073395803108613
1.0073381999108442
1.0073381999108442
1.0073381999108442
1.0073381999108442
1.0073381999108442
1.0073381999108442
1.0073381999108442
1.0073381999108442
1.0073381999108442
1.0073381999108442
1.0073381999108442
1.0073381999108442
1.0073381999108442
1.0073381999108442
1.0073381999108442
1.0073381999108442
1.0073381999108442
1.0073381999108442
1.0073381999108442
1.0073381999108442
1.0073381999108442
1.0073381999108442
1.0073381999108442
1.0073381999108442
1.0073381999108442
1.0073381999108442
1.0073381999108442
1.0073381999108442
1.0073381999108442
1.0073381999108442
1.0073381999108442
1.0073381999108442
1.0073381999108442
1.0073381999108442
1.0073381999108442
1.0073381999108442
1.0073368195108272
1.015024334206906
1.015024334206906
1.015024334206906
1.015024334206906
1.015024334206906
1.015024334206906
1.015024334206906
1.015024334206906
1.015024334206906
1.015024334206906
1.015024334206906
1.015024334206906
1.015024334206906
1.015024334206906
1.015024334206906
1.015024334206906
1.015024334206906
1.015024334206906
1.015024334206906
1.015024334206906
1.015024334206906
1.015024334206906
1.015024334206906
1.015024334206906
1.015024334206906
1.015024334206906
1.015024334206906
1.015024334206906
1.015024334206906
1.015024334206906
1.015024334206906
1.015024334206906
1.015024334206906
1.015024334206906
1.015024334206906
1.015024334206906
1.015024334206906
1.015024334206906
1.015024334206906
1.015024334206906
1.015024334206906
1.015024334206906
1.015024334206906
1.015024334206906
1.015024334206906
1.015024334206906
1.015024334206906
1.015024334206906
1.015024334206906
1.015024334206906
1.015024334206906
1.015024334206906
1.015024334206906
1.015024334206906
1.015024334206906
1.015024334206906
1.015024334206906
1.015024334206906
1.015024334206906
1.015024334206906
1.015024334206906
1.015024334206906
1.015024334206906
1.0150228883454016
1.0150228883454016
1.0150228883454016
1.0150228883454016
1.0150228883454016
1.0150228883454016
1.0150228883454016
1.0150228883454016
1.0150228883454016
1.0150228883454016
1.0150228883454016
1.0150228883454016
1.015021442483897
1.015021442483897
1.015021442483897
1.015021442483897
1.015021442483897
1.015021442483897
1.015021442483897
1.0150199966223927
1.0150199966223927
1.0150199966223927
1.0227364362987572
1.0227364362987572
1.0227364362987572
1.0227364362987572
1.0227364362987572
1.0227364362987572
1.0227364362987572
1.0227364362987572
1.0227364362987572
1.0227364362987572
1.0227364362987572
1.0227364362987572
1.0227364362987572
1.0227349928957827
1.0227349928957827
1.0227349928957827
1.0227349928957827
1.0227349928957827
1.0227349928957827
1.0227349928957827
1.0227349928957827
1.0227349928957827
1.0227349928957827
1.0227349928957827
1.0227349928957827
1.0227349928957827
1.0227349928957827
1.0227349928957827
1.0227349928957827
1.0227349928957827
1.0227349928957827
1.0227349928957827
1.0227349928957827
1.0227349928957827
1.0227349928957827
1.0227349928957827
1.0227349928957827
1.0227349928957827
1.0227349928957827
1.0227349928957827
1.0227349928957827
1.0227349928957827
1.0227349928957827
1.0227349928957827
1.0227349928957827
1.0227349928957827
1.0227349928957827
1.0227349928957827
1.0227349928957827
1.0227349928957827
1.0227349928957827
1.0227349928957827
1.0227349928957827
1.0227349928957827
1.0227349928957827
1.0227349928957827
1.0227349928957827
1.0227349928957827
1.0227349928957827
1.0227335494928087
1.0227335494928087
1.0227335494928087
1.0227335494928087
1.0227335494928087
1.0227335494928087
1.0227335494928087
1.0227335494928087
1.0227335494928087
1.0227335494928087
1.0227321060898342
1.0227321060898342
1.0227321060898342
1.0227321060898342
1.0227321060898342
1.0227321060898342
1.02273066268686
1.02273066268686
1.02273066268686
1.02273066268686
1.02273066268686
1.0227292192838855
1.0227292192838855
1.0227292192838855
1.0227277758809112
1.0227277758809112
1.030516172048533
1.030516172048533
1.030516172048533
1.030516172048533
1.030516172048533
1.030516172048533
1.030516172048533
1.030516172048533
1.030516172048533
1.030516172048533
1.030516172048533
1.030516172048533
1.030516172048533
1.030516172048533
1.030516172048533
1.030516172048533
1.030516172048533
1.030516172048533
1.030516172048533
1.030516172048533
1.030516172048533
1.030516172048533
1.030516172048533
1.030516172048533
1.030516172048533
1.030516172048533
1.030516172048533
1.030516172048533
1.030516172048533
1.030516172048533
1.030516172048533
1.030516172048533
1.030516172048533
1.030516172048533
1.030516172048533
1.030516172048533
1.030516172048533
1.030516172048533
1.030516172048533
1.030516172048533
1.030516172048533
1.030516172048533
1.030516172048533
1.030516172048533
1.030516172048533
1.030516172048533
1.030516172048533
1.030516172048533
1.030516172048533
1.030516172048533
1.030516172048533
1.030516172048533
1.030516172048533
1.030516172048533
1.0305147227684006
1.0305147227684006
1.0305147227684006
1.0305147227684006
1.0305147227684006
1.0305147227684006
1.0305147227684006
1.0305147227684006
1.0305147227684006
1.0305147227684006
1.0305132734882685
1.0305132734882685
1.0305132734882685
1.0305132734882685
1.0305132734882685
1.0305132734882685
1.0305118242081361
1.0305118242081361
1.0305118242081361
1.0305118242081361
1.030510374928004
1.030510374928004
1.030510374928004
1.030510374928004
1.0305089256478719
1.0305089256478719
1.0305074763677395
1.0305074763677395
1.0305074763677395
1.0305060270876072
1.0305060270876072
1.0383712447333195
1.0383712447333195
1.0383712447333195
1.0383712447333195
1.0383712447333195
1.0383712447333195
1.0383712447333195
1.0383712447333195
1.0383712447333195
1.0383712447333195
1.0383712447333195
1.0383712447333195
1.0383712447333195
1.0383712447333195
1.0383712447333195
1.0383712447333195
1.0383712447333195
1.0383712447333195
1.0383712447333195
1.0383712447333195
1.0383712447333195
1.0383712447333195
1.0383712447333195
1.0383712447333195
1.0383712447333195
1.0383712447333195
1.0383712447333195
1.0383712447333195
1.0383712447333195
1.0383712447333195
1.0383712447333195
1.0383712447333195
1.0383712447333195
1.0383712447333195
1.0383712447333195
1.0383712447333195
1.0383712447333195
1.0383712447333195
1.0383712447333195
1.0383712447333195
1.0383712447333195
1.0383712447333195
1.0383712447333195
1.0383712447333195
1.0383712447333195
1.0383712447333195
1.0383697890119177
1.0383697890119177
1.0383697890119177
1.0383697890119177
1.0383697890119177
1.0383697890119177
1.0383697890119177
1.0383697890119177
1.0383697890119177
1.0383697890119177
1.0383697890119177
1.0383697890119177
1.0383697890119177
1.0383683332905158
1.0383683332905158
1.0383683332905158
1.0383683332905158
1.0383683332905158
1.0383683332905158
1.0383668775691137
1.0383668775691137
1.0383668775691137
1.0383668775691137
1.0383668775691137
1.0383654218477119
1.0383654218477119
1.0383654218477119
1.0383639661263098
1.0383639661263098
1.0383639661263098
1.0383625104049081
1.0383625104049081
1.038361054683506
1.038361054683506
1.038361054683506
1.0383595989621042
1.038358143240702
1.038358143240702
1.0383566875193004
1.0462779651179708
1.0462779651179708
1.0462779651179708
1.0462779651179708
1.0462779651179708
1.0462779651179708
1.0462779651179708
1.0462779651179708
1.0462779651179708
1.0462779651179708
1.0462779651179708
1.0462779651179708
1.0462779651179708
1.0462779651179708
1.0462779651179708
1.0462779651179708
1.0462779651179708
1.0462779651179708
1.0462779651179708
1.0462779651179708
1.0462779651179708
1.0462779651179708
1.0462779651179708
1.0462779651179708
1.0462779651179708
1.0462779651179708
1.0462779651179708
1.0462779651179708
1.0462779651179708
1.0462779651179708
1.0462779651179708
1.0462779651179708
1.0462779651179708
1.0462779651179708
1.0462779651179708
1.0462779651179708
1.0462779651179708
1.0462765071204816
1.0462765071204816
1.0462765071204816
1.0462765071204816
1.0462765071204816
1.0462765071204816
1.0462765071204816
1.0462765071204816
1.0462765071204816
1.0462765071204816
1.0462765071204816
1.0462765071204816
1.0462765071204816
1.0462765071204816
1.0462765071204816
1.0462765071204816
1.0462750491229922
1.0462750491229922
1.0462750491229922
1.0462750491229922
1.0462750491229922
1.0462750491229922
1.0462750491229922
1.0462750491229922
1.0462735911255028
1.0462735911255028
1.0462735911255028
1.0462735911255028
1.0462735911255028
1.0462721331280134
1.0462721331280134
1.0462721331280134
1.0462706751305242
1.0462706751305242
1.0462706751305242
1.0462692171330348
1.0462692171330348
1.0462692171330348
1.0462677591355454
1.0462677591355454
1.0462663011380562
1.0462663011380562
1.0462648431405668
1.0462648431405668
1.0462633851430776
1.0462619271455882
1.046260469148099
1.046260469148099
1.0542483442939845
1.0542483442939845
1.0542483442939845
1.0542483442939845
1.0542483442939845
1.0542483442939845
1.0542483442939845
1.0542483442939845
1.0542483442939845
1.0542483442939845
1.0542483442939845
1.0542483442939845
1.0542483442939845
1.0542483442939845
1.0542483442939845
1.0542483442939845
1.0542483442939845
1.0542483442939845
1.0542483442939845
1.0542483442939845
1.0542483442939845
1.0542483442939845
1.0542483442939845
1.0542483442939845
1.0542483442939845
1.0542483442939845
1.0542483442939845
1.0542483442939845
1.0542483442939845
1.0542468818390898
1.0542468818390898
1.0542468818390898
1.0542468818390898
1.0542468818390898
1.0542468818390898
1.0542468818390898
1.0542468818390898
1.0542468818390898
1.0542468818390898
1.0542468818390898
1.0542468818390898
1.0542468818390898
1.0542468818390898
1.0542468818390898
1.0542468818390898
1.0542468818390898
1.0542468818390898
1.0542468818390898
1.0542468818390898
1.054245419384195
1.054245419384195
1.054245419384195
1.054245419384195
1.054245419384195
1.054245419384195
1.054245419384195
1.054245419384195
1.0542439569293005
1.0542439569293005
1.0542439569293005
1.0542439569293005
1.0542439569293005
1.0542439569293005
1.0542424944744058
1.0542424944744058
1.0542424944744058
1.054241032019511
1.054241032019511
1.054241032019511
1.054241032019511
1.0542395695646163
1.0542395695646163
1.0542381071097218
1.0542381071097218
1.054236644654827
1.054236644654827
1.0542351821999323
1.0542351821999323
1.0542337197450375
1.054232257290143
1.054232257290143
1.0542307948352483
1.0542293323803535
1.0542278699254588
1.0542264074705643
1.062268640046822
1.062268640046822
1.062268640046822
1.062268640046822
1.062268640046822
1.062268640046822
1.062268640046822
1.062268640046822
1.062268640046822
1.062268640046822
1.062268640046822
1.062268640046822
1.062268640046822
1.062268640046822
1.062268640046822
1.062268640046822
1.062268640046822
1.062268640046822
1.062268640046822
1.062268640046822
1.062268640046822
1.062268640046822
1.062268640046822
1.062268640046822
1.062268640046822
1.062268640046822
1.062268640046822
1.062268640046822
1.0622671756875464
1.0622671756875464
1.0622671756875464
1.0622671756875464
1.0622671756875464
1.0622671756875464
1.0622671756875464
1.0622671756875464
1.0622671756875464
1.0622671756875464
1.0622671756875464
1.0622671756875464
1.0622671756875464
1.0622671756875464
1.0622671756875464
1.0622671756875464
1.0622671756875464
1.0622671756875464
1.0622671756875464
1.0622657113282707
1.0622657113282707
1.0622657113282707
1.0622657113282707
1.0622657113282707
1.0622657113282707
1.0622657113282707
1.0622657113282707
1.062264246968995
1.062264246968995
1.062264246968995
1.062264246968995
1.062264246968995
1.062264246968995
1.0622627826097193
1.0622627826097193
1.0622627826097193
1.0622613182504437
1.0622613182504437
1.0622613182504437
1.0622613182504437
1.062259853891168
1.062259853891168
1.0622583895318922
1.0622583895318922
1.0622569251726166
1.0622569251726166
1.062255460813341
1.062255460813341
1.0622539964540654
1.0622525320947895
1.0622525320947895
1.062251067735514
1.0622496033762383
1.0622481390169627
1.062246674657687
1.0622452102984112
1.0622437459391356
1.070365872263042
1.070365872263042
1.070365872263042
1.070365872263042
1.070365872263042
1.070365872263042
1.070365872263042
1.070365872263042
1.070365872263042
1.070365872263042
1.070365872263042
1.070365872263042
1.070365872263042
1.070365872263042
1.070365872263042
1.070365872263042
1.070365872263042
1.070365872263042
1.070365872263042
1.070365872263042
1.070365872263042
1.070365872263042
1.070365872263042
1.070365872263042
1.070365872263042
1.070365872263042
1.070365872263042
1.070365872263042
1.070365872263042
1.070365872263042
1.070365872263042
1.070365872263042
1.070365872263042
1.070365872263042
1.070365872263042
1.070365872263042
1.070365872263042
1.0703644011089328
1.0703644011089328
1.0703644011089328
1.0703644011089328
1.0703644011089328
1.0703644011089328
1.0703644011089328
1.0703644011089328
1.0703644011089328
1.0703644011089328
1.0703644011089328
1.0703644011089328
1.0703629299548238
1.0703629299548238
1.0703629299548238
1.0703629299548238
1.0703629299548238
1.0703629299548238
1.0703629299548238
1.0703614588007146
1.0703614588007146
1.0703614588007146
1.0703614588007146
1.070359987646606
1.070359987646606
1.070359987646606
1.070359987646606
1.0703585164924967
1.0703585164924967
1.0703585164924967
1.0703570453383877
1.0703570453383877
1.0703555741842787
1.0703555741842787
1.0703541030301695
1.0703541030301695
1.0703526318760606
1.0703526318760606
1.0703511607219514
1.0703496895678424
1.0703482184137334
1.0703482184137334
1.0703467472596242
1.0703452761055152
1.0703438049514062
1.0703423337972973
1.070339391489079
1.07033792033497
1.078509070457699
1.078509070457699
1.078509070457699
1.078509070457699
1.078509070457699
1.078509070457699
1.078509070457699
1.078509070457699
1.078509070457699
1.078509070457699
1.078509070457699
1.078509070457699
1.078509070457699
1.078509070457699
1.078509070457699
1.078509070457699
1.078509070457699
1.078509070457699
1.078509070457699
1.078509070457699
1.078509070457699
1.078509070457699
1.078509070457699
1.078509070457699
1.078509070457699
1.078509070457699
1.078509070457699
1.078509070457699
1.078509070457699
1.078509070457699
1.078509070457699
1.078509070457699
1.0785075984406716
1.0785075984406716
1.0785075984406716
1.0785075984406716
1.0785075984406716
1.0785075984406716
1.0785075984406716
1.0785075984406716
1.0785075984406716
1.0785075984406716
1.0785075984406716
1.0785075984406716
1.0785075984406716
1.0785075984406716
1.0785061264236444
1.0785061264236444
1.0785061264236444
1.0785061264236444
1.0785061264236444
1.0785061264236444
1.0785061264236444
1.0785061264236444
1.0785046544066172
1.0785046544066172
1.0785046544066172
1.0785046544066172
1.07850318238959
1.07850318238959
1.07850318238959
1.07850318238959
1.0785017103725627
1.0785017103725627
1.0785017103725627
1.0785002383555355
1.0785002383555355
1.0784987663385084
1.0784987663385084
1.078497294321481
1.078497294321481
1.0784958223044538
1.0784958223044538
1.0784943502874265
1.0784928782703993
1.0784928782703993
1.0784914062533721
1.0784899342363448
1.0784884622193176
1.0784869902022904
1.0784855181852633
1.078484046168236
1.0784825741512087
1.0784796301171542
1.078478158100127
1.0867068609451949
1.0867068609451949
1.0867068609451949
1.0867068609451949
1.0867068609451949
1.0867053865224452
1.0867053865224452
1.0867053865224452
1.0867053865224452
1.0867053865224452
1.0867053865224452
1.0867053865224452
1.0867053865224452
1.0867053865224452
1.0867053865224452
1.0867053865224452
1.0867053865224452
1.0867053865224452
1.0867053865224452
1.0867053865224452
1.0867053865224452
1.0867053865224452
1.0867053865224452
1.0867053865224452
1.0867053865224452
1.0867053865224452
1.0867053865224452
1.0867053865224452
1.0867053865224452
1.0867053865224452
1.0867053865224452
1.0867053865224452
1.0867053865224452
1.0867053865224452
1.0867053865224452
1.0867053865224452
1.0867053865224452
1.0867053865224452
1.0867053865224452
1.0867039120996957
1.0867039120996957
1.0867039120996957
1.0867039120996957
1.0867039120996957
1.0867039120996957
1.0867039120996957
1.0867039120996957
1.0867039120996957
1.0867039120996957
1.0867024376769463
1.0867024376769463
1.0867024376769463
1.0867024376769463
1.0867024376769463
1.0867024376769463
1.0867009632541966
1.0867009632541966
1.0867009632541966
1.0867009632541966
1.086699488831447
1.086699488831447
1.086699488831447
1.0866980144086975
1.0866980144086975
1.0866980144086975
1.086696539985948
1.086696539985948
1.0866950655631984
1.0866950655631984
1.086693591140449
1.086693591140449
1.0866921167176993
1.0866906422949498
1.0866891678722002
1.0866891678722002
1.0866876934494507
1.086686219026701
1.0866847446039516
1.0866832701812021
1.0866817957584525
1.0866803213357028
1.0866788469129534
1.0866758980674542
1.0866744236447046
1.0866714747992057
1.094964865615182
1.094964865615182
1.094964865615182
1.094964865615182
1.094964865615182
1.094964865615182
1.094964865615182
1.094964865615182
1.094964865615182
1.094964865615182
1.094964865615182
1.094964865615182
1.094964865615182
1.094964865615182
1.094964865615182
1.094964865615182
1.094964865615182
1.094964865615182
1.094964865615182
1.094964865615182
1.0949633875402456
1.0949633875402456
1.0949633875402456
1.0949633875402456
1.0949633875402456
1.0949633875402456
1.0949633875402456
1.0949633875402456
1.0949633875402456
1.0949633875402456
1.0949633875402456
1.0949633875402456
1.0949633875402456
1.0949633875402456
1.0949633875402456
1.0949633875402456
1.0949633875402456
1.0949633875402456
1.0949633875402456
1.0949633875402456
1.0949633875402456
1.0949619094653091
1.0949619094653091
1.0949619094653091
1.0949619094653091
1.0949619094653091
1.0949619094653091
1.0949619094653091
1.0949619094653091
1.0949604313903725
1.0949604313903725
1.0949604313903725
1.0949604313903725
1.0949604313903725
1.0949589533154362
1.0949589533154362
1.0949589533154362
1.0949589533154362
1.0949574752404998
1.0949574752404998
1.0949574752404998
1.0949559971655631
1.0949559971655631
1.0949559971655631
1.094954519090627
1.094954519090627
1.0949530410156905
1.0949530410156905
1.0949515629407538
1.0949515629407538
1.0949500848658174
1.0949486067908811
1.0949486067908811
1.0949471287159445
1.094945650641008
1.0949441725660716
1.0949426944911351
1.0949412164161987
1.0949397383412622
1.0949382602663258
1.094935304116453
1.0949338260415165
1.0949323479665798
1.0949293918167071
1.094926435666834
1.1032747389664852
1.1032747389664852
1.1032747389664852
1.1032747389664852
1.1032747389664852
1.1032747389664852
1.1032747389664852
1.1032747389664852
1.1032747389664852
1.1032747389664852
1.1032747389664852
1.1032747389664852
1.1032747389664852
1.1032747389664852
1.1032747389664852
1.1032747389664852
1.1032747389664852
1.1032747389664852
1.1032747389664852
1.1032747389664852
1.1032747389664852
1.1032747389664852
1.1032747389664852
1.1032732590246597
1.1032732590246597
1.1032732590246597
1.1032732590246597
1.1032732590246597
1.1032732590246597
1.1032732590246597
1.1032732590246597
1.1032732590246597
1.1032732590246597
1.1032732590246597
1.1032732590246597
1.1032732590246597
1.1032732590246597
1.1032732590246597
1.1032732590246597
1.1032732590246597
1.1032732590246597
1.103271779082834
1.103271779082834
1.103271779082834
1.103271779082834
1.103271779082834
1.103271779082834
1.103271779082834
1.1032702991410082
1.1032702991410082
1.1032702991410082
1.1032702991410082
1.1032702991410082
1.1032702991410082
1.1032688191991824
1.1032688191991824
1.1032688191991824
1.1032673392573569
1.1032673392573569
1.1032673392573569
1.1032658593155311
1.1032658593155311
1.1032658593155311
1.1032643793737054
1.1032643793737054
1.1032628994318796
1.1032628994318796
1.103261419490054
1.103261419490054
1.1032599395482283
1.1032584596064026
1.1032569796645768
1.1032569796645768
1.1032554997227513
1.1032540197809255
1.1032525398390998
1.1032510598972742
1.1032495799554485
1.1032481000136227
1.1032451401299714
1.1032436601881457
1.10324218024632
1.1032392203626686
1.1032362604790171
1.1032347805371914
1.1116416127408753
1.1116416127408753
1.1116416127408753
1.1116416127408753
1.1116416127408753
1.1116416127408753
1.1116416127408753
1.1116416127408753
1.1116416127408753
1.1116416127408753
1.1116416127408753
1.1116416127408753
1.1116416127408753
1.1116416127408753
1.1116416127408753
1.1116416127408753
1.1116416127408753
1.1116416127408753
1.1116416127408753
1.1116416127408753
1.1116416127408753
1.1116416127408753
1.1116416127408753
1.1116416127408753
1.1116416127408753
1.1116401300412873
1.1116401300412873
1.1116401300412873
1.1116401300412873
1.1116401300412873
1.1116401300412873
1.1116401300412873
1.1116401300412873
1.1116401300412873
1.1116401300412873
1.1116401300412873
1.1116401300412873
1.1116401300412873
1.1116401300412873
1.1116401300412873
1.1116401300412873
1.1116386473416995
1.1116386473416995
1.1116386473416995
1.1116386473416995
1.1116386473416995
1.1116386473416995
1.1116386473416995
1.1116371646421117
1.1116371646421117
1.1116371646421117
1.1116371646421117
1.1116371646421117
1.1116356819425237
1.1116356819425237
1.1116356819425237
1.1116356819425237
1.1116341992429357
1.1116341992429357
1.1116341992429357
1.111632716543348
1.111632716543348
1.1116312338437602
1.1116312338437602
1.1116297511441722
1.1116297511441722
1.1116282684445844
1.1116282684445844
1.1116267857449964
1.1116253030454086
1.1116253030454086
1.1116238203458206
1.1116223376462329
1.1116208549466449
1.111619372247057
1.111617889547469
1.1116164068478813
1.1116149241482933
1.1116119587491178
1.1116104760495298
1.1116089933499418
1.1116060279507662
1.1116030625515905
1.1116015798520025
1.1115986144528267
1.1200586130527268
1.1200586130527268
1.1200586130527268
1.1200586130527268
1.1200586130527268
1.1200586130527268
1.1200586130527268
1.1200586130527268
1.1200586130527268
1.1200586130527268
1.1200586130527268
1.1200586130527268
1.1200586130527268
1.1200586130527268
1.1200586130527268
1.1200586130527268
1.1200586130527268
1.1200586130527268
1.1200586130527268
1.1200586130527268
1.1200586130527268
1.1200586130527268
1.1200586130527268
1.1200586130527268
1.1200586130527268
1.1200586130527268
1.1200586130527268
1.1200586130527268
1.1200586130527268
1.1200586130527268
1.1200571288347207
1.1200571288347207
1.1200571288347207
1.1200571288347207
1.1200571288347207
1.1200571288347207
1.1200571288347207
1.1200571288347207
1.1200571288347207
1.1200571288347207
1.1200571288347207
1.1200571288347207
1.1200556446167147
1.1200556446167147
1.1200556446167147
1.1200556446167147
1.1200556446167147
1.1200556446167147
1.1200541603987089
1.1200541603987089
1.1200541603987089
1.1200541603987089
1.1200541603987089
1.1200526761807028
1.1200526761807028
1.1200526761807028
1.1200526761807028
1.120051191962697
1.120051191962697
1.1200497077446911
1.1200497077446911
1.1200497077446911
1.120048223526685
1.120048223526685
1.120046739308679
1.120046739308679
1.120045255090673
1.1200437708726672
1.1200437708726672
1.120042286654661
1.120040802436655
1.1200393182186492
1.1200378340006434
1.1200363497826373
1.1200348655646313
1.1200333813466252
1.1200318971286194
1.1200304129106133
1.1200274444746015
1.1200259602565956
1.1200229918205835
1.1200215076025775
1.1200185391665656
1.1200155707305537
1.1200126022945418
1.128520430582638
1.128520430582638
1.128520430582638
1.128520430582638
1.128520430582638
1.128520430582638
1.128520430582638
1.128520430582638
1.128520430582638
1.128520430582638
1.128520430582638
1.128520430582638
1.128520430582638
1.128520430582638
1.128520430582638
1.1285189460532468
1.1285189460532468
1.1285189460532468
1.1285189460532468
1.1285189460532468
1.1285189460532468
1.1285189460532468
1.1285189460532468
1.1285189460532468
1.1285189460532468
1.1285189460532468
1.1285189460532468
1.1285189460532468
1.1285189460532468
1.1285189460532468
1.1285189460532468
1.1285189460532468
1.1285189460532468
1.1285189460532468
1.1285189460532468
1.1285189460532468
1.1285174615238553
1.1285174615238553
1.1285174615238553
1.1285174615238553
1.1285174615238553
1.1285174615238553
1.1285174615238553
1.1285174615238553
1.1285174615238553
1.1285159769944642
1.1285159769944642
1.1285159769944642
1.1285159769944642
1.1285159769944642
1.1285144924650732
1.1285144924650732
1.1285144924650732
1.1285144924650732
1.1285130079356818
1.1285130079356818
1.1285130079356818
1.1285115234062906
1.1285115234062906
1.1285115234062906
1.1285100388768994
1.1285100388768994
1.1285085543475082
1.1285085543475082
1.128507069818117
1.128507069818117
1.1285055852887258
1.1285041007593344
1.1285041007593344
1.1285026162299434
1.1285011317005522
1.1284996471711608
1.1284981626417696
1.1284966781123786
1.1284951935829872
1.128493709053596
1.1284907399948136
1.1284892554654224
1.1284877709360313
1.1284848018772489
1.1284833173478577
1.1284803482890753
1.1284773792302927
1.1284744101715103
1.128471441112728
1.137032153950326
1.137032153950326
1.137032153950326
1.137032153950326
1.137032153950326
1.137032153950326
1.137032153950326
1.137032153950326
1.137032153950326
1.137032153950326
1.137032153950326
1.137032153950326
1.1370306679651012
1.1370306679651012
1.1370306679651012
1.1370306679651012
1.1370306679651012
1.1370306679651012
1.1370306679651012
1.1370306679651012
1.1370306679651012
1.1370306679651012
1.1370306679651012
1.1370306679651012
1.1370306679651012
1.1370306679651012
1.1370306679651012
1.1370306679651012
1.1370306679651012
1.1370306679651012
1.1370306679651012
1.1370306679651012
1.1370306679651012
1.1370306679651012
1.1370306679651012
1.1370291819798766
1.1370291819798766
1.1370291819798766
1.1370291819798766
1.1370291819798766
1.1370291819798766
1.1370291819798766
1.1370291819798766
1.1370291819798766
1.1370276959946517
1.1370276959946517
1.1370276959946517
1.1370276959946517
1.1370276959946517
1.1370262100094268
1.1370262100094268
1.1370262100094268
1.1370262100094268
1.137024724024202
1.137024724024202
1.137024724024202
1.1370232380389773
1.1370232380389773
1.1370232380389773
1.1370217520537524
1.1370217520537524
1.1370202660685276
1.1370202660685276
1.1370187800833027
1.1370187800833027
1.137017294098078
1.1370158081128532
1.1370158081128532
1.1370143221276283
1.1370128361424034
1.1370113501571788
1.137009864171954
1.137008378186729
1.1370068922015044
1.1370054062162795
1.1370039202310547
1.1370009482606052
1.1369994622753805
1.1369964903049308
1.136995004319706
1.1369920323492564
1.1369890603788069
1.1369860884083571
1.1369831164379076
1.1369801444674579
1.1455888406073644
1.1455888406073644
1.1455888406073644
1.1455888406073644
1.1455888406073644
1.1455888406073644
1.1455888406073644
1.1455888406073644
1.1455888406073644
1.1455888406073644
1.1455888406073644
1.1455888406073644
1.1455888406073644
1.1455888406073644
1.1455888406073644
1.1455888406073644
1.1455888406073644
1.1455888406073644
1.1455888406073644
1.1455888406073644
1.1455888406073644
1.1455888406073644
1.1455888406073644
1.1455888406073644
1.1455888406073644
1.1455888406073644
1.1455888406073644
1.1455873540391475
1.1455873540391475
1.1455873540391475
1.1455873540391475
1.1455873540391475
1.1455873540391475
1.1455873540391475
1.1455873540391475
1.1455873540391475
1.1455873540391475
1.1455873540391475
1.1455873540391475
1.1455858674709305
1.1455858674709305
1.1455858674709305
1.1455858674709305
1.1455858674709305
1.1455858674709305
1.1455858674709305
1.1455843809027135
1.1455843809027135
1.1455843809027135
1.1455843809027135
1.1455843809027135
1.1455828943344963
1.1455828943344963
1.1455828943344963
1.1455814077662794
1.1455814077662794
1.1455814077662794
1.1455799211980626
1.1455799211980626
1.1455784346298454
1.1455784346298454
1.1455769480616285
1.1455769480616285
1.1455754614934115
1.1455754614934115
1.1455739749251945
1.1455724883569776
1.1455724883569776
1.1455710017887604
1.1455695152205436
1.1455680286523264
1.1455665420841095
1.1455650555158925
1.1455635689476755
1.1455620823794586
1.1455591092430244
1.1455576226748077
1.1455546495383735
1.1455531629701565
1.1455501898337226
1.1455472166972884
1.1455442435608545
1.1455412704244206
1.1455382972879866
1.1455353241515525
1.1541864494015242
1.1541864494015242
1.1541864494015242
1.1541864494015242
1.1541864494015242
1.1541864494015242
1.1541864494015242
1.1541864494015242
1.1541864494015242
1.1541864494015242
1.1541864494015242
1.1541864494015242
1.1541864494015242
1.1541864494015242
1.1541864494015242
1.1541864494015242
1.1541864494015242
1.1541864494015242
1.1541864494015242
1.1541864494015242
1.1541864494015242
1.1541864494015242
1.1541864494015242
1.1541864494015242
1.1541864494015242
1.1541864494015242
1.1541864494015242
1.1541864494015242
1.1541864494015242
1.1541864494015242
1.1541849632115857
1.1541849632115857
1.1541849632115857
1.1541849632115857
1.1541849632115857
1.1541849632115857
1.1541849632115857
1.1541849632115857
1.1541849632115857
1.1541849632115857
1.154183477021647
1.154183477021647
1.154183477021647
1.154183477021647
1.154183477021647
1.154183477021647
1.1541819908317088
1.1541819908317088
1.1541819908317088
1.1541819908317088
1.1541819908317088
1.1541805046417701
1.1541805046417701
1.1541805046417701
1.1541790184518317
1.1541790184518317
1.1541790184518317
1.154177532261893
1.154177532261893
1.1541760460719548
1.1541760460719548
1.1541745598820161
1.1541745598820161
1.1541730736920777
1.1541715875021392
1.1541715875021392
1.1541701013122008
1.1541686151222623
1.1541671289323236
1.1541671289323236
1.1541656427423852
1.1541641565524468
1.1541611841725699
1.1541596979826312
1.154158211792693
1.1541567256027543
1.1541537532228772
1.154152267032939
1.1541492946530618
1.154146322273185
1.1541433498933078
1.154140377513431
1.154137405133554
1.154134432753677
1.1541299741838615
1.1628216129403426
1.1628216129403426
1.1628216129403426
1.1628216129403426
1.1628216129403426
1.1628216129403426
1.1628216129403426
1.1628216129403426
1.1628216129403426
1.1628216129403426
1.1628216129403426
1.1628216129403426
1.1628216129403426
1.1628216129403426
1.1628216129403426
1.1628216129403426
1.1628216129403426
1.1628216129403426
1.1628216129403426
1.1628216129403426
1.1628216129403426
1.1628216129403426
1.1628216129403426
1.1628216129403426
1.1628216129403426
1.1628216129403426
1.1628216129403426
1.1628216129403426
1.1628216129403426
1.1628201277040957
1.1628201277040957
1.1628201277040957
1.1628201277040957
1.1628201277040957
1.1628201277040957
1.1628201277040957
1.1628201277040957
1.1628201277040957
1.1628201277040957
1.1628201277040957
1.1628186424678488
1.1628186424678488
1.1628186424678488
1.1628186424678488
1.1628186424678488
1.1628186424678488
1.1628171572316022
1.1628171572316022
1.1628171572316022
1.1628171572316022
1.1628156719953555
1.1628156719953555
1.1628156719953555
1.1628156719953555
1.1628141867591086
1.1628141867591086
1.1628127015228618
1.1628127015228618
1.1628127015228618
1.162811216286615
1.162811216286615
1.1628097310503682
1.1628082458141213
1.1628082458141213
1.1628067605778747
1.162805275341628
1.162805275341628
1.1628037901053812
1.1628023048691343
1.1628008196328876
1.1627993343966407
1.162797849160394
1.1627963639241472
1.1627948786879005
1.1627919082154068
1.16279042297916
1.1627874525066666
1.1627859672704197
1.1627829967979262
1.1627800263254324
1.1627770558529391
1.1627740853804454
1.1627711149079518
1.1627666591992116
1.1627636887267179
1.1715065813189243
1.1715065813189243
1.1715065813189243
1.1715065813189243
1.1715065813189243
1.1715065813189243
1.1715065813189243
1.1715065813189243
1.1715065813189243
1.1715065813189243
1.1715065813189243
1.1715065813189243
1.1715065813189243
1.1715065813189243
1.1715065813189243
1.1715065813189243
1.1715065813189243
1.1715065813189243
1.1715065813189243
1.1715065813189243
1.1715065813189243
1.1715065813189243
1.1715065813189243
1.1715065813189243
1.1715065813189243
1.1715065813189243
1.1715065813189243
1.1715065813189243
1.1715065813189243
1.1715050949303605
1.1715050949303605
1.1715050949303605
1.1715050949303605
1.1715050949303605
1.1715050949303605
1.1715050949303605
1.1715050949303605
1.1715050949303605
1.1715050949303605
1.1715036085417965
1.1715036085417965
1.1715036085417965
1.1715036085417965
1.1715036085417965
1.1715036085417965
1.1715021221532327
1.1715021221532327
1.1715021221532327
1.1715021221532327
1.1715021221532327
1.171500635764669
1.171500635764669
1.171500635764669
1.1714991493761049
1.1714991493761049
1.1714991493761049
1.171497662987541
1.171497662987541
1.171496176598977
1.171496176598977
1.1714946902104135
1.1714946902104135
1.1714932038218495
1.1714917174332857
1.1714917174332857
1.1714902310447217
1.171488744656158
1.1714872582675941
1.1714857718790304
1.1714842854904663
1.1714827991019026
1.1714813127133388
1.1714798263247748
1.171478339936211
1.1714753671590834
1.1714738807705194
1.1714709079933918
1.1714694216048278
1.1714664488277002
1.1714634760505724
1.1714605032734449
1.171457530496317
1.1714530713306255
1.1714500985534977
1.1714456393878063
1.1802224375128267
1.1802224375128267
1.1802224375128267
1.1802224375128267
1.1802224375128267
1.1802224375128267
1.1802224375128267
1.1802224375128267
1.1802224375128267
1.1802224375128267
1.1802224375128267
1.1802224375128267
1.1802224375128267
1.1802224375128267
1.1802224375128267
1.1802224375128267
1.1802224375128267
1.1802224375128267
1.1802224375128267
1.1802224375128267
1.1802224375128267
1.1802224375128267
1.1802224375128267
1.1802224375128267
1.1802224375128267
1.1802224375128267
1.1802224375128267
1.1802224375128267
1.1802224375128267
1.1802224375128267
1.1802209532048917
1.1802209532048917
1.1802209532048917
1.1802209532048917
1.1802209532048917
1.1802209532048917
1.1802209532048917
1.1802209532048917
1.1802209532048917
1.1802209532048917
1.1802194688969567
1.1802194688969567
1.1802194688969567
1.1802194688969567
1.1802194688969567
1.1802179845890217
1.1802179845890217
1.1802179845890217
1.1802179845890217
1.1802179845890217
1.180216500281087
1.180216500281087
1.180216500281087
1.1802150159731521
1.1802150159731521
1.1802150159731521
1.1802135316652171
1.1802135316652171
1.1802120473572821
1.1802120473572821
1.1802105630493473
1.1802105630493473
1.1802090787414123
1.1802075944334773
1.1802061101255423
1.1802061101255423
1.1802046258176075
1.1802031415096725
1.1802016572017375
1.1802001728938027
1.180198688585868
1.180197204277933
1.180195719969998
1.1801927513541282
1.1801912670461931
1.1801882984303234
1.1801868141223884
1.1801838455065186
1.1801808768906488
1.1801779082747788
1.180174939658909
1.180171971043039
1.1801675181192344
1.1801645495033646
1.1801600965795598
1.1889741093112822
1.1889741093112822
1.1889741093112822
1.1889741093112822
1.1889741093112822
1.1889741093112822
1.1889741093112822
1.1889741093112822
1.1889741093112822
1.1889741093112822
1.1889741093112822
1.1889741093112822
1.1889741093112822
1.1889741093112822
1.1889741093112822
1.1889741093112822
1.1889726264797338
1.1889726264797338
1.1889726264797338
1.1889726264797338
1.1889726264797338
1.1889726264797338
1.1889726264797338
1.1889726264797338
1.1889726264797338
1.1889726264797338
1.1889726264797338
1.1889726264797338
1.1889726264797338
1.1889726264797338
1.1889726264797338
1.1889726264797338
1.1889726264797338
1.1889726264797338
1.1889711436481853
1.1889711436481853
1.1889711436481853
1.1889711436481853
1.1889711436481853
1.1889711436481853
1.1889711436481853
1.1889696608166371
1.1889696608166371
1.1889696608166371
1.1889696608166371
1.1889696608166371
1.1889696608166371
1.1889681779850887
1.1889681779850887
1.1889681779850887
1.1889666951535403
1.1889666951535403
1.1889666951535403
1.188965212321992
1.188965212321992
1.188965212321992
1.1889637294904436
1.1889637294904436
1.1889622466588954
1.1889622466588954
1.188960763827347
1.188960763827347
1.1889592809957987
1.1889577981642503
1.1889577981642503
1.1889563153327019
1.1889548325011534
1.1889533496696052
1.1889518668380568
1.1889503840065083
1.1889489011749599
1.1889474183434117
1.1889444526803148
1.1889429698487666
1.1889414870172181
1.1889385213541215
1.1889355556910248
1.1889340728594764
1.1889311071963795
1.1889281415332829
1.1889236930386378
1.188920727375541
1.1889177617124445
1.1889133132177994
1.188908864723154
1.1977589823318624
1.1977589823318624
1.1977575011527997
1.1977575011527997
1.1977575011527997
1.1977575011527997
1.1977575011527997
1.1977575011527997
1.1977575011527997
1.1977575011527997
1.1977575011527997
1.1977575011527997
1.1977575011527997
1.1977575011527997
1.1977575011527997
1.1977575011527997
1.1977575011527997
1.1977575011527997
1.1977575011527997
1.1977575011527997
1.1977575011527997
1.1977575011527997
1.1977575011527997
1.1977575011527997
1.1977575011527997
1.1977575011527997
1.1977575011527997
1.1977575011527997
1.1977575011527997
1.1977575011527997
1.197756019973737
1.197756019973737
1.197756019973737
1.197756019973737
1.197756019973737
1.197756019973737
1.197756019973737
1.197756019973737
1.197756019973737
1.1977545387946744
1.1977545387946744
1.1977545387946744
1.1977545387946744
1.1977545387946744
1.1977545387946744
1.1977530576156117
1.1977530576156117
1.1977530576156117
1.1977530576156117
1.1977515764365492
1.1977515764365492
1.1977515764365492
1.1977500952574864
1.1977500952574864
1.1977500952574864
1.197748614078424
1.197748614078424
1.1977471328993612
1.1977471328993612
1.1977456517202985
1.1977456517202985
1.1977441705412357
1.1977426893621732
1.1977426893621732
1.1977412081831105
1.197739727004048
1.1977382458249852
1.1977367646459227
1.19773528346686
1.1977338022877972
1.1977323211087345
1.197730839929672
1.1977293587506093
1.197726396392484
1.1977249152134215
1.197721952855296
1.1977189904971708
1.197717509318108
1.197714546959983
1.1977115846018576
1.1977071410646696
1.1977041787065443
1.1976997351693563
1.197696772811231
1.1976923292740431
1.2065811110685163
1.2065811110685163
1.2065811110685163
1.2065811110685163
1.2065811110685163
1.2065811110685163
1.2065811110685163
1.2065811110685163
1.2065811110685163
1.2065811110685163
1.2065811110685163
1.2065811110685163
1.2065811110685163
1.2065811110685163
1.2065811110685163
1.2065811110685163
1.2065796308455738
1.2065796308455738
1.2065796308455738
1.2065796308455738
1.2065796308455738
1.2065796308455738
1.2065796308455738
1.2065796308455738
1.2065796308455738
1.2065796308455738
1.2065796308455738
1.2065796308455738
1.2065796308455738
1.2065796308455738
1.2065796308455738
1.2065796308455738
1.2065796308455738
1.2065781506226316
1.2065781506226316
1.2065781506226316
1.2065781506226316
1.2065781506226316
1.2065781506226316
1.2065781506226316
1.2065781506226316
1.2065766703996892
1.2065766703996892
1.2065766703996892
1.2065766703996892
1.2065766703996892
1.2065751901767467
1.2065751901767467
1.2065751901767467
1.2065751901767467
1.2065737099538043
1.2065737099538043
1.2065737099538043
1.206572229730862
1.206572229730862
1.2065707495079196
1.2065707495079196
1.2065692692849772
1.2065692692849772
1.2065677890620348
1.2065677890620348
1.2065663088390925
1.20656482861615
1.20656482861615
1.2065633483932077
1.2065618681702652
1.2065603879473228
1.2065589077243803
1.206557427501438
1.2065559472784957
1.2065544670555532
1.2065529868326108
1.2065500263867261
1.2065485461637837
1.2065455857178988
1.2065441054949566
1.2065411450490717
1.206538184603187
1.2065352241573022
1.2065322637114175
1.2065293032655326
1.2065248625967053
1.2065219021508207
1.2065174614819933
1.2065130208131662
1.2154254626171426
1.2154254626171426
1.2154254626171426
1.2154254626171426
1.2154254626171426
1.2154254626171426
1.2154254626171426
1.2154254626171426
1.2154254626171426
1.2154254626171426
1.2154254626171426
1.2154254626171426
1.2154254626171426
1.2154254626171426
1.2154254626171426
1.2154239860976854
1.2154239860976854
1.2154239860976854
1.2154239860976854
1.2154239860976854
1.2154239860976854
1.2154239860976854
1.2154239860976854
1.2154239860976854
1.2154239860976854
1.2154239860976854
1.2154239860976854
1.2154239860976854
1.2154239860976854
1.2154239860976854
1.2154239860976854
1.2154239860976854
1.2154239860976854
1.215422509578228
1.215422509578228
1.215422509578228
1.215422509578228
1.215422509578228
1.215422509578228
1.215422509578228
1.215421033058771
1.215421033058771
1.215421033058771
1.215421033058771
1.215421033058771
1.215421033058771
1.2154195565393138
1.2154195565393138
1.2154195565393138
1.2154180800198566
1.2154180800198566
1.2154180800198566
1.2154166035003993
1.2154166035003993
1.2154166035003993
1.2154151269809421
1.2154151269809421
1.215413650461485
1.215413650461485
1.2154121739420278
1.2154121739420278
1.2154106974225705
1.2154092209031133
1.2154077443836562
1.2154077443836562
1.2154062678641988
1.2154047913447417
1.2154033148252845
1.2154018383058274
1.21540036178637
1.2153988852669129
1.2153959322279986
1.2153944557085412
1.215392979189084
1.2153900261501698
1.2153870731112553
1.2153855965917981
1.2153826435528836
1.2153796905139693
1.2153752609555977
1.2153723079166834
1.2153693548777689
1.2153649253193972
1.2153604957610258
1.2153560662026541
1.2242967949918941
1.2242967949918941
1.2242967949918941
1.2242967949918941
1.2242953213486427
1.2242953213486427
1.2242953213486427
1.2242953213486427
1.2242953213486427
1.2242953213486427
1.2242953213486427
1.2242953213486427
1.2242953213486427
1.2242953213486427
1.2242953213486427
1.2242953213486427
1.2242953213486427
1.2242953213486427
1.2242953213486427
1.2242953213486427
1.2242953213486427
1.2242953213486427
1.2242953213486427
1.2242953213486427
1.2242953213486427
1.2242953213486427
1.2242953213486427
1.2242953213486427
1.2242953213486427
1.2242953213486427
1.224293847705391
1.224293847705391
1.224293847705391
1.224293847705391
1.224293847705391
1.224293847705391
1.224293847705391
1.224293847705391
1.224293847705391
1.2242923740621394
1.2242923740621394
1.2242923740621394
1.2242923740621394
1.2242923740621394
1.2242909004188876
1.2242909004188876
1.2242909004188876
1.2242909004188876
1.2242894267756361
1.2242894267756361
1.2242894267756361
1.2242894267756361
1.2242879531323845
1.2242879531323845
1.2242864794891328
1.2242864794891328
1.2242850058458812
1.2242850058458812
1.2242835322026298
1.2242835322026298
1.224282058559378
1.224282058559378
1.2242805849161265
1.2242791112728748
1.2242776376296232
1.2242761639863715
1.2242746903431199
1.2242732166998684
1.2242717430566168
1.2242702694133651
1.2242687957701133
1.2242673221268618
1.2242643748403585
1.224262901197107
1.2242599539106038
1.2242584802673522
1.2242555329808489
1.2242525856943456
1.2242496384078425
1.224246691121339
1.2242422701915843
1.2242393229050812
1.224234901975326
1.2242304810455713
1.2242260601158166
1.233193406285565
1.233193406285565
1.233193406285565
1.233193406285565
1.233193406285565
1.233193406285565
1.233193406285565
1.233193406285565
1.233193406285565
1.233193406285565
1.233193406285565
1.233193406285565
1.233193406285565
1.233193406285565
1.233193406285565
1.233193406285565
1.233193406285565
1.233193406285565
1.233193406285565
1.233193406285565
1.233193406285565
1.233193406285565
1.233193406285565
1.233193406285565
1.233193406285565
1.233193406285565
1.233191935528201
1.233191935528201
1.233191935528201
1.233191935528201
1.233191935528201
1.233191935528201
1.233191935528201
1.233191935528201
1.233191935528201
1.233191935528201
1.233191935528201
1.2331904647708372
1.2331904647708372
1.2331904647708372
1.2331904647708372
1.2331904647708372
1.2331904647708372
1.2331889940134735
1.2331889940134735
1.2331889940134735
1.2331889940134735
1.2331875232561098
1.2331875232561098
1.2331875232561098
1.2331875232561098
1.233186052498746
1.233186052498746
1.233184581741382
1.233184581741382
1.233184581741382
1.2331831109840181
1.2331831109840181
1.2331816402266544
1.2331801694692905
1.2331801694692905
1.2331786987119269
1.2331772279545632
1.2331772279545632
1.2331757571971993
1.2331742864398354
1.2331728156824715
1.2331713449251078
1.233169874167744
1.2331684034103803
1.2331669326530164
1.2331639911382888
1.2331625203809249
1.2331595788661973
1.2331581081088336
1.2331551665941058
1.2331522250793783
1.2331492835646507
1.2331463420499231
1.2331434005351953
1.233138988263104
1.2331360467483765
1.233131634476285
1.2331272222041936
1.233122809932102
1.2421137308612615
1.2421137308612615
1.2421137308612615
1.2421137308612615
1.2421137308612615
1.2421137308612615
1.2421137308612615
1.2421137308612615
1.2421137308612615
1.2421137308612615
1.2421137308612615
1.2421137308612615
1.2421137308612615
1.2421137308612615
1.2421137308612615
1.2421137308612615
1.2421137308612615
1.2421137308612615
1.2421137308612615
1.2421137308612615
1.2421137308612615
1.2421137308612615
1.2421137308612615
1.2421137308612615
1.242112263702614
1.242112263702614
1.242112263702614
1.242112263702614
1.242112263702614
1.242112263702614
1.242112263702614
1.242112263702614
1.242112263702614
1.242112263702614
1.242112263702614
1.242112263702614
1.2421107965439668
1.2421107965439668
1.2421107965439668
1.2421107965439668
1.2421107965439668
1.2421107965439668
1.2421093293853196
1.2421093293853196
1.2421093293853196
1.2421093293853196
1.2421093293853196
1.2421078622266724
1.2421078622266724
1.2421078622266724
1.242106395068025
1.242106395068025
1.242106395068025
1.2421049279093774
1.2421049279093774
1.2421034607507304
1.2421034607507304
1.242101993592083
1.242101993592083
1.2421005264334357
1.2421005264334357
1.2420990592747885
1.242097592116141
1.2420961249574938
1.2420961249574938
1.2420946577988463
1.242093190640199
1.2420917234815518
1.2420902563229044
1.24208732200561
1.2420858548469624
1.2420843876883152
1.2420814533710205
1.2420799862123733
1.2420770518950786
1.2420755847364313
1.2420726504191366
1.242069716101842
1.2420667817845472
1.2420623803086053
1.2420594459913108
1.2420550445153686
1.2420521101980742
1.2420477087221322
1.242041840087543
1.2510456739033295
1.2510456739033295
1.2510456739033295
1.2510456739033295
1.2510456739033295
1.2510456739033295
1.2510456739033295
1.2510456739033295
1.2510456739033295
1.2510456739033295
1.2510456739033295
1.2510456739033295
1.2510456739033295
1.2510456739033295
1.2510456739033295
1.2510456739033295
1.2510456739033295
1.2510456739033295
1.2510456739033295
1.2510456739033295
1.2510456739033295
1.2510456739033295
1.2510456739033295
1.2510456739033295
1.2510456739033295
1.2510456739033295
1.251044212046858
1.251044212046858
1.251044212046858
1.251044212046858
1.251044212046858
1.251044212046858
1.251044212046858
1.251044212046858
1.251044212046858
1.251044212046858
1.251044212046858
1.2510427501903862
1.2510427501903862
1.2510427501903862
1.2510427501903862
1.2510427501903862
1.2510427501903862
1.2510412883339146
1.2510412883339146
1.2510412883339146
1.2510412883339146
1.2510398264774427
1.2510398264774427
1.2510398264774427
1.251038364620971
1.251038364620971
1.251038364620971
1.2510369027644994
1.2510369027644994
1.2510354409080278
1.2510354409080278
1.2510339790515559
1.2510339790515559
1.2510325171950845
1.2510325171950845
1.2510310553386126
1.251029593482141
1.251028131625669
1.251028131625669
1.2510266697691976
1.2510252079127258
1.251023746056254
1.2510222841997825
1.2510193604868391
1.2510178986303673
1.2510164367738958
1.2510135130609523
1.2510120512044804
1.2510091274915371
1.2510062037785938
1.2510047419221222
1.2510018182091787
1.2509974326397637
1.2509945089268202
1.2509915852138769
1.2509871996444617
1.2509828140750467
1.2509784285056316
1.2509740429362164
1.2599991967503648
1.2599991967503648
1.2599991967503648
1.2599991967503648
1.2599991967503648
1.2599991967503648
1.2599991967503648
1.2599991967503648
1.2599991967503648
1.2599991967503648
1.2599991967503648
1.2599991967503648
1.2599991967503648
1.2599991967503648
1.2599991967503648
1.2599991967503648
1.2599991967503648
1.2599977387593457
1.2599977387593457
1.2599977387593457
1.2599977387593457
1.2599977387593457
1.2599977387593457
1.2599977387593457
1.2599977387593457
1.2599977387593457
1.2599977387593457
1.2599977387593457
1.2599977387593457
1.2599977387593457
1.2599977387593457
1.2599977387593457
1.2599977387593457
1.259996280768327
1.259996280768327
1.259996280768327
1.259996280768327
1.259996280768327
1.259996280768327
1.259996280768327
1.2599948227773081
1.2599948227773081
1.2599948227773081
1.2599948227773081
1.2599948227773081
1.259993364786289
1.259993364786289
1.259993364786289
1.259993364786289
1.2599919067952703
1.2599919067952703
1.2599919067952703
1.2599904488042513
1.2599904488042513
1.2599889908132325
1.2599889908132325
1.2599875328222137
1.2599875328222137
1.2599860748311946
1.2599860748311946
1.2599846168401758
1.259983158849157
1.259983158849157
1.259981700858138
1.259980242867119
1.2599787848761002
1.2599773268850814
1.2599758688940623
1.2599744109030435
1.2599729529120245
1.2599714949210057
1.2599685789389679
1.259967120947949
1.2599642049659112
1.2599627469748924
1.2599598309928546
1.2599569150108167
1.259953999028779
1.259951083046741
1.2599467090736844
1.2599437930916468
1.25993941911859
1.2599365031365521
1.2599321291634955
1.25992629719942
1.2689679677281294
1.2689679677281294
1.2689679677281294
1.2689679677281294
1.2689679677281294
1.2689679677281294
1.2689679677281294
1.2689679677281294
1.2689679677281294
1.2689679677281294
1.2689679677281294
1.2689679677281294
1.2689679677281294
1.2689679677281294
1.2689679677281294
1.2689679677281294
1.2689679677281294
1.2689679677281294
1.2689679677281294
1.2689679677281294
1.2689665143541256
1.2689665143541256
1.2689665143541256
1.2689665143541256
1.2689665143541256
1.2689665143541256
1.2689665143541256
1.2689665143541256
1.2689665143541256
1.2689665143541256
1.2689665143541256
1.2689665143541256
1.2689665143541256
1.2689665143541256
1.2689650609801217
1.2689650609801217
1.2689650609801217
1.2689650609801217
1.2689650609801217
1.2689650609801217
1.2689650609801217
1.268963607606118
1.268963607606118
1.268963607606118
1.268963607606118
1.268963607606118
1.2689621542321141
1.2689621542321141
1.2689621542321141
1.2689607008581103
1.2689607008581103
1.2689607008581103
1.2689592474841063
1.2689592474841063
1.2689592474841063
1.2689577941101025
1.2689577941101025
1.2689563407360986
1.2689548873620948
1.2689548873620948
1.268953433988091
1.268953433988091
1.268951980614087
1.2689505272400834
1.2689490738660794
1.2689476204920755
1.2689461671180715
1.268944713744068
1.2689432603700639
1.26894180699606
1.2689403536220563
1.2689374468740486
1.2689359935000446
1.268933086752037
1.2689316333780332
1.2689287266300253
1.2689258198820177
1.26892291313401
1.2689200063860024
1.2689156462639908
1.2689127395159832
1.2689083793939715
1.2689054726459639
1.2688996591499484
1.2688952990279367
1.2779463269908797
1.2779463269908797
1.2779463269908797
1.2779463269908797
1.2779463269908797
1.2779463269908797
1.2779463269908797
1.2779463269908797
1.2779463269908797
1.2779463269908797
1.2779463269908797
1.2779463269908797
1.2779463269908797
1.2779463269908797
1.2779463269908797
1.2779448793354036
1.2779448793354036
1.2779448793354036
1.2779448793354036
1.2779448793354036
1.2779448793354036
1.2779448793354036
1.2779448793354036
1.2779448793354036
1.2779448793354036
1.2779448793354036
1.2779448793354036
1.2779448793354036
1.2779448793354036
1.2779448793354036
1.2779448793354036
1.2779448793354036
1.2779434316799276
1.2779434316799276
1.2779434316799276
1.2779434316799276
1.2779434316799276
1.2779434316799276
1.2779434316799276
1.2779434316799276
1.2779419840244515
1.2779419840244515
1.2779419840244515
1.2779419840244515
1.2779419840244515
1.2779405363689753
1.2779405363689753
1.2779405363689753
1.2779405363689753
1.2779390887134991
1.2779390887134991
1.2779390887134991
1.2779376410580232
1.2779376410580232
1.277936193402547
1.277936193402547
1.2779347457470709
1.2779347457470709
1.2779332980915947
1.2779332980915947
1.2779318504361188
1.2779304027806426
1.2779304027806426
1.2779289551251665
1.2779275074696905
1.2779260598142144
1.2779246121587382
1.2779231645032623
1.277921716847786
1.27792026919231
1.2779173738813578
1.277915926225882
1.2779144785704057
1.2779115832594534
1.2779086879485013
1.2779072402930252
1.277904344982073
1.2779014496711207
1.2778985543601686
1.2778942113937402
1.277891316082788
1.2778869731163598
1.2778826301499315
1.2778782871835033
1.277873944217075
1.2869338960980032
1.2869338960980032
1.2869338960980032
1.2869338960980032
1.2869338960980032
1.2869338960980032
1.2869338960980032
1.2869338960980032
1.2869338960980032
1.2869338960980032
1.2869338960980032
1.2869338960980032
1.2869338960980032
1.2869338960980032
1.2869338960980032
1.2869338960980032
1.2869338960980032
1.2869338960980032
1.2869338960980032
1.2869338960980032
1.2869338960980032
1.2869338960980032
1.2869338960980032
1.2869338960980032
1.2869338960980032
1.2869338960980032
1.2869338960980032
1.2869338960980032
1.2869338960980032
1.2869324539335123
1.2869324539335123
1.2869324539335123
1.2869324539335123
1.2869324539335123
1.2869324539335123
1.2869324539335123
1.2869324539335123
1.2869324539335123
1.2869310117690214
1.2869310117690214
1.2869310117690214
1.2869310117690214
1.2869310117690214
1.2869295696045306
1.2869295696045306
1.2869295696045306
1.2869295696045306
1.2869295696045306
1.2869281274400397
1.2869281274400397
1.2869281274400397
1.2869266852755488
1.2869266852755488
1.286925243111058
1.286925243111058
1.286925243111058
1.286923800946567
1.286923800946567
1.2869223587820762
1.2869209166175852
1.2869209166175852
1.2869194744530945
1.2869180322886036
1.2869180322886036
1.2869165901241126
1.286915147959622
1.286913705795131
1.2869122636306403
1.2869108214661493
1.2869079371371677
1.2869064949726767
1.2869050528081858
1.2869021684792041
1.2869007263147132
1.2868978419857313
1.2868949576567497
1.2868935154922587
1.286890631163277
1.2868863046698045
1.2868834203408226
1.286880536011841
1.2868762095183683
1.2868718830248957
1.2868675565314232
1.2868632300379506
1.2959256884715271
1.2959256884715271
1.2959256884715271
1.2959256884715271
1.2959256884715271
1.2959256884715271
1.2959256884715271
1.2959256884715271
1.2959256884715271
1.2959256884715271
1.2959256884715271
1.2959256884715271
1.2959256884715271
1.2959256884715271
1.2959256884715271
1.2959256884715271
1.2959256884715271
1.2959256884715271
1.2959256884715271
1.2959256884715271
1.2959256884715271
1.2959256884715271
1.2959256884715271
1.2959256884715271
1.2959256884715271
1.295924253000203
1.295924253000203
1.295924253000203
1.295924253000203
1.295924253000203
1.295924253000203
1.295924253000203
1.295924253000203
1.295924253000203
1.295924253000203
1.295924253000203
1.295922817528879
1.295922817528879
1.295922817528879
1.295922817528879
1.295922817528879
1.295922817528879
1.295921382057555
1.295921382057555
1.295921382057555
1.295921382057555
1.295921382057555
1.2959199465862312
1.2959199465862312
1.2959199465862312
1.2959185111149072
1.2959185111149072
1.2959185111149072
1.295917075643583
1.295917075643583
1.295915640172259
1.295915640172259
1.295914204700935
1.295914204700935
1.295912769229611
1.295911333758287
1.295911333758287
1.295909898286963
1.2959084628156392
1.2959070273443152
1.2959070273443152
1.2959055918729911
1.295904156401667
1.295901285459019
1.295899849987695
1.295898414516371
1.2958969790450472
1.2958941081023991
1.295892672631075
1.295889801688427
1.2958869307457792
1.2958840598031311
1.295881188860483
1.295878317917835
1.2958754469751872
1.295871140561215
1.295868269618567
1.2958639632045952
1.295859656790623
1.295855350376651
1.3049216386129945
1.3049216386129945
1.3049216386129945
1.3049216386129945
1.3049216386129945
1.3049216386129945
1.3049216386129945
1.3049216386129945
1.3049216386129945
1.3049216386129945
1.3049216386129945
1.3049216386129945
1.3049216386129945
1.3049216386129945
1.3049216386129945
1.3049216386129945
1.3049216386129945
1.3049216386129945
1.3049216386129945
1.3049216386129945
1.3049216386129945
1.3049216386129945
1.3049216386129945
1.3049202095502237
1.3049202095502237
1.3049202095502237
1.3049202095502237
1.3049202095502237
1.3049202095502237
1.3049202095502237
1.3049202095502237
1.3049202095502237
1.3049202095502237
1.3049202095502237
1.3049202095502237
1.3049187804874531
1.3049187804874531
1.3049187804874531
1.3049187804874531
1.3049187804874531
1.3049187804874531
1.3049187804874531
1.3049173514246826
1.3049173514246826
1.3049173514246826
1.3049173514246826
1.3049159223619118
1.3049159223619118
1.3049159223619118
1.3049159223619118
1.304914493299141
1.304914493299141
1.304914493299141
1.3049130642363704
1.3049130642363704
1.3049116351735996
1.3049116351735996
1.304910206110829
1.304910206110829
1.3049087770480583
1.3049073479852877
1.3049073479852877
1.304905918922517
1.3049044898597462
1.3049030607969756
1.3049030607969756
1.304901631734205
1.3049002026714343
1.3048973445458927
1.3048959154831221
1.3048944864203516
1.3048930573575808
1.3048901992320394
1.3048887701692686
1.3048859120437275
1.304883053918186
1.3048801957926446
1.3048773376671032
1.3048744795415619
1.3048716214160205
1.3048687632904792
1.304864476102167
1.304860188913855
1.304855901725543
1.3048516145372309
1.3139172862110038
1.3139172862110038
1.3139172862110038
1.3139172862110038
1.3139172862110038
1.3139172862110038
1.3139172862110038
1.3139172862110038
1.3139172862110038
1.3139172862110038
1.3139172862110038
1.3139172862110038
1.3139172862110038
1.3139172862110038
1.3139172862110038
1.3139172862110038
1.3139172862110038
1.3139172862110038
1.3139172862110038
1.3139172862110038
1.3139172862110038
1.3139172862110038
1.3139172862110038
1.3139172862110038
1.3139172862110038
1.3139172862110038
1.3139158641990534
1.3139158641990534
1.3139158641990534
1.3139158641990534
1.3139158641990534
1.3139158641990534
1.3139158641990534
1.3139158641990534
1.3139158641990534
1.3139158641990534
1.3139158641990534
1.313914442187103
1.313914442187103
1.313914442187103
1.313914442187103
1.313914442187103
1.313914442187103
1.3139130201751525
1.3139130201751525
1.3139130201751525
1.3139130201751525
1.3139115981632024
1.3139115981632024
1.3139115981632024
1.3139115981632024
1.313910176151252
1.313910176151252
1.3139087541393015
1.3139087541393015
1.3139087541393015
1.3139073321273511
1.3139073321273511
1.313905910115401
1.3139044881034505
1.3139044881034505
1.3139030660915
1.3139016440795497
1.3139016440795497
1.3139002220675995
1.313898800055649
1.3138973780436987
1.3138959560317482
1.3138945340197978
1.3138931120078474
1.3138902679839468
1.3138888459719964
1.313887423960046
1.3138845799361454
1.313883157924195
1.3138803139002941
1.3138774698763935
1.3138746258524927
1.313871781828592
1.3138689378046913
1.3138646717688403
1.3138618277449394
1.3138575617090884
1.3138532956732372
1.3138490296373861
1.3229085650441055
1.3229085650441055
1.3229085650441055
1.3229085650441055
1.3229085650441055
1.3229085650441055
1.3229085650441055
1.3229085650441055
1.3229085650441055
1.3229085650441055
1.3229085650441055
1.3229085650441055
1.3229085650441055
1.3229085650441055
1.3229085650441055
1.3229085650441055
1.3229085650441055
1.3229085650441055
1.3229085650441055
1.3229085650441055
1.3229085650441055
1.3229071508763117
1.3229071508763117
1.3229071508763117
1.3229071508763117
1.3229071508763117
1.3229071508763117
1.3229071508763117
1.3229071508763117
1.3229071508763117
1.3229071508763117
1.3229071508763117
1.3229071508763117
1.3229071508763117
1.3229071508763117
1.3229057367085177
1.3229057367085177
1.3229057367085177
1.3229057367085177
1.3229057367085177
1.3229057367085177
1.3229057367085177
1.322904322540724
1.322904322540724
1.322904322540724
1.322904322540724
1.3229029083729302
1.3229029083729302
1.3229029083729302
1.3229029083729302
1.3229014942051363
1.3229014942051363
1.3229014942051363
1.3229000800373425
1.3229000800373425
1.3228986658695487
1.3228986658695487
1.322897251701755
1.322897251701755
1.322895837533961
1.322895837533961
1.3228944233661672
1.3228930091983735
1.3228915950305797
1.3228915950305797
1.3228901808627858
1.322888766694992
1.3228873525271982
1.3228859383594043
1.3228845241916105
1.322881695856023
1.322880281688229
1.3228788675204353
1.3228760391848478
1.3228746250170538
1.3228717966814663
1.3228689683458785
1.322866140010291
1.3228633116747033
1.3228604833391158
1.322856240835734
1.3228534125001465
1.322849169996765
1.3228449274933836
1.322840684990002
1.3318917542420208
1.3318917542420208
1.3318917542420208
1.3318917542420208
1.3318917542420208
1.3318917542420208
1.3318917542420208
1.3318917542420208
1.3318917542420208
1.3318917542420208
1.3318917542420208
1.3318917542420208
1.3318917542420208
1.3318917542420208
1.3318917542420208
1.3318917542420208
1.3318917542420208
1.3318917542420208
1.3318917542420208
1.3318917542420208
1.3318917542420208
1.3318917542420208
1.3318917542420208
1.3318917542420208
1.3318917542420208
1.3318917542420208
1.3318917542420208
1.3318903482020774
1.3318903482020774
1.3318903482020774
1.3318903482020774
1.3318903482020774
1.3318903482020774
1.3318903482020774
1.3318903482020774
1.3318903482020774
1.3318903482020774
1.3318903482020774
1.3318889421621343
1.3318889421621343
1.3318889421621343
1.3318889421621343
1.3318889421621343
1.3318889421621343
1.331887536122191
1.331887536122191
1.331887536122191
1.331887536122191
1.3318861300822475
1.3318861300822475
1.3318861300822475
1.3318847240423042
1.3318847240423042
1.3318847240423042
1.3318833180023608
1.3318833180023608
1.3318819119624175
1.3318819119624175
1.331880505922474
1.331880505922474
1.3318790998825307
1.3318776938425876
1.3318776938425876
1.3318762878026442
1.3318748817627009
1.3318734757227575
1.3318720696828144
1.331870663642871
1.3318692576029276
1.3318678515629843
1.331866445523041
1.3318650394830975
1.3318622274032108
1.3318608213632677
1.331858009283381
1.3318566032434376
1.3318537911635508
1.3318509790836643
1.3318481670037776
1.3318453549238911
1.331841136804061
1.3318383247241743
1.3318341066043444
1.3318298884845143
1.3318256703646845
1.3408714638298547
1.340870065556795
1.340870065556795
1.340870065556795
1.340870065556795
1.340870065556795
1.340870065556795
1.340870065556795
1.340870065556795
1.340870065556795
1.340870065556795
1.340870065556795
1.340870065556795
1.340870065556795
1.340870065556795
1.340870065556795
1.340870065556795
1.340870065556795
1.340870065556795
1.340870065556795
1.340870065556795
1.340870065556795
1.340870065556795
1.340870065556795
1.340870065556795
1.340870065556795
1.340870065556795
1.340870065556795
1.340870065556795
1.340870065556795
1.3408686672837358
1.3408686672837358
1.3408686672837358
1.3408686672837358
1.3408686672837358
1.3408686672837358
1.3408686672837358
1.3408686672837358
1.3408686672837358
1.3408672690106762
1.3408672690106762
1.3408672690106762
1.3408672690106762
1.3408672690106762
1.3408672690106762
1.3408658707376169
1.3408658707376169
1.3408658707376169
1.3408658707376169
1.3408644724645573
1.3408644724645573
1.3408644724645573
1.3408630741914978
1.3408630741914978
1.3408616759184384
1.3408616759184384
1.3408616759184384
1.340860277645379
1.340860277645379
1.3408588793723195
1.34085748109926
1.34085748109926
1.3408560828262006
1.3408546845531413
1.3408546845531413
1.3408532862800817
1.3408518880070222
1.3408504897339628
1.3408490914609033
1.340847693187844
1.3408462949147844
1.3408434983686655
1.340842100095606
1.3408407018225466
1.3408379052764277
1.3408351087303088
1.3408337104572494
1.3408309139111303
1.3408281173650114
1.3408253208188925
1.3408211259997143
1.3408183294535954
1.340814134634417
1.3408099398152384
1.3408057449960602
1.3498361352306132
1.3498361352306132
1.3498361352306132
1.3498361352306132
1.3498361352306132
1.3498361352306132
1.3498361352306132
1.3498361352306132
1.3498347460052296
1.3498347460052296
1.3498347460052296
1.3498347460052296
1.3498347460052296
1.3498347460052296
1.3498347460052296
1.3498347460052296
1.3498347460052296
1.3498347460052296
1.3498347460052296
1.3498347460052296
1.3498347460052296
1.3498347460052296
1.3498347460052296
1.3498347460052296
1.3498347460052296
1.3498347460052296
1.3498347460052296
1.3498347460052296
1.3498347460052296
1.3498347460052296
1.3498347460052296
1.349833356779846
1.349833356779846
1.349833356779846
1.349833356779846
1.349833356779846
1.349833356779846
1.349833356779846
1.349833356779846
1.349833356779846
1.3498319675544623
1.3498319675544623
1.3498319675544623
1.3498319675544623
1.3498319675544623
1.3498305783290785
1.3498305783290785
1.3498305783290785
1.3498305783290785
1.349829189103695
1.349829189103695
1.349829189103695
1.349829189103695
1.3498277998783113
1.3498277998783113
1.3498264106529276
1.3498264106529276
1.3498250214275438
1.3498250214275438
1.3498236322021604
1.3498236322021604
1.3498222429767766
1.349820853751393
1.349820853751393
1.3498194645260093
1.3498180753006257
1.349816686075242
1.3498152968498582
1.3498139076244746
1.349812518399091
1.3498111291737074
1.3498097399483238
1.34980835072294
1.3498055722721727
1.349804183046789
1.3498014045960218
1.3497986261452544
1.3497972369198707
1.3497944584691035
1.3497902907929524
1.349787512342185
1.3497847338914177
1.3497805662152669
1.3497763985391158
1.3497736200883486
1.3587828861675921
1.3587828861675921
1.3587828861675921
1.3587828861675921
1.3587828861675921
1.3587828861675921
1.3587828861675921
1.3587828861675921
1.3587828861675921
1.3587828861675921
1.3587828861675921
1.3587828861675921
1.3587828861675921
1.3587828861675921
1.3587828861675921
1.3587828861675921
1.3587828861675921
1.3587828861675921
1.3587815065606628
1.3587815065606628
1.3587815065606628
1.3587815065606628
1.3587815065606628
1.3587815065606628
1.3587815065606628
1.3587815065606628
1.3587815065606628
1.3587815065606628
1.3587815065606628
1.3587815065606628
1.3587815065606628
1.3587815065606628
1.3587815065606628
1.3587815065606628
1.3587801269537334
1.3587801269537334
1.3587801269537334
1.3587801269537334
1.3587801269537334
1.3587801269537334
1.3587801269537334
1.3587801269537334
1.3587787473468038
1.3587787473468038
1.3587787473468038
1.3587787473468038
1.3587787473468038
1.3587773677398747
1.3587773677398747
1.3587773677398747
1.3587773677398747
1.3587759881329453
1.3587759881329453
1.3587759881329453
1.3587746085260157
1.3587746085260157
1.3587732289190864
1.3587732289190864
1.3587718493121572
1.3587718493121572
1.3587704697052276
1.3587704697052276
1.3587690900982983
1.358767710491369
1.358767710491369
1.3587663308844395
1.3587649512775102
1.3587635716705808
1.3587621920636517
1.358760812456722
1.3587594328497927
1.3587580532428634
1.3587552940290046
1.3587539144220753
1.358752534815146
1.3587497756012872
1.3587470163874282
1.358745636780499
1.3587428775666404
1.3587401183527816
1.3587359795319933
1.3587332203181346
1.3587304611042759
1.3587263222834878
1.3587221834626997
1.3677165227968442
1.3677165227968442
1.3677165227968442
1.3677165227968442
1.3677165227968442
1.3677165227968442
1.3677165227968442
1.3677165227968442
1.3677165227968442
1.3677165227968442
1.3677165227968442
1.3677165227968442
1.3677165227968442
1.3677165227968442
1.3677165227968442
1.3677165227968442
1.3677165227968442
1.3677165227968442
1.3677165227968442
1.3677165227968442
1.3677165227968442
1.3677165227968442
1.3677165227968442
1.3677165227968442
1.3677165227968442
1.3677165227968442
1.3677165227968442
1.3677165227968442
1.3677165227968442
1.3677165227968442
1.3677165227968442
1.3677165227968442
1.3677165227968442
1.3677165227968442
1.3677165227968442
1.3677165227968442
1.3677165227968442
1.3677165227968442
1.3677165227968442
1.3677165227968442
1.3677165227968442
1.3677165227968442
1.3677165227968442
1.3677165227968442
1.3677165227968442
1.3677165227968442
1.3677165227968442
1.3677165227968442
1.3677165227968442
1.3677165227968442
1.3677165227968442
1.3677028166958483
1.3677028166958483
1.3677028166958483
1.3677028166958483
1.3677028166958483
1.3677028166958483
1.3677028166958483
1.3677028166958483
1.3677028166958483
1.3677028166958483
1.3677028166958483
1.3677028166958483
1.3677028166958483
1.3677028166958483
1.3677028166958483
1.3677028166958483
1.3677028166958483
1.367689110594852
1.367689110594852
1.367689110594852
1.367689110594852
1.367689110594852
1.367689110594852
1.367689110594852
1.367689110594852
1.367675404493856
1.367675404493856
1.367675404493856
1.367675404493856
1.367675404493856
1.3676616983928598
1.3676616983928598
1.3676616983928598
1.3676616983928598
1.3766267500853853
1.3766267500853853
1.3766267500853853
1.3766267500853853
1.3766267500853853
1.3766267500853853
1.3766267500853853
1.3766267500853853
1.3766267500853853
1.3766267500853853
1.3766267500853853
1.3766267500853853
1.3766267500853853
1.3766267500853853
1.3766267500853853
1.3766267500853853
1.3766267500853853
1.3766267500853853
1.3766267500853853
1.3766267500853853
1.3766267500853853
1.3766267500853853
1.3766267500853853
1.3766267500853853
1.3766267500853853
1.3766267500853853
1.3766267500853853
1.3766267500853853
1.3766267500853853
1.3766267500853853
1.3766267500853853
1.3766267500853853
1.3766267500853853
1.3766267500853853
1.3766267500853853
1.3766267500853853
1.3766267500853853
1.3766267500853853
1.3766267500853853
1.3766267500853853
1.3766267500853853
1.3766267500853853
1.3766267500853853
1.3766267500853853
1.3766267500853853
1.3766267500853853
1.3766267500853853
1.3766267500853853
1.3766267500853853
1.3766267500853853
1.3766267500853853
1.3766267500853853
1.3766131466849447
1.3766131466849447
1.3766131466849447
1.3766131466849447
1.3766131466849447
1.3766131466849447
1.3766131466849447
1.3766131466849447
1.3766131466849447
1.3766131466849447
1.3766131466849447
1.3766131466849447
1.3766131466849447
1.3766131466849447
1.3766131466849447
1.3766131466849447
1.3766131466849447
1.3765995432845044
1.3765995432845044
1.3765995432845044
1.3765995432845044
1.3765995432845044
1.3765995432845044
1.3765995432845044
1.3765995432845044
1.3765859398840636
1.3765859398840636
1.3765859398840636
1.3765859398840636
1.3765859398840636
1.376572336483623
1.376572336483623
1.376572336483623
1.385511274832619
1.385511274832619
1.385511274832619
1.385511274832619
1.385511274832619
1.385511274832619
1.385511274832619
1.385511274832619
1.385511274832619
1.385511274832619
1.385511274832619
1.385511274832619
1.385511274832619
1.385511274832619
1.385511274832619
1.385511274832619
1.385511274832619
1.385511274832619
1.385511274832619
1.385511274832619
1.385511274832619
1.385511274832619
1.385511274832619
1.385511274832619
1.385511274832619
1.385511274832619
1.385511274832619
1.385511274832619
1.385511274832619
1.385511274832619
1.385511274832619
1.385511274832619
1.385511274832619
1.385511274832619
1.385511274832619
1.385511274832619
1.385511274832619
1.385511274832619
1.385511274832619
1.385511274832619
1.385511274832619
1.385511274832619
1.385511274832619
1.385511274832619
1.385511274832619
1.385511274832619
1.385511274832619
1.385511274832619
1.385511274832619
1.385511274832619
1.385511274832619
1.385511274832619
1.385511274832619
1.385511274832619
1.385511274832619
1.385511274832619
1.385511274832619
1.385511274832619
1.385511274832619
1.3854977725153739
1.3854977725153739
1.3854977725153739
1.3854977725153739
1.3854977725153739
1.3854977725153739
1.3854977725153739
1.3854977725153739
1.3854977725153739
1.3854977725153739
1.3854977725153739
1.3854977725153739
1.3854977725153739
1.3854842701981287
1.3854842701981287
1.3854842701981287
1.3854842701981287
1.3854842701981287
1.3854842701981287
1.3854842701981287
1.385470767880884
1.385470767880884
1.385470767880884
1.385470767880884
1.385470767880884
1.3854572655636388
1.3943679541546732
1.3943679541546732
1.3943679541546732
1.3943679541546732
1.3943679541546732
1.3943679541546732
1.3943679541546732
1.3943679541546732
1.3943679541546732
1.3943679541546732
1.3943679541546732
1.3943679541546732
1.3943679541546732
1.3943679541546732
1.3943679541546732
1.3943679541546732
1.3943679541546732
1.3943679541546732
1.3943679541546732
1.3943679541546732
1.3943679541546732
1.3943679541546732
1.3943679541546732
1.3943679541546732
1.3943679541546732
1.3943679541546732
1.3943679541546732
1.3943679541546732
1.3943679541546732
1.3943679541546732
1.3943679541546732
1.3943679541546732
1.3943679541546732
1.3943679541546732
1.3943679541546732
1.3943679541546732
1.3943679541546732
1.3943679541546732
1.3943679541546732
1.3943679541546732
1.3943679541546732
1.3943679541546732
1.3943679541546732
1.3943679541546732
1.3943545754850024
1.3943545754850024
1.3943545754850024
1.3943545754850024
1.3943545754850024
1.3943545754850024
1.3943545754850024
1.3943545754850024
1.3943545754850024
1.3943545754850024
1.3943545754850024
1.3943545754850024
1.3943545754850024
1.3943545754850024
1.3943545754850024
1.3943545754850024
1.3943545754850024
1.3943545754850024
1.3943545754850024
1.3943545754850024
1.3943545754850024
1.3943545754850024
1.3943545754850024
1.3943545754850024
1.3943411968153314
1.3943411968153314
1.3943411968153314
1.3943411968153314
1.3943411968153314
1.3943411968153314
1.3943411968153314
1.3943411968153314
1.3943411968153314
1.3943278181456606
1.3943278181456606
1.3943278181456606
1.3943278181456606
1.3943278181456606
1.39431443947599
1.39431443947599
1.39431443947599
1.4031947812613883
1.4031947812613883
1.4031947812613883
1.4031947812613883
1.4031947812613883
1.4031947812613883
1.4031947812613883
1.4031947812613883
1.4031947812613883
1.4031947812613883
1.4031947812613883
1.4031947812613883
1.4031947812613883
1.4031947812613883
1.4031947812613883
1.4031947812613883
1.4031947812613883
1.4031947812613883
1.4031947812613883
1.4031947812613883
1.4031947812613883
1.4031947812613883
1.4031947812613883
1.4031947812613883
1.4031947812613883
1.4031947812613883
1.4031947812613883
1.4031947812613883
1.4031815078371679
1.4031815078371679
1.4031815078371679
1.4031815078371679
1.4031815078371679
1.4031815078371679
1.4031815078371679
1.4031815078371679
1.4031815078371679
1.4031815078371679
1.4031815078371679
1.4031815078371679
1.4031815078371679
1.4031815078371679
1.4031815078371679
1.4031815078371679
1.4031815078371679
1.4031815078371679
1.4031815078371679
1.4031815078371679
1.4031815078371679
1.4031815078371679
1.4031815078371679
1.4031815078371679
1.4031815078371679
1.4031815078371679
1.4031815078371679
1.4031815078371679
1.4031815078371679
1.4031815078371679
1.4031815078371679
1.4031815078371679
1.4031815078371679
1.4031815078371679
1.4031815078371679
1.4031815078371679
1.4031815078371679
1.4031815078371679
1.4031815078371679
1.4031682344129472
1.4031682344129472
1.4031682344129472
1.4031682344129472
1.4031682344129472
1.4031682344129472
1.4031682344129472
1.4031682344129472
1.4031682344129472
1.4031549609887264
1.4031549609887264
1.4031549609887264
1.4031549609887264
1.4031549609887264
1.4031549609887264
1.4031416875645057
1.4031416875645057
1.4031416875645057
1.4119865142734294
1.4119865142734294
1.4119865142734294
1.4119865142734294
1.4119865142734294
1.4119865142734294
1.4119865142734294
1.4119865142734294
1.4119865142734294
1.4119865142734294
1.4119865142734294
1.4119865142734294
1.4119865142734294
1.4119865142734294
1.4119865142734294
1.4119865142734294
1.4119865142734294
1.4119865142734294
1.4119865142734294
1.4119865142734294
1.4119865142734294
1.4119865142734294
1.4119865142734294
1.4119865142734294
1.4119865142734294
1.4119865142734294
1.4119865142734294
1.4119865142734294
1.4119865142734294
1.4119865142734294
1.4119865142734294
1.4119865142734294
1.4119865142734294
1.4119865142734294
1.4119865142734294
1.4119865142734294
1.4119865142734294
1.4119865142734294
1.4119865142734294
1.4119865142734294
1.4119865142734294
1.4119865142734294
1.4119865142734294
1.4119865142734294
1.4119733529964655
1.4119733529964655
1.4119733529964655
1.4119733529964655
1.4119733529964655
1.4119733529964655
1.4119733529964655
1.4119733529964655
1.4119733529964655
1.4119733529964655
1.4119733529964655
1.4119733529964655
1.4119733529964655
1.4119733529964655
1.4119733529964655
1.4119733529964655
1.4119733529964655
1.4119733529964655
1.4119733529964655
1.4119733529964655
1.4119733529964655
1.4119733529964655
1.4119733529964655
1.4119733529964655
1.4119733529964655
1.4119601917195013
1.4119601917195013
1.4119601917195013
1.4119601917195013
1.4119601917195013
1.4119601917195013
1.4119601917195013
1.4119601917195013
1.4119601917195013
1.411947030442537
1.411947030442537
1.411947030442537
1.411947030442537
1.411947030442537
1.411947030442537
1.4119338691655727
1.420738290630311
1.420738290630311
1.420738290630311
1.420738290630311
1.420738290630311
1.420738290630311
1.420738290630311
1.420738290630311
1.420738290630311
1.420738290630311
1.420738290630311
1.420738290630311
1.420738290630311
1.420738290630311
1.420738290630311
1.420738290630311
1.420738290630311
1.420738290630311
1.420738290630311
1.420738290630311
1.420738290630311
1.420738290630311
1.420738290630311
1.420738290630311
1.420738290630311
1.420738290630311
1.420738290630311
1.420738290630311
1.420738290630311
1.420738290630311
1.420738290630311
1.420738290630311
1.420738290630311
1.420738290630311
1.420738290630311
1.420738290630311
1.420738290630311
1.420738290630311
1.420738290630311
1.420738290630311
1.420738290630311
1.420738290630311
1.420738290630311
1.420738290630311
1.420738290630311
1.420738290630311
1.420738290630311
1.420738290630311
1.420738290630311
1.420738290630311
1.420738290630311
1.420738290630311
1.420738290630311
1.420738290630311
1.420738290630311
1.420738290630311
1.420738290630311
1.420738290630311
1.420738290630311
1.420738290630311
1.420738290630311
1.420738290630311
1.4207252477445333
1.4207252477445333
1.4207252477445333
1.4207252477445333
1.4207252477445333
1.4207252477445333
1.4207252477445333
1.4207252477445333
1.4207252477445333
1.4207252477445333
1.4207252477445333
1.4207252477445333
1.4207252477445333
1.4207122048587555
1.4207122048587555
1.4207122048587555
1.4207122048587555
1.4207122048587555
1.4207122048587555
1.4207122048587555
1.4206991619729776
1.4206991619729776
1.4206991619729776
1.4294520468052714
1.4294520468052714
1.4294520468052714
1.4294520468052714
1.4294520468052714
1.4294520468052714
1.4294520468052714
1.4294520468052714
1.4294520468052714
1.4294520468052714
1.4294520468052714
1.4294520468052714
1.4294520468052714
1.4294520468052714
1.4294520468052714
1.4294520468052714
1.4294520468052714
1.4294520468052714
1.4294520468052714
1.4294520468052714
1.4294520468052714
1.4294520468052714
1.4294520468052714
1.4294520468052714
1.4294520468052714
1.4294520468052714
1.4294520468052714
1.4294520468052714
1.4294520468052714
1.4294520468052714
1.4294520468052714
1.4294520468052714
1.4294520468052714
1.4294520468052714
1.4294520468052714
1.4294520468052714
1.4294520468052714
1.4294520468052714
1.4294520468052714
1.4294520468052714
1.4294520468052714
1.4294520468052714
1.4294520468052714
1.4294520468052714
1.4294520468052714
1.4294520468052714
1.4294520468052714
1.4294520468052714
1.4294520468052714
1.4294520468052714
1.4294520468052714
1.4294520468052714
1.4294520468052714
1.4294520468052714
1.4294520468052714
1.4294520468052714
1.4294520468052714
1.4294520468052714
1.4294520468052714
1.429439137536864
1.429439137536864
1.429439137536864
1.429439137536864
1.429439137536864
1.429439137536864
1.429439137536864
1.429439137536864
1.429439137536864
1.429439137536864
1.429439137536864
1.429439137536864
1.429439137536864
1.429439137536864
1.429439137536864
1.429439137536864
1.4294262282684569
1.4294262282684569
1.4294262282684569
1.4294262282684569
1.4294262282684569
1.4294262282684569
1.4294262282684569
1.4294133190000493
1.4294133190000493
1.4294133190000493
1.4381200378257046
1.4381200378257046
1.4381200378257046
1.4381200378257046
1.4381200378257046
1.4381200378257046
1.4381200378257046
1.4381200378257046
1.4381200378257046
1.4381200378257046
1.4381200378257046
1.4381200378257046
1.4381200378257046
1.4381200378257046
1.4381200378257046
1.4381200378257046
1.4381200378257046
1.4381200378257046
1.4381200378257046
1.4381200378257046
1.4381200378257046
1.4381200378257046
1.4381200378257046
1.4381200378257046
1.4381200378257046
1.4381200378257046
1.4381200378257046
1.4381200378257046
1.4381200378257046
1.4381200378257046
1.4381200378257046
1.4381200378257046
1.4381200378257046
1.4381200378257046
1.4381200378257046
1.4381200378257046
1.4381200378257046
1.4381200378257046
1.4381200378257046
1.4381200378257046
1.4381200378257046
1.4381200378257046
1.4381200378257046
1.4381200378257046
1.4381200378257046
1.4381200378257046
1.4381200378257046
1.4381200378257046
1.4381200378257046
1.4381200378257046
1.4381200378257046
1.4381200378257046
1.4381200378257046
1.4381200378257046
1.4381200378257046
1.4381200378257046
1.4381200378257046
1.4381200378257046
1.4381200378257046
1.4381200378257046
1.4381200378257046
1.4381200378257046
1.4381200378257046
1.4381200378257046
1.4381072531781818
1.4381072531781818
1.4381072531781818
1.4381072531781818
1.4381072531781818
1.4381072531781818
1.4381072531781818
1.4381072531781818
1.4381072531781818
1.4381072531781818
1.4381072531781818
1.4381072531781818
1.4381072531781818
1.4381072531781818
1.4380944685306591
1.4380944685306591
1.4380944685306591
1.4380944685306591
1.4380944685306591
1.4380944685306591
1.4380816838831363
1.4467412805943183
1.4467412805943183
1.4467412805943183
1.4467412805943183
1.4467412805943183
1.4467412805943183
1.4467412805943183
1.4467412805943183
1.4467412805943183
1.4467412805943183
1.4467412805943183
1.4467412805943183
1.4467412805943183
1.4467412805943183
1.4467412805943183
1.4467412805943183
1.4467412805943183
1.4467412805943183
1.4467412805943183
1.4467412805943183
1.4467412805943183
1.4467412805943183
1.4467412805943183
1.4467412805943183
1.4467412805943183
1.4467412805943183
1.4467412805943183
1.4467412805943183
1.4467412805943183
1.4467412805943183
1.4467412805943183
1.4467412805943183
1.4467412805943183
1.4467412805943183
1.4467412805943183
1.4467412805943183
1.4467412805943183
1.4467412805943183
1.4467412805943183
1.4467412805943183
1.4467412805943183
1.4467412805943183
1.4467412805943183
1.4467412805943183
1.4467412805943183
1.4467412805943183
1.4467412805943183
1.4467412805943183
1.4467412805943183
1.4467412805943183
1.4467412805943183
1.4467286394758891
1.4467286394758891
1.4467286394758891
1.4467286394758891
1.4467286394758891
1.4467286394758891
1.4467286394758891
1.4467286394758891
1.4467286394758891
1.4467286394758891
1.4467286394758891
1.4467286394758891
1.4467286394758891
1.4467286394758891
1.4467286394758891
1.4467286394758891
1.4467286394758891
1.4467286394758891
1.4467286394758891
1.4467286394758891
1.4467286394758891
1.4467286394758891
1.4467286394758891
1.4467286394758891
1.44671599835746
1.44671599835746
1.44671599835746
1.44671599835746
1.44671599835746
1.44671599835746
1.44671599835746
1.44671599835746
1.446703357239031
1.446703357239031
1.4553087306335686
1.4553087306335686
1.4553087306335686
1.4553087306335686
1.4553087306335686
1.4553087306335686
1.4553087306335686
1.4553087306335686
1.4553087306335686
1.4553087306335686
1.4553087306335686
1.4553087306335686
1.4553087306335686
1.4553087306335686
1.4553087306335686
1.4553087306335686
1.4553087306335686
1.4553087306335686
1.4553087306335686
1.4553087306335686
1.4553087306335686
1.4553087306335686
1.4553087306335686
1.4553087306335686
1.4553087306335686
1.4553087306335686
1.4553087306335686
1.4553087306335686
1.4553087306335686
1.4553087306335686
1.4553087306335686
1.4553087306335686
1.4553087306335686
1.4553087306335686
1.4553087306335686
1.4553087306335686
1.4553087306335686
1.4553087306335686
1.4553087306335686
1.4553087306335686
1.4553087306335686
1.4553087306335686
1.4553087306335686
1.4553087306335686
1.4553087306335686
1.4553087306335686
1.4553087306335686
1.4553087306335686
1.4553087306335686
1.4553087306335686
1.4553087306335686
1.4552962234072337
1.4552962234072337
1.4552962234072337
1.4552962234072337
1.4552962234072337
1.4552962234072337
1.4552962234072337
1.4552962234072337
1.4552962234072337
1.4552962234072337
1.4552962234072337
1.4552962234072337
1.4552962234072337
1.4552962234072337
1.4552962234072337
1.4552962234072337
1.4552962234072337
1.4552962234072337
1.4552962234072337
1.4552962234072337
1.4552962234072337
1.4552962234072337
1.4552962234072337
1.4552962234072337
1.4552962234072337
1.4552837161808991
1.4552837161808991
1.4552837161808991
1.4552837161808991
1.4552837161808991
1.4552837161808991
1.4552837161808991
1.4552837161808991
1.4552837161808991
1.4638248094866664
1.4638248094866664
1.4638248094866664
1.4638248094866664
1.4638248094866664
1.4638248094866664
1.4638248094866664
1.4638248094866664
1.4638248094866664
1.4638248094866664
1.4638248094866664
1.4638248094866664
1.4638248094866664
1.4638248094866664
1.4638248094866664
1.4638248094866664
1.4638248094866664
1.4638248094866664
1.4638248094866664
1.4638248094866664
1.4638248094866664
1.4638248094866664
1.4638248094866664
1.4638248094866664
1.4638248094866664
1.4638248094866664
1.4638248094866664
1.4638248094866664
1.4638248094866664
1.4638248094866664
1.4638248094866664
1.4638248094866664
1.4638248094866664
1.4638248094866664
1.4638248094866664
1.4638248094866664
1.4638248094866664
1.4638248094866664
1.4638248094866664
1.4638248094866664
1.4638248094866664
1.4638248094866664
1.4638248094866664
1.4638248094866664
1.4638248094866664
1.4638248094866664
1.4638248094866664
1.4638248094866664
1.4638248094866664
1.4638248094866664
1.4638248094866664
1.4638248094866664
1.4638248094866664
1.4638248094866664
1.4638248094866664
1.4638248094866664
1.4638248094866664
1.4638248094866664
1.4638248094866664
1.4638248094866664
1.4638248094866664
1.4638248094866664
1.4638248094866664
1.4638248094866664
1.4638248094866664
1.4638248094866664
1.4638248094866664
1.4638124314650776
1.4638124314650776
1.4638124314650776
1.4638124314650776
1.4638124314650776
1.4638124314650776
1.4638124314650776
1.4638124314650776
1.4638124314650776
1.4638124314650776
1.4638124314650776
1.4638124314650776
1.4638124314650776
1.4638124314650776
1.4638124314650776
1.4638000534434885
1.4638000534434885
1.4638000534434885
1.4722799624349772
1.4722799624349772
1.4722799624349772
1.4722799624349772
1.4722799624349772
1.4722799624349772
1.4722799624349772
1.4722799624349772
1.4722799624349772
1.4722799624349772
1.4722799624349772
1.4722799624349772
1.4722799624349772
1.4722799624349772
1.4722799624349772
1.4722799624349772
1.4722799624349772
1.4722799624349772
1.4722799624349772
1.4722799624349772
1.4722799624349772
1.4722799624349772
1.4722799624349772
1.4722799624349772
1.4722799624349772
1.4722799624349772
1.4722799624349772
1.4722799624349772
1.4722799624349772
1.4722799624349772
1.4722799624349772
1.4722799624349772
1.4722799624349772
1.4722799624349772
1.4722799624349772
1.4722799624349772
1.4722799624349772
1.4722799624349772
1.4722799624349772
1.4722799624349772
1.4722799624349772
1.4722799624349772
1.4722799624349772
1.4722799624349772
1.4722799624349772
1.4722799624349772
1.4722799624349772
1.4722799624349772
1.4722799624349772
1.4722799624349772
1.4722799624349772
1.4722799624349772
1.4722799624349772
1.4722799624349772
1.4722799624349772
1.4722799624349772
1.4722799624349772
1.4722799624349772
1.4722799624349772
1.4722799624349772
1.4722799624349772
1.4722799624349772
1.4722799624349772
1.4722799624349772
1.4722677440058611
1.4722677440058611
1.4722677440058611
1.4722677440058611
1.4722677440058611
1.4722677440058611
1.4722677440058611
1.4722677440058611
1.4722677440058611
1.4722677440058611
1.4722677440058611
1.4722677440058611
1.4722677440058611
1.4722677440058611
1.4722677440058611
1.4722677440058611
1.4722677440058611
1.4722677440058611
1.4722555255767449
1.4722555255767449
1.4722555255767449
1.4806739471835846
1.4806739471835846
1.4806739471835846
1.4806739471835846
1.4806739471835846
1.4806739471835846
1.4806739471835846
1.4806739471835846
1.4806739471835846
1.4806739471835846
1.4806739471835846
1.4806739471835846
1.4806739471835846
1.4806739471835846
1.4806739471835846
1.4806739471835846
1.4806739471835846
1.4806739471835846
1.4806739471835846
1.4806739471835846
1.4806739471835846
1.4806739471835846
1.4806739471835846
1.4806739471835846
1.4806739471835846
1.4806739471835846
1.4806739471835846
1.4806739471835846
1.4806739471835846
1.4806739471835846
1.4806739471835846
1.4806739471835846
1.4806739471835846
1.4806739471835846
1.4806739471835846
1.4806739471835846
1.4806739471835846
1.4806739471835846
1.4806739471835846
1.4806739471835846
1.4806739471835846
1.4806739471835846
1.4806739471835846
1.4806739471835846
1.4806739471835846
1.4806739471835846
1.4806739471835846
1.4806739471835846
1.4806739471835846
1.4806739471835846
1.4806739471835846
1.4806739471835846
1.4806739471835846
1.4806739471835846
1.4806739471835846
1.4806739471835846
1.4806739471835846
1.4806739471835846
1.4806739471835846
1.4806739471835846
1.4806739471835846
1.4806739471835846
1.4806739471835846
1.4806739471835846
1.4806739471835846
1.4806739471835846
1.4806739471835846
1.4806739471835846
1.4806739471835846
1.4806739471835846
1.4806739471835846
1.4806739471835846
1.4806739471835846
1.4806739471835846
1.4806618695076872
1.4806618695076872
1.4806618695076872
1.4806618695076872
1.4806618695076872
1.4806618695076872
1.4806618695076872
1.4806618695076872
1.4806618695076872
1.4806618695076872
1.4806618695076872
1.4890036657212662
1.4890036657212662
1.4890036657212662
1.4890036657212662
1.4890036657212662
1.4890036657212662
1.4890036657212662
1.4890036657212662
1.4890036657212662
1.4890036657212662
1.4890036657212662
1.4890036657212662
1.4890036657212662
1.4890036657212662
1.4890036657212662
1.4890036657212662
1.4890036657212662
1.4890036657212662
1.4890036657212662
1.4890036657212662
1.4890036657212662
1.4890036657212662
1.4890036657212662
1.4890036657212662
1.4890036657212662
1.4890036657212662
1.4890036657212662
1.4890036657212662
1.4890036657212662
1.4890036657212662
1.4890036657212662
1.4890036657212662
1.4890036657212662
1.4890036657212662
1.4890036657212662
1.4890036657212662
1.4890036657212662
1.4890036657212662
1.4890036657212662
1.4890036657212662
1.4890036657212662
1.4890036657212662
1.4890036657212662
1.4890036657212662
1.4890036657212662
1.4890036657212662
1.4890036657212662
1.4890036657212662
1.4890036657212662
1.4890036657212662
1.4890036657212662
1.4890036657212662
1.4890036657212662
1.4890036657212662
1.4890036657212662
1.4890036657212662
1.4890036657212662
1.4890036657212662
1.4890036657212662
1.4890036657212662
1.4890036657212662
1.4890036657212662
1.4890036657212662
1.4890036657212662
1.4890036657212662
1.4890036657212662
1.4890036657212662
1.4890036657212662
1.4890036657212662
1.4890036657212662
1.4890036657212662
1.48899174909961
1.48899174909961
1.48899174909961
1.48899174909961
1.48899174909961
1.48899174909961
1.48899174909961
1.48899174909961
1.48899174909961
1.48899174909961
1.48899174909961
1.48899174909961
1.48899174909961
1.48899174909961
1.4972633995609026
1.4972633995609026
1.4972633995609026
1.4972633995609026
1.4972633995609026
1.4972633995609026
1.4972633995609026
1.4972633995609026
1.4972633995609026
1.4972633995609026
1.4972633995609026
1.4972633995609026
1.4972633995609026
1.4972633995609026
1.4972633995609026
1.4972633995609026
1.4972633995609026
1.4972633995609026
1.4972633995609026
1.4972633995609026
1.4972633995609026
1.4972633995609026
1.4972633995609026
1.4972633995609026
1.4972633995609026
1.4972633995609026
1.4972633995609026
1.4972633995609026
1.4972633995609026
1.4972633995609026
1.4972633995609026
1.4972633995609026
1.4972633995609026
1.4972633995609026
1.4972633995609026
1.4972633995609026
1.4972633995609026
1.4972633995609026
1.4972633995609026
1.4972633995609026
1.4972633995609026
1.4972633995609026
1.4972633995609026
1.4972633995609026
1.4972633995609026
1.4972633995609026
1.4972633995609026
1.4972633995609026
1.4972633995609026
1.4972633995609026
1.4972633995609026
1.4972633995609026
1.4972633995609026
1.4972633995609026
1.4972633995609026
1.4972633995609026
1.4972633995609026
1.4972633995609026
1.4972633995609026
1.4972633995609026
1.4972633995609026
1.4972633995609026
1.4972633995609026
1.4972633995609026
1.4972633995609026
1.4972633995609026
1.4972633995609026
1.4972633995609026
1.4972633995609026
1.4972633995609026
1.4972633995609026
1.4972633995609026
1.4972633995609026
1.4972633995609026
1.4972633995609026
1.4972633995609026
1.4972633995609026
1.4972633995609026
1.4972633995609026
1.4972633995609026
1.4972633995609026
1.4972633995609026
1.497251633558282
1.497251633558282
1.497251633558282
1.5054505288623135
1.5054505288623135
1.5054505288623135
1.5054505288623135
1.5054505288623135
1.5054505288623135
1.5054505288623135
1.5054505288623135
1.5054505288623135
1.5054505288623135
1.5054505288623135
1.5054505288623135
1.5054505288623135
1.5054505288623135
1.5054505288623135
1.5054505288623135
1.5054505288623135
1.5054505288623135
1.5054505288623135
1.5054505288623135
1.5054505288623135
1.5054505288623135
1.5054505288623135
1.5054505288623135
1.5054505288623135
1.5054505288623135
1.5054505288623135
1.5054505288623135
1.5054505288623135
1.5054505288623135
1.5054505288623135
1.5054505288623135
1.5054505288623135
1.5054505288623135
1.5054505288623135
1.5054505288623135
1.5054505288623135
1.5054505288623135
1.5054505288623135
1.5054505288623135
1.5054505288623135
1.5054505288623135
1.5054505288623135
1.5054505288623135
1.5054505288623135
1.5054505288623135
1.5054505288623135
1.5054505288623135
1.5054505288623135
1.5054505288623135
1.5054505288623135
1.5054505288623135
1.5054505288623135
1.5054505288623135
1.5054505288623135
1.5054505288623135
1.5054505288623135
1.5054505288623135
1.5054505288623135
1.5054505288623135
1.5054505288623135
1.5054505288623135
1.5054505288623135
1.5054505288623135
1.5054505288623135
1.5054505288623135
1.5054505288623135
1.5054505288623135
1.5054505288623135
1.5054505288623135
1.5054505288623135
1.5054505288623135
1.5054505288623135
1.5054505288623135
1.5054505288623135
1.5054505288623135
1.5054505288623135
1.5054505288623135
1.5054505288623135
1.5054505288623135
1.5054505288623135
1.5054389323618864
1.5054389323618864
1.5054389323618864
1.5054389323618864
1.5135598629775286
1.5135598629775286
1.5135598629775286
1.5135598629775286
1.5135598629775286
1.5135598629775286
1.5135598629775286
1.5135598629775286
1.5135598629775286
1.5135598629775286
1.5135598629775286
1.5135598629775286
1.5135598629775286
1.5135598629775286
1.5135598629775286
1.5135598629775286
1.5135598629775286
1.5135598629775286
1.5135598629775286
1.5135598629775286
1.5135598629775286
1.5135598629775286
1.5135598629775286
1.5135598629775286
1.5135598629775286
1.5135598629775286
1.5135598629775286
1.5135598629775286
1.5135598629775286
1.5135598629775286
1.5135598629775286
1.5135598629775286
1.5135598629775286
1.5135598629775286
1.5135598629775286
1.5135598629775286
1.5135598629775286
1.5135598629775286
1.5135598629775286
1.5135598629775286
1.5135598629775286
1.5135598629775286
1.5135598629775286
1.5135598629775286
1.5135598629775286
1.5135598629775286
1.5135598629775286
1.5135598629775286
1.5135598629775286
1.5135598629775286
1.5135598629775286
1.5135598629775286
1.5135598629775286
1.5135598629775286
1.5135598629775286
1.5135598629775286
1.5135598629775286
1.5135598629775286
1.5135598629775286
1.5135598629775286
1.5135598629775286
1.5135598629775286
1.5135598629775286
1.5135598629775286
1.5135598629775286
1.5135598629775286
1.5135598629775286
1.5135598629775286
1.5135598629775286
1.5135598629775286
1.5135598629775286
1.5135598629775286
1.5135598629775286
1.5135598629775286
1.5135598629775286
1.5135598629775286
1.5135598629775286
1.5135598629775286
1.5135598629775286
1.5135598629775286
1.5135598629775286
1.5135598629775286
1.5135598629775286
1.5135598629775286
1.5135598629775286
1.5215918473415386
1.5215918473415386
1.5215918473415386
1.5215918473415386
1.5215918473415386
1.5215918473415386
1.5215918473415386
1.5215918473415386
1.5215918473415386
1.5215918473415386
1.5215918473415386
1.5215918473415386
1.5215918473415386
1.5215918473415386
1.5215918473415386
1.5215918473415386
1.5215918473415386
1.5215918473415386
1.5215918473415386
1.5215918473415386
1.5215918473415386
1.5215918473415386
1.5215918473415386
1.5215918473415386
1.5215918473415386
1.5215918473415386
1.5215918473415386
1.5215918473415386
1.5215918473415386
1.5215918473415386
1.5215918473415386
1.5215918473415386
1.5215918473415386
1.5215918473415386
1.5215918473415386
1.5215918473415386
1.5215918473415386
1.5215918473415386
1.5215918473415386
1.5215918473415386
1.5215918473415386
1.5215918473415386
1.5215918473415386
1.5215918473415386
1.5215918473415386
1.5215918473415386
1.5215918473415386
1.5215918473415386
1.5215918473415386
1.5215918473415386
1.5215918473415386
1.5215918473415386
1.5215918473415386
1.5215918473415386
1.5215918473415386
1.5215918473415386
1.5215918473415386
1.5215918473415386
1.5215918473415386
1.5215918473415386
1.5215918473415386
1.5215918473415386
1.5215918473415386
1.5215918473415386
1.5215918473415386
1.5215918473415386
1.5215918473415386
1.5215918473415386
1.5215918473415386
1.5215918473415386
1.5215918473415386
1.5215918473415386
1.5215918473415386
1.5215918473415386
1.5215918473415386
1.5215918473415386
1.5215918473415386
1.5215918473415386
1.5215918473415386
1.5215918473415386
1.5215918473415386
1.5215918473415386
1.5215918473415386
1.5215918473415386
1.5215918473415386
1.5295416167551232
1.5295416167551232
1.5295416167551232
1.5295416167551232
1.5295416167551232
1.5295416167551232
1.5295416167551232
1.5295416167551232
1.5295416167551232
1.5295416167551232
1.5295416167551232
1.5295416167551232
1.5295416167551232
1.5295416167551232
1.5295416167551232
1.5295416167551232
1.5295416167551232
1.5295416167551232
1.5295416167551232
1.5295416167551232
1.5295416167551232
1.5295416167551232
1.5295416167551232
1.5295416167551232
1.5295416167551232
1.5295416167551232
1.5295416167551232
1.5295416167551232
1.5295416167551232
1.5295416167551232
1.5295416167551232
1.5295416167551232
1.5295416167551232
1.5295416167551232
1.5295416167551232
1.5295416167551232
1.5295416167551232
1.5295416167551232
1.5295416167551232
1.5295416167551232
1.5295416167551232
1.5295416167551232
1.5295416167551232
1.5295416167551232
1.5295416167551232
1.5295416167551232
1.5295416167551232
1.5295416167551232
1.5295416167551232
1.5295416167551232
1.5295416167551232
1.5295416167551232
1.5295416167551232
1.5295416167551232
1.5295416167551232
1.5295416167551232
1.5295416167551232
1.5295416167551232
1.5295416167551232
1.5295416167551232
1.5295416167551232
1.5295416167551232
1.5295416167551232
1.5295416167551232
1.5295416167551232
1.5295416167551232
1.5295416167551232
1.5295416167551232
1.5295416167551232
1.5295416167551232
1.529552533924758
1.529552533924758
1.529552533924758
1.529552533924758
1.529552533924758
1.529552533924758
1.529552533924758
1.529552533924758
1.529552533924758
1.529552533924758
1.529552533924758
1.529552533924758
1.529552533924758
1.529552533924758
1.529552533924758
1.5374019788921123
1.5374019788921123
1.5374019788921123
1.5374019788921123
1.5374019788921123
1.5374019788921123
1.5374019788921123
1.5374019788921123
1.5374019788921123
1.5374019788921123
1.5374019788921123
1.5374019788921123
1.5374019788921123
1.5374019788921123
1.5374019788921123
1.5374019788921123
1.5374019788921123
1.5374019788921123
1.5374019788921123
1.5374019788921123
1.5374019788921123
1.5374019788921123
1.5374019788921123
1.5374019788921123
1.5374019788921123
1.5374019788921123
1.5374019788921123
1.5374019788921123
1.5374019788921123
1.5374019788921123
1.5374019788921123
1.5374019788921123
1.5374019788921123
1.5374019788921123
1.5374019788921123
1.5374019788921123
1.5374019788921123
1.5374019788921123
1.5374019788921123
1.5374019788921123
1.5374019788921123
1.5374019788921123
1.5374019788921123
1.5374019788921123
1.5374019788921123
1.5374019788921123
1.5374019788921123
1.5374019788921123
1.5374019788921123
1.5374019788921123
1.5374019788921123
1.5374019788921123
1.5374019788921123
1.5374019788921123
1.5374019788921123
1.5374019788921123
1.5374019788921123
1.5374019788921123
1.5374019788921123
1.5374019788921123
1.5374019788921123
1.5374019788921123
1.5374019788921123
1.5374019788921123
1.5374019788921123
1.5374127099160728
1.5374127099160728
1.5374127099160728
1.5374127099160728
1.5374127099160728
1.5374127099160728
1.5374127099160728
1.5374127099160728
1.5374127099160728
1.5374127099160728
1.5374127099160728
1.5374127099160728
1.5374127099160728
1.5374127099160728
1.5374127099160728
1.5374127099160728
1.5374127099160728
1.5374127099160728
1.5374127099160728
1.5374127099160728
1.5451712402396338
1.5451712402396338
1.5451712402396338
1.5451712402396338
1.5451712402396338
1.5451712402396338
1.5451712402396338
1.5451712402396338
1.5451712402396338
1.5451712402396338
1.5451712402396338
1.5451712402396338
1.5451712402396338
1.5451712402396338
1.5451712402396338
1.5451712402396338
1.5451712402396338
1.5451712402396338
1.5451712402396338
1.5451712402396338
1.5451712402396338
1.5451712402396338
1.5451712402396338
1.5451712402396338
1.5451712402396338
1.5451712402396338
1.5451712402396338
1.5451712402396338
1.5451712402396338
1.5451712402396338
1.5451712402396338
1.5451712402396338
1.5451712402396338
1.5451712402396338
1.5451712402396338
1.5451712402396338
1.5451712402396338
1.5451712402396338
1.5451712402396338
1.5451712402396338
1.5451712402396338
1.5451712402396338
1.5451712402396338
1.5451712402396338
1.5451712402396338
1.5451712402396338
1.5451712402396338
1.5451712402396338
1.5451712402396338
1.5451712402396338
1.5451712402396338
1.5451712402396338
1.5451712402396338
1.5451712402396338
1.5451712402396338
1.5451712402396338
1.5451712402396338
1.5451712402396338
1.5451712402396338
1.5451712402396338
1.5451712402396338
1.5451712402396338
1.5451712402396338
1.5451712402396338
1.5451712402396338
1.5451712402396338
1.5451712402396338
1.5451712402396338
1.5451712402396338
1.5451712402396338
1.5451712402396338
1.5451712402396338
1.5451712402396338
1.5451712402396338
1.5451712402396338
1.5451712402396338
1.5451712402396338
1.5451712402396338
1.5451817994365074
1.5451817994365074
1.5451817994365074
1.5451817994365074
1.5451817994365074
1.5451817994365074
1.5451817994365074
1.5528477763666224
1.5528477763666224
1.5528477763666224
1.5528477763666224
1.5528477763666224
1.5528477763666224
1.5528477763666224
1.5528477763666224
1.5528477763666224
1.5528477763666224
1.5528477763666224
1.5528477763666224
1.5528477763666224
1.5528477763666224
1.5528477763666224
1.5528477763666224
1.5528477763666224
1.5528477763666224
1.5528477763666224
1.5528477763666224
1.5528477763666224
1.5528477763666224
1.5528477763666224
1.5528477763666224
1.5528477763666224
1.5528477763666224
1.5528477763666224
1.5528477763666224
1.5528477763666224
1.5528477763666224
1.5528477763666224
1.5528477763666224
1.5528477763666224
1.5528477763666224
1.5528477763666224
1.5528477763666224
1.5528477763666224
1.5528477763666224
1.5528477763666224
1.5528477763666224
1.5528477763666224
1.5528477763666224
1.5528477763666224
1.5528477763666224
1.5528477763666224
1.5528477763666224
1.5528477763666224
1.5528477763666224
1.5528477763666224
1.5528477763666224
1.5528477763666224
1.5528477763666224
1.5528477763666224
1.5528477763666224
1.5528477763666224
1.5528477763666224
1.5528477763666224
1.5528477763666224
1.5528477763666224
1.5528477763666224
1.5528477763666224
1.5528477763666224
1.5528477763666224
1.5528477763666224
1.5528477763666224
1.5528477763666224
1.5528477763666224
1.5528477763666224
1.5528477763666224
1.5528581454039299
1.5528581454039299
1.5528581454039299
1.5528581454039299
1.5528581454039299
1.5528581454039299
1.5528581454039299
1.5528581454039299
1.5528581454039299
1.5528581454039299
1.5528581454039299
1.5528581454039299
1.5528581454039299
1.5528581454039299
1.5528581454039299
1.5528581454039299
1.5604275426384775
1.5604275426384775
1.5604275426384775
1.5604275426384775
1.5604275426384775
1.5604275426384775
1.5604275426384775
1.5604275426384775
1.5604275426384775
1.5604275426384775
1.5604275426384775
1.5604275426384775
1.5604275426384775
1.5604275426384775
1.5604275426384775
1.5604275426384775
1.5604275426384775
1.5604275426384775
1.5604275426384775
1.5604275426384775
1.5604275426384775
1.5604275426384775
1.5604275426384775
1.5604275426384775
1.5604275426384775
1.5604275426384775
1.5604275426384775
1.5604275426384775
1.5604275426384775
1.5604275426384775
1.5604275426384775
1.5604275426384775
1.5604275426384775
1.5604275426384775
1.5604275426384775
1.5604275426384775
1.5604275426384775
1.5604275426384775
1.5604275426384775
1.5604275426384775
1.5604275426384775
1.5604275426384775
1.5604275426384775
1.5604275426384775
1.5604275426384775
1.5604275426384775
1.5604275426384775
1.5604275426384775
1.5604275426384775
1.5604275426384775
1.5604275426384775
1.5604275426384775
1.5604275426384775
1.5604275426384775
1.5604275426384775
1.5604275426384775
1.5604275426384775
1.5604275426384775
1.5604275426384775
1.5604275426384775
1.5604275426384775
1.5604275426384775
1.5604275426384775
1.5604275426384775
1.5604275426384775
1.5604275426384775
1.5604275426384775
1.5604275426384775
1.5604275426384775
1.5604275426384775
1.5604275426384775
1.5604377288691127
1.5604377288691127
1.5604377288691127
1.5604377288691127
1.5604377288691127
1.5604377288691127
1.5604377288691127
1.5604377288691127
1.5604377288691127
1.5604377288691127
1.5604377288691127
1.5604377288691127
1.5604377288691127
1.5604377288691127
1.567904235924747
1.567904235924747
1.567904235924747
1.567904235924747
1.567904235924747
1.567904235924747
1.567904235924747
1.567904235924747
1.567904235924747
1.567904235924747
1.567904235924747
1.567904235924747
1.567904235924747
1.567904235924747
1.567904235924747
1.567904235924747
1.567904235924747
1.567904235924747
1.567904235924747
1.567904235924747
1.567904235924747
1.567904235924747
1.567904235924747
1.567904235924747
1.567904235924747
1.567904235924747
1.567904235924747
1.567904235924747
1.567904235924747
1.567904235924747
1.567904235924747
1.567904235924747
1.567904235924747
1.567904235924747
1.567904235924747
1.567904235924747
1.567904235924747
1.567904235924747
1.567904235924747
1.567904235924747
1.567904235924747
1.567904235924747
1.567904235924747
1.567904235924747
1.567904235924747
1.567904235924747
1.567904235924747
1.5679142121855294
1.5679142121855294
1.5679142121855294
1.5679142121855294
1.5679142121855294
1.5679142121855294
1.5679142121855294
1.5679142121855294
1.5679142121855294
1.5679142121855294
1.5679142121855294
1.5679142121855294
1.5679142121855294
1.5679142121855294
1.5679142121855294
1.5679142121855294
1.5679142121855294
1.5679142121855294
1.5679142121855294
1.5679142121855294
1.5679142121855294
1.5679142121855294
1.5679142121855294
1.5679142121855294
1.5679142121855294
1.5679142121855294
1.5679142121855294
1.5679142121855294
1.5679142121855294
1.5679142121855294
1.5679241884463118
1.5679241884463118
1.5679241884463118
1.5679241884463118
1.5679241884463118
1.5679241884463118
1.5679241884463118
1.5679241884463118
1.5752766926428765
1.5752766926428765
1.5752766926428765
1.5752766926428765
1.5752766926428765
1.5752766926428765
1.5752766926428765
1.5752766926428765
1.5752766926428765
1.5752766926428765
1.5752766926428765
1.5752766926428765
1.5752766926428765
1.5752766926428765
1.5752766926428765
1.5752766926428765
1.5752766926428765
1.5752766926428765
1.5752766926428765
1.5752766926428765
1.5752766926428765
1.5752766926428765
1.5752766926428765
1.5752766926428765
1.5752766926428765
1.5752766926428765
1.5752766926428765
1.5752766926428765
1.5752766926428765
1.5752766926428765
1.5752766926428765
1.5752766926428765
1.5752766926428765
1.5752766926428765
1.5752766926428765
1.5752766926428765
1.5752766926428765
1.5752766926428765
1.5752766926428765
1.5752766926428765
1.5752766926428765
1.5752766926428765
1.5752766926428765
1.5752766926428765
1.5752766926428765
1.5752766926428765
1.5752766926428765
1.5752766926428765
1.5752766926428765
1.5752766926428765
1.5752766926428765
1.5752766926428765
1.5752766926428765
1.5752766926428765
1.5752766926428765
1.5752766926428765
1.5752766926428765
1.5752766926428765
1.5752766926428765
1.5752766926428765
1.5752766926428765
1.5752766926428765
1.5752766926428765
1.5752766926428765
1.5752766926428765
1.5752766926428765
1.5752766926428765
1.5752766926428765
1.5752766926428765
1.5752766926428765
1.5752766926428765
1.5752766926428765
1.5752766926428765
1.5752864933324324
1.5752864933324324
1.5752864933324324
1.5752864933324324
1.5752864933324324
1.5752864933324324
1.5752864933324324
1.5752864933324324
1.5752864933324324
1.5752864933324324
1.5752962940219886
1.5752962940219886
1.5825390036038334
1.5825390036038334
1.5825390036038334
1.5825390036038334
1.5825390036038334
1.5825390036038334
1.5825390036038334
1.5825390036038334
1.5825390036038334
1.5825390036038334
1.5825390036038334
1.5825390036038334
1.5825390036038334
1.5825390036038334
1.5825390036038334
1.5825390036038334
1.5825390036038334
1.5825390036038334
1.5825390036038334
1.5825390036038334
1.5825390036038334
1.5825390036038334
1.5825390036038334
1.5825390036038334
1.5825390036038334
1.5825390036038334
1.5825390036038334
1.5825390036038334
1.5825390036038334
1.5825390036038334
1.5825390036038334
1.5825390036038334
1.5825390036038334
1.5825390036038334
1.5825390036038334
1.5825390036038334
1.5825390036038334
1.5825390036038334
1.5825390036038334
1.5825390036038334
1.5825390036038334
1.5825390036038334
1.582548586549829
1.582548586549829
1.582548586549829
1.582548586549829
1.582548586549829
1.582548586549829
1.582548586549829
1.582548586549829
1.582548586549829
1.582548586549829
1.582548586549829
1.582548586549829
1.582548586549829
1.582548586549829
1.582548586549829
1.582548586549829
1.582548586549829
1.582548586549829
1.582548586549829
1.582548586549829
1.582548586549829
1.582548586549829
1.582548586549829
1.582548586549829
1.582548586549829
1.582548586549829
1.582548586549829
1.582548586549829
1.582548586549829
1.582548586549829
1.582548586549829
1.5825581694958248
1.5825581694958248
1.5825581694958248
1.5825581694958248
1.5825581694958248
1.5825581694958248
1.5825581694958248
1.5825581694958248
1.5825581694958248
1.5825677524418207
1.5825677524418207
1.5825677524418207
1.5896878813166764
1.5896878813166764
1.5896878813166764
1.5896878813166764
1.5896878813166764
1.5896878813166764
1.5896878813166764
1.5896878813166764
1.5896878813166764
1.5896878813166764
1.5896878813166764
1.5896878813166764
1.5896878813166764
1.5896878813166764
1.5896878813166764
1.5896878813166764
1.5896878813166764
1.5896878813166764
1.5896878813166764
1.5896878813166764
1.5896878813166764
1.5896878813166764
1.5896878813166764
1.5896878813166764
1.5896878813166764
1.5896878813166764
1.5896878813166764
1.5896878813166764
1.5896878813166764
1.5896878813166764
1.5896878813166764
1.5896878813166764
1.5896878813166764
1.5896878813166764
1.5896878813166764
1.5896878813166764
1.5896878813166764
1.5896878813166764
1.5896878813166764
1.5896878813166764
1.5896878813166764
1.5896878813166764
1.5896878813166764
1.5896878813166764
1.5896878813166764
1.5896878813166764
1.5896878813166764
1.5896878813166764
1.5896878813166764
1.5896878813166764
1.5896878813166764
1.5896878813166764
1.5896878813166764
1.5896878813166764
1.5896878813166764
1.5896878813166764
1.5896878813166764
1.5896878813166764
1.5896878813166764
1.5896878813166764
1.5896878813166764
1.5896972733196917
1.5896972733196917
1.5896972733196917
1.5896972733196917
1.5896972733196917
1.5896972733196917
1.5896972733196917
1.5896972733196917
1.5896972733196917
1.5896972733196917
1.5896972733196917
1.5896972733196917
1.5896972733196917
1.5896972733196917
1.5896972733196917
1.5897066653227072
1.5897066653227072
1.5897066653227072
1.5897066653227072
1.5897066653227072
1.5897066653227072
1.5897066653227072
1.5897066653227072
1.5897160573257227
1.596722491575266
1.596722491575266
1.596722491575266
1.596722491575266
1.596722491575266
1.596722491575266
1.596722491575266
1.596722491575266
1.596722491575266
1.596722491575266
1.596722491575266
1.596722491575266
1.596722491575266
1.596722491575266
1.596722491575266
1.596722491575266
1.596722491575266
1.596722491575266
1.596722491575266
1.596722491575266
1.596722491575266
1.596722491575266
1.596722491575266
1.596722491575266
1.596722491575266
1.596722491575266
1.596722491575266
1.596722491575266
1.596722491575266
1.596722491575266
1.596722491575266
1.596722491575266
1.596722491575266
1.596722491575266
1.596722491575266
1.596722491575266
1.596722491575266
1.596722491575266
1.596722491575266
1.596722491575266
1.596722491575266
1.596722491575266
1.596722491575266
1.596722491575266
1.596722491575266
1.596722491575266
1.596722491575266
1.5967316716670725
1.5967316716670725
1.5967316716670725
1.5967316716670725
1.5967316716670725
1.5967316716670725
1.5967316716670725
1.5967316716670725
1.5967316716670725
1.5967316716670725
1.5967316716670725
1.5967316716670725
1.5967316716670725
1.5967316716670725
1.5967316716670725
1.5967316716670725
1.5967316716670725
1.5967316716670725
1.5967316716670725
1.5967316716670725
1.5967316716670725
1.5967316716670725
1.5967316716670725
1.5967316716670725
1.5967408517588793
1.5967408517588793
1.5967408517588793
1.5967408517588793
1.5967408517588793
1.5967408517588793
1.5967408517588793
1.5967408517588793
1.5967408517588793
1.596750031850686
1.596750031850686
1.596750031850686
1.596750031850686
1.596750031850686
1.6036351007056953
1.6036351007056953
1.6036351007056953
1.6036351007056953
1.6036351007056953
1.6036351007056953
1.6036351007056953
1.6036351007056953
1.6036351007056953
1.6036351007056953
1.6036351007056953
1.6036351007056953
1.6036351007056953
1.6036351007056953
1.6036351007056953
1.6036351007056953
1.6036351007056953
1.6036351007056953
1.6036351007056953
1.6036351007056953
1.6036351007056953
1.6036351007056953
1.6036351007056953
1.6036351007056953
1.6036351007056953
1.6036351007056953
1.6036351007056953
1.6036351007056953
1.6036351007056953
1.6036351007056953
1.6036351007056953
1.6036351007056953
1.6036351007056953
1.6036351007056953
1.6036351007056953
1.6036351007056953
1.6036351007056953
1.6036351007056953
1.6036351007056953
1.6036351007056953
1.6036351007056953
1.603644067341463
1.603644067341463
1.603644067341463
1.603644067341463
1.603644067341463
1.603644067341463
1.603644067341463
1.603644067341463
1.603644067341463
1.603644067341463
1.603644067341463
1.603644067341463
1.603644067341463
1.603644067341463
1.603644067341463
1.603644067341463
1.603644067341463
1.603644067341463
1.603644067341463
1.603644067341463
1.603644067341463
1.603644067341463
1.603644067341463
1.603644067341463
1.603644067341463
1.603644067341463
1.603644067341463
1.603644067341463
1.6036530339772308
1.6036530339772308
1.6036530339772308
1.6036530339772308
1.6036530339772308
1.6036530339772308
1.6036530339772308
1.6036530339772308
1.6036530339772308
1.6036530339772308
1.6036620006129985
1.6036620006129985
1.6036620006129985
1.6036620006129985
1.6036620006129985
1.6036709672487661
1.6104228439818498
1.6104228439818498
1.6104228439818498
1.6104228439818498
1.6104228439818498
1.6104228439818498
1.6104228439818498
1.6104228439818498
1.6104228439818498
1.6104228439818498
1.6104228439818498
1.6104228439818498
1.6104228439818498
1.6104228439818498
1.6104228439818498
1.6104228439818498
1.6104228439818498
1.6104228439818498
1.6104228439818498
1.6104228439818498
1.6104228439818498
1.6104228439818498
1.6104228439818498
1.6104228439818498
1.6104228439818498
1.6104228439818498
1.6104228439818498
1.6104228439818498
1.6104228439818498
1.6104228439818498
1.6104228439818498
1.6104228439818498
1.6104228439818498
1.6104228439818498
1.6104228439818498
1.6104228439818498
1.6104228439818498
1.6104228439818498
1.6104228439818498
1.6104228439818498
1.6104228439818498
1.6104228439818498
1.6104228439818498
1.6104228439818498
1.6104228439818498
1.6104228439818498
1.6104228439818498
1.6104228439818498
1.6104228439818498
1.610431595752408
1.610431595752408
1.610431595752408
1.610431595752408
1.610431595752408
1.610431595752408
1.610431595752408
1.610431595752408
1.610431595752408
1.610431595752408
1.610431595752408
1.610431595752408
1.610431595752408
1.610431595752408
1.610431595752408
1.610431595752408
1.610431595752408
1.610431595752408
1.610431595752408
1.610431595752408
1.610431595752408
1.6104403475229663
1.6104403475229663
1.6104403475229663
1.6104403475229663
1.6104403475229663
1.6104403475229663
1.6104403475229663
1.6104403475229663
1.6104490992935245
1.6104490992935245
1.6104490992935245
1.6104490992935245
1.6104490992935245
1.6104490992935245
1.6104578510640828
1.6170829413766783
1.6170829413766783
1.6170829413766783
1.6170829413766783
1.6170829413766783
1.6170829413766783
1.6170829413766783
1.6170829413766783
1.6170829413766783
1.6170829413766783
1.6170829413766783
1.6170829413766783
1.6170829413766783
1.6170829413766783
1.6170829413766783
1.6170829413766783
1.6170829413766783
1.6170829413766783
1.6170829413766783
1.6170829413766783
1.6170829413766783
1.6170829413766783
1.6170829413766783
1.6170829413766783
1.6170829413766783
1.6170829413766783
1.6170829413766783
1.6170829413766783
1.6170829413766783
1.6170829413766783
1.6170829413766783
1.6170829413766783
1.6170829413766783
1.6170829413766783
1.6170829413766783
1.6170829413766783
1.6170829413766783
1.6170829413766783
1.6170829413766783
1.6170829413766783
1.6170829413766783
1.6170829413766783
1.6170829413766783
1.6170829413766783
1.6170829413766783
1.6170829413766783
1.6170829413766783
1.6170829413766783
1.6170829413766783
1.6170829413766783
1.6170829413766783
1.6170829413766783
1.6170829413766783
1.6170829413766783
1.6170829413766783
1.6170829413766783
1.6170829413766783
1.6170829413766783
1.6170829413766783
1.617091488165167
1.617091488165167
1.617091488165167
1.617091488165167
1.617091488165167
1.617091488165167
1.617091488165167
1.617091488165167
1.617091488165167
1.617091488165167
1.617091488165167
1.617091488165167
1.617091488165167
1.617091488165167
1.617100034953656
1.617100034953656
1.617100034953656
1.617100034953656
1.617100034953656
1.617100034953656
1.617100034953656
1.617108581742145
1.617108581742145
1.617108581742145
1.617108581742145
1.6171171285306336
1.6236126877821775
1.6236126877821775
1.6236126877821775
1.6236126877821775
1.6236126877821775
1.6236126877821775
1.6236126877821775
1.6236126877821775
1.6236126877821775
1.6236126877821775
1.6236126877821775
1.6236126877821775
1.6236126877821775
1.6236126877821775
1.6236126877821775
1.6236126877821775
1.6236126877821775
1.6236126877821775
1.6236126877821775
1.6236126877821775
1.6236126877821775
1.6236126877821775
1.6236126877821775
1.6236126877821775
1.6236126877821775
1.6236126877821775
1.6236126877821775
1.6236126877821775
1.6236126877821775
1.6236126877821775
1.6236126877821775
1.6236126877821775
1.6236126877821775
1.6236126877821775
1.6236126877821775
1.6236126877821775
1.6236126877821775
1.6236126877821775
1.6236126877821775
1.6236126877821775
1.6236126877821775
1.623621003200564
1.623621003200564
1.623621003200564
1.623621003200564
1.623621003200564
1.623621003200564
1.623621003200564
1.623621003200564
1.623621003200564
1.623621003200564
1.623621003200564
1.623621003200564
1.623621003200564
1.623621003200564
1.623621003200564
1.623621003200564
1.623621003200564
1.623621003200564
1.623621003200564
1.623621003200564
1.623621003200564
1.623621003200564
1.623621003200564
1.623621003200564
1.623621003200564
1.623621003200564
1.6236293186189505
1.6236293186189505
1.6236293186189505
1.6236293186189505
1.6236293186189505
1.6236293186189505
1.6236293186189505
1.6236293186189505
1.6236293186189505
1.623637634037337
1.623637634037337
1.623637634037337
1.623637634037337
1.623637634037337
1.6236459494557236
1.6236459494557236
1.6236459494557236
1.6236459494557236
1.6300072445214078
1.6300072445214078
1.6300072445214078
1.6300072445214078
1.6300072445214078
1.6300072445214078
1.6300072445214078
1.6300072445214078
1.6300072445214078
1.6300072445214078
1.6300072445214078
1.6300072445214078
1.6300072445214078
1.6300072445214078
1.6300072445214078
1.6300072445214078
1.6300072445214078
1.6300072445214078
1.6300072445214078
1.6300072445214078
1.6300072445214078
1.6300072445214078
1.6300072445214078
1.6300072445214078
1.6300072445214078
1.6300072445214078
1.6300072445214078
1.6300072445214078
1.6300072445214078
1.6300072445214078
1.6300072445214078
1.6300072445214078
1.6300072445214078
1.6300072445214078
1.6300072445214078
1.6300072445214078
1.6300072445214078
1.6300072445214078
1.6300072445214078
1.6300072445214078
1.6300072445214078
1.6300072445214078
1.6300072445214078
1.6300072445214078
1.6300072445214078
1.6300072445214078
1.6300072445214078
1.6300072445214078
1.6300072445214078
1.6300072445214078
1.6300072445214078
1.6300072445214078
1.6300072445214078
1.6300072445214078
1.6300072445214078
1.6300072445214078
1.6300072445214078
1.6300072445214078
1.6300072445214078
1.6300072445214078
1.6300072445214078
1.6300072445214078
1.6300153464347948
1.6300153464347948
1.6300153464347948
1.6300153464347948
1.6300153464347948
1.6300153464347948
1.6300153464347948
1.6300153464347948
1.6300153464347948
1.6300153464347948
1.6300153464347948
1.6300234483481817
1.6300234483481817
1.6300234483481817
1.6300234483481817
1.6300234483481817
1.6300234483481817
1.6300315502615685
1.6300315502615685
1.6300315502615685
1.6300315502615685
1.6300315502615685
1.6300396521749556
1.636261921656134
1.636261921656134
1.636261921656134
1.636261921656134
1.636261921656134
1.636261921656134
1.636261921656134
1.636261921656134
1.636261921656134
1.636261921656134
1.636261921656134
1.636261921656134
1.636261921656134
1.636261921656134
1.636261921656134
1.636261921656134
1.636261921656134
1.636261921656134
1.636261921656134
1.636261921656134
1.636261921656134
1.636261921656134
1.636261921656134
1.636261921656134
1.636261921656134
1.636261921656134
1.636261921656134
1.636261921656134
1.636261921656134
1.636261921656134
1.636261921656134
1.636261921656134
1.636261921656134
1.636261921656134
1.636261921656134
1.636261921656134
1.636261921656134
1.636261921656134
1.636261921656134
1.636261921656134
1.636261921656134
1.636261921656134
1.636261921656134
1.636261921656134
1.636261921656134
1.636261921656134
1.636261921656134
1.636261921656134
1.636261921656134
1.636261921656134
1.636261921656134
1.636261921656134
1.636261921656134
1.636261921656134
1.636261921656134
1.636261921656134
1.636261921656134
1.636261921656134
1.6362697956756251
1.6362697956756251
1.6362697956756251
1.6362697956756251
1.6362697956756251
1.6362697956756251
1.6362697956756251
1.6362697956756251
1.6362697956756251
1.6362697956756251
1.6362697956756251
1.6362697956756251
1.6362697956756251
1.6362776696951162
1.6362776696951162
1.6362776696951162
1.6362776696951162
1.6362776696951162
1.6362776696951162
1.6362776696951162
1.6362855437146073
1.6362855437146073
1.6362855437146073
1.6362855437146073
1.6362934177340982
1.6362934177340982
1.6362934177340982
1.6423721607811803
1.6423721607811803
1.6423721607811803
1.6423721607811803
1.6423721607811803
1.6423721607811803
1.6423721607811803
1.6423721607811803
1.6423721607811803
1.6423721607811803
1.6423721607811803
1.6423721607811803
1.6423721607811803
1.6423721607811803
1.6423721607811803
1.6423721607811803
1.6423721607811803
1.6423721607811803
1.6423721607811803
1.6423721607811803
1.6423721607811803
1.6423721607811803
1.6423721607811803
1.6423721607811803
1.6423721607811803
1.6423721607811803
1.6423721607811803
1.6423721607811803
1.6423721607811803
1.6423721607811803
1.6423721607811803
1.6423721607811803
1.6423721607811803
1.6423721607811803
1.6423721607811803
1.6423721607811803
1.6423721607811803
1.6423721607811803
1.6423721607811803
1.6423721607811803
1.6423721607811803
1.6423721607811803
1.6423721607811803
1.6423721607811803
1.6423721607811803
1.6423721607811803
1.6423721607811803
1.6423721607811803
1.6423721607811803
1.6423721607811803
1.6423721607811803
1.6423721607811803
1.6423721607811803
1.6423721607811803
1.6423721607811803
1.6423721607811803
1.6423721607811803
1.642379809017008
1.642379809017008
1.642379809017008
1.642379809017008
1.642379809017008
1.642379809017008
1.642379809017008
1.642379809017008
1.642379809017008
1.642379809017008
1.642379809017008
1.642379809017008
1.642379809017008
1.642387457252836
1.642387457252836
1.642387457252836
1.642387457252836
1.642387457252836
1.642387457252836
1.642387457252836
1.642395105488664
1.642395105488664
1.642395105488664
1.642395105488664
1.642395105488664
1.642402753724492
1.642402753724492
1.642402753724492
1.6483377847269796
1.6483377847269796
1.6483377847269796
1.6483377847269796
1.6483377847269796
1.6483377847269796
1.6483377847269796
1.6483377847269796
1.6483377847269796
1.6483377847269796
1.6483377847269796
1.6483377847269796
1.6483377847269796
1.6483377847269796
1.6483377847269796
1.6483377847269796
1.6483377847269796
1.6483377847269796
1.6483377847269796
1.6483377847269796
1.6483377847269796
1.6483377847269796
1.6483377847269796
1.6483377847269796
1.6483377847269796
1.6483377847269796
1.6483377847269796
1.6483377847269796
1.6483377847269796
1.6483377847269796
1.6483377847269796
1.6483377847269796
1.6483377847269796
1.6483377847269796
1.6483377847269796
1.6483377847269796
1.6483377847269796
1.6483377847269796
1.6483377847269796
1.6483377847269796
1.6483377847269796
1.6483377847269796
1.6483377847269796
1.6483377847269796
1.6483377847269796
1.6483377847269796
1.6483377847269796
1.6483377847269796
1.6483377847269796
1.6483377847269796
1.6483377847269796
1.6483377847269796
1.6483377847269796
1.6483377847269796
1.6483377847269796
1.6483377847269796
1.6483377847269796
1.6483452010920858
1.6483452010920858
1.6483452010920858
1.6483452010920858
1.6483452010920858
1.6483452010920858
1.6483452010920858
1.6483452010920858
1.6483452010920858
1.6483452010920858
1.6483452010920858
1.6483452010920858
1.6483452010920858
1.6483526174571923
1.6483526174571923
1.6483526174571923
1.6483526174571923
1.6483526174571923
1.6483526174571923
1.6483526174571923
1.6483600338222986
1.6483600338222986
1.6483600338222986
1.6483600338222986
1.6483674501874046
1.6483674501874046
1.6483674501874046
1.6483674501874046
1.6541522149702963
1.6541522149702963
1.6541522149702963
1.6541522149702963
1.6541522149702963
1.6541522149702963
1.6541522149702963
1.6541522149702963
1.6541522149702963
1.6541522149702963
1.6541522149702963
1.6541522149702963
1.6541522149702963
1.6541522149702963
1.6541522149702963
1.6541522149702963
1.6541522149702963
1.6541522149702963
1.6541522149702963
1.6541522149702963
1.6541522149702963
1.6541522149702963
1.6541522149702963
1.6541522149702963
1.6541522149702963
1.6541522149702963
1.6541522149702963
1.6541522149702963
1.6541522149702963
1.6541522149702963
1.6541522149702963
1.6541522149702963
1.6541522149702963
1.6541522149702963
1.6541522149702963
1.6541522149702963
1.6541522149702963
1.6541522149702963
1.6541522149702963
1.6541522149702963
1.6541522149702963
1.6541522149702963
1.6541522149702963
1.6541522149702963
1.6541522149702963
1.6541522149702963
1.6541522149702963
1.6541522149702963
1.6541522149702963
1.6541522149702963
1.6541522149702963
1.6541522149702963
1.6541522149702963
1.6541522149702963
1.6541522149702963
1.6541522149702963
1.6541522149702963
1.6541522149702963
1.6541522149702963
1.6541594054705309
1.6541594054705309
1.6541594054705309
1.6541594054705309
1.6541594054705309
1.6541594054705309
1.6541594054705309
1.6541594054705309
1.6541594054705309
1.6541594054705309
1.6541594054705309
1.6541594054705309
1.6541665959707652
1.6541665959707652
1.6541665959707652
1.6541665959707652
1.6541665959707652
1.6541665959707652
1.6541737864709996
1.6541737864709996
1.6541737864709996
1.6541737864709996
1.6541809769712341
1.6541809769712341
1.6541809769712341
1.6541809769712341
1.6598111386548149
1.6598111386548149
1.6598111386548149
1.6598111386548149
1.6598111386548149
1.6598111386548149
1.6598111386548149
1.6598111386548149
1.6598111386548149
1.6598111386548149
1.6598111386548149
1.6598111386548149
1.6598111386548149
1.6598111386548149
1.6598111386548149
1.6598111386548149
1.6598111386548149
1.6598111386548149
1.6598111386548149
1.6598111386548149
1.6598111386548149
1.6598111386548149
1.659818082062639
1.659818082062639
1.659818082062639
1.659818082062639
1.659818082062639
1.659818082062639
1.659818082062639
1.659818082062639
1.659818082062639
1.659818082062639
1.659818082062639
1.659818082062639
1.659818082062639
1.659818082062639
1.659818082062639
1.659818082062639
1.659818082062639
1.659818082062639
1.659818082062639
1.659818082062639
1.659818082062639
1.659818082062639
1.659818082062639
1.659818082062639
1.659818082062639
1.659818082062639
1.659818082062639
1.659818082062639
1.659818082062639
1.659818082062639
1.659818082062639
1.659818082062639
1.659818082062639
1.659818082062639
1.659818082062639
1.659818082062639
1.659818082062639
1.659818082062639
1.659818082062639
1.659818082062639
1.6598250254704627
1.6598250254704627
1.6598250254704627
1.6598250254704627
1.6598250254704627
1.6598250254704627
1.6598250254704627
1.6598250254704627
1.6598250254704627
1.6598250254704627
1.6598319688782868
1.6598319688782868
1.6598319688782868
1.6598319688782868
1.6598319688782868
1.6598319688782868
1.6598389122861108
1.6598389122861108
1.6598389122861108
1.6598389122861108
1.6598458556939348
1.6598458556939348
1.6598458556939348
1.6653103176514206
1.6653103176514206
1.6653103176514206
1.6653103176514206
1.6653103176514206
1.6653103176514206
1.6653103176514206
1.6653103176514206
1.6653103176514206
1.6653103176514206
1.6653103176514206
1.6653103176514206
1.6653103176514206
1.6653103176514206
1.6653103176514206
1.6653103176514206
1.6653103176514206
1.6653103176514206
1.6653103176514206
1.6653103176514206
1.6653103176514206
1.6653103176514206
1.6653103176514206
1.6653103176514206
1.6653103176514206
1.6653103176514206
1.6653103176514206
1.6653103176514206
1.6653103176514206
1.6653103176514206
1.6653103176514206
1.6653103176514206
1.6653103176514206
1.6653103176514206
1.6653103176514206
1.6653103176514206
1.6653103176514206
1.6653103176514206
1.6653103176514206
1.6653103176514206
1.6653103176514206
1.6653103176514206
1.6653103176514206
1.6653170254026501
1.6653170254026501
1.6653170254026501
1.6653170254026501
1.6653170254026501
1.6653170254026501
1.6653170254026501
1.6653170254026501
1.6653170254026501
1.6653170254026501
1.6653170254026501
1.6653170254026501
1.6653170254026501
1.6653170254026501
1.6653170254026501
1.6653170254026501
1.6653170254026501
1.6653170254026501
1.6653170254026501
1.6653170254026501
1.6653170254026501
1.6653170254026501
1.6653237331538795
1.6653237331538795
1.6653237331538795
1.6653237331538795
1.6653237331538795
1.6653237331538795
1.6653237331538795
1.6653237331538795
1.6653304409051088
1.6653304409051088
1.6653304409051088
1.6653304409051088
1.6653304409051088
1.6653371486563382
1.6653371486563382
1.6653371486563382
1.6653371486563382
1.6653438564075678
1.6653438564075678
1.6653438564075678
1.6706496876300436
1.6706496876300436
1.6706496876300436
1.6706496876300436
1.6706496876300436
1.6706496876300436
1.6706496876300436
1.6706496876300436
1.6706496876300436
1.6706496876300436
1.6706496876300436
1.6706496876300436
1.6706496876300436
1.6706496876300436
1.6706496876300436
1.6706496876300436
1.6706496876300436
1.6706496876300436
1.6706496876300436
1.6706496876300436
1.6706496876300436
1.6706496876300436
1.6706496876300436
1.6706496876300436
1.6706496876300436
1.6706496876300436
1.6706496876300436
1.6706496876300436
1.6706496876300436
1.6706496876300436
1.6706496876300436
1.6706496876300436
1.6706496876300436
1.6706496876300436
1.6706496876300436
1.6706496876300436
1.6706496876300436
1.6706496876300436
1.6706496876300436
1.6706496876300436
1.6706496876300436
1.6706496876300436
1.6706496876300436
1.6706496876300436
1.6706496876300436
1.6706496876300436
1.6706496876300436
1.6706496876300436
1.6706496876300436
1.6706496876300436
1.6706496876300436
1.6706496876300436
1.67065615169083
1.67065615169083
1.67065615169083
1.67065615169083
1.67065615169083
1.67065615169083
1.67065615169083
1.67065615169083
1.67065615169083
1.67065615169083
1.67065615169083
1.67065615169083
1.67065615169083
1.67065615169083
1.67065615169083
1.6706626157516165
1.6706626157516165
1.6706626157516165
1.6706626157516165
1.6706626157516165
1.6706626157516165
1.6706626157516165
1.6706690798124026
1.6706690798124026
1.6706690798124026
1.6706690798124026
1.6706690798124026
1.670675543873189
1.670675543873189
1.670675543873189
1.670675543873189
1.6706820079339753
1.6706820079339753
1.675820936259108
1.675820936259108
1.675820936259108
1.675820936259108
1.675820936259108
1.675820936259108
1.675820936259108
1.675820936259108
1.675820936259108
1.675820936259108
1.675820936259108
1.675820936259108
1.675820936259108
1.675820936259108
1.675820936259108
1.675820936259108
1.675820936259108
1.675820936259108
1.675820936259108
1.675820936259108
1.675820936259108
1.675820936259108
1.675820936259108
1.675820936259108
1.675820936259108
1.675820936259108
1.675820936259108
1.675820936259108
1.675820936259108
1.675820936259108
1.675820936259108
1.675820936259108
1.675820936259108
1.675820936259108
1.675820936259108
1.675820936259108
1.675820936259108
1.675820936259108
1.675820936259108
1.675820936259108
1.675820936259108
1.675820936259108
1.675820936259108
1.675820936259108
1.675820936259108
1.675820936259108
1.675820936259108
1.675820936259108
1.675820936259108
1.675820936259108
1.675820936259108
1.675820936259108
1.675820936259108
1.675820936259108
1.675820936259108
1.675820936259108
1.675820936259108
1.6758271667460636
1.6758271667460636
1.6758271667460636
1.6758271667460636
1.6758271667460636
1.6758271667460636
1.6758271667460636
1.6758271667460636
1.6758271667460636
1.6758271667460636
1.6758271667460636
1.6758271667460636
1.675833397233019
1.675833397233019
1.675833397233019
1.675833397233019
1.675833397233019
1.675833397233019
1.675833397233019
1.6758396277199745
1.6758396277199745
1.6758396277199745
1.6758396277199745
1.67584585820693
1.67584585820693
1.67584585820693
1.67584585820693
1.6758520886938855
1.68082401728434
1.68082401728434
1.68082401728434
1.68082401728434
1.68082401728434
1.68082401728434
1.68082401728434
1.68082401728434
1.68082401728434
1.68082401728434
1.68082401728434
1.68082401728434
1.68082401728434
1.68082401728434
1.68082401728434
1.6808299909632045
1.6808299909632045
1.6808299909632045
1.6808299909632045
1.6808299909632045
1.6808299909632045
1.6808299909632045
1.6808299909632045
1.6808299909632045
1.6808299909632045
1.6808299909632045
1.6808299909632045
1.6808299909632045
1.6808299909632045
1.6808299909632045
1.6808299909632045
1.6808299909632045
1.6808299909632045
1.6808299909632045
1.6808299909632045
1.6808299909632045
1.6808299909632045
1.6808299909632045
1.6808299909632045
1.6808299909632045
1.6808299909632045
1.6808299909632045
1.6808299909632045
1.6808299909632045
1.6808299909632045
1.6808299909632045
1.6808299909632045
1.6808299909632045
1.6808299909632045
1.6808299909632045
1.6808299909632045
1.6808299909632045
1.6808299909632045
1.6808299909632045
1.6808299909632045
1.6808299909632045
1.6808299909632045
1.6808299909632045
1.6808299909632045
1.6808299909632045
1.6808299909632045
1.680835964642069
1.680835964642069
1.680835964642069
1.680835964642069
1.680835964642069
1.680835964642069
1.680835964642069
1.680835964642069
1.680835964642069
1.680835964642069
1.6808419383209334
1.6808419383209334
1.6808419383209334
1.6808419383209334
1.6808419383209334
1.6808419383209334
1.6808479119997977
1.6808479119997977
1.6808479119997977
1.6808479119997977
1.6808538856786621
1.6808538856786621
1.6808538856786621
1.6808598593575266
1.685650749806773
1.685650749806773
1.685650749806773
1.685650749806773
1.685650749806773
1.685650749806773
1.685650749806773
1.685650749806773
1.685650749806773
1.685650749806773
1.685650749806773
1.685650749806773
1.685650749806773
1.685650749806773
1.685650749806773
1.685650749806773
1.685650749806773
1.685650749806773
1.685650749806773
1.685650749806773
1.685650749806773
1.685650749806773
1.685650749806773
1.685650749806773
1.685650749806773
1.685650749806773
1.685650749806773
1.685650749806773
1.685650749806773
1.685650749806773
1.685650749806773
1.685650749806773
1.685650749806773
1.685650749806773
1.685650749806773
1.685650749806773
1.685650749806773
1.685650749806773
1.685650749806773
1.6856564767884703
1.6856564767884703
1.6856564767884703
1.6856564767884703
1.6856564767884703
1.6856564767884703
1.6856564767884703
1.6856564767884703
1.6856564767884703
1.6856564767884703
1.6856564767884703
1.6856564767884703
1.6856564767884703
1.6856564767884703
1.6856564767884703
1.6856564767884703
1.6856564767884703
1.6856564767884703
1.6856564767884703
1.6856564767884703
1.6856564767884703
1.6856564767884703
1.6856564767884703
1.6856564767884703
1.6856622037701674
1.6856622037701674
1.6856622037701674
1.6856622037701674
1.6856622037701674
1.6856622037701674
1.6856622037701674
1.6856622037701674
1.6856622037701674
1.6856679307518647
1.6856679307518647
1.6856679307518647
1.6856679307518647
1.6856679307518647
1.6856679307518647
1.685673657733562
1.685673657733562
1.685673657733562
1.685673657733562
1.6856793847152591
1.6856793847152591
1.6856793847152591
1.6903010589449237
1.6903010589449237
1.6903010589449237
1.6903010589449237
1.6903010589449237
1.6903010589449237
1.6903010589449237
1.6903010589449237
1.6903010589449237
1.6903010589449237
1.6903010589449237
1.6903010589449237
1.6903010589449237
1.6903010589449237
1.6903010589449237
1.6903010589449237
1.6903010589449237
1.6903010589449237
1.6903010589449237
1.6903010589449237
1.6903010589449237
1.6903010589449237
1.6903010589449237
1.6903010589449237
1.6903010589449237
1.6903010589449237
1.6903010589449237
1.6903010589449237
1.6903010589449237
1.6903010589449237
1.6903010589449237
1.6903010589449237
1.6903010589449237
1.6903010589449237
1.6903010589449237
1.6903010589449237
1.6903010589449237
1.6903010589449237
1.6903010589449237
1.6903010589449237
1.6903010589449237
1.6903010589449237
1.6903010589449237
1.6903010589449237
1.6903010589449237
1.6903065365618735
1.6903065365618735
1.6903065365618735
1.6903065365618735
1.6903065365618735
1.6903065365618735
1.6903065365618735
1.6903065365618735
1.6903065365618735
1.6903065365618735
1.6903065365618735
1.6903065365618735
1.6903065365618735
1.6903065365618735
1.6903065365618735
1.6903065365618735
1.6903065365618735
1.6903065365618735
1.6903065365618735
1.6903065365618735
1.6903120141788233
1.6903120141788233
1.6903120141788233
1.6903120141788233
1.6903120141788233
1.6903120141788233
1.6903120141788233
1.6903120141788233
1.690317491795773
1.690317491795773
1.690317491795773
1.690317491795773
1.690317491795773
1.6903229694127226
1.6903229694127226
1.6903229694127226
1.6903229694127226
1.6903284470296724
1.6903284470296724
1.6903284470296724
1.6947707943759078
1.6947707943759078
1.6947707943759078
1.6947707943759078
1.6947707943759078
1.6947707943759078
1.6947707943759078
1.6947707943759078
1.6947707943759078
1.6947707943759078
1.6947707943759078
1.6947707943759078
1.6947707943759078
1.6947707943759078
1.6947707943759078
1.6947707943759078
1.6947707943759078
1.6947707943759078
1.6947707943759078
1.6947707943759078
1.6947707943759078
1.6947707943759078
1.6947707943759078
1.6947707943759078
1.6947707943759078
1.6947707943759078
1.6947707943759078
1.6947707943759078
1.6947707943759078
1.6947707943759078
1.6947707943759078
1.6947707943759078
1.6947707943759078
1.6947707943759078
1.6947707943759078
1.6947707943759078
1.6947707943759078
1.6947707943759078
1.6947707943759078
1.6947707943759078
1.6947707943759078
1.6947707943759078
1.6947707943759078
1.6947707943759078
1.6947707943759078
1.6947707943759078
1.6947707943759078
1.6947760151949105
1.6947760151949105
1.6947760151949105
1.6947760151949105
1.6947760151949105
1.6947760151949105
1.6947760151949105
1.6947760151949105
1.6947760151949105
1.6947760151949105
1.6947760151949105
1.6947760151949105
1.6947760151949105
1.6947760151949105
1.6947760151949105
1.6947760151949105
1.6947760151949105
1.6947760151949105
1.6947812360139134
1.6947812360139134
1.6947812360139134
1.6947812360139134
1.6947812360139134
1.6947812360139134
1.6947812360139134
1.6947812360139134
1.6947812360139134
1.694786456832916
1.694786456832916
1.694786456832916
1.694786456832916
1.694786456832916
1.694791677651919
1.694791677651919
1.694791677651919
1.694791677651919
1.6947968984709216
1.6947968984709216
1.6990518659581777
1.6990518659581777
1.6990518659581777
1.6990518659581777
1.6990518659581777
1.6990518659581777
1.6990518659581777
1.6990518659581777
1.6990518659581777
1.6990518659581777
1.6990518659581777
1.6990518659581777
1.6990518659581777
1.6990518659581777
1.6990518659581777
1.6990518659581777
1.6990518659581777
1.6990518659581777
1.6990518659581777
1.6990518659581777
1.6990518659581777
1.6990518659581777
1.6990518659581777
1.6990518659581777
1.6990518659581777
1.6990518659581777
1.6990518659581777
1.6990518659581777
1.6990518659581777
1.6990518659581777
1.6990518659581777
1.6990518659581777
1.6990518659581777
1.6990518659581777
1.6990518659581777
1.6990518659581777
1.6990518659581777
1.6990518659581777
1.6990518659581777
1.6990518659581777
1.6990518659581777
1.6990518659581777
1.6990518659581777
1.6990518659581777
1.6990518659581777
1.6990568322290551
1.6990568322290551
1.6990568322290551
1.6990568322290551
1.6990568322290551
1.6990568322290551
1.6990568322290551
1.6990568322290551
1.6990568322290551
1.6990568322290551
1.6990568322290551
1.6990568322290551
1.6990568322290551
1.6990568322290551
1.6990568322290551
1.6990568322290551
1.6990568322290551
1.6990568322290551
1.6990568322290551
1.6990568322290551
1.6990617984999326
1.6990617984999326
1.6990617984999326
1.6990617984999326
1.6990617984999326
1.6990617984999326
1.6990617984999326
1.6990617984999326
1.69906676477081
1.69906676477081
1.69906676477081
1.69906676477081
1.69906676477081
1.69906676477081
1.6990717310416874
1.6990717310416874
1.6990717310416874
1.6990717310416874
1.6990766973125648
1.6990766973125648
1.7031440731611889
1.7031440731611889
1.7031440731611889
1.7031440731611889
1.7031440731611889
1.7031440731611889
1.7031440731611889
1.7031440731611889
1.7031440731611889
1.7031440731611889
1.7031440731611889
1.7031440731611889
1.7031440731611889
1.7031440731611889
1.7031440731611889
1.7031440731611889
1.7031440731611889
1.7031440731611889
1.7031440731611889
1.7031440731611889
1.7031440731611889
1.7031440731611889
1.7031440731611889
1.7031440731611889
1.7031440731611889
1.7031440731611889
1.7031440731611889
1.7031440731611889
1.7031440731611889
1.7031440731611889
1.7031440731611889
1.7031440731611889
1.7031440731611889
1.7031487765653062
1.7031487765653062
1.7031487765653062
1.7031487765653062
1.7031487765653062
1.7031487765653062
1.7031487765653062
1.7031487765653062
1.7031487765653062
1.7031487765653062
1.7031487765653062
1.7031487765653062
1.7031487765653062
1.7031487765653062
1.7031487765653062
1.7031487765653062
1.7031487765653062
1.7031487765653062
1.7031487765653062
1.7031487765653062
1.7031487765653062
1.7031487765653062
1.7031487765653062
1.7031487765653062
1.7031487765653062
1.7031487765653062
1.7031487765653062
1.7031487765653062
1.7031487765653062
1.7031487765653062
1.7031534799694235
1.7031534799694235
1.7031534799694235
1.7031534799694235
1.7031534799694235
1.7031534799694235
1.7031534799694235
1.7031534799694235
1.7031534799694235
1.703158183373541
1.703158183373541
1.703158183373541
1.703158183373541
1.703158183373541
1.703158183373541
1.7031628867776583
1.7031628867776583
1.7031628867776583
1.7031628867776583
1.7031675901817755
1.7031675901817755
1.7031675901817755
1.7070431951744753
1.7070431951744753
1.7070431951744753
1.7070431951744753
1.7070431951744753
1.7070431951744753
1.7070431951744753
1.7070431951744753
1.7070431951744753
1.7070431951744753
1.7070431951744753
1.7070431951744753
1.7070431951744753
1.7070431951744753
1.7070431951744753
1.7070431951744753
1.7070431951744753
1.7070431951744753
1.7070431951744753
1.7070431951744753
1.7070431951744753
1.7070431951744753
1.7070431951744753
1.7070431951744753
1.7070431951744753
1.7070431951744753
1.7070431951744753
1.7070431951744753
1.7070431951744753
1.7070431951744753
1.7070431951744753
1.7070431951744753
1.7070431951744753
1.7070431951744753
1.7070431951744753
1.7070431951744753
1.7070431951744753
1.7070431951744753
1.7070431951744753
1.7070431951744753
1.7070431951744753
1.7070431951744753
1.7070431951744753
1.7070431951744753
1.7070431951744753
1.7070431951744753
1.7070431951744753
1.7070431951744753
1.7070431951744753
1.7070431951744753
1.7070431951744753
1.7070431951744753
1.7070431951744753
1.7070431951744753
1.7070431951744753
1.7070431951744753
1.7070431951744753
1.7070431951744753
1.7070476444152143
1.7070476444152143
1.7070476444152143
1.7070476444152143
1.7070476444152143
1.7070476444152143
1.7070476444152143
1.7070476444152143
1.7070476444152143
1.7070476444152143
1.7070476444152143
1.7070476444152143
1.7070520936559532
1.7070520936559532
1.7070520936559532
1.7070520936559532
1.7070520936559532
1.7070520936559532
1.7070520936559532
1.7070565428966922
1.7070565428966922
1.7070565428966922
1.7070565428966922
1.7070609921374311
1.7070609921374311
1.7070609921374311
1.7070609921374311
1.7107449634692973
1.7107449634692973
1.7107449634692973
1.7107449634692973
1.7107449634692973
1.7107449634692973
1.7107449634692973
1.7107449634692973
1.7107449634692973
1.7107449634692973
1.7107449634692973
1.7107449634692973
1.7107449634692973
1.7107449634692973
1.7107449634692973
1.7107449634692973
1.7107449634692973
1.7107449634692973
1.7107449634692973
1.7107449634692973
1.7107449634692973
1.7107449634692973
1.7107449634692973
1.7107449634692973
1.7107449634692973
1.7107449634692973
1.7107449634692973
1.7107449634692973
1.7107449634692973
1.7107449634692973
1.7107449634692973
1.7107449634692973
1.7107449634692973
1.7107449634692973
1.7107449634692973
1.7107449634692973
1.7107449634692973
1.7107449634692973
1.7107449634692973
1.7107449634692973
1.7107449634692973
1.7107449634692973
1.7107449634692973
1.7107449634692973
1.7107449634692973
1.7107491451721233
1.7107491451721233
1.7107491451721233
1.7107491451721233
1.7107491451721233
1.7107491451721233
1.7107491451721233
1.7107491451721233
1.7107491451721233
1.7107491451721233
1.7107491451721233
1.7107491451721233
1.7107491451721233
1.7107491451721233
1.7107491451721233
1.7107491451721233
1.7107491451721233
1.7107491451721233
1.7107491451721233
1.7107491451721233
1.7107491451721233
1.7107533268749495
1.7107533268749495
1.7107533268749495
1.7107533268749495
1.7107533268749495
1.7107533268749495
1.7107533268749495
1.7107533268749495
1.7107575085777758
1.7107575085777758
1.7107575085777758
1.7107575085777758
1.7107575085777758
1.7107575085777758
1.710761690280602
1.710761690280602
1.710761690280602
1.710761690280602
1.710765871983428
1.7142450487348022
1.7142450487348022
1.7142450487348022
1.7142450487348022
1.7142450487348022
1.7142450487348022
1.7142450487348022
1.7142450487348022
1.7142450487348022
1.7142450487348022
1.7142450487348022
1.7142450487348022
1.7142450487348022
1.7142450487348022
1.7142450487348022
1.7142450487348022
1.7142450487348022
1.7142450487348022
1.7142450487348022
1.7142450487348022
1.7142450487348022
1.7142450487348022
1.7142450487348022
1.7142450487348022
1.7142450487348022
1.7142450487348022
1.7142450487348022
1.7142450487348022
1.7142450487348022
1.7142450487348022
1.7142450487348022
1.7142450487348022
1.7142450487348022
1.7142450487348022
1.7142450487348022
1.7142450487348022
1.7142450487348022
1.7142450487348022
1.7142450487348022
1.7142450487348022
1.7142450487348022
1.7142450487348022
1.7142450487348022
1.7142450487348022
1.7142450487348022
1.7142450487348022
1.7142450487348022
1.7142450487348022
1.7142450487348022
1.7142450487348022
1.7142450487348022
1.7142450487348022
1.7142450487348022
1.7142450487348022
1.7142450487348022
1.7142450487348022
1.7142489654991848
1.7142489654991848
1.7142489654991848
1.7142489654991848
1.7142489654991848
1.7142489654991848
1.7142489654991848
1.7142489654991848
1.7142489654991848
1.7142489654991848
1.7142489654991848
1.7142489654991848
1.7142489654991848
1.7142489654991848
1.7142528822635674
1.7142528822635674
1.7142528822635674
1.7142528822635674
1.7142528822635674
1.7142528822635674
1.7142528822635674
1.71425679902795
1.71425679902795
1.71425679902795
1.71425679902795
1.71425679902795
1.7142607157923326
1.7142607157923326
1.7142607157923326
1.7175390475805838
1.7175390475805838
1.7175390475805838
1.7175390475805838
1.7175390475805838
1.7175390475805838
1.7175390475805838
1.7175390475805838
1.7175390475805838
1.7175390475805838
1.7175390475805838
1.7175390475805838
1.7175390475805838
1.7175390475805838
1.7175390475805838
1.7175390475805838
1.7175390475805838
1.7175390475805838
1.7175390475805838
1.7175390475805838
1.7175390475805838
1.7175390475805838
1.7175390475805838
1.7175390475805838
1.7175390475805838
1.7175390475805838
1.7175390475805838
1.7175390475805838
1.7175390475805838
1.7175390475805838
1.7175390475805838
1.7175390475805838
1.7175390475805838
1.7175390475805838
1.7175390475805838
1.7175390475805838
1.7175390475805838
1.7175390475805838
1.7175390475805838
1.7175390475805838
1.7175390475805838
1.7175390475805838
1.7175390475805838
1.7175390475805838
1.7175390475805838
1.7175390475805838
1.7175390475805838
1.7175390475805838
1.7175390475805838
1.7175390475805838
1.7175390475805838
1.7175390475805838
1.7175390475805838
1.7175390475805838
1.7175390475805838
1.7175390475805838
1.7175390475805838
1.7175390475805838
1.7175390475805838
1.7175426988484068
1.7175426988484068
1.7175426988484068
1.7175426988484068
1.7175426988484068
1.7175426988484068
1.7175426988484068
1.7175426988484068
1.7175426988484068
1.7175426988484068
1.7175426988484068
1.7175426988484068
1.71754635011623
1.71754635011623
1.71754635011623
1.71754635011623
1.71754635011623
1.71754635011623
1.71754635011623
1.7175500013840532
1.7175500013840532
1.7175500013840532
1.7175500013840532
1.7175500013840532
1.7175536526518764
1.7175536526518764
1.720624368891137
1.720624368891137
1.720624368891137
1.720624368891137
1.720624368891137
1.720624368891137
1.720624368891137
1.720624368891137
1.720624368891137
1.720624368891137
1.720624368891137
1.720624368891137
1.720624368891137
1.720624368891137
1.720624368891137
1.720624368891137
1.720624368891137
1.720624368891137
1.720624368891137
1.720624368891137
1.720624368891137
1.720624368891137
1.720624368891137
1.720624368891137
1.720624368891137
1.720624368891137
1.720624368891137
1.720624368891137
1.720624368891137
1.720624368891137
1.720624368891137
1.720624368891137
1.720624368891137
1.720624368891137
1.720624368891137
1.720624368891137
1.720624368891137
1.720624368891137
1.720624368891137
1.720624368891137
1.720624368891137
1.720624368891137
1.720624368891137
1.720624368891137
1.720624368891137
1.720624368891137
1.720624368891137
1.720624368891137
1.720624368891137
1.720624368891137
1.720624368891137
1.720624368891137
1.720624368891137
1.720624368891137
1.720624368891137
1.720624368891137
1.720624368891137
1.7206277517246875
1.7206277517246875
1.7206277517246875
1.7206277517246875
1.7206277517246875
1.7206277517246875
1.7206277517246875
1.7206277517246875
1.7206277517246875
1.7206277517246875
1.7206277517246875
1.7206277517246875
1.7206277517246875
1.7206277517246875
1.720631134558238
1.720631134558238
1.720631134558238
1.720631134558238
1.720631134558238
1.720631134558238
1.720631134558238
1.7206345173917885
1.7206345173917885
1.7206345173917885
1.7206345173917885
1.7206345173917885
1.720637900225339
1.720637900225339
1.7234963945755304
1.7234963945755304
1.7234963945755304
1.7234963945755304
1.7234963945755304
1.7234963945755304
1.7234963945755304
1.7234963945755304
1.7234963945755304
1.7234963945755304
1.7234963945755304
1.7234963945755304
1.7234963945755304
1.7234963945755304
1.7234963945755304
1.7234963945755304
1.7234963945755304
1.7234963945755304
1.7234963945755304
1.7234963945755304
1.7234963945755304
1.7234963945755304
1.7234963945755304
1.7234963945755304
1.7234963945755304
1.7234963945755304
1.7234963945755304
1.7234963945755304
1.7234963945755304
1.7234963945755304
1.7234963945755304
1.7234963945755304
1.7234963945755304
1.7234963945755304
1.7234963945755304
1.7234963945755304
1.7234963945755304
1.7234963945755304
1.7234963945755304
1.7234963945755304
1.7234963945755304
1.7234963945755304
1.7234963945755304
1.7234963945755304
1.7234963945755304
1.7234963945755304
1.7234995023038364
1.7234995023038364
1.7234995023038364
1.7234995023038364
1.7234995023038364
1.7234995023038364
1.7234995023038364
1.7234995023038364
1.7234995023038364
1.7234995023038364
1.7234995023038364
1.7234995023038364
1.7234995023038364
1.7234995023038364
1.7234995023038364
1.7234995023038364
1.7234995023038364
1.7234995023038364
1.7234995023038364
1.7234995023038364
1.7234995023038364
1.7234995023038364
1.7235026100321424
1.7235026100321424
1.7235026100321424
1.7235026100321424
1.7235026100321424
1.7235026100321424
1.7235026100321424
1.7235026100321424
1.7235026100321424
1.7235057177604485
1.7235057177604485
1.7235057177604485
1.7235057177604485
1.7235057177604485
1.7235088254887547
1.7235088254887547
1.7235088254887547
1.7261503945489027
1.7261503945489027
1.7261503945489027
1.7261503945489027
1.7261503945489027
1.7261503945489027
1.7261503945489027
1.7261503945489027
1.7261503945489027
1.7261503945489027
1.7261503945489027
1.7261503945489027
1.7261503945489027
1.7261503945489027
1.7261503945489027
1.7261503945489027
1.7261503945489027
1.7261503945489027
1.7261503945489027
1.7261503945489027
1.7261503945489027
1.7261503945489027
1.7261503945489027
1.7261503945489027
1.7261503945489027
1.7261503945489027
1.7261503945489027
1.7261503945489027
1.7261503945489027
1.7261503945489027
1.7261503945489027
1.7261503945489027
1.7261503945489027
1.7261503945489027
1.7261503945489027
1.7261503945489027
1.7261503945489027
1.7261503945489027
1.7261503945489027
1.7261503945489027
1.7261503945489027
1.7261503945489027
1.7261503945489027
1.7261503945489027
1.7261503945489027
1.7261503945489027
1.7261503945489027
1.7261503945489027
1.7261503945489027
1.7261503945489027
1.7261503945489027
1.7261503945489027
1.7261503945489027
1.7261503945489027
1.7261503945489027
1.7261503945489027
1.7261503945489027
1.7261503945489027
1.7261503945489027
1.7261532280187881
1.7261532280187881
1.7261532280187881
1.7261532280187881
1.7261532280187881
1.7261532280187881
1.7261532280187881
1.7261532280187881
1.7261532280187881
1.7261532280187881
1.7261532280187881
1.7261532280187881
1.7261532280187881
1.7261532280187881
1.7261560614886735
1.7261560614886735
1.7261560614886735
1.7261560614886735
1.7261560614886735
1.7261560614886735
1.7261560614886735
1.726158894958559
1.726158894958559
1.726158894958559
1.726158894958559
1.726158894958559
1.7285815117105379
1.7285815117105379
1.7285815117105379
1.7285815117105379
1.7285815117105379
1.7285815117105379
1.7285815117105379
1.7285815117105379
1.7285815117105379
1.7285815117105379
1.7285815117105379
1.7285815117105379
1.7285815117105379
1.7285815117105379
1.7285815117105379
1.7285815117105379
1.7285815117105379
1.7285815117105379
1.7285815117105379
1.7285815117105379
1.7285815117105379
1.7285815117105379
1.7285815117105379
1.7285815117105379
1.7285815117105379
1.7285815117105379
1.7285815117105379
1.7285815117105379
1.7285815117105379
1.7285815117105379
1.7285815117105379
1.7285815117105379
1.7285815117105379
1.7285815117105379
1.7285815117105379
1.7285815117105379
1.7285815117105379
1.7285815117105379
1.7285815117105379
1.7285815117105379
1.7285815117105379
1.7285815117105379
1.7285815117105379
1.7285815117105379
1.7285815117105379
1.7285815117105379
1.7285815117105379
1.7285815117105379
1.7285815117105379
1.7285815117105379
1.7285815117105379
1.7285815117105379
1.7285815117105379
1.7285815117105379
1.7285815117105379
1.7285815117105379
1.7285815117105379
1.7285815117105379
1.7285815117105379
1.7285815117105379
1.7285815117105379
1.7285815117105379
1.728584072006584
1.728584072006584
1.728584072006584
1.728584072006584
1.728584072006584
1.728584072006584
1.728584072006584
1.728584072006584
1.728584072006584
1.728584072006584
1.728584072006584
1.728584072006584
1.728584072006584
1.7285866323026302
1.7285866323026302
1.7285866323026302
1.7285866323026302
1.7285866323026302
1.7285866323026302
1.7285866323026302
1.7285891925986765
1.7285891925986765
1.7285891925986765
1.7307884869023586
1.7307884869023586
1.7307884869023586
1.7307884869023586
1.7307884869023586
1.7307884869023586
1.7307884869023586
1.7307884869023586
1.7307884869023586
1.7307884869023586
1.7307884869023586
1.7307884869023586
1.7307884869023586
1.7307884869023586
1.7307884869023586
1.7307884869023586
1.7307884869023586
1.7307884869023586
1.7307884869023586
1.7307884869023586
1.7307884869023586
1.7307884869023586
1.7307884869023586
1.7307884869023586
1.7307884869023586
1.7307884869023586
1.7307884869023586
1.7307884869023586
1.7307884869023586
1.7307884869023586
1.7307884869023586
1.7307884869023586
1.7307884869023586
1.7307884869023586
1.7307884869023586
1.7307884869023586
1.7307884869023586
1.7307884869023586
1.7307884869023586
1.7307884869023586
1.7307884869023586
1.7307884869023586
1.7307884869023586
1.7307884869023586
1.7307884869023586
1.7307884869023586
1.7307884869023586
1.7307884869023586
1.7307884869023586
1.7307884869023586
1.7307884869023586
1.7307884869023586
1.7307884869023586
1.7307884869023586
1.7307884869023586
1.7307884869023586
1.7307884869023586
1.7307884869023586
1.7307884869023586
1.7307907700683056
1.7307907700683056
1.7307907700683056
1.7307907700683056
1.7307907700683056
1.7307907700683056
1.7307907700683056
1.7307907700683056
1.7307907700683056
1.7307907700683056
1.7307907700683056
1.7307907700683056
1.7307907700683056
1.7307907700683056
1.7307907700683056
1.7307930532342524
1.7307930532342524
1.7307930532342524
1.7307930532342524
1.7307930532342524
1.7307930532342524
1.7307930532342524
1.7307930532342524
1.7307953364001993
1.7307953364001993
1.7307953364001993
1.732767991778316
1.732767991778316
1.732767991778316
1.732767991778316
1.732767991778316
1.732767991778316
1.732767991778316
1.732767991778316
1.732767991778316
1.732767991778316
1.732767991778316
1.732767991778316
1.732767991778316
1.732767991778316
1.732767991778316
1.732767991778316
1.732767991778316
1.732767991778316
1.732767991778316
1.732767991778316
1.732767991778316
1.732767991778316
1.732767991778316
1.732767991778316
1.732767991778316
1.732767991778316
1.732767991778316
1.732767991778316
1.732767991778316
1.732767991778316
1.732767991778316
1.732767991778316
1.732767991778316
1.732767991778316
1.732767991778316
1.732767991778316
1.732767991778316
1.732767991778316
1.732767991778316
1.732767991778316
1.732767991778316
1.732767991778316
1.732767991778316
1.732767991778316
1.732767991778316
1.732767991778316
1.732767991778316
1.732767991778316
1.732767991778316
1.732767991778316
1.732767991778316
1.732767991778316
1.732767991778316
1.732767991778316
1.732767991778316
1.732767991778316
1.732767991778316
1.732767991778316
1.732767991778316
1.732767991778316
1.732767991778316
1.732767991778316
1.732767991778316
1.732767991778316
1.732767991778316
1.732767991778316
1.732767991778316
1.732767991778316
1.732767991778316
1.732767991778316
1.7327699951569273
1.7327699951569273
1.7327699951569273
1.7327699951569273
1.7327699951569273
1.7327699951569273
1.7327699951569273
1.7327699951569273
1.7327699951569273
1.7327699951569273
1.7327719985355385
1.7327719985355385
1.7327719985355385
1.7327719985355385
1.7327719985355385
1.7345109311700897
1.7345109311700897
1.7345109311700897
1.7345109311700897
1.7345109311700897
1.7345109311700897
1.7345109311700897
1.7345109311700897
1.7345109311700897
1.7345109311700897
1.7345109311700897
1.7345109311700897
1.7345109311700897
1.7345109311700897
1.7345109311700897
1.7345109311700897
1.7345109311700897
1.7345109311700897
1.7345109311700897
1.7345109311700897
1.7345109311700897
1.7345109311700897
1.7345109311700897
1.7345109311700897
1.7345109311700897
1.7345109311700897
1.7345109311700897
1.7345109311700897
1.7345109311700897
1.7345109311700897
1.7345109311700897
1.7345109311700897
1.7345109311700897
1.7345109311700897
1.7345109311700897
1.7345109311700897
1.734512652931657
1.734512652931657
1.734512652931657
1.734512652931657
1.734512652931657
1.734512652931657
1.734512652931657
1.734512652931657
1.734512652931657
1.734512652931657
1.734512652931657
1.734512652931657
1.734512652931657
1.734512652931657
1.734512652931657
1.734512652931657
1.734512652931657
1.734512652931657
1.734512652931657
1.734512652931657
1.734512652931657
1.734512652931657
1.734512652931657
1.734512652931657
1.734512652931657
1.734512652931657
1.734512652931657
1.734512652931657
1.734512652931657
1.734512652931657
1.734512652931657
1.734512652931657
1.734512652931657
1.734512652931657
1.734512652931657
1.734512652931657
1.734512652931657
1.7345143746932246
1.7345143746932246
1.7345143746932246
1.7345143746932246
1.7345143746932246
1.7345143746932246
1.7345143746932246
1.7345143746932246
1.7345143746932246
1.7345143746932246
1.7345160964547919
1.7345160964547919
1.7360191943031533
1.7360191943031533
1.7360191943031533
1.7360191943031533
1.7360191943031533
1.7360191943031533
1.7360191943031533
1.7360191943031533
1.7360191943031533
1.7360191943031533
1.7360191943031533
1.7360191943031533
1.7360191943031533
1.7360191943031533
1.7360191943031533
1.7360191943031533
1.7360191943031533
1.7360191943031533
1.7360191943031533
1.7360191943031533
1.7360191943031533
1.7360191943031533
1.7360191943031533
1.7360191943031533
1.7360191943031533
1.7360191943031533
1.7360191943031533
1.7360191943031533
1.7360191943031533
1.7360191943031533
1.7360191943031533
1.7360191943031533
1.7360191943031533
1.7360191943031533
1.7360191943031533
1.7360191943031533
1.7360191943031533
1.7360191943031533
1.7360191943031533
1.7360191943031533
1.7360191943031533
1.7360191943031533
1.7360191943031533
1.7360191943031533
1.7360191943031533
1.7360191943031533
1.7360191943031533
1.7360191943031533
1.7360191943031533
1.7360191943031533
1.7360191943031533
1.7360191943031533
1.7360191943031533
1.7360191943031533
1.7360191943031533
1.7360191943031533
1.7360191943031533
1.7360191943031533
1.7360191943031533
1.7360191943031533
1.7360191943031533
1.7360191943031533
1.7360191943031533
1.7360191943031533
1.7360191943031533
1.7360191943031533
1.7360191943031533
1.7360191943031533
1.7360191943031533
1.7360191943031533
1.7360191943031533
1.7360206324131886
1.7360206324131886
1.7360206324131886
1.7360206324131886
1.7360206324131886
1.7360206324131886
1.7360206324131886
1.7360206324131886
1.7360206324131886
1.7360206324131886
1.7360206324131886
1.7360206324131886
1.736022070523224
1.736022070523224
1.7372832930242421
1.7372832930242421
1.7372832930242421
1.7372832930242421
1.7372832930242421
1.7372832930242421
1.7372832930242421
1.7372832930242421
1.7372832930242421
1.7372832930242421
1.7372832930242421
1.7372832930242421
1.7372832930242421
1.7372832930242421
1.7372832930242421
1.7372832930242421
1.7372832930242421
1.7372832930242421
1.7372832930242421
1.7372832930242421
1.7372832930242421
1.7372832930242421
1.7372832930242421
1.7372832930242421
1.7372832930242421
1.7372832930242421
1.7372832930242421
1.7372832930242421
1.7372832930242421
1.7372832930242421
1.7372832930242421
1.7372832930242421
1.7372832930242421
1.7372832930242421
1.7372832930242421
1.7372832930242421
1.7372832930242421
1.7372832930242421
1.7372832930242421
1.7372832930242421
1.7372832930242421
1.7372832930242421
1.7372832930242421
1.7372832930242421
1.7372832930242421
1.7372832930242421
1.7372832930242421
1.7372832930242421
1.7372832930242421
1.7372832930242421
1.7372832930242421
1.7372844483967667
1.7372844483967667
1.7372844483967667
1.7372844483967667
1.7372844483967667
1.7372844483967667
1.7372844483967667
1.7372844483967667
1.7372844483967667
1.7372844483967667
1.7372844483967667
1.7372844483967667
1.7372844483967667
1.7372844483967667
1.7372844483967667
1.7372844483967667
1.7372844483967667
1.7372844483967667
1.7372844483967667
1.7372844483967667
1.7372844483967667
1.7372844483967667
1.7372844483967667
1.7372844483967667
1.7372844483967667
1.7372844483967667
1.7372844483967667
1.7372844483967667
1.7372856037692912
1.7372856037692912
1.7372856037692912
1.7372856037692912
1.7372856037692912
1.7372856037692912
1.7383046423359478
1.7383046423359478
1.7383046423359478
1.7383046423359478
1.7383046423359478
1.7383046423359478
1.7383046423359478
1.7383046423359478
1.7383046423359478
1.7383046423359478
1.7383046423359478
1.7383046423359478
1.7383046423359478
1.7383046423359478
1.7383046423359478
1.7383046423359478
1.7383046423359478
1.7383046423359478
1.7383046423359478
1.7383046423359478
1.7383046423359478
1.7383046423359478
1.7383046423359478
1.7383046423359478
1.7383046423359478
1.7383046423359478
1.7383046423359478
1.7383046423359478
1.7383046423359478
1.7383046423359478
1.7383046423359478
1.7383046423359478
1.7383046423359478
1.7383046423359478
1.7383046423359478
1.7383046423359478
1.7383046423359478
1.7383046423359478
1.7383046423359478
1.7383046423359478
1.7383046423359478
1.7383046423359478
1.7383046423359478
1.7383046423359478
1.7383046423359478
1.7383046423359478
1.7383046423359478
1.7383046423359478
1.7383046423359478
1.7383046423359478
1.7383055090443555
1.7383055090443555
1.7383055090443555
1.7383055090443555
1.7383055090443555
1.7383055090443555
1.7383055090443555
1.7383055090443555
1.7383055090443555
1.7383055090443555
1.7383055090443555
1.7383055090443555
1.7383055090443555
1.7383055090443555
1.7383055090443555
1.7383055090443555
1.7383055090443555
1.7383055090443555
1.7383055090443555
1.7383055090443555
1.7383055090443555
1.7383055090443555
1.7383055090443555
1.7383055090443555
1.7383055090443555
1.7383055090443555
1.7383055090443555
1.7383055090443555
1.7383055090443555
1.7383055090443555
1.7383055090443555
1.7383055090443555
1.7383063757527633
1.7383063757527633
1.7383063757527633
1.7390751461103542
1.7390751461103542
1.7390751461103542
1.7390751461103542
1.7390751461103542
1.7390751461103542
1.7390751461103542
1.7390751461103542
1.7390751461103542
1.7390751461103542
1.7390751461103542
1.7390751461103542
1.7390751461103542
1.7390751461103542
1.7390751461103542
1.7390751461103542
1.7390751461103542
1.7390751461103542
1.7390751461103542
1.7390751461103542
1.7390751461103542
1.7390751461103542
1.7390751461103542
1.7390751461103542
1.7390751461103542
1.7390751461103542
1.7390751461103542
1.7390751461103542
1.7390751461103542
1.7390751461103542
1.7390751461103542
1.7390751461103542
1.7390751461103542
1.7390751461103542
1.7390751461103542
1.7390751461103542
1.7390751461103542
1.7390751461103542
1.7390751461103542
1.7390751461103542
1.7390751461103542
1.7390751461103542
1.7390751461103542
1.7390751461103542
1.7390751461103542
1.7390751461103542
1.7390751461103542
1.7390751461103542
1.7390751461103542
1.7390751461103542
1.7390751461103542
1.7390751461103542
1.7390751461103542
1.7390751461103542
1.7390751461103542
1.7390751461103542
1.7390751461103542
1.7390751461103542
1.7390751461103542
1.7390751461103542
1.7390751461103542
1.7390751461103542
1.7390751461103542
1.7390751461103542
1.7390751461103542
1.7390751461103542
1.7390751461103542
1.7390751461103542
1.7390751461103542
1.7390751461103542
1.7390751461103542
1.7390751461103542
1.7390751461103542
1.7390751461103542
1.7390751461103542
1.7390751461103542
1.7390751461103542
1.7390751461103542
1.7390751461103542
1.7390757269612225
1.7390757269612225
1.7390757269612225
1.7390757269612225
1.7390757269612225
1.7390757269612225
1.739593845935813
1.739593845935813
1.739593845935813
1.739593845935813
1.739593845935813
1.739593845935813
1.739593845935813
1.739593845935813
1.739593845935813
1.739593845935813
1.739593845935813
1.739593845935813
1.739593845935813
1.739593845935813
1.739593845935813
1.739593845935813
1.739593845935813
1.739593845935813
1.739593845935813
1.739593845935813
1.739593845935813
1.739593845935813
1.739593845935813
1.739593845935813
1.739593845935813
1.739593845935813
1.739593845935813
1.739593845935813
1.739593845935813
1.739593845935813
1.739593845935813
1.739593845935813
1.739593845935813
1.739593845935813
1.739593845935813
1.739593845935813
1.739593845935813
1.739593845935813
1.739593845935813
1.739593845935813
1.739593845935813
1.739593845935813
1.739593845935813
1.739593845935813
1.739593845935813
1.739593845935813
1.739593845935813
1.739593845935813
1.739593845935813
1.739593845935813
1.739593845935813
1.739593845935813
1.739593845935813
1.739593845935813
1.739593845935813
1.739593845935813
1.739593845935813
1.739593845935813
1.739593845935813
1.739593845935813
1.739593845935813
1.739593845935813
1.739593845935813
1.739593845935813
1.739593845935813
1.739593845935813
1.739593845935813
1.739593845935813
1.739593845935813
1.739593845935813
1.739593845935813
1.739593845935813
1.739593845935813
1.739593845935813
1.739593845935813
1.739593845935813
1.739593845935813
1.739593845935813
1.739593845935813
1.739593845935813
1.739593845935813
1.739593845935813
1.739593845935813
1.739593845935813
1.739593845935813
1.73985396361505
1.73985396361505
1.73985396361505
1.73985396361505
1.73985396361505
1.73985396361505
1.73985396361505
1.73985396361505
1.73985396361505
1.73985396361505
1.73985396361505
1.73985396361505
1.73985396361505
1.73985396361505
1.73985396361505
1.73985396361505
1.73985396361505
1.73985396361505
1.73985396361505
1.73985396361505
1.73985396361505
1.73985396361505
1.73985396361505
1.73985396361505
1.73985396361505
1.73985396361505
1.73985396361505
1.73985396361505
1.73985396361505
1.73985396361505
1.73985396361505
1.73985396361505
1.73985396361505
1.73985396361505
1.73985396361505
1.73985396361505
1.73985396361505
1.73985396361505
1.73985396361505
1.73985396361505
1.73985396361505
1.73985396361505
1.73985396361505
1.73985396361505
1.73985396361505
1.73985396361505
1.73985396361505
1.73985396361505
1.73985396361505
1.73985396361505
1.73985396361505
1.73985396361505
1.73985396361505
1.73985396361505
1.73985396361505
1.73985396361505
1.73985396361505
1.73985396361505
1.73985396361505
1.73985396361505
1.73985396361505
1.73985396361505
1.73985396361505
1.73985396361505
1.73985396361505
1.73985396361505
1.73985396361505
1.73985396361505
1.73985396361505
1.73985396361505
1.73985396361505
1.73985396361505
1.73985396361505
1.73985396361505
1.73985396361505
1.73985396361505
1.73985396361505
1.73985396361505
1.73985396361505
1.73985396361505
1.73985396361505
1.73985396361505
1.73985396361505
1.73985396361505
1.73985396361505
);


























boundaryField
{
    inlet
    {
        type            calculated;
        value           uniform 0;
    }
    outlet
    {
        type            calculated;
        value           uniform 0;
    }
    outerwall
    {
        type            calculated;
        value           uniform 0;
    }
    longitudinal_symmetry
    {
        type            symmetryPlane;
    }
    lateral_sides
    {
        type            empty;
    }
}


// ************************************************************************* //
