/*--------------------------------*- C++ -*----------------------------------*\
| =========                 |                                                 |
| \\      /  F ield         | OpenFOAM: The Open Source CFD Toolbox           |
|  \\    /   O peration     | Version:  v2012                                 |
|   \\  /    A nd           | Website:  www.openfoam.com                      |
|    \\/     M anipulation  |                                                 |
\*---------------------------------------------------------------------------*/
FoamFile
{
    version     2.0;
    format      ascii;
    class       volScalarField;
    location    "0";
    object      p;
}
// * * * * * * * * * * * * * * * * * * * * * * * * * * * * * * * * * * * * * //

dimensions      [1 -1 -2 0 0 0 0];


internalField   nonuniform List<scalar>
18190
(
528.1748952627584
528.1748952627584
528.1748952627584
528.1748952627584
528.1748952627584
528.1748952627584
528.1748952627584
528.1748952627584
528.1748952627584
528.1748952627584
528.1748952627584
528.1748952627584
528.1748952627584
528.1748952627584
528.1748952627584
528.1748952627584
528.1748952627584
528.1748952627584
528.1748952627584
528.1748952627584
528.1748952627584
528.1748952627584
528.1748952627584
528.1748952627584
528.1748952627584
528.1748952627584
528.1748952627584
528.1748952627584
528.1748952627584
528.1748952627584
528.1748952627584
528.1748952627584
528.1748952627584
528.1748952627584
528.1748952627584
528.1748952627584
528.1748952627584
528.1748952627584
528.1748952627584
528.1748952627584
528.1748952627584
528.1748952627584
528.1748952627584
528.1748952627584
528.1748952627584
528.1748952627584
528.1748952627584
528.1748952627584
528.1748952627584
528.1748952627584
528.1748952627584
528.1748952627584
528.1748952627584
528.1748952627584
528.1748952627584
528.1748952627584
528.1748952627584
528.1748952627584
528.1748952627584
528.1748952627584
528.1748952627584
528.1748952627584
528.1748952627584
528.1748952627584
528.1748952627584
528.1748952627584
528.1748952627584
528.1748952627584
528.1748952627584
528.1748952627584
528.1748952627584
528.1748952627584
528.1748952627584
528.1748952627584
528.1748952627584
528.1748952627584
528.1748952627584
528.1748952627584
528.1748952627584
528.1748952627584
528.1748952627584
528.1748952627584
528.1748952627584
528.1748952627584
528.1748952627584
528.1332921212614
528.1332921212614
528.1332921212614
528.1332921212614
528.1332921212614
528.1332921212614
528.1332921212614
528.1332921212614
528.1332921212614
528.1332921212614
528.1332925812198
528.1332925812198
528.1332925812198
528.1332925812198
528.1332925812198
528.1332925812198
528.1332925812198
528.1332925812198
528.1332925812198
528.1332925812198
528.1332925812198
528.1332925812198
528.1332925812198
528.1332925812198
528.1332925812198
528.1332925812198
528.1332925812198
528.1332925812198
528.1332925812198
528.1332930411781
528.1332930411781
528.1332930411781
528.1332930411781
528.1332930411781
528.1332930411781
528.1332930411781
528.1332930411781
528.1332935011366
528.1332935011366
528.1332935011366
528.1332935011366
528.1332935011366
528.1332939610949
528.1332939610949
528.1332939610949
528.1332939610949
528.1332944210533
528.1332944210533
528.1332944210533
528.1332948810116
528.1332948810116
528.1332948810116
528.13329534097
528.13329534097
528.1332958009283
528.1332958009283
528.1332962608867
528.1332962608867
528.133296720845
528.1332971808034
528.1332976407617
528.1332976407617
528.1332981007201
528.1332985606784
528.1332990206369
528.1332994805952
528.1332999405536
528.1333004005119
528.1333013204286
528.133301780387
528.1333027003037
528.133303160262
528.1333040801787
528.1333050000954
528.1333054600539
528.1333063799706
528.1333077598456
528.1333086797623
528.133309599679
528.1333109795542
528.1333123594292
528.1333137393043
528.1333151191793
528.1333169590127
528.1333187988462
528.050273651966
528.050273651966
528.050273651966
528.050273651966
528.050273651966
528.050273651966
528.0502745744242
528.0502745744242
528.0502745744242
528.0502745744242
528.0502745744242
528.0502745744242
528.0502745744242
528.0502745744242
528.0502745744242
528.0502745744242
528.0502745744242
528.0502745744242
528.0502745744242
528.0502745744242
528.0502745744242
528.0502745744242
528.0502745744242
528.0502754968824
528.0502754968824
528.0502754968824
528.0502754968824
528.0502754968824
528.0502754968824
528.0502754968824
528.0502764193405
528.0502764193405
528.0502764193405
528.0502764193405
528.0502764193405
528.0502773417987
528.0502773417987
528.0502773417987
528.0502773417987
528.0502782642569
528.0502782642569
528.0502782642569
528.0502791867151
528.0502791867151
528.0502791867151
528.0502801091733
528.0502801091733
528.0502810316315
528.0502810316315
528.0502819540897
528.0502828765478
528.0502828765478
528.050283799006
528.0502847214642
528.0502856439224
528.0502865663806
528.0502865663806
528.050288411297
528.0502893337551
528.0502902562133
528.0502911786715
528.0502921011297
528.050293946046
528.0502948685042
528.0502967134206
528.050298558337
528.0502994807952
528.0503013257115
528.0503031706279
528.0503059380025
528.0503077829188
528.0503105502934
528.0503123952097
528.0503151625843
528.050318852417
528.0503216197916
528.0503253096243
528.0503280769989
528.0503326892898
528.0503363791225
528.0503409914135
528.0503456037044
528.0503502159954
528.0503557507445
528.0503612854936
527.9265107096786
527.9265107096786
527.9265107096786
527.9265107096786
527.9265107096786
527.9265107096786
527.9265107096786
527.9265107096786
527.9265107096786
527.9265107096786
527.9265107096786
527.9265107096786
527.9265107096786
527.9265120917944
527.9265120917944
527.9265120917944
527.9265120917944
527.9265120917944
527.9265120917944
527.9265120917944
527.9265120917944
527.9265120917944
527.9265120917944
527.9265134739102
527.9265134739102
527.9265134739102
527.9265134739102
527.9265134739102
527.9265134739102
527.9265148560261
527.9265148560261
527.9265148560261
527.9265148560261
527.9265162381419
527.9265162381419
527.9265162381419
527.9265176202576
527.9265176202576
527.9265176202576
527.9265190023734
527.9265190023734
527.9265203844893
527.9265203844893
527.9265217666051
527.9265217666051
527.9265231487209
527.9265245308367
527.9265245308367
527.9265259129526
527.9265272950684
527.9265286771841
527.9265300592999
527.9265314414157
527.9265328235316
527.9265342056474
527.9265355877632
527.9265383519949
527.9265397341106
527.9265411162264
527.926543880458
527.9265466446897
527.9265494089212
527.9265521731529
527.9265549373845
527.9265577016162
527.9265604658477
527.9265646121952
527.9265687585427
527.9265715227742
527.9265770512375
527.9265811975849
527.9265867260482
527.9265908723955
527.9265964008588
527.9266033114378
527.9266102220168
527.926617132596
527.926624043175
527.9266323358698
527.9266406285648
527.9266489212596
527.9266585960702
527.9266696529967
527.9266807099232
527.9266917668497
527.7625814912676
527.7625814912676
527.7625814912676
527.7625814912676
527.7625814912676
527.7625814912676
527.7625814912676
527.7625814912676
527.7625814912676
527.7625814912676
527.7625814912676
527.762583331143
527.762583331143
527.762583331143
527.762583331143
527.762583331143
527.762583331143
527.762583331143
527.762583331143
527.762583331143
527.7625851710184
527.7625851710184
527.7625851710184
527.7625851710184
527.7625851710184
527.7625851710184
527.7625870108939
527.7625870108939
527.7625870108939
527.7625870108939
527.7625888507692
527.7625888507692
527.7625888507692
527.7625906906446
527.7625906906446
527.76259253052
527.76259253052
527.76259253052
527.7625943703954
527.7625943703954
527.7625962102708
527.7625980501463
527.7625980501463
527.7625998900216
527.762601729897
527.7626035697724
527.7626035697724
527.7626054096478
527.7626072495232
527.7626090893987
527.762610929274
527.7626146090248
527.7626164489002
527.7626182887756
527.7626219685264
527.7626238084018
527.7626274881526
527.7626311679035
527.7626348476542
527.762638527405
527.7626422071559
527.7626458869066
527.7626514065328
527.7626550862836
527.7626606059098
527.762666125536
527.7626716451622
527.7626790046638
527.7626863641655
527.762693723667
527.7627010831686
527.7627084426703
527.7627176420473
527.7627286812997
527.7627378806766
527.762748919929
527.7627599591814
527.7627728383093
527.7627875573124
527.7628004364402
527.7628169953189
527.7628335541974
527.7628501130761
527.76286851183
527.7628887504594
527.5586824218344
527.5586824218344
527.5586824218344
527.5586824218344
527.5586847218284
527.5586847218284
527.5586847218284
527.5586847218284
527.5586847218284
527.5586847218284
527.5586847218284
527.5586847218284
527.5586847218284
527.5586847218284
527.5586847218284
527.5586870218225
527.5586870218225
527.5586870218225
527.5586870218225
527.5586870218225
527.5586870218225
527.5586893218165
527.5586893218165
527.5586893218165
527.5586893218165
527.5586893218165
527.5586916218105
527.5586916218105
527.5586916218105
527.5586939218045
527.5586939218045
527.5586939218045
527.5586962217985
527.5586962217985
527.5586985217925
527.5586985217925
527.5587008217865
527.5587008217865
527.5587031217806
527.5587031217806
527.5587054217746
527.5587077217685
527.5587100217626
527.5587100217626
527.5587123217566
527.5587146217506
527.5587169217447
527.5587192217387
527.5587238217267
527.5587261217207
527.5587284217147
527.5587330217028
527.5587353216968
527.5587399216848
527.5587445216728
527.5587468216669
527.5587514216548
527.5587583216369
527.558762921625
527.5587675216129
527.558774421595
527.558781321577
527.5587882215591
527.5587951215412
527.5588043215172
527.5588112214992
527.5588204214753
527.5588296214514
527.5588411214214
527.5588526213916
527.5588641213616
527.5588756213317
527.5588894212958
527.5589055212539
527.558919321218
527.5589354211761
527.5589538211282
527.5589722210804
527.5589929210265
527.5590159209667
527.5590389209068
527.5590642208409
527.5590895207752
527.5591171207033
527.5591493206196
527.3155132121937
527.3155132121937
527.3155132121937
527.3155132121937
527.3155132121937
527.3155132121937
527.3155132121937
527.3155159689953
527.3155159689953
527.3155159689953
527.3155159689953
527.3155159689953
527.3155159689953
527.3155159689953
527.3155159689953
527.3155187257971
527.3155187257971
527.3155187257971
527.3155187257971
527.3155187257971
527.3155187257971
527.3155214825988
527.3155214825988
527.3155214825988
527.3155214825988
527.3155242394006
527.3155242394006
527.3155242394006
527.3155269962023
527.3155269962023
527.315529753004
527.315529753004
527.315529753004
527.3155325098057
527.3155325098057
527.3155352666074
527.3155380234092
527.3155380234092
527.3155407802109
527.3155435370126
527.3155462938144
527.3155462938144
527.315549050616
527.3155518074178
527.3155545642195
527.3155573210212
527.3155628346246
527.3155655914264
527.3155683482281
527.3155738618316
527.3155766186333
527.3155821322367
527.3155876458402
527.3155931594437
527.3155986730471
527.3156041866505
527.315609700254
527.3156179706591
527.3156234842626
527.3156317546677
527.315640025073
527.3156510522798
527.315659322685
527.3156703498919
527.3156813770988
527.3156924043057
527.3157061883143
527.3157199723229
527.3157337563315
527.3157502971419
527.3157668379522
527.3157833787626
527.3158026763747
527.3158219739867
527.3158440284005
527.3158660828143
527.3158908940298
527.3159184620471
527.3159460300643
527.3159763548832
527.3160094365039
527.3160452749263
527.3160811133487
527.3161224653746
527.3161638174005
527.0334028452137
527.0334028452137
527.0334028452137
527.0334028452137
527.0334028452137
527.0334060595972
527.0334060595972
527.0334060595972
527.0334060595972
527.0334060595972
527.0334060595972
527.0334060595972
527.0334060595972
527.0334060595972
527.0334092739806
527.0334092739806
527.0334092739806
527.0334092739806
527.0334092739806
527.0334124883642
527.0334124883642
527.0334124883642
527.0334124883642
527.0334157027477
527.0334157027477
527.0334157027477
527.0334189171311
527.0334189171311
527.0334189171311
527.0334221315146
527.0334221315146
527.0334253458981
527.0334253458981
527.0334285602815
527.0334317746651
527.0334317746651
527.0334349890486
527.0334382034321
527.0334382034321
527.0334414178155
527.033444632199
527.0334478465826
527.0334510609661
527.0334542753495
527.033457489733
527.0334639185
527.0334671328835
527.0334735616505
527.0334767760339
527.033483204801
527.0334896335679
527.0334928479514
527.0335024911019
527.0335089198688
527.0335153486358
527.0335249917863
527.0335314205532
527.0335410637038
527.0335507068543
527.0335603500047
527.0335732075387
527.0335860650727
527.0335989226065
527.0336117801405
527.0336246376745
527.033640709592
527.0336567815094
527.0336760678103
527.0336953541113
527.0337146404122
527.0337371410966
527.0337596417811
527.033785356849
527.0338142863004
527.0338432157517
527.0338721452032
527.0339042890381
527.0339396472565
527.0339782198583
527.0340167924602
527.0340617938291
527.034106795198
527.0341550109503
527.0342096554696
527.034264299989
526.7126055474569
526.7126055474569
526.7126055474569
526.7126055474569
526.7126055474569
526.7126055474569
526.7126055474569
526.7126055474569
526.7126055474569
526.7126055474569
526.7126092211009
526.7126092211009
526.7126092211009
526.7126092211009
526.7126092211009
526.7126092211009
526.7126128947451
526.7126128947451
526.7126128947451
526.7126128947451
526.7126165683892
526.7126165683892
526.7126165683892
526.7126165683892
526.7126202420333
526.7126202420333
526.7126239156773
526.7126239156773
526.7126239156773
526.7126275893215
526.7126275893215
526.7126312629656
526.7126349366097
526.7126349366097
526.7126386102537
526.7126422838979
526.7126422838979
526.712645957542
526.7126496311861
526.7126533048303
526.7126569784743
526.7126606521184
526.7126643257625
526.7126716730507
526.7126753466948
526.7126790203389
526.7126863676272
526.7126900412712
526.7126973885595
526.7127047358476
526.7127120831359
526.712719430424
526.7127267777123
526.7127377986446
526.7127451459328
526.7127561668651
526.7127671877975
526.7127782087298
526.7127929033062
526.7128039242385
526.7128186188149
526.7128333133913
526.7128516816118
526.7128700498324
526.7128884180529
526.7129067862734
526.712928828138
526.7129508700026
526.7129765855113
526.7130023010201
526.7130280165288
526.7130574056816
526.7130904684786
526.7131235312755
526.7131602677166
526.7132006778018
526.7132410878869
526.7132888452602
526.7133366026336
526.7133843600069
526.7134394646686
526.7134982429742
526.713560694924
526.7136268205178
526.7137002933999
526.3533040840757
526.3533040840757
526.3533040840757
526.3533040840757
526.3533082193487
526.3533082193487
526.3533082193487
526.3533082193487
526.3533082193487
526.3533082193487
526.3533082193487
526.3533082193487
526.3533123546217
526.3533123546217
526.3533123546217
526.3533123546217
526.3533123546217
526.3533164898946
526.3533164898946
526.3533164898946
526.3533164898946
526.3533206251676
526.3533206251676
526.3533206251676
526.3533247604406
526.3533247604406
526.3533288957136
526.3533288957136
526.3533330309866
526.3533330309866
526.3533371662595
526.3533371662595
526.3533413015325
526.3533454368055
526.3533454368055
526.3533495720785
526.3533537073515
526.3533578426244
526.3533619778974
526.3533661131704
526.3533702484434
526.3533743837164
526.3533826542623
526.3533867895353
526.3533909248083
526.3533991953542
526.3534074659002
526.3534116011732
526.3534198717191
526.3534281422651
526.3534364128111
526.35344881863
526.353457089176
526.3534694949949
526.3534819008138
526.3534943066328
526.3535067124517
526.3535191182707
526.3535356593626
526.3535522004545
526.3535687415464
526.3535894179113
526.3536100942762
526.3536307706411
526.353655582279
526.3536803939169
526.3537052055548
526.3537341524656
526.3537630993765
526.3537961815603
526.3538292637442
526.353866481201
526.3539078339307
526.3539491866605
526.3539946746633
526.3540401626661
526.3540939212148
526.3541476797635
526.3542055735853
526.3542717379529
526.3543379023206
526.3544082019613
526.3544867721479
526.3545694776075
526.3546563183401
525.9556126682139
525.9556126682139
525.9556126682139
525.9556126682139
525.9556126682139
525.9556126682139
525.9556172684617
525.9556172684617
525.9556172684617
525.9556172684617
525.9556172684617
525.9556172684617
525.9556218687094
525.9556218687094
525.9556218687094
525.9556218687094
525.9556218687094
525.9556264689571
525.9556264689571
525.9556264689571
525.9556310692049
525.9556310692049
525.9556310692049
525.9556356694526
525.9556356694526
525.9556356694526
525.9556402697003
525.9556402697003
525.955644869948
525.9556494701957
525.9556494701957
525.9556540704434
525.9556540704434
525.9556586706912
525.9556632709389
525.9556678711866
525.9556724714344
525.9556770716821
525.9556816719298
525.9556862721776
525.9556908724253
525.955695472673
525.9557046731684
525.9557092734161
525.9557184739116
525.9557276744071
525.9557322746548
525.9557414751503
525.9557506756457
525.9557644763888
525.9557736768843
525.9557828773798
525.955796678123
525.955810478866
525.9558242796093
525.9558380803525
525.9558564813434
525.9558748823342
525.9558932833252
525.9559116843161
525.9559346855547
525.9559530865456
525.9559806880319
525.9560036892706
525.956031290757
525.956063492491
525.956095694225
525.9561278959592
525.956164697941
525.9562014999227
525.9562429021523
525.9562889046296
525.9563349071068
525.9563855098318
525.9564407128045
525.9565005160249
525.9565603192453
525.9566293229612
525.9566983266772
525.9567765308884
525.9568547350998
525.9569421398065
525.9570341447611
525.957135350211
525.9572411559087
525.520192377686
525.520192377686
525.520192377686
525.520192377686
525.520192377686
525.520192377686
525.520192377686
525.520192377686
525.520192377686
525.520192377686
525.520192377686
525.520192377686
525.520192377686
525.520192377686
525.520192377686
525.520192377686
525.520192377686
525.520192377686
525.520192377686
525.520192377686
525.520192377686
525.520192377686
525.520192377686
525.520192377686
525.5202429985345
525.5202429985345
525.5202429985345
525.5202429985345
525.5202429985345
525.5202429985345
525.5202429985345
525.5202429985345
525.5202429985345
525.5202429985345
525.5202429985345
525.5202429985345
525.5202429985345
525.5202429985345
525.5202936193831
525.5202936193831
525.5202936193831
525.5202936193831
525.5202936193831
525.5202936193831
525.5202936193831
525.5203442402316
525.5203442402316
525.5203442402316
525.5203442402316
525.5203442402316
525.52039486108
525.52039486108
525.52039486108
525.5204454819286
525.5204454819286
525.5204454819286
525.5204961027771
525.5204961027771
525.5204961027771
525.5205467236256
525.5205467236256
525.5205973444741
525.5206479653226
525.5206479653226
525.5206985861711
525.5206985861711
525.5207492070197
525.5207998278681
525.5208504487166
525.5209010695652
525.5209516904137
525.5210023112621
525.5210529321107
525.5211035529592
525.5211541738076
525.5212554155047
525.5213060363532
525.5214072780502
525.5214578988988
525.5215591405957
525.5216603822928
525.5217616239898
525.5218628656868
525.5219641073838
525.5221159699294
525.047044660119
525.047044660119
525.047044660119
525.047044660119
525.047044660119
525.047044660119
525.047044660119
525.047044660119
525.047044660119
525.047044660119
525.047044660119
525.047044660119
525.047044660119
525.047044660119
525.047044660119
525.047044660119
525.047044660119
525.047044660119
525.047044660119
525.047044660119
525.047044660119
525.047044660119
525.047044660119
525.047044660119
525.047044660119
525.047044660119
525.047044660119
525.047044660119
525.047044660119
525.047044660119
525.0470999473026
525.0470999473026
525.0470999473026
525.0470999473026
525.0470999473026
525.0470999473026
525.0470999473026
525.0470999473026
525.0470999473026
525.0470999473026
525.0471552344862
525.0471552344862
525.0471552344862
525.0471552344862
525.0471552344862
525.0471552344862
525.04721052167
525.04721052167
525.04721052167
525.04721052167
525.0472658088536
525.0472658088536
525.0472658088536
525.0472658088536
525.0473210960372
525.0473210960372
525.0473763832208
525.0473763832208
525.0473763832208
525.0474316704044
525.0474316704044
525.0474869575881
525.0475422447718
525.0475422447718
525.0475975319554
525.047652819139
525.047652819139
525.0477081063227
525.0477633935063
525.0478186806899
525.0478739678736
525.0479292550572
525.0479845422409
525.0480951166081
525.0481504037917
525.0482056909754
525.0483162653427
525.0484268397099
525.0484821268935
525.0485927012609
525.0487032756281
525.0488138499954
525.0489797115463
525.0490902859136
525.0492561474645
524.5361120563269
524.5361120563269
524.5361120563269
524.5361120563269
524.5361120563269
524.5361120563269
524.5361120563269
524.5361120563269
524.5361120563269
524.5361120563269
524.5361120563269
524.5361120563269
524.5361120563269
524.5361120563269
524.5361120563269
524.5361120563269
524.5361120563269
524.5361720531099
524.5361720531099
524.5361720531099
524.5361720531099
524.5361720531099
524.5361720531099
524.5361720531099
524.5361720531099
524.5361720531099
524.5361720531099
524.5361720531099
524.5361720531099
524.5361720531099
524.5361720531099
524.5361720531099
524.5361720531099
524.5361720531099
524.5362320498929
524.5362320498929
524.5362320498929
524.5362320498929
524.5362320498929
524.5362320498929
524.5362320498929
524.5362320498929
524.5362920466758
524.5362920466758
524.5362920466758
524.5362920466758
524.5362920466758
524.5363520434588
524.5363520434588
524.5363520434588
524.5363520434588
524.5364120402418
524.5364120402418
524.5364120402418
524.5364720370247
524.5364720370247
524.5364720370247
524.5365320338077
524.5365320338077
524.5365920305907
524.5365920305907
524.5366520273737
524.5367120241567
524.5367120241567
524.5367720209397
524.5368320177226
524.5368920145056
524.5369520112886
524.5369520112886
524.5370720048545
524.5371320016375
524.5371919984204
524.5372519952034
524.5373119919864
524.5374319855523
524.5374919823353
524.5376119759012
524.5377319694672
524.5377919662502
524.5379119598161
524.5380319533821
524.538211943731
524.5383319372969
524.5385119276458
524.5386319212117
523.9879112230955
523.9879112230955
523.9879112230955
523.9879112230955
523.9879112230955
523.9879112230955
523.9879112230955
523.9879112230955
523.9879112230955
523.9879112230955
523.9879112230955
523.9879112230955
523.9879112230955
523.9879112230955
523.9879112230955
523.9879112230955
523.9879112230955
523.9879112230955
523.9879112230955
523.9879112230955
523.9879112230955
523.9879112230955
523.9879112230955
523.9879112230955
523.9879112230955
523.9879112230955
523.9879112230955
523.9879112230955
523.9879112230955
523.9879759304648
523.9879759304648
523.9879759304648
523.9879759304648
523.9879759304648
523.9879759304648
523.9879759304648
523.9879759304648
523.9879759304648
523.9879759304648
523.9880406378342
523.9880406378342
523.9880406378342
523.9880406378342
523.9880406378342
523.9880406378342
523.9881053452035
523.9881053452035
523.9881053452035
523.9881053452035
523.988170052573
523.988170052573
523.988170052573
523.9882347599423
523.9882347599423
523.9882347599423
523.9882994673117
523.9882994673117
523.988364174681
523.988364174681
523.9884288820504
523.9884288820504
523.9884935894197
523.988558296789
523.988558296789
523.9886230041584
523.9886877115279
523.9887524188972
523.9888171262666
523.9888818336359
523.9889465410052
523.9890112483746
523.9890759557439
523.9891406631133
523.9892700778521
523.9893347852214
523.9894641999601
523.9895289073295
523.9896583220682
523.989787736807
523.9899171515457
523.9900465662844
523.9902406883925
523.9903701031312
523.9905642252393
523.9907583473474
523.4019740692913
523.4019740692913
523.4019740692913
523.4019740692913
523.4019740692913
523.4019740692913
523.4019740692913
523.4019740692913
523.4019740692913
523.4019740692913
523.4019740692913
523.4019740692913
523.4019740692913
523.4019740692913
523.4019740692913
523.4019740692913
523.4019740692913
523.4019740692913
523.4019740692913
523.4019740692913
523.4019740692913
523.4019740692913
523.4019740692913
523.4019740692913
523.4019740692913
523.4019740692913
523.4019740692913
523.4019740692913
523.4019740692913
523.402043575478
523.402043575478
523.402043575478
523.402043575478
523.402043575478
523.402043575478
523.402043575478
523.402043575478
523.402043575478
523.402043575478
523.4021130816648
523.4021130816648
523.4021130816648
523.4021130816648
523.4021130816648
523.4021825878514
523.4021825878514
523.4021825878514
523.4021825878514
523.4021825878514
523.4022520940381
523.4022520940381
523.4022520940381
523.4023216002248
523.4023216002248
523.4023911064115
523.4023911064115
523.4023911064115
523.4024606125981
523.4024606125981
523.4025301187849
523.4025996249716
523.4025996249716
523.4026691311583
523.4027386373449
523.4027386373449
523.4028081435316
523.4028776497183
523.402947155905
523.4030166620917
523.4030861682784
523.4031556744651
523.4032946868384
523.4033641930251
523.4034336992119
523.4035727115852
523.4036422177719
523.4037812301453
523.4039202425187
523.4040592548921
523.4041982672654
523.4043372796389
523.4045457981989
523.4046848105722
523.4048933291324
523.4051018476924
522.7790579663368
522.7790579663368
522.7790579663368
522.7790579663368
522.7790579663368
522.7790579663368
522.7790579663368
522.7790579663368
522.7790579663368
522.7790579663368
522.7790579663368
522.7790579663368
522.7790579663368
522.7790579663368
522.7790579663368
522.7790579663368
522.7790579663368
522.7790579663368
522.7790579663368
522.7790579663368
522.7790579663368
522.7790579663368
522.7790579663368
522.7791322291055
522.7791322291055
522.7791322291055
522.7791322291055
522.7791322291055
522.7791322291055
522.7791322291055
522.7791322291055
522.7791322291055
522.7791322291055
522.7791322291055
522.7791322291055
522.779206491874
522.779206491874
522.779206491874
522.779206491874
522.779206491874
522.779206491874
522.779206491874
522.7792807546426
522.7792807546426
522.7792807546426
522.7792807546426
522.7792807546426
522.7793550174113
522.7793550174113
522.7793550174113
522.7794292801798
522.7794292801798
522.7794292801798
522.7795035429484
522.7795035429484
522.7795035429484
522.7795778057169
522.7795778057169
522.7796520684856
522.7797263312542
522.7797263312542
522.7798005940227
522.7798748567914
522.7798748567914
522.77994911956
522.7800233823285
522.7800976450972
522.7801719078657
522.7802461706343
522.780320433403
522.7803946961715
522.7804689589401
522.7806174844773
522.7806917472459
522.780840272783
522.7809887983202
522.7810630610888
522.781211586626
522.7813601121632
522.7815086377004
522.7817314260062
522.7818799515434
522.7821027398492
522.782325528155
522.7825483164606
522.1186091615249
522.1186091615249
522.1186091615249
522.1186882950984
522.1186882950984
522.1186882950984
522.1186882950984
522.1186882950984
522.1186882950984
522.1186882950984
522.1186882950984
522.1186882950984
522.1186882950984
522.1186882950984
522.1186882950984
522.1186882950984
522.1186882950984
522.1186882950984
522.1186882950984
522.1186882950984
522.1186882950984
522.1186882950984
522.1186882950984
522.1186882950984
522.1186882950984
522.1186882950984
522.1186882950984
522.1186882950984
522.1186882950984
522.1186882950984
522.118767428672
522.118767428672
522.118767428672
522.118767428672
522.118767428672
522.118767428672
522.118767428672
522.118767428672
522.118767428672
522.1188465622455
522.1188465622455
522.1188465622455
522.1188465622455
522.1188465622455
522.118925695819
522.118925695819
522.118925695819
522.118925695819
522.1190048293926
522.1190048293926
522.1190048293926
522.1190839629662
522.1190839629662
522.1190839629662
522.1191630965398
522.1191630965398
522.1192422301133
522.1192422301133
522.1193213636868
522.1193213636868
522.1194004972604
522.1194796308339
522.1194796308339
522.1195587644074
522.119637897981
522.1197170315545
522.119796165128
522.1198752987016
522.1199544322751
522.1200335658488
522.1201126994223
522.1201918329958
522.1203501001429
522.1204292337164
522.1205875008635
522.1207457680106
522.1209040351578
522.1210623023048
522.1212205694519
522.121378836599
522.121537103746
522.1217745044667
522.1220119051874
522.122249305908
522.1224867066286
521.421336205205
521.421336205205
521.421336205205
521.421336205205
521.421336205205
521.421336205205
521.421336205205
521.421336205205
521.421336205205
521.421336205205
521.421336205205
521.421336205205
521.421336205205
521.421336205205
521.421336205205
521.421336205205
521.421336205205
521.421336205205
521.421336205205
521.421336205205
521.421336205205
521.4214201836412
521.4214201836412
521.4214201836412
521.4214201836412
521.4214201836412
521.4214201836412
521.4214201836412
521.4214201836412
521.4214201836412
521.4214201836412
521.4214201836412
521.4214201836412
521.4214201836412
521.4215041620776
521.4215041620776
521.4215041620776
521.4215041620776
521.4215041620776
521.4215041620776
521.4215041620776
521.4215881405138
521.4215881405138
521.4215881405138
521.4215881405138
521.4215881405138
521.42167211895
521.42167211895
521.42167211895
521.42167211895
521.4217560973863
521.4217560973863
521.4218400758226
521.4218400758226
521.4218400758226
521.4219240542589
521.4219240542589
521.4220080326951
521.4220080326951
521.4220920111313
521.4221759895677
521.4221759895677
521.4222599680039
521.4223439464402
521.4224279248764
521.4225119033127
521.4225119033127
521.4226798601852
521.4227638386214
521.4228478170578
521.422931795494
521.4230157739303
521.4231837308029
521.4232677092391
521.4234356661116
521.4236036229842
521.4237715798567
521.4239395367292
521.4241074936018
521.4242754504743
521.4244434073469
521.4246953426556
521.4249472779644
521.4251992132732
521.425451148582
520.6866122938037
520.6866122938037
520.6866122938037
520.6866122938037
520.6866122938037
520.6866122938037
520.6866122938037
520.6866122938037
520.6866122938037
520.6866122938037
520.6866122938037
520.6866122938037
520.6866122938037
520.6866122938037
520.6867012218976
520.6867012218976
520.6867012218976
520.6867012218976
520.6867012218976
520.6867012218976
520.6867012218976
520.6867012218976
520.6867012218976
520.6867012218976
520.6867012218976
520.6867012218976
520.6867012218976
520.6867012218976
520.6867012218976
520.6867012218976
520.6867012218976
520.6867012218976
520.6867901499915
520.6867901499915
520.6867901499915
520.6867901499915
520.6867901499915
520.6867901499915
520.6867901499915
520.6867901499915
520.6868790780852
520.6868790780852
520.6868790780852
520.6868790780852
520.6868790780852
520.6869680061791
520.6869680061791
520.6869680061791
520.6869680061791
520.687056934273
520.687056934273
520.687056934273
520.6871458623668
520.6871458623668
520.6872347904607
520.6872347904607
520.6873237185545
520.6873237185545
520.6874126466483
520.6874126466483
520.6875015747422
520.6875905028361
520.6875905028361
520.68767943093
520.6877683590237
520.6878572871176
520.6879462152115
520.6880351433053
520.6881240713992
520.688212999493
520.6883908556807
520.6884797837746
520.6885687118685
520.6887465680561
520.6889244242439
520.6890133523377
520.6891912085254
520.6893690647131
520.6895469209009
520.6898137051824
520.6899915613701
520.6902583456516
520.6905251299331
520.6907919142147
520.6910586984962
519.914772864335
519.914772864335
519.914772864335
519.914772864335
519.914772864335
519.914772864335
519.914772864335
519.914772864335
519.914772864335
519.914772864335
519.914772864335
519.914772864335
519.914772864335
519.914772864335
519.914772864335
519.914772864335
519.914772864335
519.914772864335
519.914772864335
519.9148667620758
519.9148667620758
519.9148667620758
519.9148667620758
519.9148667620758
519.9148667620758
519.9148667620758
519.9148667620758
519.9148667620758
519.9148667620758
519.9148667620758
519.9148667620758
519.9148667620758
519.9148667620758
519.9149606598166
519.9149606598166
519.9149606598166
519.9149606598166
519.9149606598166
519.9149606598166
519.9149606598166
519.9149606598166
519.9150545575574
519.9150545575574
519.9150545575574
519.9150545575574
519.9151484552982
519.9151484552982
519.9151484552982
519.9151484552982
519.915242353039
519.915242353039
519.915242353039
519.9153362507799
519.9153362507799
519.9154301485206
519.9154301485206
519.9155240462615
519.9155240462615
519.9156179440023
519.9156179440023
519.9157118417431
519.9158057394839
519.9158057394839
519.9158996372247
519.9159935349655
519.9160874327064
519.9161813304471
519.9162752281879
519.9163691259288
519.9164630236696
519.9166508191512
519.916744716892
519.9168386146329
519.9170264101144
519.9172142055961
519.9173081033368
519.9174958988185
519.9176836943001
519.9178714897818
519.9181531830042
519.9183409784858
519.9186226717082
519.9189043649307
519.9191860581531
519.9194677513756
519.105460977679
519.105460977679
519.105460977679
519.105460977679
519.105460977679
519.105460977679
519.105460977679
519.105460977679
519.105460977679
519.105460977679
519.105460977679
519.105460977679
519.105460977679
519.105460977679
519.105460977679
519.105559927659
519.105559927659
519.105559927659
519.105559927659
519.105559927659
519.105559927659
519.105559927659
519.105559927659
519.105559927659
519.105559927659
519.105559927659
519.105559927659
519.105559927659
519.105559927659
519.105559927659
519.105559927659
519.105559927659
519.105658877639
519.105658877639
519.105658877639
519.105658877639
519.105658877639
519.105658877639
519.105658877639
519.105658877639
519.1057578276191
519.1057578276191
519.1057578276191
519.1057578276191
519.1057578276191
519.1058567775991
519.1058567775991
519.1058567775991
519.105955727579
519.105955727579
519.105955727579
519.1060546775591
519.1060546775591
519.1060546775591
519.1061536275391
519.1061536275391
519.1062525775192
519.1062525775192
519.1063515274992
519.1063515274992
519.1064504774793
519.1065494274593
519.1066483774393
519.1066483774393
519.1067473274193
519.1068462773993
519.1069452273794
519.1070441773594
519.1071431273394
519.1072420773195
519.1074399772796
519.1075389272595
519.1077368272196
519.1078357771996
519.1080336771597
519.1082315771198
519.1084294770798
519.1086273770399
519.1088252769999
519.10902317696
519.1093200269
519.1095179268601
519.1098147768002
519.1101116267403
519.1105074266604
518.2589850550933
518.2590890703209
518.2590890703209
518.2590890703209
518.2590890703209
518.2590890703209
518.2590890703209
518.2590890703209
518.2590890703209
518.2590890703209
518.2590890703209
518.2590890703209
518.2590890703209
518.2590890703209
518.2590890703209
518.2590890703209
518.2590890703209
518.2590890703209
518.2590890703209
518.2590890703209
518.2590890703209
518.2590890703209
518.2590890703209
518.2590890703209
518.2590890703209
518.2590890703209
518.2590890703209
518.2590890703209
518.2590890703209
518.2591930855485
518.2591930855485
518.2591930855485
518.2591930855485
518.2591930855485
518.2591930855485
518.2591930855485
518.2591930855485
518.2591930855485
518.2592971007762
518.2592971007762
518.2592971007762
518.2592971007762
518.2592971007762
518.2594011160038
518.2594011160038
518.2594011160038
518.2594011160038
518.2595051312315
518.2595051312315
518.2595051312315
518.2595051312315
518.2596091464592
518.2596091464592
518.2597131616868
518.2597131616868
518.2597131616868
518.2598171769145
518.2599211921421
518.2599211921421
518.2600252073697
518.2600252073697
518.2601292225974
518.260233237825
518.2603372530526
518.2603372530526
518.2604412682803
518.260545283508
518.2606492987356
518.2608573291909
518.2609613444185
518.2610653596462
518.2611693748738
518.2613774053291
518.2614814205567
518.2616894510121
518.2618974814674
518.2621055119226
518.2623135423779
518.2625215728333
518.2627296032886
518.2630416489715
518.2633536946544
518.2635617251098
518.2638737707927
518.2642898317032
517.3753055849644
517.3753055849644
517.3753055849644
517.3753055849644
517.3753055849644
517.3753055849644
517.3753055849644
517.3753055849644
517.3753055849644
517.3753055849644
517.3753055849644
517.3753055849644
517.3753055849644
517.3753055849644
517.3753055849644
517.3753055849644
517.3753055849644
517.3753055849644
517.3753055849644
517.3753055849644
517.3753055849644
517.3753055849644
517.3753055849644
517.3753055849644
517.3753055849644
517.3753055849644
517.3754147350966
517.3754147350966
517.3754147350966
517.3754147350966
517.3754147350966
517.3754147350966
517.3754147350966
517.3754147350966
517.3754147350966
517.3754147350966
517.3755238852287
517.3755238852287
517.3755238852287
517.3755238852287
517.3755238852287
517.3755238852287
517.3756330353609
517.3756330353609
517.3756330353609
517.3756330353609
517.3756330353609
517.3757421854931
517.3757421854931
517.3757421854931
517.3758513356253
517.3758513356253
517.3758513356253
517.3759604857574
517.3759604857574
517.3760696358896
517.3760696358896
517.3761787860218
517.3761787860218
517.376287936154
517.3763970862861
517.3763970862861
517.3765062364183
517.3766153865505
517.3767245366828
517.376833686815
517.376833686815
517.3770519870793
517.3771611372115
517.3772702873437
517.3773794374758
517.377488587608
517.3777068878724
517.3778160380045
517.3780343382689
517.3782526385332
517.3784709387976
517.3786892390619
517.3789075393263
517.3791258395906
517.3794532899873
517.3797807403838
517.3799990406482
517.3803264910447
517.3807630915734
516.4543749479813
516.4543749479813
516.4543749479813
516.4543749479813
516.4543749479813
516.4543749479813
516.4543749479813
516.4543749479813
516.4543749479813
516.4543749479813
516.4543749479813
516.4543749479813
516.4543749479813
516.4543749479813
516.4543749479813
516.4543749479813
516.4543749479813
516.4543749479813
516.4543749479813
516.4543749479813
516.4543749479813
516.4543749479813
516.4543749479813
516.4543749479813
516.4543749479813
516.4543749479813
516.4543749479813
516.454489264098
516.454489264098
516.454489264098
516.454489264098
516.454489264098
516.454489264098
516.454489264098
516.454489264098
516.454489264098
516.454489264098
516.4546035802149
516.4546035802149
516.4546035802149
516.4546035802149
516.4546035802149
516.4546035802149
516.4547178963317
516.4547178963317
516.4547178963317
516.4547178963317
516.4548322124484
516.4548322124484
516.4548322124484
516.4549465285653
516.4549465285653
516.4549465285653
516.4550608446821
516.4550608446821
516.455175160799
516.455175160799
516.4552894769157
516.4552894769157
516.4554037930325
516.4554037930325
516.4555181091494
516.4556324252661
516.4557467413829
516.4557467413829
516.4558610574998
516.4559753736165
516.4560896897333
516.4562040058502
516.4564326380837
516.4565469542006
516.4566612703173
516.456889902551
516.4570042186677
516.4572328509014
516.457461483135
516.4575757992518
516.4578044314854
516.4581473798359
516.4583760120694
516.458604644303
516.4589475926534
516.4592905410038
516.4596334893542
516.4599764377047
515.4957721047748
515.4957721047748
515.4957721047748
515.4957721047748
515.4957721047748
515.4957721047748
515.4957721047748
515.4957721047748
515.4957721047748
515.4957721047748
515.4957721047748
515.4957721047748
515.4957721047748
515.4957721047748
515.4957721047748
515.4957721047748
515.4957721047748
515.4957721047748
515.4957721047748
515.4958916909578
515.4958916909578
515.4958916909578
515.4958916909578
515.4958916909578
515.4958916909578
515.4958916909578
515.4958916909578
515.4958916909578
515.4958916909578
515.4958916909578
515.4958916909578
515.4958916909578
515.4958916909578
515.4958916909578
515.4960112771408
515.4960112771408
515.4960112771408
515.4960112771408
515.4960112771408
515.4960112771408
515.4960112771408
515.4961308633239
515.4961308633239
515.4961308633239
515.4961308633239
515.4961308633239
515.496250449507
515.496250449507
515.496250449507
515.49637003569
515.49637003569
515.49637003569
515.496489621873
515.496489621873
515.496489621873
515.496609208056
515.496609208056
515.4967287942391
515.4967287942391
515.4968483804221
515.4969679666051
515.4969679666051
515.4970875527882
515.4972071389712
515.4973267251543
515.4974463113373
515.4974463113373
515.4975658975203
515.4978050698863
515.4979246560695
515.4980442422525
515.4981638284355
515.4984030008015
515.4985225869846
515.4987617593507
515.4990009317168
515.4991205178998
515.4993596902658
515.499718448815
515.499957621181
515.500196793547
515.5005555520962
515.5009143106453
515.5012730691944
515.5016318277435
514.4998015216728
514.4998015216728
514.4998015216728
514.4998015216728
514.4998015216728
514.4998015216728
514.4998015216728
514.4998015216728
514.4998015216728
514.4998015216728
514.4998015216728
514.4998015216728
514.4998015216728
514.4998015216728
514.4998015216728
514.4998015216728
514.4998015216728
514.4998015216728
514.4998015216728
514.4998015216728
514.4998015216728
514.4998015216728
514.4998015216728
514.4998015216728
514.4999264082663
514.4999264082663
514.4999264082663
514.4999264082663
514.4999264082663
514.4999264082663
514.4999264082663
514.4999264082663
514.4999264082663
514.4999264082663
514.4999264082663
514.4999264082663
514.5000512948598
514.5000512948598
514.5000512948598
514.5000512948598
514.5000512948598
514.5000512948598
514.5001761814533
514.5001761814533
514.5001761814533
514.5001761814533
514.5001761814533
514.5003010680467
514.5003010680467
514.5003010680467
514.5004259546403
514.5004259546403
514.5004259546403
514.5005508412338
514.5005508412338
514.5005508412338
514.5006757278272
514.5006757278272
514.5008006144208
514.5009255010142
514.5009255010142
514.5010503876077
514.5011752742012
514.5011752742012
514.5013001607947
514.5014250473882
514.5015499339817
514.5016748205752
514.5017997071686
514.5019245937622
514.5020494803557
514.5022992535427
514.5024241401361
514.5026739133231
514.5027987999166
514.5030485731036
514.5032983462905
514.5035481194776
514.5037978926646
514.5040476658515
514.5042974390385
514.504672098819
514.5050467585995
514.5052965317865
514.5057960781604
513.466415041451
513.466415041451
513.466415041451
513.466415041451
513.466415041451
513.466415041451
513.466415041451
513.466415041451
513.466415041451
513.466415041451
513.466415041451
513.466415041451
513.466415041451
513.466415041451
513.466415041451
513.466415041451
513.466415041451
513.466415041451
513.466415041451
513.466415041451
513.466415041451
513.466415041451
513.466415041451
513.466415041451
513.466415041451
513.466415041451
513.466415041451
513.4665452728915
513.4665452728915
513.4665452728915
513.4665452728915
513.4665452728915
513.4665452728915
513.4665452728915
513.4665452728915
513.4665452728915
513.4665452728915
513.4665452728915
513.466675504332
513.466675504332
513.466675504332
513.466675504332
513.466675504332
513.466675504332
513.4668057357725
513.4668057357725
513.4668057357725
513.4668057357725
513.466935967213
513.466935967213
513.466935967213
513.4670661986534
513.4670661986534
513.4670661986534
513.4671964300938
513.4671964300938
513.4673266615343
513.4673266615343
513.4674568929748
513.4674568929748
513.4675871244153
513.4675871244153
513.4677173558558
513.4678475872963
513.4679778187368
513.4681080501773
513.4681080501773
513.4682382816178
513.4683685130582
513.4686289759392
513.4687592073797
513.4688894388202
513.4690196702606
513.4692801331416
513.4694103645821
513.469670827463
513.469931290344
513.470191753225
513.470452216106
513.4707126789868
513.4709731418678
513.4713638361893
513.4716242990703
513.4720149933917
513.4724056877131
512.395183437963
512.395183437963
512.395183437963
512.395183437963
512.395183437963
512.395183437963
512.395183437963
512.395183437963
512.395183437963
512.3953191055926
512.3953191055926
512.3953191055926
512.3953191055926
512.3953191055926
512.3953191055926
512.3953191055926
512.3953191055926
512.3953191055926
512.3953191055926
512.3953191055926
512.3953191055926
512.3953191055926
512.3953191055926
512.3953191055926
512.3953191055926
512.3953191055926
512.3953191055926
512.3953191055926
512.3953191055926
512.3953191055926
512.3953191055926
512.3954547732224
512.3954547732224
512.3954547732224
512.3954547732224
512.3954547732224
512.3954547732224
512.3954547732224
512.3954547732224
512.3954547732224
512.395590440852
512.395590440852
512.395590440852
512.395590440852
512.395590440852
512.3957261084815
512.3957261084815
512.3957261084815
512.3957261084815
512.3958617761111
512.3958617761111
512.3958617761111
512.3958617761111
512.3959974437407
512.3959974437407
512.3961331113704
512.3961331113704
512.396268779
512.396268779
512.3964044466296
512.3964044466296
512.3965401142592
512.3966757818889
512.3966757818889
512.3968114495185
512.3969471171481
512.3970827847777
512.3972184524074
512.397354120037
512.3974897876666
512.3976254552962
512.3977611229259
512.3978967905555
512.3981681258147
512.3983037934444
512.3985751287036
512.3988464639629
512.399117799222
512.3993891344813
512.3996604697405
512.3999318049998
512.400203140259
512.4006101431479
512.4010171460368
512.4014241489256
511.2860587044134
511.2860587044134
511.2860587044134
511.2860587044134
511.2860587044134
511.2860587044134
511.2860587044134
511.2860587044134
511.2860587044134
511.2860587044134
511.2860587044134
511.2860587044134
511.2860587044134
511.2860587044134
511.2860587044134
511.2860587044134
511.2860587044134
511.2860587044134
511.2860587044134
511.2860587044134
511.2860587044134
511.2860587044134
511.2860587044134
511.2860587044134
511.2860587044134
511.2860587044134
511.28619990425216
511.28619990425216
511.28619990425216
511.28619990425216
511.28619990425216
511.28619990425216
511.28619990425216
511.28619990425216
511.28619990425216
511.28619990425216
511.28619990425216
511.28619990425216
511.2863411040909
511.2863411040909
511.2863411040909
511.2863411040909
511.2863411040909
511.2863411040909
511.2864823039297
511.2864823039297
511.2864823039297
511.2864823039297
511.28662350376845
511.28662350376845
511.28662350376845
511.28662350376845
511.2867647036072
511.2867647036072
511.2867647036072
511.28690590344604
511.28690590344604
511.2870471032848
511.2870471032848
511.28718830312357
511.28718830312357
511.28732950296234
511.2874707028011
511.2874707028011
511.28761190263987
511.28775310247863
511.2878943023174
511.28803550215616
511.288176701995
511.28831790183375
511.2884591016725
511.2886003015113
511.28874150135005
511.2890239010276
511.28916510086634
511.28944750054393
511.2895887003827
511.2898711000602
511.29015349973776
511.2904358994153
511.2907182990929
511.2910006987704
511.2914242982867
511.291847897803
511.2921302974806
510.13900980627733
510.13900980627733
510.13900980627733
510.13900980627733
510.13900980627733
510.13900980627733
510.13900980627733
510.13900980627733
510.13900980627733
510.13900980627733
510.13900980627733
510.13900980627733
510.13900980627733
510.13900980627733
510.13900980627733
510.13900980627733
510.13900980627733
510.13900980627733
510.13900980627733
510.13900980627733
510.13900980627733
510.13900980627733
510.13900980627733
510.13900980627733
510.13900980627733
510.13900980627733
510.13900980627733
510.13900980627733
510.13900980627733
510.13915656278937
510.13915656278937
510.13915656278937
510.13915656278937
510.13915656278937
510.13915656278937
510.13915656278937
510.13915656278937
510.13915656278937
510.13915656278937
510.1393033193014
510.1393033193014
510.1393033193014
510.1393033193014
510.1393033193014
510.1393033193014
510.13945007581344
510.13945007581344
510.13945007581344
510.13945007581344
510.13945007581344
510.1395968323255
510.1395968323255
510.1395968323255
510.1397435888375
510.1397435888375
510.1397435888375
510.1398903453496
510.1398903453496
510.14003710186165
510.14003710186165
510.1401838583737
510.1401838583737
510.1403306148857
510.14047737139776
510.14047737139776
510.1406241279098
510.14077088442184
510.1409176409339
510.1410643974459
510.141211153958
510.14135791047005
510.1415046669821
510.1416514234941
510.1419449365182
510.14209169303024
510.1422384495423
510.1425319625664
510.1428254755905
510.14311898861456
510.14341250163864
510.1437060146627
510.14399952768684
510.1442930407109
510.14473331024703
510.1451735797832
508.9544419962273
508.9544419962273
508.9544419962273
508.9544419962273
508.9544419962273
508.9544419962273
508.9544419962273
508.9544419962273
508.9544419962273
508.9544419962273
508.9544419962273
508.9544419962273
508.9544419962273
508.9544419962273
508.9544419962273
508.9544419962273
508.9544419962273
508.9544419962273
508.9544419962273
508.9544419962273
508.9544419962273
508.9544419962273
508.9544419962273
508.9544419962273
508.9544419962273
508.9544419962273
508.9544419962273
508.95459431303453
508.95459431303453
508.95459431303453
508.95459431303453
508.95459431303453
508.95459431303453
508.95459431303453
508.95459431303453
508.95459431303453
508.95459431303453
508.95459431303453
508.95459431303453
508.9547466298418
508.9547466298418
508.9547466298418
508.9547466298418
508.9547466298418
508.9547466298418
508.95489894664905
508.95489894664905
508.95489894664905
508.95489894664905
508.95489894664905
508.9550512634563
508.9550512634563
508.9550512634563
508.95520358026357
508.95520358026357
508.95520358026357
508.95535589707083
508.95535589707083
508.9555082138781
508.9555082138781
508.95566053068535
508.95566053068535
508.9558128474926
508.9558128474926
508.95596516429987
508.9561174811071
508.9562697979144
508.9562697979144
508.95642211472165
508.9565744315289
508.95672674833617
508.9568790651434
508.95718369875794
508.9573360155652
508.95748833237246
508.957792965987
508.95794528279424
508.95824991640876
508.958402233216
508.95870686683054
508.95901150044506
508.9593161340596
508.9597730844813
508.9600777180958
508.9605346685176
507.73155558870957
507.73155558870957
507.73155558870957
507.73155558870957
507.73155558870957
507.73155558870957
507.73155558870957
507.73155558870957
507.73155558870957
507.73155558870957
507.73155558870957
507.73155558870957
507.73155558870957
507.73155558870957
507.73155558870957
507.73155558870957
507.73155558870957
507.73155558870957
507.73155558870957
507.73155558870957
507.73155558870957
507.73155558870957
507.73155558870957
507.73155558870957
507.73171362520577
507.73171362520577
507.73171362520577
507.73171362520577
507.73171362520577
507.73171362520577
507.73171362520577
507.73171362520577
507.73171362520577
507.73171362520577
507.73171362520577
507.73171362520577
507.73171362520577
507.73171362520577
507.731871661702
507.731871661702
507.731871661702
507.731871661702
507.731871661702
507.731871661702
507.731871661702
507.7320296981981
507.7320296981981
507.7320296981981
507.7320296981981
507.7320296981981
507.7321877346943
507.7321877346943
507.7321877346943
507.7323457711905
507.7323457711905
507.7323457711905
507.7325038076867
507.7325038076867
507.7325038076867
507.73266184418287
507.73266184418287
507.7328198806791
507.7328198806791
507.7329779171753
507.7331359536715
507.7331359536715
507.7332939901677
507.7334520266638
507.73361006316003
507.73376809965623
507.73392613615243
507.7340841726486
507.7342422091448
507.734400245641
507.7345582821372
507.73487435512953
507.73503239162574
507.73534846461814
507.73550650111434
507.7358225741067
507.7361386470991
507.73645472009144
507.73677079308385
507.7370868660762
507.7375609755648
506.4703783569035
506.4703783569035
506.4703783569035
506.4703783569035
506.4703783569035
506.4703783569035
506.4703783569035
506.4703783569035
506.4703783569035
506.4703783569035
506.4703783569035
506.4703783569035
506.4703783569035
506.4703783569035
506.4703783569035
506.4703783569035
506.4703783569035
506.4703783569035
506.4703783569035
506.4703783569035
506.4703783569035
506.4703783569035
506.4703783569035
506.4703783569035
506.47054216742845
506.47054216742845
506.47054216742845
506.47054216742845
506.47054216742845
506.47054216742845
506.47054216742845
506.47054216742845
506.47054216742845
506.47054216742845
506.47054216742845
506.47054216742845
506.47054216742845
506.47054216742845
506.47054216742845
506.47070597795346
506.47070597795346
506.47070597795346
506.47070597795346
506.47070597795346
506.47070597795346
506.47070597795346
506.4708697884784
506.4708697884784
506.4708697884784
506.4708697884784
506.4710335990034
506.4710335990034
506.4710335990034
506.4710335990034
506.4711974095284
506.4711974095284
506.4711974095284
506.4713612200534
506.4713612200534
506.47152503057833
506.47152503057833
506.47168884110334
506.47168884110334
506.4718526516283
506.4718526516283
506.4720164621533
506.47218027267826
506.47218027267826
506.4723440832032
506.4725078937282
506.4726717042532
506.4728355147782
506.47299932530314
506.47316313582814
506.4733269463531
506.47349075687805
506.473818377928
506.473982188453
506.474309809503
506.47447362002794
506.4748012410779
506.47512886212786
506.4754564831778
506.4757841042278
506.4762755358027
505.17097666704757
505.17097666704757
505.17097666704757
505.17097666704757
505.17097666704757
505.17097666704757
505.17097666704757
505.17097666704757
505.17097666704757
505.17097666704757
505.17097666704757
505.17097666704757
505.17097666704757
505.17097666704757
505.17097666704757
505.17097666704757
505.17097666704757
505.17097666704757
505.17097666704757
505.17097666704757
505.17097666704757
505.17097666704757
505.17097666704757
505.17097666704757
505.17097666704757
505.17097666704757
505.17097666704757
505.17097666704757
505.17097666704757
505.17097666704757
505.17097666704757
505.1711463017329
505.1711463017329
505.1711463017329
505.1711463017329
505.1711463017329
505.1711463017329
505.1711463017329
505.1711463017329
505.1711463017329
505.1711463017329
505.1711463017329
505.1713159364183
505.1713159364183
505.1713159364183
505.1713159364183
505.1713159364183
505.1713159364183
505.17148557110363
505.17148557110363
505.17148557110363
505.17148557110363
505.17148557110363
505.171655205789
505.171655205789
505.171655205789
505.17182484047436
505.17182484047436
505.17182484047436
505.17199447515975
505.17199447515975
505.1721641098451
505.1721641098451
505.1723337445305
505.1723337445305
505.1725033792158
505.17267301390115
505.17267301390115
505.17284264858654
505.1730122832719
505.17318191795727
505.1733515526426
505.1733515526426
505.1736908220133
505.17386045669866
505.17403009138405
505.1741997260694
505.1743693607548
505.17470863012545
505.17487826481084
505.17521753418157
505.1755568035523
505.175896072923
505.17623534229375
505.1765746116644
503.8330115095499
503.8330115095499
503.8330115095499
503.8330115095499
503.8330115095499
503.8330115095499
503.8330115095499
503.8330115095499
503.8330115095499
503.8330115095499
503.8330115095499
503.8330115095499
503.8330115095499
503.8330115095499
503.8330115095499
503.8330115095499
503.8330115095499
503.8330115095499
503.8330115095499
503.8330115095499
503.8330115095499
503.8330115095499
503.8330115095499
503.8330115095499
503.8330115095499
503.8330115095499
503.8330115095499
503.8330115095499
503.8330115095499
503.8330115095499
503.83318704945515
503.83318704945515
503.83318704945515
503.83318704945515
503.83318704945515
503.83318704945515
503.83318704945515
503.83318704945515
503.83318704945515
503.83318704945515
503.83318704945515
503.83318704945515
503.8333625893603
503.8333625893603
503.8333625893603
503.8333625893603
503.8333625893603
503.8333625893603
503.8333625893603
503.83353812926555
503.83353812926555
503.83353812926555
503.83353812926555
503.8337136691708
503.8337136691708
503.8337136691708
503.8337136691708
503.83388920907595
503.83388920907595
503.83388920907595
503.8340647489812
503.8340647489812
503.8342402888864
503.8342402888864
503.8344158287916
503.8344158287916
503.8345913686968
503.834766908602
503.834766908602
503.8349424485072
503.83511798841243
503.8352935283176
503.83546906822284
503.83546906822284
503.83564460812806
503.83599568793846
503.8361712278437
503.83634676774886
503.8365223076541
503.8368733874645
503.8370489273697
503.8374000071801
503.8377510869905
503.838102166801
503.8384532466114
502.4570782800856
502.4570782800856
502.4570782800856
502.4570782800856
502.4570782800856
502.4570782800856
502.4570782800856
502.4570782800856
502.4570782800856
502.4570782800856
502.4570782800856
502.4570782800856
502.4570782800856
502.4570782800856
502.4570782800856
502.4570782800856
502.4570782800856
502.4570782800856
502.4570782800856
502.4570782800856
502.4570782800856
502.4570782800856
502.45725970588063
502.45725970588063
502.45725970588063
502.45725970588063
502.45725970588063
502.45725970588063
502.45725970588063
502.45725970588063
502.45725970588063
502.45725970588063
502.45725970588063
502.45725970588063
502.45725970588063
502.45725970588063
502.45725970588063
502.45725970588063
502.45725970588063
502.45725970588063
502.4574411316757
502.4574411316757
502.4574411316757
502.4574411316757
502.4574411316757
502.4574411316757
502.4574411316757
502.4574411316757
502.4576225574707
502.4576225574707
502.4576225574707
502.4576225574707
502.4576225574707
502.4578039832657
502.4578039832657
502.4578039832657
502.4578039832657
502.45798540906077
502.45798540906077
502.45798540906077
502.4581668348558
502.4581668348558
502.4583482606508
502.4583482606508
502.4583482606508
502.45852968644584
502.45871111224085
502.45871111224085
502.45889253803585
502.45889253803585
502.4590739638309
502.4592553896259
502.45943681542093
502.459618241216
502.459799667011
502.459981092806
502.460162518601
502.4603439443961
502.4605253701911
502.4607067959861
502.46106964757615
502.46125107337116
502.4616139249612
502.4619767765513
502.4621582023463
501.0424579280189
501.0424579280189
501.0424579280189
501.0424579280189
501.0424579280189
501.0424579280189
501.0424579280189
501.0424579280189
501.0424579280189
501.0424579280189
501.0424579280189
501.0424579280189
501.0424579280189
501.0424579280189
501.0424579280189
501.0424579280189
501.0424579280189
501.0424579280189
501.0424579280189
501.0424579280189
501.0424579280189
501.0424579280189
501.0424579280189
501.0424579280189
501.0424579280189
501.0424579280189
501.0424579280189
501.0424579280189
501.0424579280189
501.0424579280189
501.0424579280189
501.0424579280189
501.0424579280189
501.0424579280189
501.0424579280189
501.0424579280189
501.0424579280189
501.04264541911925
501.04264541911925
501.04264541911925
501.04264541911925
501.04264541911925
501.04264541911925
501.04264541911925
501.04264541911925
501.04264541911925
501.04264541911925
501.0428329102196
501.0428329102196
501.0428329102196
501.0428329102196
501.0428329102196
501.0428329102196
501.04302040131995
501.04302040131995
501.04302040131995
501.04302040131995
501.04320789242024
501.04320789242024
501.04320789242024
501.0433953835206
501.0433953835206
501.0433953835206
501.04358287462094
501.04358287462094
501.0437703657213
501.0437703657213
501.04395785682163
501.04395785682163
501.044145347922
501.044145347922
501.04433283902233
501.0445203301227
501.04470782122297
501.0448953123233
501.0448953123233
501.04508280342367
501.045270294524
501.0456452767247
501.045832767825
501.04602025892535
501.0462077500257
501.0465827322264
501.04677022332675
501.0471452055274
499.58937806676863
499.58937806676863
499.58937806676863
499.58937806676863
499.58937806676863
499.58937806676863
499.58937806676863
499.58937806676863
499.58937806676863
499.58937806676863
499.58937806676863
499.58937806676863
499.58937806676863
499.58937806676863
499.58937806676863
499.58937806676863
499.58937806676863
499.58937806676863
499.58937806676863
499.58937806676863
499.58937806676863
499.58937806676863
499.58937806676863
499.58937806676863
499.58937806676863
499.58937806676863
499.58937806676863
499.58937806676863
499.58937806676863
499.58937806676863
499.58937806676863
499.58937806676863
499.58937806676863
499.58937806676863
499.58937806676863
499.5895716043101
499.5895716043101
499.5895716043101
499.5895716043101
499.5895716043101
499.5895716043101
499.5895716043101
499.5895716043101
499.5895716043101
499.5895716043101
499.5895716043101
499.5895716043101
499.58976514185156
499.58976514185156
499.58976514185156
499.58976514185156
499.58976514185156
499.58976514185156
499.589958679393
499.589958679393
499.589958679393
499.589958679393
499.589958679393
499.5901522169344
499.5901522169344
499.5901522169344
499.5903457544759
499.5903457544759
499.5903457544759
499.59053929201735
499.59053929201735
499.5907328295588
499.5907328295588
499.5907328295588
499.5909263671003
499.59111990464174
499.59111990464174
499.5913134421832
499.59150697972467
499.59150697972467
499.5917005172661
499.59189405480754
499.592087592349
499.59228112989047
499.59247466743193
499.5926682049734
499.59286174251486
499.5932488175977
499.5934423551392
499.5938294302221
498.0976450958574
498.0976450958574
498.0976450958574
498.0976450958574
498.0976450958574
498.0976450958574
498.0976450958574
498.0976450958574
498.0976450958574
498.0976450958574
498.0976450958574
498.0976450958574
498.0976450958574
498.0976450958574
498.0976450958574
498.0976450958574
498.0976450958574
498.0976450958574
498.0976450958574
498.0976450958574
498.0976450958574
498.0976450958574
498.0976450958574
498.0976450958574
498.0976450958574
498.0976450958574
498.0976450958574
498.0976450958574
498.0976450958574
498.0976450958574
498.0976450958574
498.0976450958574
498.0976450958574
498.0976450958574
498.0976450958574
498.0976450958574
498.0976450958574
498.0976450958574
498.0976450958574
498.0978447923729
498.0978447923729
498.0978447923729
498.0978447923729
498.0978447923729
498.0978447923729
498.0978447923729
498.0978447923729
498.0978447923729
498.0978447923729
498.0978447923729
498.09804448888843
498.09804448888843
498.09804448888843
498.09804448888843
498.09804448888843
498.09804448888843
498.0982441854039
498.0982441854039
498.0982441854039
498.0982441854039
498.0984438819195
498.0984438819195
498.0984438819195
498.0984438819195
498.098643578435
498.098643578435
498.09884327495047
498.09884327495047
498.09884327495047
498.099042971466
498.099042971466
498.0992426679815
498.0992426679815
498.099442364497
498.09964206101256
498.09964206101256
498.09984175752805
498.1000414540436
498.1002411505591
498.10044084707465
498.10064054359015
498.10084024010564
498.1010399366212
498.1012396331367
498.1014393296522
496.567100245088
496.567100245088
496.567100245088
496.567100245088
496.567100245088
496.567100245088
496.567100245088
496.567100245088
496.567100245088
496.567100245088
496.567100245088
496.567100245088
496.567100245088
496.567100245088
496.567100245088
496.567100245088
496.567100245088
496.567100245088
496.567100245088
496.567100245088
496.567100245088
496.567100245088
496.567100245088
496.567100245088
496.567100245088
496.567100245088
496.567100245088
496.567100245088
496.567100245088
496.567100245088
496.567100245088
496.567100245088
496.567100245088
496.567100245088
496.567100245088
496.567100245088
496.5673061572164
496.5673061572164
496.5673061572164
496.5673061572164
496.5673061572164
496.5673061572164
496.5673061572164
496.5673061572164
496.5673061572164
496.5673061572164
496.5673061572164
496.5673061572164
496.5673061572164
496.5673061572164
496.5675120693449
496.5675120693449
496.5675120693449
496.5675120693449
496.5675120693449
496.5675120693449
496.5675120693449
496.5677179814733
496.5677179814733
496.5677179814733
496.5677179814733
496.5677179814733
496.5679238936018
496.5679238936018
496.5679238936018
496.5681298057302
496.5681298057302
496.5681298057302
496.5683357178587
496.5683357178587
496.5683357178587
496.5685416299871
496.5685416299871
496.5687475421156
496.568953454244
496.568953454244
496.5691593663725
496.5691593663725
496.5693652785009
496.5695711906294
496.5697771027578
496.5699830148863
496.5701889270147
496.5703948391432
496.5706007512716
494.99762511402173
494.99762511402173
494.99762511402173
494.99762511402173
494.99762511402173
494.99762511402173
494.99762511402173
494.99762511402173
494.99762511402173
494.99762511402173
494.99762511402173
494.99762511402173
494.99762511402173
494.99783731996155
494.99783731996155
494.99783731996155
494.99783731996155
494.99783731996155
494.99783731996155
494.99783731996155
494.99783731996155
494.99783731996155
494.99783731996155
494.99783731996155
494.99783731996155
494.99783731996155
494.99783731996155
494.99783731996155
494.99783731996155
494.99783731996155
494.99783731996155
494.99783731996155
494.99783731996155
494.99783731996155
494.99783731996155
494.99783731996155
494.99783731996155
494.99783731996155
494.99783731996155
494.99783731996155
494.99783731996155
494.99783731996155
494.99783731996155
494.99783731996155
494.99783731996155
494.99783731996155
494.99783731996155
494.9980495259014
494.9980495259014
494.9980495259014
494.9980495259014
494.9980495259014
494.9980495259014
494.9980495259014
494.9980495259014
494.9980495259014
494.99826173184124
494.99826173184124
494.99826173184124
494.99826173184124
494.99826173184124
494.99826173184124
494.9984739377811
494.9984739377811
494.9984739377811
494.9984739377811
494.99868614372093
494.99868614372093
494.99868614372093
494.99868614372093
494.9988983496608
494.9988983496608
494.9991105556006
494.9991105556006
494.99932276154044
494.99932276154044
494.9995349674803
494.9995349674803
494.99974717342013
494.99974717342013
494.99995937936
495.0001715852998
495.00038379123964
495.00038379123964
495.0005959971795
493.3902133012889
493.3902133012889
493.3902133012889
493.3902133012889
493.3902133012889
493.3902133012889
493.3902133012889
493.3902133012889
493.3902133012889
493.3902133012889
493.3902133012889
493.3902133012889
493.3902133012889
493.3902133012889
493.3902133012889
493.3902133012889
493.3902133012889
493.3902133012889
493.3902133012889
493.3902133012889
493.3902133012889
493.3902133012889
493.3902133012889
493.3902133012889
493.3902133012889
493.3902133012889
493.3902133012889
493.3902133012889
493.3902133012889
493.3902133012889
493.3902133012889
493.3902133012889
493.3902133012889
493.3902133012889
493.3902133012889
493.3902133012889
493.3902133012889
493.3902133012889
493.3902133012889
493.3902133012889
493.39043175899656
493.39043175899656
493.39043175899656
493.39043175899656
493.39043175899656
493.39043175899656
493.39043175899656
493.39043175899656
493.39043175899656
493.39043175899656
493.39043175899656
493.39043175899656
493.39043175899656
493.39043175899656
493.39043175899656
493.39043175899656
493.39065021670416
493.39065021670416
493.39065021670416
493.39065021670416
493.39065021670416
493.39065021670416
493.39065021670416
493.39086867441176
493.39086867441176
493.39086867441176
493.39086867441176
493.39086867441176
493.3910871321194
493.3910871321194
493.3910871321194
493.391305589827
493.391305589827
493.391305589827
493.3915240475347
493.3915240475347
493.3915240475347
493.3917425052423
493.3917425052423
493.39196096294995
493.39196096294995
493.39217942065756
493.39239787836516
493.39239787836516
493.3926163360728
491.7438351386172
491.7438351386172
491.7438351386172
491.7438351386172
491.7438351386172
491.7438351386172
491.7438351386172
491.7438351386172
491.7438351386172
491.7438351386172
491.7438351386172
491.7438351386172
491.7438351386172
491.7438351386172
491.7438351386172
491.7438351386172
491.7438351386172
491.7438351386172
491.7438351386172
491.7438351386172
491.7438351386172
491.7438351386172
491.7438351386172
491.7438351386172
491.7438351386172
491.7438351386172
491.7438351386172
491.7438351386172
491.74405999223137
491.74405999223137
491.74405999223137
491.74405999223137
491.74405999223137
491.74405999223137
491.74405999223137
491.74405999223137
491.74405999223137
491.74405999223137
491.74405999223137
491.74405999223137
491.74405999223137
491.74405999223137
491.74405999223137
491.74405999223137
491.74405999223137
491.74405999223137
491.74405999223137
491.74405999223137
491.74405999223137
491.74405999223137
491.74405999223137
491.74405999223137
491.74405999223137
491.74405999223137
491.74405999223137
491.74405999223137
491.74428484584547
491.74428484584547
491.74428484584547
491.74428484584547
491.74428484584547
491.74428484584547
491.74428484584547
491.74428484584547
491.74428484584547
491.7445096994596
491.7445096994596
491.7445096994596
491.7445096994596
491.7445096994596
491.7445096994596
491.7447345530737
491.7447345530737
491.7447345530737
491.7447345530737
491.7449594066879
491.7449594066879
491.7449594066879
491.745184260302
491.745184260302
491.745184260302
491.74540911391614
491.74540911391614
491.7456339675303
491.7456339675303
490.05853513980134
490.05853513980134
490.05853513980134
490.05853513980134
490.05853513980134
490.05853513980134
490.05853513980134
490.05853513980134
490.05853513980134
490.05853513980134
490.05853513980134
490.05853513980134
490.05853513980134
490.05853513980134
490.05853513980134
490.05853513980134
490.05853513980134
490.05853513980134
490.05853513980134
490.05853513980134
490.05853513980134
490.05853513980134
490.05853513980134
490.05853513980134
490.05853513980134
490.05853513980134
490.05853513980134
490.05853513980134
490.05853513980134
490.05853513980134
490.05853513980134
490.05853513980134
490.05853513980134
490.0587664781677
490.0587664781677
490.0587664781677
490.0587664781677
490.0587664781677
490.0587664781677
490.0587664781677
490.0587664781677
490.0587664781677
490.0587664781677
490.0587664781677
490.0587664781677
490.0587664781677
490.0587664781677
490.0587664781677
490.0587664781677
490.0587664781677
490.0587664781677
490.0587664781677
490.0587664781677
490.0587664781677
490.0587664781677
490.0587664781677
490.0587664781677
490.0587664781677
490.0587664781677
490.0587664781677
490.0587664781677
490.0587664781677
490.0587664781677
490.05899781653403
490.05899781653403
490.05899781653403
490.05899781653403
490.05899781653403
490.05899781653403
490.05899781653403
490.05899781653403
490.05899781653403
490.0592291549004
490.0592291549004
490.0592291549004
490.0592291549004
490.0592291549004
490.0592291549004
490.0594604932667
490.0594604932667
490.0594604932667
490.0594604932667
490.0596918316331
490.0596918316331
490.0596918316331
488.3350016680846
488.3350016680846
488.3350016680846
488.3350016680846
488.3350016680846
488.3350016680846
488.3350016680846
488.3350016680846
488.3350016680846
488.3350016680846
488.3350016680846
488.3350016680846
488.3350016680846
488.3350016680846
488.3350016680846
488.3350016680846
488.3350016680846
488.3350016680846
488.3350016680846
488.3350016680846
488.3350016680846
488.3350016680846
488.3350016680846
488.3350016680846
488.3350016680846
488.3350016680846
488.3350016680846
488.3350016680846
488.3350016680846
488.3350016680846
488.3350016680846
488.3350016680846
488.3350016680846
488.3350016680846
488.3350016680846
488.3350016680846
488.3350016680846
488.3350016680846
488.3350016680846
488.3350016680846
488.3350016680846
488.3350016680846
488.3350016680846
488.3350016680846
488.3350016680846
488.3350016680846
488.3350016680846
488.3350016680846
488.3350016680846
488.3350016680846
488.3350016680846
488.3350016680846
488.3350016680846
488.3350016680846
488.3350016680846
488.3350016680846
488.3350016680846
488.3350016680846
488.3350016680846
488.3350016680846
488.3350016680846
488.3350016680846
488.3350016680846
488.3350016680846
488.3350016680846
488.3350016680846
488.3350016680846
488.3350016680846
488.3350016680846
488.3350016680846
488.33523946243776
488.33523946243776
488.33523946243776
488.33523946243776
488.33523946243776
488.33523946243776
488.33523946243776
488.33523946243776
488.33523946243776
488.33523946243776
488.33523946243776
488.33523946243776
488.33523946243776
488.33523946243776
488.3354772567909
486.5722878776565
486.5722878776565
486.5722878776565
486.5722878776565
486.5722878776565
486.5722878776565
486.5722878776565
486.5722878776565
486.5722878776565
486.5722878776565
486.5722878776565
486.5722878776565
486.5722878776565
486.5722878776565
486.5722878776565
486.5722878776565
486.5722878776565
486.5722878776565
486.5722878776565
486.5722878776565
486.5722878776565
486.5722878776565
486.5722878776565
486.5722878776565
486.5722878776565
486.5722878776565
486.5722878776565
486.5722878776565
486.5722878776565
486.5722878776565
486.5722878776565
486.5722878776565
486.5720370136873
486.5720370136873
486.5720370136873
486.5720370136873
486.5720370136873
486.5720370136873
486.5720370136873
486.5720370136873
486.5720370136873
486.5720370136873
486.5720370136873
486.5720370136873
486.5720370136873
486.5720370136873
486.5720370136873
486.5720370136873
486.5720370136873
486.5720370136873
486.5720370136873
486.5720370136873
486.5720370136873
486.5720370136873
486.5720370136873
486.5720370136873
486.5720370136873
486.5720370136873
486.5720370136873
486.5720370136873
486.5720370136873
486.5720370136873
486.5720370136873
486.5720370136873
486.5720370136873
486.5720370136873
486.5720370136873
486.5720370136873
486.5720370136873
486.5720370136873
486.5720370136873
486.5720370136873
486.5720370136873
486.5720370136873
486.5720370136873
486.5720370136873
486.5720370136873
486.5720370136873
486.5720370136873
486.5720370136873
486.5720370136873
486.5717861497181
486.5717861497181
486.5717861497181
486.5717861497181
484.77183717075724
484.77183717075724
484.77183717075724
484.77183717075724
484.77183717075724
484.77183717075724
484.77183717075724
484.77183717075724
484.77183717075724
484.77183717075724
484.77183717075724
484.77183717075724
484.77183717075724
484.77183717075724
484.77183717075724
484.77183717075724
484.77183717075724
484.77183717075724
484.77183717075724
484.77183717075724
484.77183717075724
484.77183717075724
484.77183717075724
484.77183717075724
484.77183717075724
484.77183717075724
484.77183717075724
484.77183717075724
484.77183717075724
484.77183717075724
484.77183717075724
484.77183717075724
484.77183717075724
484.77183717075724
484.77183717075724
484.77183717075724
484.77183717075724
484.77183717075724
484.77183717075724
484.77183717075724
484.77183717075724
484.77183717075724
484.77183717075724
484.77183717075724
484.77183717075724
484.77183717075724
484.77183717075724
484.77183717075724
484.77183717075724
484.77183717075724
484.77183717075724
484.77183717075724
484.77183717075724
484.77183717075724
484.77183717075724
484.77183717075724
484.77183717075724
484.77183717075724
484.77183717075724
484.77157960566325
484.77157960566325
484.77157960566325
484.77157960566325
484.77157960566325
484.77157960566325
484.77157960566325
484.77157960566325
484.77157960566325
484.77157960566325
484.77157960566325
484.77157960566325
484.77132204056926
484.77132204056926
484.77132204056926
484.77132204056926
484.77132204056926
484.77132204056926
484.77132204056926
484.7710644754753
484.7710644754753
484.7710644754753
484.7710644754753
484.77080691038134
484.77080691038134
484.77080691038134
482.9328223997493
482.9328223997493
482.9328223997493
482.9328223997493
482.9328223997493
482.9328223997493
482.9328223997493
482.9328223997493
482.9328223997493
482.9328223997493
482.9328223997493
482.9328223997493
482.9328223997493
482.9328223997493
482.9328223997493
482.9328223997493
482.9328223997493
482.9328223997493
482.9328223997493
482.9328223997493
482.9328223997493
482.9328223997493
482.9328223997493
482.9328223997493
482.9328223997493
482.9328223997493
482.9328223997493
482.9328223997493
482.9328223997493
482.9328223997493
482.9328223997493
482.9328223997493
482.9328223997493
482.9328223997493
482.9328223997493
482.9328223997493
482.9328223997493
482.9328223997493
482.9328223997493
482.9328223997493
482.9328223997493
482.9328223997493
482.9328223997493
482.9325581982813
482.9325581982813
482.9325581982813
482.9325581982813
482.9325581982813
482.9325581982813
482.9325581982813
482.9325581982813
482.9325581982813
482.9325581982813
482.9325581982813
482.9325581982813
482.9325581982813
482.9325581982813
482.9325581982813
482.9325581982813
482.9325581982813
482.93229399681337
482.93229399681337
482.93229399681337
482.93229399681337
482.93229399681337
482.93229399681337
482.93229399681337
482.93229399681337
482.9320297953454
482.9320297953454
482.9320297953454
482.9320297953454
482.9320297953454
482.93176559387746
482.93176559387746
482.93176559387746
482.93176559387746
482.93150139240953
482.93150139240953
482.93150139240953
482.93123719094154
482.93123719094154
482.9309729894736
482.9309729894736
482.9309729894736
481.055670969936
481.055670969936
481.055670969936
481.055670969936
481.055670969936
481.055670969936
481.055670969936
481.055670969936
481.055670969936
481.055670969936
481.055670969936
481.055670969936
481.055670969936
481.055670969936
481.055670969936
481.055670969936
481.055670969936
481.055670969936
481.055670969936
481.055670969936
481.055670969936
481.055670969936
481.055670969936
481.055670969936
481.055670969936
481.055670969936
481.055670969936
481.055670969936
481.055670969936
481.055670969936
481.055670969936
481.055670969936
481.055670969936
481.055670969936
481.055670969936
481.055670969936
481.055670969936
481.055670969936
481.055670969936
481.055670969936
481.055670969936
481.055670969936
481.055670969936
481.055670969936
481.055670969936
481.055670969936
481.05540001135824
481.05540001135824
481.05540001135824
481.05540001135824
481.05540001135824
481.05540001135824
481.05540001135824
481.05540001135824
481.05540001135824
481.05540001135824
481.05540001135824
481.05540001135824
481.05512905278044
481.05512905278044
481.05512905278044
481.05512905278044
481.05512905278044
481.05512905278044
481.05512905278044
481.0548580942027
481.0548580942027
481.0548580942027
481.0548580942027
481.0545871356249
481.0545871356249
481.0545871356249
481.0545871356249
481.05431617704716
481.05431617704716
481.05431617704716
481.05404521846935
481.05404521846935
481.0537742598916
481.0537742598916
481.0535033013138
481.0535033013138
481.05323234273607
481.05323234273607
481.05296138415827
479.14026478366765
479.14026478366765
479.14026478366765
479.14026478366765
479.14026478366765
479.14026478366765
479.14026478366765
479.14026478366765
479.14026478366765
479.14026478366765
479.14026478366765
479.14026478366765
479.14026478366765
479.14026478366765
479.14026478366765
479.14026478366765
479.14026478366765
479.14026478366765
479.14026478366765
479.14026478366765
479.14026478366765
479.14026478366765
479.14026478366765
479.14026478366765
479.14026478366765
479.14026478366765
479.14026478366765
479.14026478366765
479.14026478366765
479.14026478366765
479.14026478366765
479.14026478366765
479.14026478366765
479.14026478366765
479.14026478366765
479.14026478366765
479.14026478366765
479.1399871253855
479.1399871253855
479.1399871253855
479.1399871253855
479.1399871253855
479.1399871253855
479.1399871253855
479.1399871253855
479.1399871253855
479.1399871253855
479.1399871253855
479.1399871253855
479.1399871253855
479.1399871253855
479.1399871253855
479.1399871253855
479.13970946710333
479.13970946710333
479.13970946710333
479.13970946710333
479.13970946710333
479.13970946710333
479.13970946710333
479.1394318088212
479.1394318088212
479.1394318088212
479.1394318088212
479.1394318088212
479.13915415053907
479.13915415053907
479.13915415053907
479.13915415053907
479.1388764922569
479.1388764922569
479.13859883397475
479.13859883397475
479.13859883397475
479.1383211756926
479.1383211756926
479.13804351741044
479.13804351741044
479.1377658591283
479.1377658591283
479.1374882008461
479.137210542564
479.13693288428186
479.13693288428186
479.1366552259997
477.1872164270232
477.1872164270232
477.1872164270232
477.1872164270232
477.1872164270232
477.1872164270232
477.1872164270232
477.1872164270232
477.1872164270232
477.1872164270232
477.1872164270232
477.1872164270232
477.1872164270232
477.1872164270232
477.1872164270232
477.1872164270232
477.1872164270232
477.1872164270232
477.1872164270232
477.1872164270232
477.1872164270232
477.1872164270232
477.1872164270232
477.1872164270232
477.1872164270232
477.1872164270232
477.1872164270232
477.1872164270232
477.1872164270232
477.1872164270232
477.1872164270232
477.1872164270232
477.1872164270232
477.1872164270232
477.1872164270232
477.1872164270232
477.1872164270232
477.18693200920785
477.18693200920785
477.18693200920785
477.18693200920785
477.18693200920785
477.18693200920785
477.18693200920785
477.18693200920785
477.18693200920785
477.18693200920785
477.18693200920785
477.18693200920785
477.18693200920785
477.18693200920785
477.1866475913925
477.1866475913925
477.1866475913925
477.1866475913925
477.1866475913925
477.1866475913925
477.1866475913925
477.18636317357715
477.18636317357715
477.18636317357715
477.18636317357715
477.1860787557618
477.1860787557618
477.1860787557618
477.1860787557618
477.18579433794645
477.18579433794645
477.18579433794645
477.1855099201311
477.1855099201311
477.18522550231575
477.18522550231575
477.1849410845004
477.1849410845004
477.18465666668504
477.18465666668504
477.1843722488697
477.18408783105434
477.18408783105434
477.183803413239
477.18351899542364
477.1832345776083
477.18295015979294
477.1826657419776
475.196576137373
475.196576137373
475.196576137373
475.196576137373
475.196576137373
475.196576137373
475.196576137373
475.196576137373
475.196576137373
475.196576137373
475.196576137373
475.196576137373
475.196576137373
475.196576137373
475.196576137373
475.196576137373
475.196576137373
475.196576137373
475.196576137373
475.196576137373
475.196576137373
475.196576137373
475.196576137373
475.196576137373
475.196576137373
475.196576137373
475.196576137373
475.196576137373
475.196576137373
475.196576137373
475.196576137373
475.196576137373
475.196576137373
475.196576137373
475.196576137373
475.196576137373
475.196576137373
475.196576137373
475.1962850126085
475.1962850126085
475.1962850126085
475.1962850126085
475.1962850126085
475.1962850126085
475.1962850126085
475.1962850126085
475.1962850126085
475.1962850126085
475.1962850126085
475.1962850126085
475.19599388784394
475.19599388784394
475.19599388784394
475.19599388784394
475.19599388784394
475.19599388784394
475.19570276307945
475.19570276307945
475.19570276307945
475.19570276307945
475.19570276307945
475.19541163831497
475.19541163831497
475.19541163831497
475.1951205135504
475.1951205135504
475.1951205135504
475.19482938878593
475.19482938878593
475.19453826402145
475.19453826402145
475.1942471392569
475.1942471392569
475.1939560144924
475.1939560144924
475.1936648897279
475.1933737649634
475.1930826401989
475.1930826401989
475.1927915154344
475.1925003906699
475.1922092659054
475.1919181411409
475.1916270163764
475.19104476684737
473.1691832773598
473.1691832773598
473.1691832773598
473.1691832773598
473.1691832773598
473.1691832773598
473.1691832773598
473.1691832773598
473.1691832773598
473.1691832773598
473.1691832773598
473.1691832773598
473.1691832773598
473.1691832773598
473.1691832773598
473.1691832773598
473.1691832773598
473.1691832773598
473.1691832773598
473.1691832773598
473.1691832773598
473.1691832773598
473.1691832773598
473.1691832773598
473.1691832773598
473.1691832773598
473.1691832773598
473.1691832773598
473.1691832773598
473.1691832773598
473.1691832773598
473.1691832773598
473.1691832773598
473.1691832773598
473.1691832773598
473.1691832773598
473.1691832773598
473.1691832773598
473.1691832773598
473.16888520144767
473.16888520144767
473.16888520144767
473.16888520144767
473.16888520144767
473.16888520144767
473.16888520144767
473.16888520144767
473.16888520144767
473.16888520144767
473.1685871255355
473.1685871255355
473.1685871255355
473.1685871255355
473.1685871255355
473.1685871255355
473.16828904962335
473.16828904962335
473.16828904962335
473.16828904962335
473.1679909737112
473.1679909737112
473.1679909737112
473.1679909737112
473.16769289779904
473.16769289779904
473.1673948218869
473.1673948218869
473.1673948218869
473.16709674597473
473.16709674597473
473.1667986700626
473.1665005941504
473.1665005941504
473.16620251823826
473.1659044423261
473.1659044423261
473.16560636641395
473.1653082905018
473.16501021458964
473.1647121386775
473.16441406276533
473.16411598685323
473.1635198350289
473.1632217591167
473.1629236832046
471.10381528204425
471.10381528204425
471.10381528204425
471.10381528204425
471.10381528204425
471.10381528204425
471.10381528204425
471.10381528204425
471.10381528204425
471.10381528204425
471.10381528204425
471.10381528204425
471.10381528204425
471.10381528204425
471.10381528204425
471.10381528204425
471.10381528204425
471.10381528204425
471.10381528204425
471.10381528204425
471.10381528204425
471.10381528204425
471.10381528204425
471.10381528204425
471.10381528204425
471.10381528204425
471.10381528204425
471.10381528204425
471.10381528204425
471.10381528204425
471.10381528204425
471.10381528204425
471.10381528204425
471.10381528204425
471.10381528204425
471.10351043751155
471.10351043751155
471.10351043751155
471.10351043751155
471.10351043751155
471.10351043751155
471.10351043751155
471.10351043751155
471.10351043751155
471.10351043751155
471.10351043751155
471.1032055929788
471.1032055929788
471.1032055929788
471.1032055929788
471.1032055929788
471.1032055929788
471.1032055929788
471.102900748446
471.102900748446
471.102900748446
471.102900748446
471.1025959039133
471.1025959039133
471.1025959039133
471.10229105938055
471.10229105938055
471.10229105938055
471.10198621484784
471.10198621484784
471.10198621484784
471.1016813703151
471.1016813703151
471.10137652578237
471.1010716812496
471.1010716812496
471.10076683671684
471.10046199218414
471.10046199218414
471.1001571476514
471.09985230311867
471.0995474585859
471.09924261405314
471.09893776952043
471.09863292498767
471.09832808045496
471.0977183913895
471.0974135468567
471.09710870232396
471.0964990132585
469.00221707333753
469.00221707333753
469.00221707333753
469.00221707333753
469.00221707333753
469.00221707333753
469.00221707333753
469.00221707333753
469.00221707333753
469.00221707333753
469.00221707333753
469.00221707333753
469.00221707333753
469.00221707333753
469.00221707333753
469.00221707333753
469.00221707333753
469.00221707333753
469.00190538676736
469.00190538676736
469.00190538676736
469.00190538676736
469.00190538676736
469.00190538676736
469.00190538676736
469.00190538676736
469.00190538676736
469.00190538676736
469.00190538676736
469.00190538676736
469.00190538676736
469.00190538676736
469.00190538676736
469.00190538676736
469.00190538676736
469.00190538676736
469.00190538676736
469.00190538676736
469.00190538676736
469.00159370019725
469.00159370019725
469.00159370019725
469.00159370019725
469.00159370019725
469.00159370019725
469.00159370019725
469.00159370019725
469.00159370019725
469.00128201362713
469.00128201362713
469.00128201362713
469.00128201362713
469.00128201362713
469.00097032705696
469.00097032705696
469.00097032705696
469.00097032705696
469.00065864048685
469.00065864048685
469.00065864048685
469.00034695391673
469.00034695391673
469.00034695391673
469.00003526734656
469.00003526734656
468.99972358077645
468.99972358077645
468.9994118942063
468.9994118942063
468.99910020763616
468.99878852106605
468.99878852106605
468.9984768344959
468.99816514792576
468.99785346135565
468.9975417747855
468.99723008821536
468.9969184016452
468.9966067150751
468.99629502850496
468.9956716553647
468.99535996879456
468.9947365956543
468.99442490908416
468.9938015359439
466.8640472022065
466.8640472022065
466.8640472022065
466.863728676305
466.863728676305
466.863728676305
466.863728676305
466.863728676305
466.863728676305
466.863728676305
466.863728676305
466.863728676305
466.863728676305
466.863728676305
466.863728676305
466.863728676305
466.863728676305
466.863728676305
466.863728676305
466.863728676305
466.863728676305
466.863728676305
466.863728676305
466.863728676305
466.863728676305
466.863728676305
466.863728676305
466.863728676305
466.863728676305
466.863728676305
466.863728676305
466.863728676305
466.863728676305
466.863728676305
466.863728676305
466.863728676305
466.86341015040347
466.86341015040347
466.86341015040347
466.86341015040347
466.86341015040347
466.86341015040347
466.86341015040347
466.86341015040347
466.86341015040347
466.863091624502
466.863091624502
466.863091624502
466.863091624502
466.863091624502
466.863091624502
466.8627730986004
466.8627730986004
466.8627730986004
466.8627730986004
466.86245457269894
466.86245457269894
466.86245457269894
466.8621360467974
466.8621360467974
466.8621360467974
466.8618175208959
466.8618175208959
466.86149899499435
466.86149899499435
466.86118046909286
466.86118046909286
466.8608619431913
466.8608619431913
466.8605434172898
466.86022489138827
466.8599063654868
466.85958783958523
466.85958783958523
466.85926931368374
466.8589507877822
466.8583137359792
466.85799521007766
466.85767668417617
466.8573581582746
466.8567211064716
466.8564025805701
466.85576552876705
466.855128476964
466.854491425161
464.68978939844516
464.68978939844516
464.68978939844516
464.68978939844516
464.68946405311794
464.68946405311794
464.68946405311794
464.68946405311794
464.68946405311794
464.68946405311794
464.68946405311794
464.68946405311794
464.68946405311794
464.68946405311794
464.68946405311794
464.68946405311794
464.68946405311794
464.68946405311794
464.68946405311794
464.68946405311794
464.68946405311794
464.68946405311794
464.68946405311794
464.68946405311794
464.68946405311794
464.68946405311794
464.68946405311794
464.68946405311794
464.68946405311794
464.68946405311794
464.68946405311794
464.68946405311794
464.68946405311794
464.68946405311794
464.68946405311794
464.68913870779073
464.68913870779073
464.68913870779073
464.68913870779073
464.68913870779073
464.68913870779073
464.68913870779073
464.68913870779073
464.68913870779073
464.6888133624636
464.6888133624636
464.6888133624636
464.6888133624636
464.6888133624636
464.6888133624636
464.68848801713636
464.68848801713636
464.68848801713636
464.68848801713636
464.68816267180915
464.68816267180915
464.68816267180915
464.68783732648194
464.68783732648194
464.68783732648194
464.6875119811547
464.6875119811547
464.6871866358275
464.6871866358275
464.68686129050036
464.68686129050036
464.68653594517315
464.68621059984594
464.68621059984594
464.6858852545187
464.6855599091915
464.6852345638643
464.68490921853714
464.68458387320993
464.6842585278827
464.6839331825555
464.6836078372283
464.68328249190114
464.6826318012467
464.6823064559195
464.6816557652651
464.6813304199379
464.6806797292835
464.6800290386291
464.6793783479747
462.4800439360881
462.4800439360881
462.4800439360881
462.4800439360881
462.4800439360881
462.4800439360881
462.4800439360881
462.4797117317704
462.4797117317704
462.4797117317704
462.4797117317704
462.4797117317704
462.4797117317704
462.4797117317704
462.4797117317704
462.4797117317704
462.4797117317704
462.4797117317704
462.4797117317704
462.4797117317704
462.4797117317704
462.4797117317704
462.4797117317704
462.4797117317704
462.4797117317704
462.4797117317704
462.4797117317704
462.4797117317704
462.4797117317704
462.4797117317704
462.4797117317704
462.4797117317704
462.4797117317704
462.4797117317704
462.4797117317704
462.47937952745275
462.47937952745275
462.47937952745275
462.47937952745275
462.47937952745275
462.47937952745275
462.47937952745275
462.47937952745275
462.47937952745275
462.4790473231351
462.4790473231351
462.4790473231351
462.4790473231351
462.4790473231351
462.4787151188174
462.4787151188174
462.4787151188174
462.4787151188174
462.4783829144997
462.4783829144997
462.4783829144997
462.478050710182
462.478050710182
462.478050710182
462.47771850586435
462.47771850586435
462.47738630154663
462.47738630154663
462.477054097229
462.477054097229
462.4767218929113
462.4767218929113
462.4763896885936
462.47605748427594
462.4757252799582
462.47539307564057
462.47506087132285
462.4747286670052
462.4743964626875
462.4740642583698
462.4737320540521
462.47339984973445
462.4727354410991
462.4724032367814
462.47173882814604
462.47140662382833
462.470742215193
462.47007780655764
462.46941339792227
462.4687489892869
460.2346749528686
460.2346749528686
460.2346749528686
460.2346749528686
460.2346749528686
460.2346749528686
460.2346749528686
460.2346749528686
460.2346749528686
460.2346749528686
460.2346749528686
460.2346749528686
460.2346749528686
460.2346749528686
460.2346749528686
460.2346749528686
460.2346749528686
460.2346749528686
460.2346749528686
460.2346749528686
460.2346749528686
460.2346749528686
460.2346749528686
460.2346749528686
460.2346749528686
460.2346749528686
460.2346749528686
460.2346749528686
460.2346749528686
460.2346749528686
460.2346749528686
460.2346749528686
460.2343359715426
460.2343359715426
460.2343359715426
460.2343359715426
460.2343359715426
460.2343359715426
460.2343359715426
460.2343359715426
460.2343359715426
460.2343359715426
460.23399699021655
460.23399699021655
460.23399699021655
460.23399699021655
460.23399699021655
460.23399699021655
460.23365800889053
460.23365800889053
460.23365800889053
460.23365800889053
460.2333190275645
460.2333190275645
460.2333190275645
460.2329800462384
460.2329800462384
460.2329800462384
460.2326410649124
460.2326410649124
460.2323020835864
460.2323020835864
460.23196310226035
460.23196310226035
460.2316241209343
460.2312851396083
460.2312851396083
460.2309461582823
460.23060717695625
460.23026819563023
460.2299292143042
460.2295902329782
460.22925125165216
460.22891227032613
460.22857328900005
460.22823430767403
460.227556345022
460.22721736369596
460.2265394010439
460.2262004197179
460.22552245706584
460.22484449441373
460.2241665317617
460.22348856910963
460.22247162513156
457.95536451664896
457.95536451664896
457.95536451664896
457.95536451664896
457.95536451664896
457.95536451664896
457.95536451664896
457.95536451664896
457.95536451664896
457.95536451664896
457.95536451664896
457.95536451664896
457.95536451664896
457.95536451664896
457.95536451664896
457.95536451664896
457.95536451664896
457.95536451664896
457.95536451664896
457.95536451664896
457.95536451664896
457.95536451664896
457.95536451664896
457.95536451664896
457.95501866853834
457.95501866853834
457.95501866853834
457.95501866853834
457.95501866853834
457.95501866853834
457.95501866853834
457.95501866853834
457.95501866853834
457.95501866853834
457.95501866853834
457.95501866853834
457.95501866853834
457.95501866853834
457.9546728204278
457.9546728204278
457.9546728204278
457.9546728204278
457.9546728204278
457.9546728204278
457.9546728204278
457.9543269723172
457.9543269723172
457.9543269723172
457.9543269723172
457.9543269723172
457.9539811242066
457.9539811242066
457.9539811242066
457.953635276096
457.953635276096
457.953635276096
457.9532894279854
457.9532894279854
457.95294357987484
457.95294357987484
457.95294357987484
457.95259773176423
457.9522518836537
457.9522518836537
457.95190603554306
457.95156018743245
457.95156018743245
457.9512143393219
457.9508684912113
457.95052264310067
457.9501767949901
457.9498309468795
457.94948509876895
457.94913925065833
457.9487934025477
457.94810170632655
457.94775585821594
457.9470641619948
457.9467183138842
457.94602661766305
457.9453349214418
457.94464322522066
457.9439515289995
457.9429139846677
457.94222228844654
455.6412948086907
455.6412948086907
455.6412948086907
455.6412948086907
455.6412948086907
455.6412948086907
455.6412948086907
455.6412948086907
455.6412948086907
455.6412948086907
455.6412948086907
455.6412948086907
455.6412948086907
455.6412948086907
455.6412948086907
455.6412948086907
455.6412948086907
455.6412948086907
455.6412948086907
455.6412948086907
455.6412948086907
455.6412948086907
455.6412948086907
455.6412948086907
455.64094232217053
455.64094232217053
455.64094232217053
455.64094232217053
455.64094232217053
455.64094232217053
455.64094232217053
455.64094232217053
455.64094232217053
455.64094232217053
455.64094232217053
455.64094232217053
455.64094232217053
455.64058983565036
455.64058983565036
455.64058983565036
455.64058983565036
455.64058983565036
455.64058983565036
455.64058983565036
455.6402373491302
455.6402373491302
455.6402373491302
455.6402373491302
455.6402373491302
455.63988486261
455.63988486261
455.63988486261
455.63988486261
455.63953237608985
455.63953237608985
455.6391798895697
455.6391798895697
455.6391798895697
455.6388274030495
455.6388274030495
455.63847491652933
455.63847491652933
455.63812243000916
455.637769943489
455.637769943489
455.6374174569688
455.63706497044865
455.6367124839285
455.6367124839285
455.6363599974083
455.63600751088813
455.6353025378478
455.6349500513276
455.63459756480745
455.6342450782873
455.63354010524694
455.63318761872677
455.6324826456864
455.6317776726461
455.6314251861259
455.63072021308557
455.62966275352505
455.6289577804847
455.62825280744437
455.62719534788386
453.29443955738685
453.29443955738685
453.29443955738685
453.29443955738685
453.29443955738685
453.29443955738685
453.29443955738685
453.29443955738685
453.29443955738685
453.29443955738685
453.29443955738685
453.29443955738685
453.29443955738685
453.29443955738685
453.29443955738685
453.29443955738685
453.29443955738685
453.29443955738685
453.29443955738685
453.29443955738685
453.29443955738685
453.29443955738685
453.29443955738685
453.29443955738685
453.29443955738685
453.29443955738685
453.29443955738685
453.29443955738685
453.29443955738685
453.29443955738685
453.2940802098903
453.2940802098903
453.2940802098903
453.2940802098903
453.2940802098903
453.2940802098903
453.2940802098903
453.2940802098903
453.2940802098903
453.2940802098903
453.2937208623938
453.2937208623938
453.2937208623938
453.2937208623938
453.2937208623938
453.2937208623938
453.2933615148973
453.2933615148973
453.2933615148973
453.2933615148973
453.2930021674008
453.2930021674008
453.2930021674008
453.29264281990424
453.29264281990424
453.29264281990424
453.29228347240775
453.29228347240775
453.29192412491125
453.29192412491125
453.2915647774147
453.2915647774147
453.2912054299182
453.2908460824217
453.2908460824217
453.29048673492514
453.29012738742864
453.28976803993214
453.2894086924356
453.2890493449391
453.2886899974426
453.28833064994603
453.28797130244953
453.28761195495304
453.28689325996
453.2865339124634
453.28581521747043
453.2850965224774
453.2847371749809
453.2840184799878
453.2832997849948
453.28222174250527
453.2815030475122
453.28078435251916
453.2797063100296
450.9141217404534
450.9141217404534
450.9141217404534
450.9141217404534
450.9141217404534
450.9141217404534
450.9141217404534
450.9141217404534
450.9141217404534
450.9141217404534
450.9141217404534
450.9141217404534
450.9141217404534
450.9141217404534
450.9141217404534
450.9141217404534
450.9141217404534
450.9141217404534
450.9141217404534
450.9141217404534
450.9141217404534
450.9137556148657
450.9137556148657
450.9137556148657
450.9137556148657
450.9137556148657
450.9137556148657
450.9137556148657
450.9137556148657
450.9137556148657
450.9137556148657
450.9137556148657
450.9137556148657
450.9137556148657
450.9137556148657
450.9137556148657
450.9133894892779
450.9133894892779
450.9133894892779
450.9133894892779
450.9133894892779
450.9133894892779
450.9133894892779
450.9130233636902
450.9130233636902
450.9130233636902
450.9130233636902
450.9130233636902
450.9126572381024
450.9126572381024
450.9126572381024
450.9122911125146
450.9122911125146
450.9122911125146
450.91192498692686
450.91192498692686
450.91192498692686
450.9115588613391
450.9115588613391
450.91119273575134
450.91082661016355
450.91082661016355
450.9104604845758
450.9104604845758
450.91009435898803
450.90972823340024
450.9093621078125
450.9089959822248
450.908629856637
450.90826373104926
450.90789760546147
450.90753147987374
450.90716535428595
450.90643310311043
450.90606697752264
450.9053347263471
450.9049686007594
450.9042363495838
450.9035040984083
450.90277184723277
450.90203959605725
450.90130734488173
450.9002089681185
450.89947671694296
450.89837834017965
448.50062186592316
448.50062186592316
448.50062186592316
448.50062186592316
448.50062186592316
448.50062186592316
448.50062186592316
448.50062186592316
448.50062186592316
448.50062186592316
448.50062186592316
448.50062186592316
448.50062186592316
448.50062186592316
448.50062186592316
448.50062186592316
448.50062186592316
448.50062186592316
448.50062186592316
448.50062186592316
448.50062186592316
448.50062186592316
448.50062186592316
448.50062186592316
448.50062186592316
448.50062186592316
448.50062186592316
448.50062186592316
448.50062186592316
448.50062186592316
448.50024915788975
448.50024915788975
448.50024915788975
448.50024915788975
448.50024915788975
448.50024915788975
448.50024915788975
448.50024915788975
448.50024915788975
448.4998764498564
448.4998764498564
448.4998764498564
448.4998764498564
448.4998764498564
448.4998764498564
448.499503741823
448.499503741823
448.499503741823
448.499503741823
448.49913103378964
448.49913103378964
448.49913103378964
448.4987583257563
448.4987583257563
448.4987583257563
448.4983856177229
448.4983856177229
448.49801290968946
448.49801290968946
448.49764020165617
448.49764020165617
448.49726749362276
448.49689478558935
448.49689478558935
448.496522077556
448.49614936952264
448.49577666148923
448.4954039534559
448.49503124542247
448.4946585373891
448.49428582935576
448.49391312132235
448.49354041328894
448.49279499722223
448.4924222891888
448.4916768731221
448.49093145705535
448.490558749022
448.4898133329552
448.4890679168885
448.4879497927883
448.4872043767216
448.4860862526215
448.48534083655466
448.48422271245454
446.0564025830354
446.0564025830354
446.0564025830354
446.0564025830354
446.0564025830354
446.0564025830354
446.0564025830354
446.0564025830354
446.0564025830354
446.0564025830354
446.0564025830354
446.0564025830354
446.0564025830354
446.0564025830354
446.0564025830354
446.0564025830354
446.0564025830354
446.0560232727245
446.0560232727245
446.0560232727245
446.0560232727245
446.0560232727245
446.0560232727245
446.0560232727245
446.0560232727245
446.0560232727245
446.0560232727245
446.0560232727245
446.0560232727245
446.0560232727245
446.0560232727245
446.0560232727245
446.0560232727245
446.05564396241357
446.05564396241357
446.05564396241357
446.05564396241357
446.05564396241357
446.05564396241357
446.05564396241357
446.05564396241357
446.05526465210266
446.05526465210266
446.05526465210266
446.05526465210266
446.05526465210266
446.05488534179176
446.05488534179176
446.05488534179176
446.05488534179176
446.0545060314808
446.0545060314808
446.0545060314808
446.05412672116995
446.05412672116995
446.05374741085905
446.05374741085905
446.0533681005481
446.0533681005481
446.0529887902372
446.0529887902372
446.0526094799263
446.05223016961537
446.05223016961537
446.05185085930447
446.05147154899356
446.05109223868266
446.05071292837175
446.05033361806085
446.0499543077499
446.04957499743904
446.0491956871281
446.0484370665063
446.04805775619536
446.04729913557355
446.04691982526265
446.04616120464084
446.04540258401903
446.04464396339716
446.0438853427754
446.04312672215354
446.04198879122083
446.04123017059896
446.04009223966625
446.03895430873354
443.5810234940409
443.5810234940409
443.5810234940409
443.5810234940409
443.5810234940409
443.5810234940409
443.5810234940409
443.5810234940409
443.5810234940409
443.5810234940409
443.5810234940409
443.5810234940409
443.5810234940409
443.5810234940409
443.5810234940409
443.5810234940409
443.5810234940409
443.58063761551716
443.58063761551716
443.58063761551716
443.58063761551716
443.58063761551716
443.58063761551716
443.58063761551716
443.58063761551716
443.58063761551716
443.58063761551716
443.58063761551716
443.58063761551716
443.58063761551716
443.58063761551716
443.58063761551716
443.58063761551716
443.5802517369934
443.5802517369934
443.5802517369934
443.5802517369934
443.5802517369934
443.5802517369934
443.5802517369934
443.5802517369934
443.5798658584696
443.5798658584696
443.5798658584696
443.5798658584696
443.5798658584696
443.5794799799458
443.5794799799458
443.5794799799458
443.5790941014221
443.5790941014221
443.5790941014221
443.5787082228983
443.5787082228983
443.5787082228983
443.5783223443745
443.5783223443745
443.5779364658507
443.5779364658507
443.577550587327
443.577550587327
443.5771647088032
443.5767788302794
443.5763929517557
443.5763929517557
443.5760070732319
443.57562119470816
443.5752353161844
443.5748494376606
443.57446355913686
443.5740776806131
443.57330592356556
443.57292004504177
443.5721482879942
443.57176240947047
443.5709906524229
443.5702188953754
443.5694471383278
443.5686753812803
443.5679036242327
443.5671318671852
443.5659742316139
443.5652024745664
443.5640448389951
443.56288720342377
441.0751283606815
441.0751283606815
441.0751283606815
441.0751283606815
441.0751283606815
441.0751283606815
441.0751283606815
441.0751283606815
441.0751283606815
441.0751283606815
441.0751283606815
441.0751283606815
441.0751283606815
441.0751283606815
441.0751283606815
441.0751283606815
441.0751283606815
441.0751283606815
441.0751283606815
441.0751283606815
441.0751283606815
441.0751283606815
441.0751283606815
441.0751283606815
441.0751283606815
441.0751283606815
441.07473590459193
441.07473590459193
441.07473590459193
441.07473590459193
441.07473590459193
441.07473590459193
441.07473590459193
441.07473590459193
441.07473590459193
441.07473590459193
441.07473590459193
441.07434344850225
441.07434344850225
441.07434344850225
441.07434344850225
441.07434344850225
441.07434344850225
441.0739509924126
441.0739509924126
441.0739509924126
441.0739509924126
441.073558536323
441.073558536323
441.073558536323
441.073558536323
441.07316608023336
441.07316608023336
441.07277362414374
441.07277362414374
441.07277362414374
441.0723811680541
441.0723811680541
441.0719887119645
441.07159625587485
441.07159625587485
441.0712037997852
441.0708113436956
441.0708113436956
441.0704188876059
441.07002643151634
441.0696339754267
441.0692415193371
441.06884906324746
441.0684566071578
441.0680641510682
441.06727923888894
441.0668867827993
441.06610187062
441.06570941453043
441.0649245023511
441.06413959017186
441.0633546779926
441.06256976581335
441.0617848536341
441.06099994145484
441.0598225731859
441.058645204917
441.0574678366482
441.0562904683793
438.53946956558065
438.53946956558065
438.53946956558065
438.53946956558065
438.53946956558065
438.53946956558065
438.53946956558065
438.53946956558065
438.53946956558065
438.53946956558065
438.53946956558065
438.53946956558065
438.53946956558065
438.53946956558065
438.53946956558065
438.53946956558065
438.53946956558065
438.53946956558065
438.53946956558065
438.53946956558065
438.53946956558065
438.53946956558065
438.53946956558065
438.53907066231915
438.53907066231915
438.53907066231915
438.53907066231915
438.53907066231915
438.53907066231915
438.53907066231915
438.53907066231915
438.53907066231915
438.53907066231915
438.53907066231915
438.53907066231915
438.5386717590577
438.5386717590577
438.5386717590577
438.5386717590577
438.5386717590577
438.5386717590577
438.5386717590577
438.53827285579627
438.53827285579627
438.53827285579627
438.53827285579627
438.53787395253477
438.53787395253477
438.53787395253477
438.53787395253477
438.5374750492733
438.5374750492733
438.5374750492733
438.5370761460118
438.5370761460118
438.5366772427504
438.5366772427504
438.53627833948894
438.53627833948894
438.53587943622745
438.535480532966
438.535480532966
438.53508162970456
438.53468272644307
438.5342838231816
438.5342838231816
438.5338849199201
438.5334860166587
438.53268821013575
438.5322893068743
438.53189040361286
438.53149150035136
438.5306936938285
438.530294790567
438.52949698404404
438.52869917752116
438.52830027425966
438.5275024677368
438.52630575795234
438.5255079514294
438.52471014490646
438.5235134351221
438.5223167253377
438.5211200155533
438.51992330576894
435.97492049763366
435.97492049763366
435.97492049763366
435.97492049763366
435.97492049763366
435.97492049763366
435.97492049763366
435.97492049763366
435.97492049763366
435.97492049763366
435.97492049763366
435.97492049763366
435.97492049763366
435.97492049763366
435.97492049763366
435.97492049763366
435.97492049763366
435.97492049763366
435.97492049763366
435.97492049763366
435.97492049763366
435.97492049763366
435.97451524037604
435.97451524037604
435.97451524037604
435.97451524037604
435.97451524037604
435.97451524037604
435.97451524037604
435.97451524037604
435.97451524037604
435.97451524037604
435.97451524037604
435.97451524037604
435.97451524037604
435.9741099831184
435.9741099831184
435.9741099831184
435.9741099831184
435.9741099831184
435.9741099831184
435.9737047258608
435.9737047258608
435.9737047258608
435.9737047258608
435.9737047258608
435.97329946860316
435.97329946860316
435.97329946860316
435.97289421134553
435.97289421134553
435.97289421134553
435.97248895408796
435.97248895408796
435.97248895408796
435.9720836968303
435.9720836968303
435.97167843957266
435.97167843957266
435.97127318231503
435.97086792505746
435.97086792505746
435.97046266779984
435.97005741054215
435.9696521532845
435.96924689602696
435.96884163876933
435.9684363815117
435.968031124254
435.96762586699646
435.96722060973883
435.9664100952236
435.96600483796595
435.9651943234507
435.9647890661931
435.9639785516778
435.96316803716263
435.9623575226473
435.96154700813213
435.9607364936168
435.959520721844
435.9583049500711
435.9574944355559
435.95587340652537
435.9546576347525
433.38248982061805
433.38248982061805
433.38248982061805
433.38248982061805
433.38248982061805
433.38248982061805
433.38248982061805
433.38248982061805
433.38248982061805
433.38248982061805
433.38248982061805
433.38248982061805
433.38248982061805
433.38248982061805
433.38248982061805
433.38248982061805
433.38248982061805
433.38248982061805
433.38248982061805
433.38248982061805
433.38248982061805
433.3820783277935
433.3820783277935
433.3820783277935
433.3820783277935
433.3820783277935
433.3820783277935
433.3820783277935
433.3820783277935
433.3820783277935
433.3820783277935
433.3820783277935
433.3820783277935
433.3820783277935
433.38166683496894
433.38166683496894
433.38166683496894
433.38166683496894
433.38166683496894
433.38166683496894
433.38166683496894
433.3812553421444
433.3812553421444
433.3812553421444
433.3812553421444
433.3812553421444
433.3808438493199
433.3808438493199
433.3808438493199
433.3804323564953
433.3804323564953
433.3804323564953
433.3800208636708
433.3800208636708
433.37960937084625
433.37960937084625
433.3791978780217
433.3791978780217
433.37878638519715
433.37878638519715
433.3783748923726
433.3779633995481
433.3779633995481
433.37755190672357
433.377140413899
433.37672892107446
433.37631742824993
433.3759059354254
433.3754944426008
433.37508294977636
433.37425996412725
433.37384847130267
433.37343697847814
433.3726139928291
433.37179100718
433.37137951435545
433.37055652870635
433.3697335430573
433.36849906458366
433.36767607893455
433.3668530932855
433.36561861481186
433.36438413633823
433.36314965786465
433.361915179391
430.7633379924166
430.7633379924166
430.7633379924166
430.7633379924166
430.7633379924166
430.7633379924166
430.7633379924166
430.7633379924166
430.7633379924166
430.7633379924166
430.7633379924166
430.7633379924166
430.7633379924166
430.7633379924166
430.7633379924166
430.7633379924166
430.76292026187707
430.76292026187707
430.76292026187707
430.76292026187707
430.76292026187707
430.76292026187707
430.76292026187707
430.76292026187707
430.76292026187707
430.76292026187707
430.76292026187707
430.76292026187707
430.76292026187707
430.76292026187707
430.76292026187707
430.76292026187707
430.7625025313375
430.7625025313375
430.7625025313375
430.7625025313375
430.7625025313375
430.7625025313375
430.7625025313375
430.7625025313375
430.76208480079794
430.76208480079794
430.76208480079794
430.76208480079794
430.76208480079794
430.76166707025834
430.76166707025834
430.76166707025834
430.7612493397188
430.7612493397188
430.7612493397188
430.7608316091792
430.7608316091792
430.7608316091792
430.76041387863967
430.76041387863967
430.75999614810013
430.75999614810013
430.75957841756053
430.75916068702094
430.75916068702094
430.7587429564814
430.75832522594186
430.75832522594186
430.75790749540226
430.75748976486267
430.75707203432313
430.7566543037836
430.756236573244
430.7554011121648
430.7549833816253
430.7545656510857
430.75373019000654
430.75331245946705
430.75247699838786
430.7516415373087
430.7508060762296
430.74997061515046
430.7491351540713
430.7482996929922
430.7470465013735
430.7457933097548
430.7445401181361
430.7432869265174
430.7420337348987
428.1174327547966
428.1174327547966
428.1174327547966
428.1174327547966
428.1174327547966
428.1174327547966
428.1174327547966
428.1174327547966
428.1174327547966
428.1174327547966
428.1174327547966
428.1174327547966
428.1174327547966
428.1174327547966
428.1174327547966
428.1174327547966
428.1174327547966
428.1174327547966
428.1174327547966
428.1174327547966
428.1174327547966
428.1174327547966
428.1174327547966
428.1174327547966
428.1174327547966
428.1174327547966
428.1170090990034
428.1170090990034
428.1170090990034
428.1170090990034
428.1170090990034
428.1170090990034
428.1170090990034
428.1170090990034
428.1170090990034
428.1170090990034
428.11658544321017
428.11658544321017
428.11658544321017
428.11658544321017
428.11658544321017
428.11658544321017
428.1161617874169
428.1161617874169
428.1161617874169
428.1161617874169
428.1157381316237
428.1157381316237
428.1157381316237
428.1157381316237
428.1153144758305
428.1153144758305
428.11489082003726
428.11489082003726
428.11489082003726
428.11446716424405
428.11446716424405
428.1140435084508
428.1140435084508
428.11361985265756
428.11319619686435
428.11319619686435
428.11277254107114
428.11234888527787
428.11192522948465
428.11150157369144
428.1110779178982
428.11065426210496
428.11023060631175
428.10980695051853
428.10895963893205
428.10853598313884
428.1081123273456
428.10726501575914
428.1064177041727
428.10557039258623
428.1047230809998
428.1038757694133
428.1030284578269
428.1021811462404
428.1009101788608
428.0996392114811
428.09879189989465
428.09709727672174
428.09582630934204
425.4475539458847
425.4475539458847
425.4475539458847
425.4475539458847
425.4475539458847
425.4475539458847
425.4475539458847
425.4475539458847
425.4475539458847
425.4475539458847
425.4475539458847
425.4475539458847
425.4475539458847
425.4475539458847
425.4475539458847
425.4475539458847
425.4475539458847
425.4475539458847
425.4475539458847
425.4475539458847
425.4475539458847
425.4475539458847
425.4475539458847
425.4475539458847
425.4475539458847
425.44712411028723
425.44712411028723
425.44712411028723
425.44712411028723
425.44712411028723
425.44712411028723
425.44712411028723
425.44712411028723
425.44712411028723
425.44712411028723
425.44712411028723
425.4466942746898
425.4466942746898
425.4466942746898
425.4466942746898
425.4466942746898
425.4466942746898
425.44626443909226
425.44626443909226
425.44626443909226
425.44626443909226
425.4458346034948
425.4458346034948
425.4458346034948
425.4458346034948
425.44540476789734
425.44540476789734
425.44497493229983
425.44497493229983
425.44497493229983
425.44454509670237
425.44454509670237
425.44411526110486
425.44368542550745
425.44368542550745
425.44325558990994
425.4428257543125
425.4428257543125
425.44239591871496
425.4419660831175
425.44153624752005
425.44110641192253
425.4406765763251
425.4402467407276
425.4398169051301
425.4389572339351
425.4385273983377
425.43766772714275
425.43723789154524
425.4363782203503
425.43551854915535
425.4346588779604
425.43379920676546
425.4329395355705
425.43207986437557
425.4307903575831
425.42950085079065
425.42821134399827
425.42692183720584
425.42563233041335
422.75248474970425
422.75248474970425
422.75248474970425
422.75248474970425
422.75248474970425
422.75248474970425
422.75248474970425
422.75248474970425
422.75248474970425
422.75248474970425
422.752049069798
422.752049069798
422.752049069798
422.752049069798
422.752049069798
422.752049069798
422.752049069798
422.752049069798
422.752049069798
422.752049069798
422.752049069798
422.752049069798
422.752049069798
422.752049069798
422.752049069798
422.752049069798
422.752049069798
422.752049069798
422.752049069798
422.752049069798
422.7516133898917
422.7516133898917
422.7516133898917
422.7516133898917
422.7516133898917
422.7516133898917
422.7516133898917
422.7516133898917
422.75117770998537
422.75117770998537
422.75117770998537
422.75117770998537
422.75117770998537
422.75117770998537
422.7507420300791
422.7507420300791
422.7507420300791
422.7507420300791
422.7503063501728
422.7503063501728
422.7503063501728
422.74987067026655
422.74987067026655
422.7494349903602
422.7494349903602
422.74899931045394
422.74899931045394
422.74856363054766
422.74856363054766
422.74812795064133
422.74812795064133
422.74769227073506
422.7472565908287
422.7468209109225
422.7463852310162
422.7459495511099
422.74551387120357
422.7450781912973
422.744642511391
422.7442068314847
422.7437711515784
422.74289979176586
422.74246411185953
422.741592752047
422.74115707214065
422.7402857123281
422.7394143525155
422.73854299270295
422.737235952984
422.73636459317146
422.73505755345263
422.73418619363997
422.73287915392115
422.73157211420227
422.7298293945771
420.033842134443
420.033842134443
420.033842134443
420.033842134443
420.033842134443
420.033842134443
420.033842134443
420.033842134443
420.033842134443
420.033842134443
420.033842134443
420.033842134443
420.033842134443
420.033842134443
420.033842134443
420.033842134443
420.033842134443
420.033842134443
420.033842134443
420.033842134443
420.033842134443
420.033842134443
420.033842134443
420.033842134443
420.03340071059665
420.03340071059665
420.03340071059665
420.03340071059665
420.03340071059665
420.03340071059665
420.03340071059665
420.03340071059665
420.03340071059665
420.03340071059665
420.03340071059665
420.03295928675027
420.03295928675027
420.03295928675027
420.03295928675027
420.03295928675027
420.03295928675027
420.03295928675027
420.0325178629039
420.0325178629039
420.0325178629039
420.0325178629039
420.03207643905756
420.03207643905756
420.03207643905756
420.03207643905756
420.0316350152112
420.0316350152112
420.0311935913648
420.0311935913648
420.0311935913648
420.0307521675184
420.0307521675184
420.0303107436721
420.0298693198257
420.0298693198257
420.0294278959793
420.02898647213294
420.02898647213294
420.0285450482866
420.02810362444023
420.02766220059385
420.02722077674747
420.02677935290114
420.02633792905476
420.0258965052084
420.0250136575157
420.0245722336693
420.0236893859765
420.0232479621302
420.02236511443743
420.0214822667447
420.02059941905196
420.01971657135925
420.0188337236665
420.0179508759738
420.0166266044347
420.01530233289554
420.01397806135645
420.01265378981736
420.0113295182783
417.293482896191
417.293482896191
417.293482896191
417.293482896191
417.293482896191
417.293482896191
417.293482896191
417.293482896191
417.293482896191
417.293482896191
417.293482896191
417.293482896191
417.293482896191
417.293482896191
417.293482896191
417.293482896191
417.293482896191
417.2930358882779
417.2930358882779
417.2930358882779
417.2930358882779
417.2930358882779
417.2930358882779
417.2930358882779
417.2930358882779
417.2930358882779
417.2930358882779
417.2930358882779
417.2930358882779
417.2930358882779
417.2930358882779
417.2930358882779
417.2925888803648
417.2925888803648
417.2925888803648
417.2925888803648
417.2925888803648
417.2925888803648
417.2925888803648
417.2925888803648
417.2921418724517
417.2921418724517
417.2921418724517
417.2921418724517
417.2921418724517
417.29169486453856
417.29169486453856
417.29169486453856
417.29124785662543
417.29124785662543
417.29124785662543
417.2908008487123
417.2908008487123
417.2908008487123
417.2903538407992
417.2903538407992
417.28990683288606
417.28990683288606
417.289459824973
417.28901281705987
417.28901281705987
417.28856580914675
417.2881188012336
417.2881188012336
417.28767179332056
417.28722478540743
417.28677777749425
417.2863307695812
417.28588376166806
417.2849897458418
417.28454273792875
417.2840957300156
417.2832017141894
417.28275470627625
417.28186069045
417.2809666746238
417.28007265879756
417.2791786429714
417.27828462714507
417.27694360340575
417.2760495875795
417.2747085638402
417.2733675401008
417.2720265163615
417.2706854926222
414.53186800896685
414.53186800896685
414.53186800896685
414.53186800896685
414.53186800896685
414.53186800896685
414.53186800896685
414.53186800896685
414.53186800896685
414.53186800896685
414.53186800896685
414.53186800896685
414.53186800896685
414.53186800896685
414.53186800896685
414.53186800896685
414.53186800896685
414.53186800896685
414.53186800896685
414.53186800896685
414.53186800896685
414.53186800896685
414.53186800896685
414.53186800896685
414.53186800896685
414.53186800896685
414.53186800896685
414.53141529391525
414.53141529391525
414.53141529391525
414.53141529391525
414.53141529391525
414.53141529391525
414.53141529391525
414.53141529391525
414.53141529391525
414.53141529391525
414.5309625788636
414.5309625788636
414.5309625788636
414.5309625788636
414.5309625788636
414.5309625788636
414.530509863812
414.530509863812
414.530509863812
414.530509863812
414.53005714876036
414.53005714876036
414.53005714876036
414.52960443370876
414.52960443370876
414.52960443370876
414.5291517186571
414.5291517186571
414.5286990036055
414.5286990036055
414.5282462885539
414.5282462885539
414.52779357350227
414.52734085845066
414.52734085845066
414.526888143399
414.52643542834744
414.5259827132958
414.52552999824417
414.5250772831925
414.52462456814095
414.5241718530893
414.5237191380377
414.52326642298607
414.52236099288285
414.5219082778312
414.52100284772797
414.52055013267636
414.51964470257315
414.5187392724699
414.51783384236666
414.5169284122634
414.51557026710856
414.5146648370053
414.51330669185046
414.5119485466956
414.51059040154075
414.50923225638587
411.74948130171595
411.74948130171595
411.74948130171595
411.74948130171595
411.74948130171595
411.74948130171595
411.74948130171595
411.74948130171595
411.74948130171595
411.74948130171595
411.7490230526618
411.7490230526618
411.7490230526618
411.7490230526618
411.7490230526618
411.7490230526618
411.7490230526618
411.7490230526618
411.7490230526618
411.7490230526618
411.7490230526618
411.7490230526618
411.7490230526618
411.7490230526618
411.7490230526618
411.7490230526618
411.7490230526618
411.7490230526618
411.7490230526618
411.7490230526618
411.7490230526618
411.7485648036077
411.7485648036077
411.7485648036077
411.7485648036077
411.7485648036077
411.7485648036077
411.7485648036077
411.7485648036077
411.74810655455354
411.74810655455354
411.74810655455354
411.74810655455354
411.74810655455354
411.74764830549935
411.74764830549935
411.74764830549935
411.74764830549935
411.7471900564453
411.7471900564453
411.7471900564453
411.7467318073911
411.7467318073911
411.7467318073911
411.74627355833695
411.74627355833695
411.7458153092828
411.7458153092828
411.7453570602287
411.74489881117455
411.74489881117455
411.74444056212036
411.7439823130663
411.7439823130663
411.7435240640121
411.74306581495796
411.7426075659038
411.7421493168497
411.74169106779556
411.74077456968723
411.7403163206331
411.73985807157896
411.73894157347064
411.73848332441656
411.73756682630824
411.73665032819997
411.73573383009165
411.7348173319834
411.73390083387505
411.73298433576684
411.7316095886044
411.73069309049606
411.72931834333366
411.72794359617126
411.7265688490088
408.946830086575
408.946830086575
408.946830086575
408.94636696491284
408.94636696491284
408.94636696491284
408.94636696491284
408.94636696491284
408.94636696491284
408.94636696491284
408.94636696491284
408.94636696491284
408.94636696491284
408.94636696491284
408.94636696491284
408.94636696491284
408.94636696491284
408.94636696491284
408.94636696491284
408.94636696491284
408.94636696491284
408.94636696491284
408.94636696491284
408.94636696491284
408.94636696491284
408.94636696491284
408.94636696491284
408.94636696491284
408.94636696491284
408.9459038432506
408.9459038432506
408.9459038432506
408.9459038432506
408.9459038432506
408.9459038432506
408.9459038432506
408.9459038432506
408.9459038432506
408.94544072158845
408.94544072158845
408.94544072158845
408.94544072158845
408.94544072158845
408.94544072158845
408.9449775999263
408.9449775999263
408.9449775999263
408.9449775999263
408.94451447826407
408.94451447826407
408.94451447826407
408.94405135660185
408.94405135660185
408.94405135660185
408.9435882349397
408.9435882349397
408.9431251132775
408.9431251132775
408.9426619916153
408.9421988699531
408.9421988699531
408.9417357482909
408.94127262662875
408.94127262662875
408.9408095049665
408.9403463833043
408.93988326164214
408.93942013998
408.93895701831775
408.93849389665553
408.9375676533312
408.937104531669
408.93664141000676
408.9357151666824
408.934788923358
408.9343258016958
408.93339955837143
408.93247331504705
408.93154707172266
408.9301577067361
408.92923146341167
408.9278420984251
408.92645273343857
408.92506336845196
408.92367400346535
406.1282716504691
406.1282716504691
406.1282716504691
406.1282716504691
406.1282716504691
406.1282716504691
406.1282716504691
406.1282716504691
406.1282716504691
406.1282716504691
406.1282716504691
406.1282716504691
406.1282716504691
406.1282716504691
406.1282716504691
406.1282716504691
406.1282716504691
406.127803129321
406.127803129321
406.127803129321
406.127803129321
406.127803129321
406.127803129321
406.127803129321
406.127803129321
406.127803129321
406.127803129321
406.127803129321
406.127803129321
406.127803129321
406.127803129321
406.127803129321
406.127803129321
406.1273346081729
406.1273346081729
406.1273346081729
406.1273346081729
406.1273346081729
406.1273346081729
406.1273346081729
406.1268660870248
406.1268660870248
406.1268660870248
406.1268660870248
406.1268660870248
406.1263975658767
406.1263975658767
406.1263975658767
406.1263975658767
406.1259290447286
406.1259290447286
406.1259290447286
406.12546052358044
406.12546052358044
406.12546052358044
406.12499200243235
406.12499200243235
406.12452348128426
406.12452348128426
406.12405496013616
406.123586438988
406.123586438988
406.1231179178399
406.1226493966918
406.12218087554373
406.1217123543956
406.1212438332475
406.1207753120994
406.1203067909513
406.11983826980315
406.1193697486551
406.11890122750697
406.1179641852108
406.1174956640627
406.11655862176644
406.11562157947026
406.114684537174
406.1137474948778
406.1128104525816
406.1118734102854
406.11093636798915
406.1095308045448
406.10812524110054
406.1067196776562
406.10531411421186
403.2909075775335
403.2909075775335
403.2909075775335
403.2909075775335
403.2909075775335
403.2909075775335
403.2909075775335
403.2909075775335
403.2909075775335
403.2909075775335
403.2909075775335
403.2909075775335
403.2909075775335
403.2909075775335
403.2909075775335
403.2909075775335
403.2909075775335
403.2909075775335
403.2909075775335
403.2909075775335
403.2909075775335
403.2909075775335
403.2909075775335
403.2909075775335
403.2909075775335
403.2909075775335
403.2909075775335
403.2909075775335
403.2909075775335
403.2904343277058
403.2904343277058
403.2904343277058
403.2904343277058
403.2904343277058
403.2904343277058
403.2904343277058
403.2904343277058
403.2904343277058
403.289961077878
403.289961077878
403.289961077878
403.289961077878
403.289961077878
403.289961077878
403.2894878280502
403.2894878280502
403.2894878280502
403.2894878280502
403.28901457822235
403.28901457822235
403.28901457822235
403.2885413283946
403.2885413283946
403.2885413283946
403.2880680785668
403.2880680785668
403.28759482873903
403.28759482873903
403.28712157891124
403.28712157891124
403.2866483290835
403.2861750792557
403.2861750792557
403.2857018294279
403.2852285796001
403.28475532977234
403.28428207994455
403.28380883011675
403.283335580289
403.2828623304612
403.28238908063344
403.28191583080564
403.28096933115006
403.28049608132227
403.27954958166674
403.27860308201116
403.2781298321833
403.2771833325278
403.2762368328722
403.2748170833889
403.2738705837333
403.2724508342499
403.2715043345944
403.270084585111
403.2686648356277
400.4395773651326
400.4395773651326
400.4395773651326
400.4395773651326
400.4395773651326
400.4395773651326
400.4395773651326
400.4395773651326
400.4395773651326
400.4395773651326
400.4395773651326
400.4395773651326
400.4395773651326
400.4395773651326
400.4395773651326
400.4395773651326
400.4395773651326
400.4395773651326
400.4395773651326
400.4395773651326
400.4395773651326
400.4395773651326
400.4395773651326
400.4395773651326
400.4395773651326
400.4395773651326
400.43909926769504
400.43909926769504
400.43909926769504
400.43909926769504
400.43909926769504
400.43909926769504
400.43909926769504
400.43909926769504
400.43909926769504
400.43909926769504
400.43909926769504
400.43862117025753
400.43862117025753
400.43862117025753
400.43862117025753
400.43862117025753
400.43862117025753
400.43814307282
400.43814307282
400.43814307282
400.43814307282
400.43814307282
400.43766497538246
400.43766497538246
400.43766497538246
400.43718687794495
400.43718687794495
400.43718687794495
400.4367087805074
400.4367087805074
400.4362306830699
400.4362306830699
400.4357525856324
400.4357525856324
400.4352744881948
400.4347963907573
400.4347963907573
400.4343182933198
400.4338401958822
400.4333620984447
400.4328840010072
400.43240590356965
400.43192780613214
400.4314497086946
400.43097161125706
400.43049351381956
400.4295373189445
400.429059221507
400.4281030266319
400.42762492919434
400.4266687343193
400.4257125394442
400.4247563445692
400.4238001496941
400.4228439548191
400.4214096625065
400.4199753701939
400.4185410778813
400.4171067855687
397.5733832271415
397.5733832271415
397.5733832271415
397.5733832271415
397.5733832271415
397.5733832271415
397.5733832271415
397.5733832271415
397.5733832271415
397.5733832271415
397.5733832271415
397.5733832271415
397.5733832271415
397.5733832271415
397.5733832271415
397.5733832271415
397.5733832271415
397.5733832271415
397.5733832271415
397.5733832271415
397.5733832271415
397.5733832271415
397.5733832271415
397.572900029834
397.572900029834
397.572900029834
397.572900029834
397.572900029834
397.572900029834
397.572900029834
397.572900029834
397.572900029834
397.572900029834
397.572900029834
397.572900029834
397.572900029834
397.57241683252647
397.57241683252647
397.57241683252647
397.57241683252647
397.57241683252647
397.57241683252647
397.571933635219
397.571933635219
397.571933635219
397.571933635219
397.571933635219
397.57145043791155
397.57145043791155
397.57145043791155
397.57145043791155
397.57096724060403
397.57096724060403
397.5704840432965
397.5704840432965
397.5704840432965
397.570000845989
397.570000845989
397.56951764868154
397.56951764868154
397.5690344513741
397.56855125406656
397.56855125406656
397.56806805675905
397.5675848594516
397.56710166214407
397.56710166214407
397.5666184648366
397.56613526752915
397.5651688729141
397.5646856756066
397.5642024782992
397.5637192809917
397.56275288637664
397.5622696890692
397.5613032944542
397.5603368998392
397.5598537025317
397.55888730791673
397.55743771599424
397.55647132137926
397.5555049267643
397.5540553348418
397.55260574291935
397.55115615099686
394.69111128795305
394.69111128795305
394.69111128795305
394.69111128795305
394.69111128795305
394.69111128795305
394.69111128795305
394.69111128795305
394.69111128795305
394.69111128795305
394.69111128795305
394.69111128795305
394.6906239943412
394.6906239943412
394.6906239943412
394.6906239943412
394.6906239943412
394.6906239943412
394.6906239943412
394.6906239943412
394.6906239943412
394.6906239943412
394.6906239943412
394.6906239943412
394.6906239943412
394.6906239943412
394.6906239943412
394.6906239943412
394.6906239943412
394.6906239943412
394.6906239943412
394.6906239943412
394.6901367007293
394.6901367007293
394.6901367007293
394.6901367007293
394.6901367007293
394.6901367007293
394.6901367007293
394.6901367007293
394.6901367007293
394.68964940711743
394.68964940711743
394.68964940711743
394.68964940711743
394.68964940711743
394.6891621135056
394.6891621135056
394.6891621135056
394.6891621135056
394.6886748198937
394.6886748198937
394.6886748198937
394.6881875262818
394.6881875262818
394.68770023266995
394.68770023266995
394.68770023266995
394.6872129390581
394.6872129390581
394.68672564544624
394.68623835183433
394.68623835183433
394.6857510582225
394.6852637646106
394.68477647099877
394.68477647099877
394.68428917738686
394.68380188377506
394.6833145901632
394.68234000293944
394.6818527093276
394.68136541571573
394.6808781221038
394.6799035348801
394.67892894765635
394.6784416540445
394.6774670668208
394.676492479597
394.6755178923733
394.67454330514954
394.673081424314
394.67210683709027
394.67064495625465
394.669183075419
391.7985364079138
391.7985364079138
391.7985364079138
391.7985364079138
391.7985364079138
391.7985364079138
391.7985364079138
391.7985364079138
391.7985364079138
391.7985364079138
391.7985364079138
391.7985364079138
391.7985364079138
391.7985364079138
391.7985364079138
391.7985364079138
391.7985364079138
391.7985364079138
391.7985364079138
391.7985364079138
391.7985364079138
391.7985364079138
391.7985364079138
391.7980447548036
391.7980447548036
391.7980447548036
391.7980447548036
391.7980447548036
391.7980447548036
391.7980447548036
391.7980447548036
391.7980447548036
391.7980447548036
391.7980447548036
391.7980447548036
391.7980447548036
391.7975531016934
391.7975531016934
391.7975531016934
391.7975531016934
391.7975531016934
391.7975531016934
391.7975531016934
391.7970614485831
391.7970614485831
391.7970614485831
391.7970614485831
391.7970614485831
391.7965697954729
391.7965697954729
391.7965697954729
391.79607814236266
391.79607814236266
391.79607814236266
391.7955864892525
391.7955864892525
391.7955864892525
391.79509483614225
391.79509483614225
391.79460318303205
391.79460318303205
391.7941115299218
391.79361987681165
391.79361987681165
391.7931282237014
391.7926365705912
391.7921449174809
391.7916532643708
391.7911616112605
391.7906699581503
391.7901783050401
391.7896866519299
391.78919499881965
391.78870334570945
391.78772003948905
391.7872283863788
391.7862450801584
391.7852617739379
391.7842784677175
391.78329516149705
391.78231185527665
391.7813285490562
391.7798535897256
391.7788702835051
391.77739532417445
388.8948331389735
388.8948331389735
388.8948331389735
388.8948331389735
388.8948331389735
388.8948331389735
388.8948331389735
388.8948331389735
388.8948331389735
388.8948331389735
388.8948331389735
388.8948331389735
388.8948331389735
388.8948331389735
388.8948331389735
388.8948331389735
388.8948331389735
388.8948331389735
388.8948331389735
388.8948331389735
388.8948331389735
388.8948331389735
388.8943374337419
388.8943374337419
388.8943374337419
388.8943374337419
388.8943374337419
388.8943374337419
388.8943374337419
388.8943374337419
388.8943374337419
388.8943374337419
388.8943374337419
388.8943374337419
388.8943374337419
388.8943374337419
388.89384172851027
388.89384172851027
388.89384172851027
388.89384172851027
388.89384172851027
388.89384172851027
388.89384172851027
388.8933460232787
388.8933460232787
388.8933460232787
388.8933460232787
388.8933460232787
388.892850318047
388.892850318047
388.892850318047
388.892850318047
388.8923546128154
388.8923546128154
388.8923546128154
388.89185890758375
388.89185890758375
388.8913632023522
388.8913632023522
388.89086749712055
388.89086749712055
388.8903717918889
388.8903717918889
388.88987608665724
388.88938038142567
388.88888467619404
388.88888467619404
388.8883889709624
388.8878932657308
388.8873975604992
388.8869018552676
388.8864061500359
388.8854147395727
388.88491903434107
388.88442332910944
388.8834319186462
388.88293621341455
388.88194480295135
388.8809533924881
388.87996198202484
388.8789705715616
388.8779791610984
388.87649204540344
388.87550063494024
388.8740135192454
385.98157349272736
385.98157349272736
385.98157349272736
385.98157349272736
385.98157349272736
385.98157349272736
385.98157349272736
385.98157349272736
385.98157349272736
385.98157349272736
385.98157349272736
385.98157349272736
385.98157349272736
385.98157349272736
385.98157349272736
385.98157349272736
385.98157349272736
385.98157349272736
385.98157349272736
385.98157349272736
385.98157349272736
385.98157349272736
385.98157349272736
385.98157349272736
385.98157349272736
385.98157349272736
385.98157349272736
385.98157349272736
385.98157349272736
385.98107341681697
385.98107341681697
385.98107341681697
385.98107341681697
385.98107341681697
385.98107341681697
385.98107341681697
385.98107341681697
385.98107341681697
385.98107341681697
385.98107341681697
385.98057334090663
385.98057334090663
385.98057334090663
385.98057334090663
385.98057334090663
385.98057334090663
385.9800732649962
385.9800732649962
385.9800732649962
385.9800732649962
385.9795731890858
385.9795731890858
385.9795731890858
385.9790731131754
385.9790731131754
385.9790731131754
385.97857303726505
385.97857303726505
385.97807296135466
385.97807296135466
385.97757288544426
385.97757288544426
385.9770728095338
385.9770728095338
385.97657273362347
385.9760726577131
385.9755725818027
385.9755725818027
385.9750725058923
385.97457242998195
385.9740723540715
385.9735722781611
385.97257212634037
385.97207205043
385.9715719745195
385.9705718226988
385.9700717467884
385.9690715949676
385.9680714431468
385.9675713672364
385.9665712154157
385.9650709876845
385.9640708358637
385.9630706840429
385.96157045631173
383.0576296446753
383.0576296446753
383.0576296446753
383.0576296446753
383.0576296446753
383.0576296446753
383.0576296446753
383.0576296446753
383.0576296446753
383.0576296446753
383.0576296446753
383.0576296446753
383.0576296446753
383.0576296446753
383.0576296446753
383.0576296446753
383.0576296446753
383.0576296446753
383.0576296446753
383.0576296446753
383.0576296446753
383.0576296446753
383.0576296446753
383.0571260374443
383.0571260374443
383.0571260374443
383.0571260374443
383.0571260374443
383.0571260374443
383.0571260374443
383.0571260374443
383.0571260374443
383.0571260374443
383.0571260374443
383.0571260374443
383.0571260374443
383.0571260374443
383.0566224302132
383.0566224302132
383.0566224302132
383.0566224302132
383.0566224302132
383.0566224302132
383.0566224302132
383.05611882298217
383.05611882298217
383.05611882298217
383.05611882298217
383.05611882298217
383.0556152157511
383.0556152157511
383.0556152157511
383.0556152157511
383.0551116085202
383.0551116085202
383.0551116085202
383.0546080012891
383.0546080012891
383.0541043940581
383.0541043940581
383.053600786827
383.053600786827
383.053097179596
383.053097179596
383.05259357236497
383.0520899651339
383.0520899651339
383.0515863579029
383.0510827506719
383.05057914344087
383.0500755362098
383.0495719289788
383.04906832174777
383.0485647145167
383.04755750005467
383.0470538928236
383.04604667836156
383.04554307113057
383.04453585666846
383.0435286422064
383.0425214277443
383.0415142132823
383.0405069988202
383.03949978435816
383.0379889626651
380.1276427745324
380.1276427745324
380.1276427745324
380.1276427745324
380.1276427745324
380.1276427745324
380.1276427745324
380.1276427745324
380.1276427745324
380.1276427745324
380.1276427745324
380.1276427745324
380.1276427745324
380.1276427745324
380.1276427745324
380.1276427745324
380.1276427745324
380.127135439471
380.127135439471
380.127135439471
380.127135439471
380.127135439471
380.127135439471
380.127135439471
380.127135439471
380.127135439471
380.127135439471
380.127135439471
380.127135439471
380.127135439471
380.127135439471
380.127135439471
380.127135439471
380.127135439471
380.127135439471
380.127135439471
380.1266281044096
380.1266281044096
380.1266281044096
380.1266281044096
380.1266281044096
380.1266281044096
380.1266281044096
380.1266281044096
380.1261207693481
380.1261207693481
380.1261207693481
380.1261207693481
380.1261207693481
380.12561343428666
380.12561343428666
380.12561343428666
380.12561343428666
380.1251060992253
380.1251060992253
380.1251060992253
380.12459876416386
380.12459876416386
380.12409142910246
380.12409142910246
380.12409142910246
380.123584094041
380.1230767589796
380.1230767589796
380.1225694239182
380.1225694239182
380.12206208885675
380.1215547537953
380.12104741873395
380.1205400836725
380.1200327486111
380.11952541354964
380.11901807848824
380.11851074342684
380.1180034083654
380.117496073304
380.1164814031811
380.1159740681197
380.11495939799687
380.113944727874
380.1134373928126
380.11242272268976
380.1109007175055
380.10988604738264
380.10887137725985
377.1906801039684
377.1906801039684
377.1906801039684
377.1906801039684
377.1906801039684
377.1906801039684
377.1906801039684
377.1901694667077
377.1901694667077
377.1901694667077
377.1901694667077
377.1901694667077
377.1901694667077
377.1901694667077
377.1901694667077
377.1901694667077
377.1901694667077
377.1901694667077
377.1901694667077
377.1901694667077
377.1901694667077
377.1901694667077
377.1901694667077
377.1901694667077
377.1901694667077
377.1901694667077
377.1901694667077
377.1901694667077
377.1901694667077
377.1901694667077
377.1901694667077
377.1901694667077
377.1901694667077
377.1901694667077
377.18965882944696
377.18965882944696
377.18965882944696
377.18965882944696
377.18965882944696
377.18965882944696
377.18965882944696
377.18965882944696
377.18965882944696
377.18914819218617
377.18914819218617
377.18914819218617
377.18914819218617
377.18914819218617
377.18914819218617
377.1886375549255
377.1886375549255
377.1886375549255
377.1886375549255
377.18812691766476
377.18812691766476
377.18812691766476
377.18761628040403
377.18761628040403
377.18761628040403
377.18710564314335
377.18710564314335
377.1865950058826
377.1865950058826
377.18608436862183
377.1855737313611
377.1855737313611
377.1850630941004
377.1845524568397
377.1845524568397
377.18404181957897
377.18353118231823
377.1830205450575
377.18250990779677
377.18199927053604
377.1814886332753
377.18046735875384
377.1799567214931
377.1794460842324
377.178424809711
377.17740353518946
377.1768928979288
377.1758716234073
377.1748503488859
377.1738290743644
377.17229716258225
374.24889884492126
374.24889884492126
374.24889884492126
374.24889884492126
374.24889884492126
374.24889884492126
374.24889884492126
374.24889884492126
374.24889884492126
374.24889884492126
374.24889884492126
374.24889884492126
374.24889884492126
374.24889884492126
374.24889884492126
374.24889884492126
374.24889884492126
374.24889884492126
374.24889884492126
374.24889884492126
374.24889884492126
374.24889884492126
374.24889884492126
374.24889884492126
374.24889884492126
374.24889884492126
374.24889884492126
374.24889884492126
374.24889884492126
374.24889884492126
374.24838447437276
374.24838447437276
374.24838447437276
374.24838447437276
374.24838447437276
374.24838447437276
374.24838447437276
374.24838447437276
374.24838447437276
374.24838447437276
374.24838447437276
374.2478701038243
374.2478701038243
374.2478701038243
374.2478701038243
374.2478701038243
374.2478701038243
374.2478701038243
374.24735573327587
374.24735573327587
374.24735573327587
374.24735573327587
374.2468413627274
374.2468413627274
374.2468413627274
374.2468413627274
374.2463269921789
374.2463269921789
374.2458126216304
374.2458126216304
374.2458126216304
374.24529825108203
374.24529825108203
374.24478388053353
374.24478388053353
374.2442695099851
374.2437551394366
374.2437551394366
374.24324076888814
374.2427263983397
374.2422120277912
374.2416976572427
374.2411832866943
374.2406689161458
374.24015454559736
374.2396401750489
374.2391258045004
374.2380970634035
374.2375826928551
374.2365539517581
374.23603958120964
374.23501084011275
374.23398209901575
374.23295335791886
374.2319246168219
371.30104123167257
371.30104123167257
371.30104123167257
371.30104123167257
371.30104123167257
371.30104123167257
371.30104123167257
371.30104123167257
371.30104123167257
371.30104123167257
371.30052439900027
371.30052439900027
371.30052439900027
371.30052439900027
371.30052439900027
371.30052439900027
371.30052439900027
371.30052439900027
371.30052439900027
371.30052439900027
371.30052439900027
371.30052439900027
371.30052439900027
371.30052439900027
371.30052439900027
371.30052439900027
371.30052439900027
371.30052439900027
371.30052439900027
371.30052439900027
371.30052439900027
371.30052439900027
371.30052439900027
371.30052439900027
371.30052439900027
371.30052439900027
371.30000756632796
371.30000756632796
371.30000756632796
371.30000756632796
371.30000756632796
371.30000756632796
371.30000756632796
371.30000756632796
371.30000756632796
371.29949073365566
371.29949073365566
371.29949073365566
371.29949073365566
371.29949073365566
371.29897390098336
371.29897390098336
371.29897390098336
371.29897390098336
371.2984570683111
371.2984570683111
371.2984570683111
371.2984570683111
371.29794023563875
371.29794023563875
371.29742340296644
371.29742340296644
371.29690657029414
371.29690657029414
371.29638973762184
371.29638973762184
371.29587290494953
371.29587290494953
371.29535607227723
371.29483923960487
371.2943224069326
371.2943224069326
371.2938055742603
371.293288741588
371.29277190891565
371.2917382435711
371.29122141089874
371.29070457822644
371.2901877455542
371.2891540802095
371.2886372475372
371.2876035821926
371.286569916848
371.2855362515034
371.28450258615885
368.35354450151203
368.35354450151203
368.35354450151203
368.35354450151203
368.35354450151203
368.35354450151203
368.35354450151203
368.3530242683627
368.3530242683627
368.3530242683627
368.3530242683627
368.3530242683627
368.3530242683627
368.3530242683627
368.3530242683627
368.3530242683627
368.3530242683627
368.3530242683627
368.3530242683627
368.3530242683627
368.3530242683627
368.3530242683627
368.3530242683627
368.3530242683627
368.3530242683627
368.3530242683627
368.3530242683627
368.3530242683627
368.3530242683627
368.3530242683627
368.3530242683627
368.3530242683627
368.3530242683627
368.3530242683627
368.3530242683627
368.3530242683627
368.35250403521326
368.35250403521326
368.35250403521326
368.35250403521326
368.35250403521326
368.35250403521326
368.35250403521326
368.35250403521326
368.35250403521326
368.35250403521326
368.3519838020639
368.3519838020639
368.3519838020639
368.3519838020639
368.3519838020639
368.3514635689145
368.3514635689145
368.3514635689145
368.3514635689145
368.3509433357651
368.3509433357651
368.3509433357651
368.3504231026157
368.3504231026157
368.3504231026157
368.3499028694663
368.3499028694663
368.34938263631693
368.34938263631693
368.3488624031676
368.3488624031676
368.34834217001816
368.34834217001816
368.34782193686874
368.3473017037193
368.34678147056997
368.3462612374206
368.3457410042712
368.3457410042712
368.3447005379724
368.344180304823
368.34366007167364
368.3431398385243
368.34209937222545
368.34157913907603
368.3405386727773
368.3400184396279
368.3389779733291
368.33793750703035
365.4012213787206
365.4012213787206
365.4012213787206
365.4012213787206
365.4012213787206
365.4012213787206
365.4012213787206
365.4012213787206
365.4012213787206
365.4012213787206
365.4012213787206
365.4012213787206
365.4012213787206
365.4012213787206
365.4012213787206
365.4012213787206
365.4012213787206
365.4012213787206
365.4012213787206
365.4012213787206
365.4012213787206
365.4012213787206
365.4012213787206
365.4012213787206
365.4012213787206
365.4012213787206
365.4012213787206
365.4006989419333
365.4006989419333
365.4006989419333
365.4006989419333
365.4006989419333
365.4006989419333
365.4006989419333
365.4006989419333
365.4006989419333
365.4006989419333
365.4006989419333
365.4006989419333
365.4006989419333
365.4006989419333
365.4006989419333
365.40017650514596
365.40017650514596
365.40017650514596
365.40017650514596
365.40017650514596
365.40017650514596
365.40017650514596
365.39965406835864
365.39965406835864
365.39965406835864
365.39965406835864
365.39965406835864
365.39913163157127
365.39913163157127
365.39913163157127
365.39913163157127
365.398609194784
365.398609194784
365.398609194784
365.3980867579967
365.3980867579967
365.3975643212093
365.3975643212093
365.397041884422
365.397041884422
365.3965194476347
365.3965194476347
365.39599701084734
365.39547457406
365.39547457406
365.39495213727264
365.3944297004854
365.39390726369805
365.3933848269107
365.39286239012335
365.39233995333603
365.3918175165487
365.390772642974
365.39025020618675
365.38920533261205
365.38868289582473
365.3876380222501
365.3865931486754
362.451543277465
362.451543277465
362.451543277465
362.451543277465
362.451543277465
362.451543277465
362.451543277465
362.451543277465
362.451543277465
362.451543277465
362.451543277465
362.451543277465
362.451543277465
362.451543277465
362.451543277465
362.451543277465
362.451543277465
362.451543277465
362.4510175961167
362.4510175961167
362.4510175961167
362.4510175961167
362.4510175961167
362.4510175961167
362.4510175961167
362.4510175961167
362.4510175961167
362.4510175961167
362.4510175961167
362.4510175961167
362.4510175961167
362.4510175961167
362.4510175961167
362.4510175961167
362.4510175961167
362.4510175961167
362.4510175961167
362.4510175961167
362.4510175961167
362.4510175961167
362.45049191476835
362.45049191476835
362.45049191476835
362.45049191476835
362.45049191476835
362.45049191476835
362.45049191476835
362.45049191476835
362.45049191476835
362.44996623342007
362.44996623342007
362.44996623342007
362.44996623342007
362.44996623342007
362.4494405520718
362.4494405520718
362.4494405520718
362.4494405520718
362.44891487072346
362.44891487072346
362.44891487072346
362.4483891893751
362.4483891893751
362.4483891893751
362.4478635080268
362.4478635080268
362.44733782667856
362.44733782667856
362.4468121453302
362.4462864639819
362.4462864639819
362.44576078263356
362.4452351012853
362.4452351012853
362.44470941993694
362.44418373858866
362.4436580572403
362.44313237589205
362.4426066945437
362.44155533184716
362.4410296504988
362.4405039691505
362.43945260645387
362.4389269251056
362.4378755624089
359.4982654626583
359.4982654626583
359.4982654626583
359.4982654626583
359.4982654626583
359.4982654626583
359.4982654626583
359.4982654626583
359.4982654626583
359.4982654626583
359.4982654626583
359.4982654626583
359.49773810539165
359.49773810539165
359.49773810539165
359.49773810539165
359.49773810539165
359.49773810539165
359.49773810539165
359.49773810539165
359.49773810539165
359.49773810539165
359.49773810539165
359.49773810539165
359.49773810539165
359.49773810539165
359.49773810539165
359.49773810539165
359.49773810539165
359.49773810539165
359.49773810539165
359.49773810539165
359.49773810539165
359.49773810539165
359.49773810539165
359.49773810539165
359.49773810539165
359.49773810539165
359.49773810539165
359.49773810539165
359.49721074812504
359.49721074812504
359.49721074812504
359.49721074812504
359.49721074812504
359.49721074812504
359.49721074812504
359.49721074812504
359.49721074812504
359.4966833908584
359.4966833908584
359.4966833908584
359.4966833908584
359.4966833908584
359.4966833908584
359.4961560335918
359.4961560335918
359.4961560335918
359.4961560335918
359.4956286763251
359.4956286763251
359.4956286763251
359.4951013190585
359.4951013190585
359.4951013190585
359.4945739617919
359.4945739617919
359.49404660452524
359.49404660452524
359.4935192472586
359.4935192472586
359.49299188999197
359.49246453272536
359.4919371754587
359.4919371754587
359.4914098181921
359.49088246092543
359.4903551036588
359.48982774639217
359.48930038912556
359.4887730318589
359.4877183173257
359.487190960059
359.48666360279236
359.48560888825915
356.55033834218534
356.55033834218534
356.55033834218534
356.55033834218534
356.55033834218534
356.55033834218534
356.55033834218534
356.54980926198573
356.54980926198573
356.54980926198573
356.54980926198573
356.54980926198573
356.54980926198573
356.54980926198573
356.54980926198573
356.54980926198573
356.54980926198573
356.54980926198573
356.54980926198573
356.54980926198573
356.54980926198573
356.54980926198573
356.54980926198573
356.54980926198573
356.54980926198573
356.54980926198573
356.54980926198573
356.54980926198573
356.54980926198573
356.54980926198573
356.54980926198573
356.54980926198573
356.54980926198573
356.54980926198573
356.54980926198573
356.54980926198573
356.54980926198573
356.54980926198573
356.54980926198573
356.54980926198573
356.54980926198573
356.5492801817862
356.5492801817862
356.5492801817862
356.5492801817862
356.5492801817862
356.5492801817862
356.5492801817862
356.5492801817862
356.5492801817862
356.54875110158656
356.54875110158656
356.54875110158656
356.54875110158656
356.54875110158656
356.54875110158656
356.54822202138706
356.54822202138706
356.54822202138706
356.54822202138706
356.54769294118745
356.54769294118745
356.54769294118745
356.54716386098784
356.54716386098784
356.54716386098784
356.5466347807883
356.5466347807883
356.5461057005887
356.5461057005887
356.54557662038917
356.54557662038917
356.54504754018956
356.54451845998994
356.54451845998994
356.54398937979045
356.54346029959083
356.5429312193913
356.54240213919167
356.5418730589921
356.54134397879255
356.54081489859294
356.5402858183934
356.53975673819383
356.53869857779466
353.6070651919489
353.6070651919489
353.6070651919489
353.6070651919489
353.6070651919489
353.6070651919489
353.6070651919489
353.6070651919489
353.6070651919489
353.6070651919489
353.6070651919489
353.6070651919489
353.6070651919489
353.6070651919489
353.6070651919489
353.6070651919489
353.6070651919489
353.6070651919489
353.6070651919489
353.6070651919489
353.6070651919489
353.6070651919489
353.6070651919489
353.6070651919489
353.6070651919489
353.6070651919489
353.6070651919489
353.6070651919489
353.6070651919489
353.6070651919489
353.6070651919489
353.6070651919489
353.6070651919489
353.6070651919489
353.6070651919489
353.6070651919489
353.6070651919489
353.6070651919489
353.6070651919489
353.6070651919489
353.6065338898843
353.6065338898843
353.6065338898843
353.6065338898843
353.6065338898843
353.6065338898843
353.6065338898843
353.6065338898843
353.6065338898843
353.6065338898843
353.6065338898843
353.6060025878196
353.6060025878196
353.6060025878196
353.6060025878196
353.6060025878196
353.6060025878196
353.60547128575496
353.60547128575496
353.60547128575496
353.60547128575496
353.6049399836903
353.6049399836903
353.6049399836903
353.60440868162567
353.60440868162567
353.60440868162567
353.603877379561
353.603877379561
353.6033460774963
353.6033460774963
353.6028147754317
353.6028147754317
353.6022834733671
353.6022834733671
353.6017521713024
353.60122086923775
353.60068956717316
353.60068956717316
353.60015826510846
353.5996269630438
353.5990956609791
353.59856435891453
353.5980330568499
353.59697045272054
350.66683956617425
350.66683956617425
350.66683956617425
350.66683956617425
350.66683956617425
350.66683956617425
350.66683956617425
350.66683956617425
350.66683956617425
350.66683956617425
350.66683956617425
350.66683956617425
350.66683956617425
350.66683956617425
350.66683956617425
350.66683956617425
350.66683956617425
350.66683956617425
350.66683956617425
350.66683956617425
350.66683956617425
350.66683956617425
350.66683956617425
350.66683956617425
350.66683956617425
350.66683956617425
350.66683956617425
350.66683956617425
350.66683956617425
350.66683956617425
350.66683956617425
350.66683956617425
350.66683956617425
350.66683956617425
350.66630562088017
350.66630562088017
350.66630562088017
350.66630562088017
350.66630562088017
350.66630562088017
350.66630562088017
350.66630562088017
350.66630562088017
350.66630562088017
350.66630562088017
350.66630562088017
350.66630562088017
350.66630562088017
350.66630562088017
350.66577167558614
350.66577167558614
350.66577167558614
350.66577167558614
350.66577167558614
350.66577167558614
350.66577167558614
350.6652377302921
350.6652377302921
350.6652377302921
350.6652377302921
350.6652377302921
350.6647037849981
350.6647037849981
350.6647037849981
350.6647037849981
350.664169839704
350.664169839704
350.664169839704
350.66363589440994
350.66363589440994
350.66310194911597
350.66310194911597
350.6625680038219
350.6625680038219
350.66203405852787
350.66203405852787
350.6615001132338
350.6609661679398
350.6609661679398
350.66043222264574
350.65989827735166
350.65936433205763
350.6588303867636
350.6582964414696
350.6577624961755
347.72640283188457
347.72640283188457
347.72640283188457
347.72640283188457
347.72640283188457
347.72640283188457
347.72640283188457
347.72640283188457
347.72640283188457
347.72640283188457
347.72640283188457
347.72640283188457
347.72640283188457
347.72640283188457
347.72640283188457
347.72640283188457
347.72640283188457
347.72640283188457
347.72640283188457
347.72640283188457
347.72640283188457
347.72640283188457
347.72640283188457
347.72640283188457
347.72640283188457
347.72640283188457
347.72640283188457
347.72640283188457
347.72640283188457
347.72640283188457
347.72640283188457
347.72640283188457
347.72640283188457
347.72640283188457
347.72640283188457
347.72640283188457
347.72640283188457
347.72640283188457
347.72640283188457
347.72640283188457
347.72640283188457
347.7258690389663
347.7258690389663
347.7258690389663
347.7258690389663
347.7258690389663
347.7258690389663
347.7258690389663
347.7258690389663
347.7258690389663
347.7258690389663
347.7258690389663
347.7258690389663
347.72533524604813
347.72533524604813
347.72533524604813
347.72533524604813
347.72533524604813
347.72533524604813
347.72533524604813
347.7248014531299
347.7248014531299
347.7248014531299
347.7248014531299
347.7242676602117
347.7242676602117
347.7242676602117
347.7242676602117
347.72373386729345
347.72373386729345
347.72373386729345
347.72320007437526
347.72320007437526
347.722666281457
347.722666281457
347.72213248853876
347.72213248853876
347.7215986956205
347.7210649027023
347.7210649027023
347.7205311097841
347.7199973168659
347.71946352394764
347.71946352394764
347.71892973102945
344.8017514329271
344.8017514329271
344.8017514329271
344.8017514329271
344.8017514329271
344.8017514329271
344.8017514329271
344.8017514329271
344.8017514329271
344.8017514329271
344.8017514329271
344.8017514329271
344.8017514329271
344.8017514329271
344.8017514329271
344.8017514329271
344.8017514329271
344.8017514329271
344.8017514329271
344.8017514329271
344.8017514329271
344.8017514329271
344.8017514329271
344.8017514329271
344.8017514329271
344.8017514329271
344.8017514329271
344.8017514329271
344.8017514329271
344.8017514329271
344.8017514329271
344.8017514329271
344.8017514329271
344.8017514329271
344.8017514329271
344.8017514329271
344.8017514329271
344.8017514329271
344.80121330759727
344.80121330759727
344.80121330759727
344.80121330759727
344.80121330759727
344.80121330759727
344.80121330759727
344.80121330759727
344.80121330759727
344.80121330759727
344.80121330759727
344.80121330759727
344.80121330759727
344.80121330759727
344.80121330759727
344.80121330759727
344.8006751822675
344.8006751822675
344.8006751822675
344.8006751822675
344.8006751822675
344.8006751822675
344.8006751822675
344.80013705693773
344.80013705693773
344.80013705693773
344.80013705693773
344.80013705693773
344.7995989316079
344.7995989316079
344.7995989316079
344.7995989316079
344.79906080627813
344.79906080627813
344.7985226809483
344.7985226809483
344.7985226809483
344.7979845556184
344.7979845556184
344.79744643028863
344.79744643028863
344.7969083049589
344.7969083049589
344.79637017962904
344.7958320542992
344.7952939289694
344.7952939289694
341.8678921347991
341.8678921347991
341.8678921347991
341.8678921347991
341.8678921347991
341.8678921347991
341.8678921347991
341.8678921347991
341.8678921347991
341.8678921347991
341.8678921347991
341.8678921347991
341.8678921347991
341.8678921347991
341.8678921347991
341.8678921347991
341.8678921347991
341.8678921347991
341.8678921347991
341.8678921347991
341.8678921347991
341.8678921347991
341.8678921347991
341.8678921347991
341.8678921347991
341.8678921347991
341.8678921347991
341.8678921347991
341.8678921347991
341.8678921347991
341.8678921347991
341.8678921347991
341.8678921347991
341.8678921347991
341.8678921347991
341.8678921347991
341.8678921347991
341.8678921347991
341.8678921347991
341.8678921347991
341.8678921347991
341.8678921347991
341.8678921347991
341.8678921347991
341.867355910453
341.867355910453
341.867355910453
341.867355910453
341.867355910453
341.867355910453
341.867355910453
341.867355910453
341.867355910453
341.867355910453
341.867355910453
341.867355910453
341.867355910453
341.867355910453
341.86681968610685
341.86681968610685
341.86681968610685
341.86681968610685
341.86681968610685
341.86681968610685
341.86681968610685
341.8662834617607
341.8662834617607
341.8662834617607
341.8662834617607
341.86574723741455
341.86574723741455
341.86574723741455
341.86574723741455
341.86521101306846
341.86521101306846
341.86521101306846
341.8646747887223
341.8646747887223
341.86413856437616
341.86413856437616
341.86360234003
341.86360234003
341.8630661156839
341.8630661156839
341.8625298913378
338.95941128135036
338.95941128135036
338.95941128135036
338.95941128135036
338.95941128135036
338.95941128135036
338.95941128135036
338.95941128135036
338.95886997201325
338.95886997201325
338.95886997201325
338.95886997201325
338.95886997201325
338.95886997201325
338.95886997201325
338.95886997201325
338.95886997201325
338.95886997201325
338.95886997201325
338.95886997201325
338.95886997201325
338.95886997201325
338.95886997201325
338.95886997201325
338.95886997201325
338.95886997201325
338.95886997201325
338.95886997201325
338.95886997201325
338.95886997201325
338.95886997201325
338.95886997201325
338.95886997201325
338.95886997201325
338.95886997201325
338.95886997201325
338.95886997201325
338.95886997201325
338.95886997201325
338.95886997201325
338.95886997201325
338.95886997201325
338.95886997201325
338.95886997201325
338.95886997201325
338.95886997201325
338.95886997201325
338.95886997201325
338.95886997201325
338.95886997201325
338.95886997201325
338.95886997201325
338.95886997201325
338.95886997201325
338.9583286626762
338.9583286626762
338.9583286626762
338.9583286626762
338.9583286626762
338.9583286626762
338.9583286626762
338.9583286626762
338.9583286626762
338.9583286626762
338.9577873533391
338.9577873533391
338.9577873533391
338.9577873533391
338.9577873533391
338.9577873533391
338.957246044002
338.957246044002
338.957246044002
338.957246044002
338.95670473466487
338.95670473466487
338.95670473466487
338.95670473466487
338.9561634253279
338.9561634253279
338.95562211599076
338.95562211599076
338.95562211599076
338.95508080665365
338.95508080665365
336.03742347974475
336.03742347974475
336.03742347974475
336.03742347974475
336.03742347974475
336.03742347974475
336.03742347974475
336.03742347974475
336.03742347974475
336.03742347974475
336.03742347974475
336.03742347974475
336.03742347974475
336.03742347974475
336.03742347974475
336.03742347974475
336.03742347974475
336.03742347974475
336.03742347974475
336.03742347974475
336.03742347974475
336.03742347974475
336.03742347974475
336.03742347974475
336.03742347974475
336.03742347974475
336.03742347974475
336.03742347974475
336.03742347974475
336.03742347974475
336.03742347974475
336.03742347974475
336.03742347974475
336.03742347974475
336.03742347974475
336.03742347974475
336.03742347974475
336.03742347974475
336.03742347974475
336.03742347974475
336.03742347974475
336.03742347974475
336.03742347974475
336.03742347974475
336.03742347974475
336.03742347974475
336.03742347974475
336.03742347974475
336.03742347974475
336.0368823216358
336.0368823216358
336.0368823216358
336.0368823216358
336.0368823216358
336.0368823216358
336.0368823216358
336.0368823216358
336.0368823216358
336.0368823216358
336.0368823216358
336.0368823216358
336.0368823216358
336.0368823216358
336.0368823216358
336.0368823216358
336.0363411635268
336.0363411635268
336.0363411635268
336.0363411635268
336.0363411635268
336.0363411635268
336.0363411635268
336.03580000541774
336.03580000541774
336.03580000541774
336.03580000541774
336.03580000541774
336.03525884730874
336.03525884730874
336.03525884730874
336.03525884730874
336.0347176891998
336.0347176891998
336.0347176891998
336.0341765310908
333.1308632763108
333.1308632763108
333.1308632763108
333.1308632763108
333.1308632763108
333.1308632763108
333.1308632763108
333.1308632763108
333.1308632763108
333.1308632763108
333.1308632763108
333.1308632763108
333.1308632763108
333.1308632763108
333.1308632763108
333.1308632763108
333.1308632763108
333.1308632763108
333.1308632763108
333.1308632763108
333.1308632763108
333.1308632763108
333.1308632763108
333.1308632763108
333.1308632763108
333.1308632763108
333.1308632763108
333.1308632763108
333.1308632763108
333.1308632763108
333.1308632763108
333.1308632763108
333.1308632763108
333.1308632763108
333.1308632763108
333.1308632763108
333.1308632763108
333.1308632763108
333.1308632763108
333.1308632763108
333.1308632763108
333.1308632763108
333.1308632763108
333.1308632763108
333.1308632763108
333.1308632763108
333.1308632763108
333.1308632763108
333.1308632763108
333.1308632763108
333.1308632763108
333.1308632763108
333.1308632763108
333.1308632763108
333.1308632763108
333.1308632763108
333.1308632763108
333.1308632763108
333.1308632763108
333.1308632763108
333.1308632763108
333.1308632763108
333.1308632763108
333.1308632763108
333.1308632763108
333.1308632763108
333.13031346110205
333.13031346110205
333.13031346110205
333.13031346110205
333.13031346110205
333.13031346110205
333.13031346110205
333.13031346110205
333.13031346110205
333.13031346110205
333.12976364589326
333.12976364589326
333.12976364589326
333.12976364589326
333.12976364589326
333.12976364589326
333.12976364589326
333.1292138306845
333.1292138306845
330.1932006158028
330.1932006158028
330.1932006158028
330.1932006158028
330.1932006158028
330.1932006158028
330.1932006158028
330.1932006158028
330.1932006158028
330.1932006158028
330.1932006158028
330.1932006158028
330.1932006158028
330.1932006158028
330.1932006158028
330.1932006158028
330.1932006158028
330.1932006158028
330.1932006158028
330.1932006158028
330.1932006158028
330.1932006158028
330.1932006158028
330.1932006158028
330.1932006158028
330.1932006158028
330.1932006158028
330.1932006158028
330.1932006158028
330.1932006158028
330.1932006158028
330.1932006158028
330.1932006158028
330.1932006158028
330.1932006158028
330.1932006158028
330.1932006158028
330.1932006158028
330.1932006158028
330.1932006158028
330.1932006158028
330.1932006158028
330.1932006158028
330.1932006158028
330.1932006158028
330.1932006158028
330.1932006158028
330.1932006158028
330.1932006158028
330.1932006158028
330.1932006158028
330.1932006158028
330.1932006158028
330.1932006158028
330.1932006158028
330.1932006158028
330.1932006158028
330.1932006158028
330.1932006158028
330.1932006158028
330.1932006158028
330.1932006158028
330.1932006158028
330.19268058585476
330.19268058585476
330.19268058585476
330.19268058585476
330.19268058585476
330.19268058585476
330.19268058585476
330.19268058585476
330.19268058585476
330.19268058585476
330.19268058585476
330.19268058585476
330.19268058585476
330.19268058585476
330.19268058585476
330.19268058585476
330.19268058585476
330.19268058585476
330.19268058585476
330.19268058585476
330.19268058585476
330.19268058585476
327.4282013818491
327.4282013818491
327.4282013818491
327.4282013818491
327.4282013818491
327.4282013818491
327.4282013818491
327.4282013818491
327.4282013818491
327.4282013818491
327.4282013818491
327.4282013818491
327.4282013818491
327.4282013818491
327.4282013818491
327.4282013818491
327.4282013818491
327.4282013818491
327.4282013818491
327.4282013818491
327.4282013818491
327.4282013818491
327.4282013818491
327.4282013818491
327.4282013818491
327.4282013818491
327.4282013818491
327.4282013818491
327.4282013818491
327.4282013818491
327.4282013818491
327.4282013818491
327.4282013818491
327.4282013818491
327.4282013818491
327.4282013818491
327.4282013818491
327.4282013818491
327.4282013818491
327.4282013818491
327.4282013818491
327.4282013818491
327.4282013818491
327.4282013818491
327.4282013818491
327.4282013818491
327.4282013818491
327.4282013818491
327.4287214117972
327.4287214117972
327.4287214117972
327.4287214117972
327.4287214117972
327.4287214117972
327.4287214117972
327.4287214117972
327.4287214117972
327.4287214117972
327.4287214117972
327.4287214117972
327.4287214117972
327.4287214117972
327.4287214117972
327.4287214117972
327.4287214117972
327.4287214117972
327.4287214117972
327.4287214117972
327.4287214117972
327.4287214117972
327.4287214117972
327.4287214117972
327.4287214117972
327.4287214117972
327.4287214117972
327.4287214117972
327.4287214117972
327.4287214117972
327.4287214117972
327.4287214117972
327.4287214117972
327.4287214117972
327.4287214117972
327.4287214117972
327.42924144174526
324.54279122128014
324.54279122128014
324.54279122128014
324.54279122128014
324.54279122128014
324.54279122128014
324.54279122128014
324.54279122128014
324.54279122128014
324.54279122128014
324.54279122128014
324.54279122128014
324.54279122128014
324.54279122128014
324.54279122128014
324.54279122128014
324.54279122128014
324.54279122128014
324.54279122128014
324.54279122128014
324.54279122128014
324.54279122128014
324.54279122128014
324.54279122128014
324.54279122128014
324.54279122128014
324.54279122128014
324.54279122128014
324.54279122128014
324.54279122128014
324.54279122128014
324.54279122128014
324.54279122128014
324.54279122128014
324.54279122128014
324.54279122128014
324.54279122128014
324.54279122128014
324.54279122128014
324.54279122128014
324.54279122128014
324.54279122128014
324.54279122128014
324.54279122128014
324.54279122128014
324.54279122128014
324.54279122128014
324.54279122128014
324.54279122128014
324.54279122128014
324.54279122128014
324.54279122128014
324.54279122128014
324.54279122128014
324.54279122128014
324.54279122128014
324.54279122128014
324.54279122128014
324.54279122128014
324.54279122128014
324.54279122128014
324.54279122128014
324.54279122128014
324.54333410183716
324.54333410183716
324.54333410183716
324.54333410183716
324.54333410183716
324.54333410183716
324.54333410183716
324.54333410183716
324.54333410183716
324.54333410183716
324.54333410183716
324.54333410183716
324.54387698239424
324.54387698239424
324.54387698239424
324.54387698239424
324.54387698239424
324.54387698239424
324.54387698239424
324.5444198629512
324.5444198629512
324.5444198629512
321.65730941746335
321.65730941746335
321.65730941746335
321.65730941746335
321.65730941746335
321.65730941746335
321.65730941746335
321.65730941746335
321.65730941746335
321.65730941746335
321.65730941746335
321.65730941746335
321.65730941746335
321.6578494664628
321.6578494664628
321.6578494664628
321.6578494664628
321.6578494664628
321.6578494664628
321.6578494664628
321.6578494664628
321.6578494664628
321.6578494664628
321.6578494664628
321.6578494664628
321.6578494664628
321.6578494664628
321.6578494664628
321.6578494664628
321.6578494664628
321.6578494664628
321.6578494664628
321.6578494664628
321.6578494664628
321.6578494664628
321.6578494664628
321.6578494664628
321.6578494664628
321.6578494664628
321.6578494664628
321.6578494664628
321.6578494664628
321.6578494664628
321.6578494664628
321.6578494664628
321.6578494664628
321.6578494664628
321.6578494664628
321.6578494664628
321.6578494664628
321.6578494664628
321.6578494664628
321.6578494664628
321.6578494664628
321.6578494664628
321.6578494664628
321.6578494664628
321.6578494664628
321.6578494664628
321.65838951546215
321.65838951546215
321.65838951546215
321.65838951546215
321.65838951546215
321.65838951546215
321.65838951546215
321.65838951546215
321.65838951546215
321.65838951546215
321.6589295644616
321.6589295644616
321.6589295644616
321.6589295644616
321.6589295644616
321.6589295644616
321.659469613461
321.659469613461
321.659469613461
321.659469613461
321.659469613461
321.66000966246037
321.66000966246037
321.66000966246037
321.66054971145974
321.66054971145974
318.7571766813028
318.7571766813028
318.7571766813028
318.7571766813028
318.7571766813028
318.7571766813028
318.7571766813028
318.7571766813028
318.7571766813028
318.7571766813028
318.7571766813028
318.7571766813028
318.7571766813028
318.7571766813028
318.7571766813028
318.7571766813028
318.7571766813028
318.7571766813028
318.7571766813028
318.7571766813028
318.7571766813028
318.7571766813028
318.7571766813028
318.7571766813028
318.7571766813028
318.7571766813028
318.7571766813028
318.7571766813028
318.7571766813028
318.7571766813028
318.7571766813028
318.7571766813028
318.7571766813028
318.7571766813028
318.7571766813028
318.7571766813028
318.7571766813028
318.7571766813028
318.7571766813028
318.7571766813028
318.7571766813028
318.7571766813028
318.7571766813028
318.7571766813028
318.7571766813028
318.7571766813028
318.7571766813028
318.7571766813028
318.7571766813028
318.7571766813028
318.7571766813028
318.7571766813028
318.7571766813028
318.7571766813028
318.7577169444802
318.7577169444802
318.7577169444802
318.7577169444802
318.7577169444802
318.7577169444802
318.7577169444802
318.7577169444802
318.7577169444802
318.7577169444802
318.75825720765755
318.75825720765755
318.75825720765755
318.75825720765755
318.75825720765755
318.75825720765755
318.75879747083496
318.75879747083496
318.75879747083496
318.75879747083496
318.7593377340123
318.7593377340123
318.7593377340123
318.7593377340123
318.7598779971897
318.7598779971897
318.7604182603671
318.7604182603671
318.7604182603671
318.76095852354445
318.76095852354445
315.8401213372605
315.8401213372605
315.8401213372605
315.8401213372605
315.8401213372605
315.8401213372605
315.8401213372605
315.8401213372605
315.8401213372605
315.8401213372605
315.8401213372605
315.8401213372605
315.8401213372605
315.8401213372605
315.8401213372605
315.8401213372605
315.8401213372605
315.8401213372605
315.8401213372605
315.8401213372605
315.8401213372605
315.8401213372605
315.8401213372605
315.8401213372605
315.8401213372605
315.8401213372605
315.8401213372605
315.8401213372605
315.8401213372605
315.8401213372605
315.8401213372605
315.8401213372605
315.8401213372605
315.8401213372605
315.8401213372605
315.8401213372605
315.8401213372605
315.8401213372605
315.8401213372605
315.8401213372605
315.8401213372605
315.8401213372605
315.8401213372605
315.8401213372605
315.8401213372605
315.8401213372605
315.84066193313595
315.84066193313595
315.84066193313595
315.84066193313595
315.84066193313595
315.84066193313595
315.84066193313595
315.84066193313595
315.84066193313595
315.84066193313595
315.84066193313595
315.84066193313595
315.84066193313595
315.8412025290114
315.8412025290114
315.8412025290114
315.8412025290114
315.8412025290114
315.8412025290114
315.8417431248869
315.8417431248869
315.8417431248869
315.8417431248869
315.8417431248869
315.8422837207624
315.8422837207624
315.8422837207624
315.84282431663786
315.84282431663786
315.84282431663786
315.84336491251327
315.84336491251327
315.8439055083888
315.8439055083888
315.8439055083888
315.84444610426425
315.84498670013977
315.84498670013977
315.8455272960152
312.9155163863451
312.9155163863451
312.9155163863451
312.9155163863451
312.9155163863451
312.9155163863451
312.9155163863451
312.9155163863451
312.9155163863451
312.9155163863451
312.9155163863451
312.9155163863451
312.9155163863451
312.9155163863451
312.9155163863451
312.9155163863451
312.9155163863451
312.9155163863451
312.9155163863451
312.9155163863451
312.9155163863451
312.9155163863451
312.9155163863451
312.9155163863451
312.9155163863451
312.9155163863451
312.9155163863451
312.9155163863451
312.9155163863451
312.9155163863451
312.9155163863451
312.9155163863451
312.9155163863451
312.9155163863451
312.9155163863451
312.9155163863451
312.9155163863451
312.9160556828508
312.9160556828508
312.9160556828508
312.9160556828508
312.9160556828508
312.9160556828508
312.9160556828508
312.9160556828508
312.9160556828508
312.9160556828508
312.9160556828508
312.9160556828508
312.9160556828508
312.9160556828508
312.9160556828508
312.9160556828508
312.91659497935666
312.91659497935666
312.91659497935666
312.91659497935666
312.91659497935666
312.91659497935666
312.91659497935666
312.91659497935666
312.91713427586245
312.91713427586245
312.91713427586245
312.91713427586245
312.91713427586245
312.91767357236824
312.91767357236824
312.91767357236824
312.918212868874
312.918212868874
312.918212868874
312.91875216537983
312.91875216537983
312.91875216537983
312.9192914618856
312.9192914618856
312.91983075839136
312.91983075839136
312.92037005489715
312.92037005489715
312.920909351403
312.9214486479088
312.9219879444145
312.9219879444145
309.9794776375971
309.9794776375971
309.9794776375971
309.9794776375971
309.9794776375971
309.9794776375971
309.9794776375971
309.9794776375971
309.9794776375971
309.9794776375971
309.9794776375971
309.9794776375971
309.9794776375971
309.9794776375971
309.9794776375971
309.9794776375971
309.9794776375971
309.9794776375971
309.9794776375971
309.9794776375971
309.9794776375971
309.9794776375971
309.9794776375971
309.9794776375971
309.9794776375971
309.9794776375971
309.9794776375971
309.9794776375971
309.9794776375971
309.9800163603033
309.9800163603033
309.9800163603033
309.9800163603033
309.9800163603033
309.9800163603033
309.9800163603033
309.9800163603033
309.9800163603033
309.9800163603033
309.9800163603033
309.9800163603033
309.9800163603033
309.9800163603033
309.9800163603033
309.9800163603033
309.9800163603033
309.9800163603033
309.9800163603033
309.9800163603033
309.9805550830095
309.9805550830095
309.9805550830095
309.9805550830095
309.9805550830095
309.9805550830095
309.9805550830095
309.9805550830095
309.98109380571566
309.98109380571566
309.98109380571566
309.98109380571566
309.98109380571566
309.98109380571566
309.98163252842187
309.98163252842187
309.98163252842187
309.9821712511281
309.9821712511281
309.9821712511281
309.9821712511281
309.9827099738343
309.9827099738343
309.98324869654044
309.98324869654044
309.98378741924665
309.98378741924665
309.98432614195286
309.98432614195286
309.984864864659
309.98540358736517
309.98540358736517
309.9859423100714
309.9864810327776
309.9870197554838
309.98755847818995
307.03762822566887
307.03762822566887
307.03762822566887
307.03762822566887
307.03762822566887
307.03762822566887
307.03762822566887
307.03762822566887
307.03762822566887
307.03762822566887
307.03762822566887
307.03762822566887
307.03762822566887
307.03762822566887
307.03762822566887
307.03762822566887
307.03762822566887
307.03762822566887
307.03762822566887
307.03762822566887
307.03762822566887
307.03762822566887
307.03762822566887
307.03762822566887
307.03762822566887
307.03762822566887
307.03762822566887
307.03762822566887
307.0381653535512
307.0381653535512
307.0381653535512
307.0381653535512
307.0381653535512
307.0381653535512
307.0381653535512
307.0381653535512
307.0381653535512
307.0381653535512
307.0381653535512
307.0381653535512
307.0381653535512
307.0381653535512
307.0381653535512
307.0381653535512
307.0381653535512
307.0381653535512
307.0381653535512
307.03870248143363
307.03870248143363
307.03870248143363
307.03870248143363
307.03870248143363
307.03870248143363
307.03870248143363
307.03870248143363
307.03923960931604
307.03923960931604
307.03923960931604
307.03923960931604
307.03923960931604
307.03923960931604
307.0397767371985
307.0397767371985
307.0397767371985
307.04031386508086
307.04031386508086
307.04031386508086
307.04031386508086
307.04085099296327
307.04085099296327
307.0413881208457
307.0413881208457
307.0419252487281
307.0419252487281
307.04246237661044
307.04246237661044
307.0429995044929
307.0435366323753
307.0435366323753
307.04407376025773
307.0446108881401
307.0451480160225
307.0456851439049
307.04622227178737
307.0467593996697
304.08065725356363
304.08065725356363
304.08065725356363
304.08065725356363
304.08065725356363
304.08065725356363
304.08065725356363
304.08065725356363
304.08065725356363
304.08065725356363
304.08065725356363
304.08065725356363
304.08065725356363
304.08065725356363
304.08065725356363
304.08065725356363
304.08065725356363
304.08065725356363
304.08065725356363
304.08065725356363
304.08065725356363
304.08065725356363
304.08065725356363
304.08065725356363
304.08065725356363
304.08065725356363
304.08065725356363
304.08065725356363
304.08065725356363
304.08065725356363
304.08065725356363
304.08065725356363
304.08065725356363
304.08065725356363
304.08065725356363
304.08065725356363
304.08065725356363
304.0811944939292
304.0811944939292
304.0811944939292
304.0811944939292
304.0811944939292
304.0811944939292
304.0811944939292
304.0811944939292
304.0811944939292
304.0811944939292
304.0811944939292
304.0811944939292
304.0817317342948
304.0817317342948
304.0817317342948
304.0817317342948
304.0817317342948
304.0817317342948
304.0817317342948
304.0822689746604
304.0822689746604
304.0822689746604
304.0822689746604
304.0828062150259
304.0828062150259
304.0828062150259
304.0828062150259
304.0833434553915
304.0833434553915
304.0833434553915
304.0838806957571
304.0838806957571
304.08441793612263
304.08441793612263
304.0849551764882
304.0849551764882
304.0854924168538
304.0854924168538
304.0860296572194
304.08656689758493
304.0871041379505
304.0871041379505
304.0876413783161
304.0881786186817
304.08871585904717
304.08925309941276
304.09032758014393
304.09086482050947
301.1204717159755
301.1204717159755
301.1204717159755
301.1204717159755
301.1204717159755
301.1204717159755
301.1204717159755
301.1204717159755
301.1204717159755
301.1204717159755
301.1204717159755
301.1204717159755
301.1204717159755
301.1204717159755
301.1204717159755
301.1204717159755
301.1204717159755
301.1204717159755
301.1204717159755
301.1204717159755
301.1204717159755
301.1204717159755
301.1204717159755
301.1204717159755
301.1204717159755
301.1204717159755
301.1204717159755
301.1204717159755
301.1204717159755
301.1204717159755
301.1204717159755
301.1204717159755
301.12100681820573
301.12100681820573
301.12100681820573
301.12100681820573
301.12100681820573
301.12100681820573
301.12100681820573
301.12100681820573
301.12100681820573
301.12100681820573
301.12100681820573
301.12100681820573
301.12100681820573
301.12100681820573
301.12154192043596
301.12154192043596
301.12154192043596
301.12154192043596
301.12154192043596
301.12154192043596
301.12154192043596
301.12154192043596
301.12207702266613
301.12207702266613
301.12207702266613
301.12207702266613
301.12261212489636
301.12261212489636
301.12261212489636
301.12261212489636
301.12314722712665
301.12314722712665
301.12314722712665
301.1236823293569
301.1236823293569
301.12421743158706
301.12421743158706
301.1247525338173
301.1247525338173
301.1252876360475
301.1252876360475
301.12582273827775
301.1263578405079
301.1263578405079
301.12689294273815
301.1274280449684
301.12796314719867
301.12849824942884
301.1290333516591
301.1295684538893
301.1301035561195
301.13117376057994
301.13170886281017
298.15448297983863
298.15448297983863
298.15448297983863
298.15448297983863
298.15448297983863
298.15501643105017
298.15501643105017
298.15501643105017
298.15501643105017
298.15501643105017
298.15501643105017
298.15501643105017
298.15501643105017
298.15501643105017
298.15501643105017
298.15501643105017
298.15501643105017
298.15501643105017
298.15501643105017
298.15501643105017
298.15501643105017
298.15501643105017
298.15501643105017
298.15501643105017
298.15501643105017
298.15501643105017
298.15501643105017
298.15501643105017
298.15501643105017
298.15501643105017
298.15501643105017
298.15501643105017
298.15501643105017
298.15501643105017
298.15501643105017
298.15501643105017
298.15501643105017
298.15501643105017
298.15501643105017
298.1555498822617
298.1555498822617
298.1555498822617
298.1555498822617
298.1555498822617
298.1555498822617
298.1555498822617
298.1555498822617
298.1555498822617
298.1555498822617
298.15608333347325
298.15608333347325
298.15608333347325
298.15608333347325
298.15608333347325
298.15608333347325
298.1566167846848
298.1566167846848
298.1566167846848
298.1566167846848
298.1571502358963
298.1571502358963
298.1571502358963
298.15768368710786
298.15768368710786
298.15768368710786
298.15821713831934
298.15821713831934
298.15875058953094
298.15875058953094
298.1592840407425
298.1592840407425
298.159817491954
298.1603509431655
298.1608843943771
298.1608843943771
298.16141784558863
298.16195129680017
298.16248474801165
298.1630181992232
298.1635516504348
298.1640851016463
298.1646185528578
298.1656854552809
298.1662189064925
298.1672858089155
295.18124516142933
295.18124516142933
295.18124516142933
295.18124516142933
295.18124516142933
295.18124516142933
295.18124516142933
295.18124516142933
295.18124516142933
295.18124516142933
295.18124516142933
295.18124516142933
295.18124516142933
295.18124516142933
295.18124516142933
295.18124516142933
295.18124516142933
295.18124516142933
295.18124516142933
295.18124516142933
295.1817773321504
295.1817773321504
295.1817773321504
295.1817773321504
295.1817773321504
295.1817773321504
295.1817773321504
295.1817773321504
295.1817773321504
295.1817773321504
295.1817773321504
295.1817773321504
295.1817773321504
295.1817773321504
295.1817773321504
295.1817773321504
295.1817773321504
295.1817773321504
295.1817773321504
295.1817773321504
295.1817773321504
295.1823095028714
295.1823095028714
295.1823095028714
295.1823095028714
295.1823095028714
295.1823095028714
295.1823095028714
295.1823095028714
295.18284167359246
295.18284167359246
295.18284167359246
295.18284167359246
295.18284167359246
295.18337384431345
295.18337384431345
295.18337384431345
295.18337384431345
295.1839060150345
295.1839060150345
295.1839060150345
295.18443818575554
295.18443818575554
295.18443818575554
295.1849703564765
295.1849703564765
295.18550252719757
295.18550252719757
295.18603469791867
295.18603469791867
295.1865668686397
295.1870990393607
295.1870990393607
295.18763121008175
295.1881633808028
295.18869555152384
295.1892277222448
295.18975989296587
295.1902920636869
295.19082423440796
295.19188857585
295.19242074657103
295.1929529172921
295.1940172587341
295.1950816001762
292.2043485926303
292.2043485926303
292.2043485926303
292.2043485926303
292.2043485926303
292.2043485926303
292.2043485926303
292.2043485926303
292.2043485926303
292.2043485926303
292.2043485926303
292.2043485926303
292.2043485926303
292.2043485926303
292.2043485926303
292.2043485926303
292.2043485926303
292.2043485926303
292.2043485926303
292.2043485926303
292.2043485926303
292.2043485926303
292.2043485926303
292.2048787612089
292.2048787612089
292.2048787612089
292.2048787612089
292.2048787612089
292.2048787612089
292.2048787612089
292.2048787612089
292.2048787612089
292.2048787612089
292.2048787612089
292.2048787612089
292.2048787612089
292.2048787612089
292.2048787612089
292.2048787612089
292.2048787612089
292.2048787612089
292.2054089297875
292.2054089297875
292.2054089297875
292.2054089297875
292.2054089297875
292.2054089297875
292.2054089297875
292.20593909836606
292.20593909836606
292.20593909836606
292.20593909836606
292.20593909836606
292.20593909836606
292.2064692669447
292.2064692669447
292.2064692669447
292.20699943552324
292.20699943552324
292.20699943552324
292.20752960410186
292.20752960410186
292.20752960410186
292.20805977268043
292.20805977268043
292.20858994125905
292.20858994125905
292.2091201098376
292.2091201098376
292.20965027841623
292.2101804469948
292.2107106155734
292.2107106155734
292.211240784152
292.2117709527306
292.2123011213092
292.21283128988773
292.21336145846635
292.213891627045
292.2149519642021
292.2154821327807
292.21601230135934
292.21707263851647
292.2181329756737
292.21866314425233
289.2225360494577
289.2225360494577
289.2225360494577
289.2225360494577
289.2225360494577
289.2225360494577
289.2225360494577
289.2225360494577
289.2225360494577
289.2225360494577
289.2225360494577
289.2225360494577
289.2225360494577
289.2225360494577
289.2225360494577
289.2225360494577
289.2225360494577
289.2225360494577
289.2225360494577
289.2225360494577
289.2225360494577
289.2225360494577
289.2225360494577
289.2225360494577
289.2225360494577
289.2230644585563
289.2230644585563
289.2230644585563
289.2230644585563
289.2230644585563
289.2230644585563
289.2230644585563
289.2230644585563
289.2230644585563
289.2230644585563
289.2230644585563
289.2230644585563
289.2230644585563
289.2230644585563
289.2230644585563
289.2230644585563
289.2235928676548
289.2235928676548
289.2235928676548
289.2235928676548
289.2235928676548
289.2235928676548
289.2235928676548
289.22412127675335
289.22412127675335
289.22412127675335
289.22412127675335
289.22412127675335
289.22464968585194
289.22464968585194
289.22464968585194
289.22464968585194
289.2251780949505
289.2251780949505
289.2251780949505
289.22570650404907
289.22570650404907
289.2262349131476
289.2262349131476
289.22676332224614
289.22676332224614
289.22729173134474
289.22729173134474
289.2278201404433
289.22834854954186
289.22834854954186
289.2288769586404
289.229405367739
289.2299337768376
289.23046218593606
289.23099059503465
289.23151900413325
289.2320474132318
289.2331042314289
289.23363264052745
289.23416104962604
289.2352178678231
289.23627468602024
289.2368030951188
289.23785991331596
286.2388367783432
286.2388367783432
286.2388367783432
286.2388367783432
286.2388367783432
286.2388367783432
286.2388367783432
286.2388367783432
286.2388367783432
286.2388367783432
286.2388367783432
286.2388367783432
286.2388367783432
286.2388367783432
286.2388367783432
286.2388367783432
286.2388367783432
286.2388367783432
286.2388367783432
286.2388367783432
286.2388367783432
286.2388367783432
286.2388367783432
286.2388367783432
286.2388367783432
286.2388367783432
286.2388367783432
286.2388367783432
286.2388367783432
286.2388367783432
286.23936291117184
286.23936291117184
286.23936291117184
286.23936291117184
286.23936291117184
286.23936291117184
286.23936291117184
286.23936291117184
286.23936291117184
286.23936291117184
286.23936291117184
286.23936291117184
286.2398890440005
286.2398890440005
286.2398890440005
286.2398890440005
286.2398890440005
286.2398890440005
286.24041517682906
286.24041517682906
286.24041517682906
286.24041517682906
286.24041517682906
286.2409413096577
286.2409413096577
286.2409413096577
286.2409413096577
286.24146744248634
286.24146744248634
286.24199357531495
286.24199357531495
286.24199357531495
286.24251970814356
286.24251970814356
286.24304584097223
286.24304584097223
286.24357197380084
286.2440981066294
286.2440981066294
286.24462423945806
286.2451503722867
286.24567650511534
286.2462026379439
286.24672877077256
286.2472549036012
286.24778103642984
286.2483071692584
286.24883330208706
286.2498855677443
286.2504117005729
286.2514639662302
286.2519900990588
286.253042364716
286.2540946303733
286.2551468960305
283.2556797823914
283.2556797823914
283.2556797823914
283.2556797823914
283.2556797823914
283.2556797823914
283.2556797823914
283.2556797823914
283.2556797823914
283.2556797823914
283.2556797823914
283.2556797823914
283.2556797823914
283.2556797823914
283.2556797823914
283.2562031432679
283.2562031432679
283.2562031432679
283.2562031432679
283.2562031432679
283.2562031432679
283.2562031432679
283.2562031432679
283.2562031432679
283.2562031432679
283.2562031432679
283.2562031432679
283.2562031432679
283.2562031432679
283.2562031432679
283.2562031432679
283.2562031432679
283.2562031432679
283.2562031432679
283.2562031432679
283.2562031432679
283.25672650414435
283.25672650414435
283.25672650414435
283.25672650414435
283.25672650414435
283.25672650414435
283.25672650414435
283.25672650414435
283.25672650414435
283.25724986502087
283.25724986502087
283.25724986502087
283.25724986502087
283.25724986502087
283.2577732258973
283.2577732258973
283.2577732258973
283.2577732258973
283.25829658677384
283.25829658677384
283.25829658677384
283.2588199476503
283.2588199476503
283.2588199476503
283.2593433085268
283.2593433085268
283.25986666940327
283.25986666940327
283.2603900302797
283.2603900302797
283.26091339115624
283.26143675203275
283.26143675203275
283.2619601129092
283.26248347378566
283.2630068346622
283.2635301955387
283.2640535564151
283.2645769172916
283.2651002781681
283.26614699992103
283.26667036079755
283.26719372167406
283.268240443427
283.2687638043035
283.2698105260564
283.27085724780943
283.27190396956235
283.2729506913154
280.2718184504992
280.2718184504992
280.2718184504992
280.2718184504992
280.2718184504992
280.2718184504992
280.2718184504992
280.2718184504992
280.2718184504992
280.2718184504992
280.2718184504992
280.2718184504992
280.2723393760111
280.2723393760111
280.2723393760111
280.2723393760111
280.2723393760111
280.2723393760111
280.2723393760111
280.2723393760111
280.2723393760111
280.2723393760111
280.2723393760111
280.2723393760111
280.2723393760111
280.2723393760111
280.2723393760111
280.2723393760111
280.2723393760111
280.2723393760111
280.2723393760111
280.2723393760111
280.2723393760111
280.2723393760111
280.2723393760111
280.2728603015229
280.2728603015229
280.2728603015229
280.2728603015229
280.2728603015229
280.2728603015229
280.2728603015229
280.2728603015229
280.2728603015229
280.27338122703475
280.27338122703475
280.27338122703475
280.27338122703475
280.27338122703475
280.2739021525466
280.2739021525466
280.2739021525466
280.2739021525466
280.2744230780585
280.2744230780585
280.2744230780585
280.2749440035703
280.2749440035703
280.2749440035703
280.27546492908215
280.27546492908215
280.275985854594
280.275985854594
280.2765067801059
280.2765067801059
280.27702770561774
280.2775486311296
280.2775486311296
280.27806955664147
280.27859048215333
280.27911140766514
280.279632333177
280.28015325868887
280.28067418420073
280.28119510971254
280.2817160352244
280.28275788624813
280.28327881175994
280.28432066278367
280.28484158829554
280.2858834393192
280.28692529034294
280.28796714136666
280.28900899239034
280.29005084341406
277.28953366878005
277.28953366878005
277.28953366878005
277.28953366878005
277.28953366878005
277.28953366878005
277.28953366878005
277.28953366878005
277.28953366878005
277.28953366878005
277.28953366878005
277.28953366878005
277.28953366878005
277.28953366878005
277.28953366878005
277.28953366878005
277.28953366878005
277.28953366878005
277.28953366878005
277.28953366878005
277.28953366878005
277.28953366878005
277.28953366878005
277.28953366878005
277.28953366878005
277.28953366878005
277.28953366878005
277.29005178635856
277.29005178635856
277.29005178635856
277.29005178635856
277.29005178635856
277.29005178635856
277.29005178635856
277.29005178635856
277.29005178635856
277.29005178635856
277.29005178635856
277.29005178635856
277.29056990393696
277.29056990393696
277.29056990393696
277.29056990393696
277.29056990393696
277.29056990393696
277.29056990393696
277.29108802151546
277.29108802151546
277.29108802151546
277.29108802151546
277.29108802151546
277.291606139094
277.291606139094
277.291606139094
277.2921242566725
277.2921242566725
277.2921242566725
277.2926423742509
277.2926423742509
277.2931604918294
277.2931604918294
277.2936786094079
277.2936786094079
277.2941967269864
277.2941967269864
277.2947148445648
277.2952329621433
277.2952329621433
277.2957510797218
277.2962691973002
277.2967873148787
277.2973054324572
277.29782355003573
277.2983416676141
277.29885978519263
277.29989602034965
277.30041413792804
277.30145037308506
277.3019684906635
277.3030047258205
277.30404096097743
277.3050771961344
277.30611343129135
277.3071496664483
277.30818590160527
274.31075455473615
274.31075455473615
274.31075455473615
274.31075455473615
274.31075455473615
274.31075455473615
274.31075455473615
274.31075455473615
274.31075455473615
274.31075455473615
274.31075455473615
274.31075455473615
274.31075455473615
274.31075455473615
274.31075455473615
274.31075455473615
274.31075455473615
274.31075455473615
274.31075455473615
274.31075455473615
274.31075455473615
274.31075455473615
274.31075455473615
274.31075455473615
274.31075455473615
274.31075455473615
274.31075455473615
274.31075455473615
274.31075455473615
274.31075455473615
274.3112694690169
274.3112694690169
274.3112694690169
274.3112694690169
274.3112694690169
274.3112694690169
274.3112694690169
274.3112694690169
274.3112694690169
274.3112694690169
274.31178438329766
274.31178438329766
274.31178438329766
274.31178438329766
274.31178438329766
274.31178438329766
274.31229929757836
274.31229929757836
274.31229929757836
274.31229929757836
274.31229929757836
274.31281421185906
274.31281421185906
274.31281421185906
274.3133291261398
274.3133291261398
274.3133291261398
274.3138440404206
274.3138440404206
274.3143589547013
274.3143589547013
274.31487386898203
274.31487386898203
274.3153887832628
274.31590369754355
274.31590369754355
274.3164186118242
274.31693352610495
274.3174484403857
274.3174484403857
274.31796335466646
274.31847826894716
274.3195080975086
274.3200230117894
274.3205379260701
274.32105284035083
274.32208266891234
274.32259758319304
274.3236274117545
274.32465724031596
274.32568706887747
274.32671689743887
274.3277467260004
274.32877655456184
274.330321297404
271.33714388679965
271.33714388679965
271.33714388679965
271.33714388679965
271.33714388679965
271.33714388679965
271.33714388679965
271.33714388679965
271.33714388679965
271.33714388679965
271.33714388679965
271.33714388679965
271.33714388679965
271.33714388679965
271.33714388679965
271.33714388679965
271.33714388679965
271.33714388679965
271.33714388679965
271.33714388679965
271.33714388679965
271.33714388679965
271.33714388679965
271.33714388679965
271.33714388679965
271.33714388679965
271.33714388679965
271.33714388679965
271.33714388679965
271.3376553437429
271.3376553437429
271.3376553437429
271.3376553437429
271.3376553437429
271.3376553437429
271.3376553437429
271.3376553437429
271.3376553437429
271.3376553437429
271.3376553437429
271.33816680068617
271.33816680068617
271.33816680068617
271.33816680068617
271.33816680068617
271.33816680068617
271.33867825762934
271.33867825762934
271.33867825762934
271.33867825762934
271.33918971457257
271.33918971457257
271.33918971457257
271.33918971457257
271.3397011715158
271.3397011715158
271.3402126284591
271.3402126284591
271.3402126284591
271.34072408540226
271.34072408540226
271.3412355423455
271.3417469992887
271.3417469992887
271.34225845623195
271.3427699131752
271.3427699131752
271.3432813701184
271.34379282706163
271.34430428400486
271.3448157409481
271.3453271978913
271.34583865483455
271.3463501117778
271.34737302566424
271.34788448260747
271.3489073964939
271.34941885343716
271.3504417673236
271.3514646812101
271.35248759509653
271.353510508983
271.35453342286945
271.35606779369914
271.3570907075856
268.3650057379946
268.3650057379946
268.3650057379946
268.3650057379946
268.3650057379946
268.3650057379946
268.3650057379946
268.3650057379946
268.3650057379946
268.3650057379946
268.3650057379946
268.3650057379946
268.3650057379946
268.3650057379946
268.3650057379946
268.3650057379946
268.3650057379946
268.3650057379946
268.3650057379946
268.3650057379946
268.3650057379946
268.3650057379946
268.3650057379946
268.3650057379946
268.3650057379946
268.3650057379946
268.3650057379946
268.3650057379946
268.3650057379946
268.3655144044585
268.3655144044585
268.3655144044585
268.3655144044585
268.3655144044585
268.3655144044585
268.3655144044585
268.3655144044585
268.3655144044585
268.3655144044585
268.3660230709225
268.3660230709225
268.3660230709225
268.3660230709225
268.3660230709225
268.3660230709225
268.3665317373864
268.3665317373864
268.3665317373864
268.3665317373864
268.3665317373864
268.36704040385035
268.36704040385035
268.36704040385035
268.3675490703143
268.3675490703143
268.3675490703143
268.36805773677827
268.36805773677827
268.3685664032422
268.3685664032422
268.3690750697061
268.3690750697061
268.36958373617006
268.37009240263404
268.37009240263404
268.370601069098
268.37110973556184
268.37161840202583
268.37212706848976
268.37263573495375
268.3731444014176
268.3736530678816
268.37416173434553
268.3746704008095
268.3756877337374
268.3761964002013
268.37721373312917
268.3777223995931
268.37873973252096
268.37975706544887
268.38077439837673
268.38179173130465
268.38331773069643
268.38433506362435
268.3858610630162
265.4013125645265
265.4013125645265
265.4013125645265
265.4013125645265
265.4013125645265
265.4013125645265
265.4013125645265
265.4013125645265
265.4013125645265
265.4013125645265
265.4013125645265
265.4013125645265
265.4013125645265
265.4013125645265
265.4013125645265
265.4013125645265
265.4013125645265
265.4013125645265
265.4013125645265
265.4013125645265
265.4013125645265
265.4013125645265
265.4013125645265
265.4013125645265
265.4013125645265
265.4013125645265
265.4013125645265
265.4013125645265
265.4013125645265
265.4013125645265
265.4018172806664
265.4018172806664
265.4018172806664
265.4018172806664
265.4018172806664
265.4018172806664
265.4018172806664
265.4018172806664
265.4018172806664
265.4018172806664
265.40232199680634
265.40232199680634
265.40232199680634
265.40232199680634
265.40232199680634
265.40282671294625
265.40282671294625
265.40282671294625
265.40282671294625
265.40282671294625
265.4033314290861
265.4033314290861
265.4033314290861
265.403836145226
265.403836145226
265.403836145226
265.40434086136594
265.40434086136594
265.4048455775058
265.4048455775058
265.40535029364565
265.40535029364565
265.40585500978557
265.4063597259255
265.4068644420654
265.4068644420654
265.40736915820526
265.40787387434517
265.4083785904851
265.40888330662494
265.40938802276486
265.4098927389048
265.4103974550447
265.41140688732446
265.4119116034643
265.4129210357441
265.413425751884
265.41443518416384
265.4154446164436
265.41645404872344
265.4174634810032
265.418472913283
265.41998706170267
265.42099649398244
265.42251064240213
262.44483859592367
262.44483859592367
262.44483859592367
262.44483859592367
262.44483859592367
262.44483859592367
262.44483859592367
262.44483859592367
262.44483859592367
262.44483859592367
262.44483859592367
262.44483859592367
262.44483859592367
262.44483859592367
262.44483859592367
262.44483859592367
262.44533952340055
262.44533952340055
262.44533952340055
262.44533952340055
262.44533952340055
262.44533952340055
262.44533952340055
262.44533952340055
262.44533952340055
262.44533952340055
262.44533952340055
262.44533952340055
262.44533952340055
262.44533952340055
262.44533952340055
262.44533952340055
262.44533952340055
262.44533952340055
262.4458404508775
262.4458404508775
262.4458404508775
262.4458404508775
262.4458404508775
262.4458404508775
262.4458404508775
262.4463413783543
262.4463413783543
262.4463413783543
262.4463413783543
262.4463413783543
262.4463413783543
262.44684230583124
262.44684230583124
262.44684230583124
262.4473432333081
262.4473432333081
262.4473432333081
262.447844160785
262.447844160785
262.447844160785
262.4483450882619
262.4483450882619
262.4488460157388
262.4488460157388
262.4493469432157
262.4493469432157
262.44984787069257
262.45034879816944
262.45034879816944
262.4508497256464
262.45135065312326
262.4518515806001
262.452352508077
262.4528534355539
262.4533543630308
262.45385529050765
262.45485714546146
262.4553580729384
262.4558590004152
262.45686085536903
262.4578627103228
262.45836363779966
262.4593654927535
262.46036734770723
262.4618701301379
262.46287198509174
262.4638738400455
262.46537662247613
262.4668794049068
259.4969202188189
259.4969202188189
259.4974172544583
259.4974172544583
259.4974172544583
259.4974172544583
259.4974172544583
259.4974172544583
259.4974172544583
259.4974172544583
259.4974172544583
259.4974172544583
259.4974172544583
259.4974172544583
259.4974172544583
259.4974172544583
259.4974172544583
259.4974172544583
259.4974172544583
259.4974172544583
259.4974172544583
259.4974172544583
259.4974172544583
259.4974172544583
259.4974172544583
259.4974172544583
259.4974172544583
259.4974172544583
259.4974172544583
259.4974172544583
259.4979142900977
259.4979142900977
259.4979142900977
259.4979142900977
259.4979142900977
259.4979142900977
259.4979142900977
259.4979142900977
259.4979142900977
259.498411325737
259.498411325737
259.498411325737
259.498411325737
259.498411325737
259.498411325737
259.4989083613764
259.4989083613764
259.4989083613764
259.4989083613764
259.4994053970158
259.4994053970158
259.4994053970158
259.4999024326552
259.4999024326552
259.4999024326552
259.50039946829446
259.50039946829446
259.50089650393386
259.50089650393386
259.50139353957326
259.50139353957326
259.50189057521266
259.50238761085194
259.50238761085194
259.50288464649134
259.50338168213074
259.50387871777014
259.5043757534094
259.5048727890488
259.5053698246882
259.5058668603276
259.50636389596696
259.5068609316063
259.5078550028851
259.50835203852444
259.5093461098032
259.5103401810819
259.51083721672126
259.511831288
259.51282535927874
259.5143164661969
259.5153105374756
259.51680164439375
259.51779571567243
259.5192868225906
256.5566507180266
256.5566507180266
256.5566507180266
256.5566507180266
256.5566507180266
256.5566507180266
256.5566507180266
256.5566507180266
256.5566507180266
256.5566507180266
256.5566507180266
256.5566507180266
256.5566507180266
256.5566507180266
256.5566507180266
256.5566507180266
256.5571440518355
256.5571440518355
256.5571440518355
256.5571440518355
256.5571440518355
256.5571440518355
256.5571440518355
256.5571440518355
256.5571440518355
256.5571440518355
256.5571440518355
256.5571440518355
256.5571440518355
256.5571440518355
256.5571440518355
256.5571440518355
256.5571440518355
256.5576373856443
256.5576373856443
256.5576373856443
256.5576373856443
256.5576373856443
256.5576373856443
256.5576373856443
256.5576373856443
256.5581307194532
256.5581307194532
256.5581307194532
256.5581307194532
256.5581307194532
256.55862405326206
256.55862405326206
256.55862405326206
256.55862405326206
256.5591173870709
256.5591173870709
256.5591173870709
256.55961072087973
256.55961072087973
256.5601040546886
256.5601040546886
256.56059738849746
256.56059738849746
256.56109072230635
256.56109072230635
256.5615840561152
256.56207738992407
256.56207738992407
256.5625707237329
256.5630640575418
256.5635573913506
256.56405072515946
256.56454405896835
256.5650373927772
256.565530726586
256.5660240603949
256.5670107280126
256.56750406182147
256.5684907294392
256.568984063248
256.56997073086575
256.5709573984835
256.5719440661012
256.5729307337189
256.57391740133664
256.5753974027632
256.5763840703809
256.5778640718075
256.5793440732341
253.6294513834156
253.6294513834156
253.6294513834156
253.6294513834156
253.6294513834156
253.6294513834156
253.6294513834156
253.6294513834156
253.6294513834156
253.6294513834156
253.6294513834156
253.6294513834156
253.6294513834156
253.6294513834156
253.6294513834156
253.62994006443978
253.62994006443978
253.62994006443978
253.62994006443978
253.62994006443978
253.62994006443978
253.62994006443978
253.62994006443978
253.62994006443978
253.62994006443978
253.62994006443978
253.62994006443978
253.62994006443978
253.62994006443978
253.62994006443978
253.62994006443978
253.62994006443978
253.62994006443978
253.63042874546392
253.63042874546392
253.63042874546392
253.63042874546392
253.63042874546392
253.63042874546392
253.63042874546392
253.63091742648808
253.63091742648808
253.63091742648808
253.63091742648808
253.63091742648808
253.63091742648808
253.6314061075122
253.6314061075122
253.6314061075122
253.63189478853633
253.63189478853633
253.63189478853633
253.6323834695605
253.6323834695605
253.6323834695605
253.63287215058466
253.63287215058466
253.63336083160874
253.63336083160874
253.6338495126329
253.6338495126329
253.63433819365707
253.63482687468118
253.63531555570532
253.63531555570532
253.63580423672948
253.63629291775365
253.63678159877773
253.6372702798019
253.63775896082606
253.6382476418502
253.63922500389847
253.6397136849226
253.64020236594678
253.64117972799502
253.64215709004336
253.64264577106744
253.64362313311577
253.644600495164
253.64606653823648
253.64704390028476
253.64802126233306
253.64948730540547
253.65095334847788
253.6524193915503
250.71411690581985
250.71411690581985
250.71411690581985
250.71411690581985
250.71460118064996
250.71460118064996
250.71460118064996
250.71460118064996
250.71460118064996
250.71460118064996
250.71460118064996
250.71460118064996
250.71460118064996
250.71460118064996
250.71460118064996
250.71460118064996
250.71460118064996
250.71460118064996
250.71460118064996
250.71460118064996
250.71460118064996
250.71460118064996
250.71460118064996
250.71460118064996
250.71460118064996
250.71460118064996
250.71460118064996
250.71460118064996
250.71460118064996
250.71460118064996
250.71508545548016
250.71508545548016
250.71508545548016
250.71508545548016
250.71508545548016
250.71508545548016
250.71508545548016
250.71508545548016
250.71508545548016
250.71556973031034
250.71556973031034
250.71556973031034
250.71556973031034
250.71556973031034
250.7160540051405
250.7160540051405
250.7160540051405
250.7160540051405
250.71653827997065
250.71653827997065
250.71653827997065
250.71653827997065
250.71702255480082
250.71702255480082
250.717506829631
250.717506829631
250.7179911044612
250.7179911044612
250.7184753792913
250.7184753792913
250.71895965412148
250.71895965412148
250.71944392895165
250.7199282037818
250.72041247861196
250.72089675344213
250.72138102827233
250.72186530310245
250.72234957793262
250.72283385276282
250.723318127593
250.7238024024231
250.72477095208347
250.72525522691365
250.72622377657396
250.72670805140413
250.72767660106445
250.7286451507248
250.7296137003851
250.73058225004547
250.73203507453596
250.73300362419624
250.73445644868679
250.73590927317727
250.73736209766776
247.8115801037204
247.8115801037204
247.8115801037204
247.8115801037204
247.8115801037204
247.8115801037204
247.8115801037204
247.8115801037204
247.8115801037204
247.8115801037204
247.8115801037204
247.8115801037204
247.8115801037204
247.8115801037204
247.8115801037204
247.8115801037204
247.8115801037204
247.8115801037204
247.8115801037204
247.8115801037204
247.8115801037204
247.8115801037204
247.8115801037204
247.8115801037204
247.8115801037204
247.8115801037204
247.81205994118147
247.81205994118147
247.81205994118147
247.81205994118147
247.81205994118147
247.81205994118147
247.81205994118147
247.81205994118147
247.81205994118147
247.81205994118147
247.81205994118147
247.8125397786426
247.8125397786426
247.8125397786426
247.8125397786426
247.8125397786426
247.8125397786426
247.81301961610367
247.81301961610367
247.81301961610367
247.81301961610367
247.81349945356473
247.81349945356473
247.81349945356473
247.81349945356473
247.81397929102582
247.81397929102582
247.81445912848693
247.81445912848693
247.81445912848693
247.81493896594802
247.81493896594802
247.81541880340907
247.81589864087016
247.81589864087016
247.81637847833127
247.8168583157923
247.8168583157923
247.81733815325342
247.8178179907145
247.81829782817562
247.81877766563665
247.81925750309776
247.81973734055885
247.82021717801993
247.82117685294207
247.8216566904032
247.82261636532533
247.82309620278642
247.82405587770862
247.82501555263076
247.82597522755296
247.8269349024751
247.8278945773973
247.82933408978053
247.83029376470267
247.83173327708593
247.83317278946922
247.83461230185247
244.9227069490607
244.9227069490607
244.9227069490607
244.9227069490607
244.9227069490607
244.9227069490607
244.9227069490607
244.9227069490607
244.9227069490607
244.9227069490607
244.9227069490607
244.9227069490607
244.9227069490607
244.9227069490607
244.9227069490607
244.9227069490607
244.9227069490607
244.9227069490607
244.9227069490607
244.9227069490607
244.9227069490607
244.9227069490607
244.9227069490607
244.9227069490607
244.92318209267168
244.92318209267168
244.92318209267168
244.92318209267168
244.92318209267168
244.92318209267168
244.92318209267168
244.92318209267168
244.92318209267168
244.92318209267168
244.92318209267168
244.92318209267168
244.92365723628268
244.92365723628268
244.92365723628268
244.92365723628268
244.92365723628268
244.92365723628268
244.9241323798936
244.9241323798936
244.9241323798936
244.9241323798936
244.9241323798936
244.92460752350456
244.92460752350456
244.92460752350456
244.92508266711553
244.92508266711553
244.92508266711553
244.92555781072653
244.92555781072653
244.92603295433744
244.92603295433744
244.9265080979484
244.9265080979484
244.9269832415594
244.9269832415594
244.92745838517033
244.9279335287813
244.9284086723923
244.9284086723923
244.92888381600326
244.92935895961418
244.92983410322515
244.93030924683615
244.93125953405803
244.93173467766903
244.93220982128
244.9331601085019
244.93363525211288
244.93458553933482
244.93506068294576
244.9360109701677
244.9369612573896
244.93791154461155
244.93933697544443
244.94028726266635
244.94171269349928
244.9426629807212
244.94408841155405
244.94598898599793
242.05171285024392
242.05171285024392
242.05171285024392
242.05171285024392
242.05171285024392
242.05171285024392
242.05171285024392
242.05171285024392
242.05171285024392
242.05171285024392
242.05171285024392
242.05171285024392
242.05171285024392
242.05171285024392
242.05171285024392
242.05171285024392
242.05171285024392
242.05171285024392
242.05171285024392
242.05171285024392
242.05171285024392
242.05171285024392
242.05171285024392
242.05171285024392
242.05171285024392
242.05171285024392
242.05218273471178
242.05218273471178
242.05218273471178
242.05218273471178
242.05218273471178
242.05218273471178
242.05218273471178
242.05218273471178
242.05218273471178
242.05218273471178
242.05218273471178
242.05265261917967
242.05265261917967
242.05265261917967
242.05265261917967
242.05265261917967
242.05265261917967
242.0531225036476
242.0531225036476
242.0531225036476
242.0531225036476
242.05359238811548
242.05359238811548
242.05359238811548
242.05406227258334
242.05406227258334
242.05406227258334
242.05453215705126
242.05453215705126
242.05500204151915
242.05500204151915
242.05547192598706
242.05547192598706
242.0559418104549
242.0559418104549
242.05641169492282
242.0568815793907
242.05735146385862
242.05735146385862
242.05782134832648
242.05829123279437
242.0587611172623
242.05923100173013
242.06017077066593
242.06064065513385
242.0611105396017
242.06205030853752
242.0625201930054
242.06345996194116
242.06439973087697
242.06486961534483
242.06580938428064
242.0672190376843
242.06815880662012
242.06909857555587
242.07050822895954
242.0719178823632
242.0733275357669
242.07473718917058
239.19567869610208
239.19567869610208
239.19567869610208
239.19567869610208
239.19567869610208
239.19567869610208
239.19567869610208
239.19567869610208
239.19567869610208
239.19567869610208
239.19567869610208
239.19567869610208
239.19567869610208
239.19567869610208
239.19567869610208
239.19567869610208
239.19567869610208
239.1961437724991
239.1961437724991
239.1961437724991
239.1961437724991
239.1961437724991
239.1961437724991
239.1961437724991
239.1961437724991
239.1961437724991
239.1961437724991
239.1961437724991
239.1961437724991
239.1961437724991
239.1961437724991
239.1961437724991
239.1961437724991
239.19660884889615
239.19660884889615
239.19660884889615
239.19660884889615
239.19660884889615
239.19660884889615
239.19660884889615
239.19707392529315
239.19707392529315
239.19707392529315
239.19707392529315
239.19707392529315
239.1975390016902
239.1975390016902
239.1975390016902
239.1975390016902
239.19800407808722
239.19800407808722
239.19800407808722
239.19846915448426
239.19846915448426
239.19893423088126
239.19893423088126
239.1993993072783
239.1993993072783
239.19986438367533
239.19986438367533
239.20032946007237
239.20079453646937
239.20079453646937
239.2012596128664
239.20172468926344
239.20218976566048
239.20265484205748
239.20311991845452
239.20358499485155
239.2040500712486
239.2045151476456
239.20544530043966
239.20591037683664
239.20684052963074
239.20730560602777
239.20823575882181
239.20916591161588
239.21009606440992
239.211026217204
239.21242144639507
239.21335159918908
239.2147468283802
239.21567698117423
239.2170722103653
239.2189325159534
236.35691206417198
236.35691206417198
236.35691206417198
236.35691206417198
236.35691206417198
236.35691206417198
236.35691206417198
236.35691206417198
236.35691206417198
236.35691206417198
236.35691206417198
236.35691206417198
236.35691206417198
236.35691206417198
236.35691206417198
236.35691206417198
236.35691206417198
236.35691206417198
236.35691206417198
236.35691206417198
236.35737208145147
236.35737208145147
236.35737208145147
236.35737208145147
236.35737208145147
236.35737208145147
236.35737208145147
236.35737208145147
236.35737208145147
236.35737208145147
236.35737208145147
236.35737208145147
236.35737208145147
236.35737208145147
236.357832098731
236.357832098731
236.357832098731
236.357832098731
236.357832098731
236.357832098731
236.357832098731
236.35829211601055
236.35829211601055
236.35829211601055
236.35829211601055
236.35829211601055
236.35875213329
236.35875213329
236.35875213329
236.35921215056956
236.35921215056956
236.35921215056956
236.35967216784908
236.35967216784908
236.35967216784908
236.36013218512863
236.36013218512863
236.3605922024081
236.36105221968765
236.36105221968765
236.36151223696717
236.36151223696717
236.36197225424672
236.3624322715262
236.36289228880574
236.36335230608526
236.3638123233648
236.36427234064428
236.36473235792383
236.36519237520335
236.3656523924829
236.36657242704192
236.36703244432144
236.36795247888045
236.36841249616
236.36933253071908
236.3702525652781
236.3711725998371
236.37209263439618
236.37347268623475
236.3743927207938
236.37577277263236
236.37669280719138
236.37853287630946
236.3799129281481
233.53743953325943
233.53743953325943
233.53743953325943
233.53743953325943
233.53743953325943
233.53743953325943
233.53743953325943
233.53743953325943
233.53743953325943
233.53743953325943
233.53743953325943
233.53743953325943
233.53743953325943
233.53743953325943
233.53743953325943
233.53789414024604
233.53789414024604
233.53789414024604
233.53789414024604
233.53789414024604
233.53789414024604
233.53789414024604
233.53789414024604
233.53789414024604
233.53789414024604
233.53789414024604
233.53789414024604
233.53789414024604
233.53789414024604
233.53789414024604
233.53789414024604
233.53789414024604
233.53834874723262
233.53834874723262
233.53834874723262
233.53834874723262
233.53834874723262
233.53834874723262
233.53834874723262
233.53834874723262
233.53880335421923
233.53880335421923
233.53880335421923
233.53880335421923
233.53880335421923
233.53925796120583
233.53925796120583
233.53925796120583
233.53925796120583
233.53971256819247
233.53971256819247
233.53971256819247
233.54016717517902
233.54016717517902
233.54062178216563
233.54062178216563
233.54107638915227
233.54107638915227
233.54153099613887
233.54153099613887
233.54198560312545
233.54244021011206
233.54244021011206
233.54289481709867
233.54334942408528
233.54380403107186
233.54425863805847
233.54471324504507
233.54516785203165
233.54562245901826
233.5465316729915
233.54698627997806
233.5474408869647
233.5483501009379
233.5492593149111
233.5497139218977
233.5506231358709
233.55153234984414
233.5524415638173
233.55380538477715
233.55471459875034
233.55607841971013
233.55744224066993
233.55880606162978
233.56016988258958
230.73758373418414
230.73758373418414
230.73758373418414
230.73758373418414
230.73758373418414
230.73758373418414
230.73758373418414
230.73758373418414
230.73758373418414
230.73758373418414
230.73758373418414
230.73758373418414
230.73758373418414
230.73758373418414
230.73758373418414
230.73758373418414
230.73758373418414
230.73758373418414
230.73758373418414
230.73758373418414
230.73758373418414
230.73758373418414
230.73758373418414
230.73758373418414
230.73758373418414
230.73758373418414
230.73758373418414
230.73758373418414
230.73758373418414
230.738033005012
230.738033005012
230.738033005012
230.738033005012
230.738033005012
230.738033005012
230.738033005012
230.738033005012
230.738033005012
230.73848227583983
230.73848227583983
230.73848227583983
230.73848227583983
230.73848227583983
230.73893154666763
230.73893154666763
230.73893154666763
230.73893154666763
230.73893154666763
230.7393808174955
230.7393808174955
230.7393808174955
230.73983008832334
230.73983008832334
230.74027935915115
230.74027935915115
230.74027935915115
230.74072862997897
230.74072862997897
230.74117790080683
230.7416271716347
230.7416271716347
230.7420764424625
230.74252571329032
230.74252571329032
230.74297498411818
230.74342425494604
230.74387352577384
230.7443227966017
230.74477206742952
230.74567060908518
230.74611987991304
230.74656915074087
230.74746769239653
230.74791696322438
230.74881550488007
230.74971404653573
230.75016331736356
230.75106185901922
230.7524096715027
230.75330821315842
230.75420675481405
230.75555456729762
230.7569023797811
230.7582501922646
230.7595980047481
227.95907263646865
227.95907263646865
227.95907263646865
227.95907263646865
227.95907263646865
227.95907263646865
227.95907263646865
227.95907263646865
227.95907263646865
227.95907263646865
227.95907263646865
227.95907263646865
227.95907263646865
227.95907263646865
227.95907263646865
227.95907263646865
227.95907263646865
227.95907263646865
227.95907263646865
227.95907263646865
227.95907263646865
227.95907263646865
227.95907263646865
227.95907263646865
227.95907263646865
227.95951620465158
227.95951620465158
227.95951620465158
227.95951620465158
227.95951620465158
227.95951620465158
227.95951620465158
227.95951620465158
227.95951620465158
227.95951620465158
227.95951620465158
227.95995977283448
227.95995977283448
227.95995977283448
227.95995977283448
227.95995977283448
227.95995977283448
227.9604033410174
227.9604033410174
227.9604033410174
227.9604033410174
227.9604033410174
227.96084690920026
227.96084690920026
227.96084690920026
227.9612904773832
227.9612904773832
227.9612904773832
227.9617340455661
227.9617340455661
227.96217761374902
227.96217761374902
227.9626211819319
227.9626211819319
227.9630647501148
227.96350831829773
227.96350831829773
227.96395188648063
227.9643954546635
227.96483902284643
227.96483902284643
227.96528259102934
227.96572615921227
227.96661329557804
227.96705686376097
227.96750043194388
227.96794400012675
227.96883113649258
227.9692747046755
227.9701618410413
227.97104897740707
227.9719361137729
227.9728232501387
227.97371038650454
227.9745975228703
227.97592822741908
227.97681536378485
227.97814606833356
227.97947677288232
227.98080747743103
225.20207270332313
225.20207270332313
225.20207270332313
225.20207270332313
225.20207270332313
225.20207270332313
225.20207270332313
225.20207270332313
225.20207270332313
225.20207270332313
225.20207270332313
225.20207270332313
225.20207270332313
225.20207270332313
225.20207270332313
225.20207270332313
225.20207270332313
225.20207270332313
225.20207270332313
225.20207270332313
225.20207270332313
225.20207270332313
225.20207270332313
225.20251066995272
225.20251066995272
225.20251066995272
225.20251066995272
225.20251066995272
225.20251066995272
225.20251066995272
225.20251066995272
225.20251066995272
225.20251066995272
225.20251066995272
225.20251066995272
225.20294863658225
225.20294863658225
225.20294863658225
225.20294863658225
225.20294863658225
225.20294863658225
225.20294863658225
225.20338660321184
225.20338660321184
225.20338660321184
225.20338660321184
225.2038245698414
225.2038245698414
225.2038245698414
225.2038245698414
225.204262536471
225.204262536471
225.204262536471
225.20470050310053
225.20470050310053
225.20513846973012
225.20513846973012
225.2055764363597
225.2055764363597
225.20601440298927
225.2064523696188
225.2064523696188
225.2068903362484
225.20732830287798
225.20776626950754
225.20776626950754
225.20820423613708
225.20864220276667
225.20951813602585
225.20995610265538
225.21039406928494
225.21083203591454
225.21170796917366
225.21214593580325
225.21302186906235
225.21389780232153
225.21477373558065
225.2156496688398
225.21652560209893
225.21740153535808
225.2182774686172
225.21959136850595
225.22090526839466
225.22221916828335
225.22353306817206
222.4680706018085
222.4680706018085
222.4680706018085
222.4680706018085
222.4680706018085
222.4680706018085
222.4680706018085
222.4680706018085
222.4680706018085
222.4680706018085
222.4680706018085
222.4680706018085
222.4680706018085
222.4680706018085
222.4680706018085
222.4680706018085
222.4680706018085
222.4680706018085
222.4680706018085
222.4680706018085
222.4680706018085
222.4680706018085
222.4680706018085
222.4680706018085
222.4680706018085
222.4680706018085
222.46850278677556
222.46850278677556
222.46850278677556
222.46850278677556
222.46850278677556
222.46850278677556
222.46850278677556
222.46850278677556
222.46850278677556
222.46850278677556
222.46850278677556
222.4689349717426
222.4689349717426
222.4689349717426
222.4689349717426
222.4689349717426
222.4689349717426
222.46936715670967
222.46936715670967
222.46936715670967
222.46936715670967
222.4697993416767
222.4697993416767
222.4697993416767
222.4697993416767
222.47023152664374
222.47023152664374
222.4706637116108
222.4706637116108
222.4706637116108
222.47109589657785
222.47109589657785
222.47152808154485
222.4719602665119
222.4719602665119
222.47239245147895
222.47282463644603
222.47282463644603
222.47325682141303
222.47368900638008
222.47412119134714
222.4745533763142
222.47498556128122
222.47541774624827
222.47628211618232
222.47671430114937
222.47714648611642
222.4780108560505
222.47844304101756
222.47930741095166
222.4801717808857
222.48103615081985
222.4819005207539
222.482764890688
222.48406144558913
222.48492581552318
222.48622237042437
222.48751892532547
222.4888154802266
219.75837994727326
219.75837994727326
219.75837994727326
219.75837994727326
219.75837994727326
219.75837994727326
219.75837994727326
219.75837994727326
219.75837994727326
219.75837994727326
219.75837994727326
219.75837994727326
219.75837994727326
219.75837994727326
219.75837994727326
219.75837994727326
219.75837994727326
219.75837994727326
219.75837994727326
219.75837994727326
219.75837994727326
219.75880613328374
219.75880613328374
219.75880613328374
219.75880613328374
219.75880613328374
219.75880613328374
219.75880613328374
219.75880613328374
219.75880613328374
219.75880613328374
219.75880613328374
219.75880613328374
219.75880613328374
219.75880613328374
219.7592323192942
219.7592323192942
219.7592323192942
219.7592323192942
219.7592323192942
219.7592323192942
219.7592323192942
219.75965850530463
219.75965850530463
219.75965850530463
219.75965850530463
219.76008469131511
219.76008469131511
219.76008469131511
219.76008469131511
219.7605108773256
219.7605108773256
219.7605108773256
219.76093706333606
219.76093706333606
219.7613632493465
219.7613632493465
219.76178943535697
219.76178943535697
219.76221562136746
219.76221562136746
219.76264180737792
219.76306799338835
219.76349417939883
219.76349417939883
219.76392036540932
219.7643465514198
219.76477273743023
219.7651989234407
219.76562510945118
219.7664774814721
219.76690366748255
219.76732985349304
219.76818222551395
219.7686084115244
219.76946078354533
219.77031315556627
219.7711655275872
219.77201789960813
219.77287027162905
219.77414882966048
219.7750012016814
219.77627975971276
219.7775583177442
219.7788368757756
217.07416062811188
217.07416062811188
217.07416062811188
217.07416062811188
217.07416062811188
217.07416062811188
217.07416062811188
217.07416062811188
217.07416062811188
217.07416062811188
217.07416062811188
217.07416062811188
217.07416062811188
217.07416062811188
217.07416062811188
217.07416062811188
217.07416062811188
217.07416062811188
217.07416062811188
217.07416062811188
217.07416062811188
217.07416062811188
217.07416062811188
217.07416062811188
217.07416062811188
217.07416062811188
217.07416062811188
217.0745807594813
217.0745807594813
217.0745807594813
217.0745807594813
217.0745807594813
217.0745807594813
217.0745807594813
217.0745807594813
217.0745807594813
217.0745807594813
217.0745807594813
217.07500089085067
217.07500089085067
217.07500089085067
217.07500089085067
217.07500089085067
217.07500089085067
217.0754210222201
217.0754210222201
217.0754210222201
217.0754210222201
217.07584115358952
217.07584115358952
217.07584115358952
217.07626128495895
217.07626128495895
217.07626128495895
217.0766814163283
217.0766814163283
217.07710154769774
217.07710154769774
217.07752167906716
217.07752167906716
217.07794181043658
217.07836194180595
217.07836194180595
217.07878207317538
217.0792022045448
217.07962233591422
217.08004246728362
217.08046259865304
217.08088273002247
217.08130286139186
217.08172299276126
217.08214312413068
217.08298338686953
217.0834035182389
217.08424378097774
217.0846639123471
217.08550417508596
217.08634443782475
217.0871847005636
217.0880249633024
217.08928535741066
217.09012562014945
217.0913860142577
217.09264640836594
217.09390680247418
214.41406786528887
214.41448208091686
214.41448208091686
214.41448208091686
214.41448208091686
214.41448208091686
214.41448208091686
214.41448208091686
214.41448208091686
214.41448208091686
214.41448208091686
214.41448208091686
214.41448208091686
214.41448208091686
214.41448208091686
214.41448208091686
214.41448208091686
214.41448208091686
214.41448208091686
214.41448208091686
214.41448208091686
214.41448208091686
214.41448208091686
214.41448208091686
214.41448208091686
214.41448208091686
214.41448208091686
214.41448208091686
214.41448208091686
214.41448208091686
214.41489629654484
214.41489629654484
214.41489629654484
214.41489629654484
214.41489629654484
214.41489629654484
214.41489629654484
214.41489629654484
214.41489629654484
214.41531051217282
214.41531051217282
214.41531051217282
214.41531051217282
214.41531051217282
214.41531051217282
214.41572472780075
214.41572472780075
214.41572472780075
214.41572472780075
214.41613894342873
214.41613894342873
214.41613894342873
214.41655315905672
214.41655315905672
214.4169673746847
214.4169673746847
214.4169673746847
214.41738159031263
214.41738159031263
214.4177958059406
214.4182100215686
214.4182100215686
214.41862423719652
214.4190384528245
214.4190384528245
214.4194526684525
214.41986688408048
214.4202810997084
214.4206953153364
214.42110953096437
214.42152374659236
214.42235217784827
214.42276639347625
214.42318060910424
214.42400904036015
214.42483747161612
214.42525168724407
214.4260801185
214.42690854975595
214.42773698101192
214.4289796278958
214.42980805915172
214.43105070603568
214.43229335291957
214.43353599980347
211.7815225251498
211.7815225251498
211.7815225251498
211.7815225251498
211.7815225251498
211.7815225251498
211.7815225251498
211.7815225251498
211.78193048196678
211.78193048196678
211.78193048196678
211.78193048196678
211.78193048196678
211.78193048196678
211.78193048196678
211.78193048196678
211.78193048196678
211.78193048196678
211.78193048196678
211.78193048196678
211.78193048196678
211.78193048196678
211.78193048196678
211.78193048196678
211.78193048196678
211.78193048196678
211.78193048196678
211.78193048196678
211.78193048196678
211.78193048196678
211.78193048196678
211.7823384387838
211.7823384387838
211.7823384387838
211.7823384387838
211.7823384387838
211.7823384387838
211.7823384387838
211.7823384387838
211.7823384387838
211.7827463956008
211.7827463956008
211.7827463956008
211.7827463956008
211.7827463956008
211.78315435241782
211.78315435241782
211.78315435241782
211.78315435241782
211.78356230923478
211.78356230923478
211.78356230923478
211.78356230923478
211.78397026605182
211.78397026605182
211.78437822286884
211.78437822286884
211.78478617968585
211.78478617968585
211.7851941365028
211.7851941365028
211.78560209331982
211.78601005013687
211.78601005013687
211.78641800695388
211.78682596377084
211.78723392058785
211.78764187740487
211.7880498342219
211.78845779103887
211.78886574785588
211.7892737046729
211.78968166148994
211.7904975751239
211.79090553194092
211.79172144557492
211.79253735920895
211.79294531602594
211.79376122965996
211.79498510011098
211.795801013745
211.796616927379
211.79784079783
211.79906466828106
211.79988058191503
209.17730313768996
209.17730313768996
209.17730313768996
209.17730313768996
209.17730313768996
209.17730313768996
209.17730313768996
209.17730313768996
209.17730313768996
209.17730313768996
209.17730313768996
209.17730313768996
209.17730313768996
209.17730313768996
209.17730313768996
209.17730313768996
209.17730313768996
209.17730313768996
209.17770471354
209.17770471354
209.17770471354
209.17770471354
209.17770471354
209.17770471354
209.17770471354
209.17770471354
209.17770471354
209.17770471354
209.17770471354
209.17770471354
209.17770471354
209.17770471354
209.17770471354
209.17770471354
209.17810628939006
209.17810628939006
209.17810628939006
209.17810628939006
209.17810628939006
209.17810628939006
209.17810628939006
209.17810628939006
209.17850786524008
209.17850786524008
209.17850786524008
209.17850786524008
209.17850786524008
209.1789094410901
209.1789094410901
209.1789094410901
209.1789094410901
209.17931101694015
209.17931101694015
209.17931101694015
209.17971259279017
209.17971259279017
209.18011416864022
209.18011416864022
209.18051574449024
209.18051574449024
209.18091732034026
209.18091732034026
209.1813188961903
209.18172047204035
209.18172047204035
209.18212204789035
209.1825236237404
209.18292519959044
209.18332677544043
209.18372835129048
209.18412992714053
209.18453150299058
209.18533465469062
209.18573623054067
209.18613780639072
209.18694095809076
209.18774410979083
209.18814568564085
209.18894883734092
209.18975198904096
209.1909567165911
209.19175986829114
209.19256301999124
209.1937677475413
209.1949724750914
206.59994163391337
206.59994163391337
206.59994163391337
206.59994163391337
206.59994163391337
206.59994163391337
206.59994163391337
206.59994163391337
206.59994163391337
206.59994163391337
206.59994163391337
206.59994163391337
206.59994163391337
206.59994163391337
206.59994163391337
206.59994163391337
206.59994163391337
206.59994163391337
206.59994163391337
206.59994163391337
206.59994163391337
206.59994163391337
206.59994163391337
206.59994163391337
206.59994163391337
206.59994163391337
206.59994163391337
206.59994163391337
206.59994163391337
206.59994163391337
206.59994163391337
206.59994163391337
206.59994163391337
206.59994163391337
206.59994163391337
206.59994163391337
206.59994163391337
206.59994163391337
206.59994163391337
206.59994163391337
206.59994163391337
206.59994163391337
206.59994163391337
206.59994163391337
206.59994163391337
206.59994163391337
206.59994163391337
206.59994163391337
206.59994163391337
206.59994163391337
206.59994163391337
206.60389585530604
206.60389585530604
206.60389585530604
206.60389585530604
206.60389585530604
206.60389585530604
206.60389585530604
206.60389585530604
206.60389585530604
206.60389585530604
206.60389585530604
206.60389585530604
206.60389585530604
206.60389585530604
206.60389585530604
206.60389585530604
206.60389585530604
206.60785007669878
206.60785007669878
206.60785007669878
206.60785007669878
206.60785007669878
206.60785007669878
206.60785007669878
206.60785007669878
206.61180429809153
206.61180429809153
206.61180429809153
206.61180429809153
206.61180429809153
206.61575851948427
206.61575851948427
206.61575851948427
206.61575851948427
204.05230947009073
204.05230947009073
204.05230947009073
204.05230947009073
204.05230947009073
204.05230947009073
204.05230947009073
204.05230947009073
204.05230947009073
204.05230947009073
204.05230947009073
204.05230947009073
204.05230947009073
204.05230947009073
204.05230947009073
204.05230947009073
204.05230947009073
204.05230947009073
204.05230947009073
204.05230947009073
204.05230947009073
204.05230947009073
204.05230947009073
204.05230947009073
204.05230947009073
204.05230947009073
204.05230947009073
204.05230947009073
204.05230947009073
204.05230947009073
204.05230947009073
204.05230947009073
204.05230947009073
204.05230947009073
204.05230947009073
204.05230947009073
204.05230947009073
204.05230947009073
204.05230947009073
204.05230947009073
204.05230947009073
204.05230947009073
204.05230947009073
204.05230947009073
204.05230947009073
204.05230947009073
204.05230947009073
204.05230947009073
204.05230947009073
204.05230947009073
204.05230947009073
204.05230947009073
204.05619898484468
204.05619898484468
204.05619898484468
204.05619898484468
204.05619898484468
204.05619898484468
204.05619898484468
204.05619898484468
204.05619898484468
204.05619898484468
204.05619898484468
204.05619898484468
204.05619898484468
204.05619898484468
204.05619898484468
204.05619898484468
204.05619898484468
204.06008849959855
204.06008849959855
204.06008849959855
204.06008849959855
204.06008849959855
204.06008849959855
204.06008849959855
204.06008849959855
204.0639780143525
204.0639780143525
204.0639780143525
204.0639780143525
204.0639780143525
204.06786752910645
204.06786752910645
204.06786752910645
201.53490701460626
201.53490701460626
201.53490701460626
201.53490701460626
201.53490701460626
201.53490701460626
201.53490701460626
201.53490701460626
201.53490701460626
201.53490701460626
201.53490701460626
201.53490701460626
201.53490701460626
201.53490701460626
201.53490701460626
201.53490701460626
201.53490701460626
201.53490701460626
201.53490701460626
201.53490701460626
201.53490701460626
201.53490701460626
201.53490701460626
201.53490701460626
201.53490701460626
201.53490701460626
201.53490701460626
201.53490701460626
201.53490701460626
201.53490701460626
201.53490701460626
201.53490701460626
201.53490701460626
201.53490701460626
201.53490701460626
201.53490701460626
201.53490701460626
201.53490701460626
201.53490701460626
201.53490701460626
201.53490701460626
201.53490701460626
201.53490701460626
201.53490701460626
201.53490701460626
201.53490701460626
201.53490701460626
201.53490701460626
201.53490701460626
201.53490701460626
201.53490701460626
201.53490701460626
201.53490701460626
201.53490701460626
201.53490701460626
201.53490701460626
201.53490701460626
201.53490701460626
201.53490701460626
201.53873285420428
201.53873285420428
201.53873285420428
201.53873285420428
201.53873285420428
201.53873285420428
201.53873285420428
201.53873285420428
201.53873285420428
201.53873285420428
201.53873285420428
201.53873285420428
201.53873285420428
201.5425586938023
201.5425586938023
201.5425586938023
201.5425586938023
201.5425586938023
201.5425586938023
201.5425586938023
201.54638453340024
201.54638453340024
201.54638453340024
201.54638453340024
201.54638453340024
201.5502103729983
199.04816149382916
199.04816149382916
199.04816149382916
199.04816149382916
199.04816149382916
199.04816149382916
199.04816149382916
199.04816149382916
199.04816149382916
199.04816149382916
199.04816149382916
199.04816149382916
199.04816149382916
199.04816149382916
199.04816149382916
199.04816149382916
199.04816149382916
199.04816149382916
199.04816149382916
199.04816149382916
199.04816149382916
199.04816149382916
199.04816149382916
199.04816149382916
199.04816149382916
199.04816149382916
199.04816149382916
199.04816149382916
199.04816149382916
199.04816149382916
199.04816149382916
199.04816149382916
199.04816149382916
199.04816149382916
199.04816149382916
199.04816149382916
199.04816149382916
199.04816149382916
199.04816149382916
199.04816149382916
199.04816149382916
199.04816149382916
199.04816149382916
199.04816149382916
199.05191790700255
199.05191790700255
199.05191790700255
199.05191790700255
199.05191790700255
199.05191790700255
199.05191790700255
199.05191790700255
199.05191790700255
199.05191790700255
199.05191790700255
199.05191790700255
199.05191790700255
199.05191790700255
199.05191790700255
199.05191790700255
199.05191790700255
199.05191790700255
199.05191790700255
199.05191790700255
199.05191790700255
199.05191790700255
199.05191790700255
199.05191790700255
199.05567432017597
199.05567432017597
199.05567432017597
199.05567432017597
199.05567432017597
199.05567432017597
199.05567432017597
199.05567432017597
199.05567432017597
199.05943073334936
199.05943073334936
199.05943073334936
199.05943073334936
199.05943073334936
199.0631871465227
199.0631871465227
199.0631871465227
196.59243336512412
196.59243336512412
196.59243336512412
196.59243336512412
196.59243336512412
196.59243336512412
196.59243336512412
196.59243336512412
196.59243336512412
196.59243336512412
196.59243336512412
196.59243336512412
196.59243336512412
196.59243336512412
196.59243336512412
196.59243336512412
196.59243336512412
196.59243336512412
196.59243336512412
196.59243336512412
196.59243336512412
196.59243336512412
196.59243336512412
196.59243336512412
196.59243336512412
196.59243336512412
196.59243336512412
196.59243336512412
196.59612618937777
196.59612618937777
196.59612618937777
196.59612618937777
196.59612618937777
196.59612618937777
196.59612618937777
196.59612618937777
196.59612618937777
196.59612618937777
196.59612618937777
196.59612618937777
196.59612618937777
196.59612618937777
196.59612618937777
196.59612618937777
196.59612618937777
196.59612618937777
196.59612618937777
196.59612618937777
196.59612618937777
196.59612618937777
196.59612618937777
196.59612618937777
196.59612618937777
196.59612618937777
196.59612618937777
196.59612618937777
196.59612618937777
196.59612618937777
196.59612618937777
196.59612618937777
196.59612618937777
196.59612618937777
196.59612618937777
196.59612618937777
196.59612618937777
196.59612618937777
196.59612618937777
196.59981901363147
196.59981901363147
196.59981901363147
196.59981901363147
196.59981901363147
196.59981901363147
196.59981901363147
196.59981901363147
196.59981901363147
196.60351183788518
196.60351183788518
196.60351183788518
196.60351183788518
196.60351183788518
196.60351183788518
196.6072046621389
196.6072046621389
196.6072046621389
194.1689435752473
194.1689435752473
194.1689435752473
194.1689435752473
194.1689435752473
194.1689435752473
194.1689435752473
194.1689435752473
194.1689435752473
194.1689435752473
194.1689435752473
194.1689435752473
194.1689435752473
194.1689435752473
194.1689435752473
194.1689435752473
194.1689435752473
194.1689435752473
194.1689435752473
194.1689435752473
194.1689435752473
194.1689435752473
194.1689435752473
194.1689435752473
194.1689435752473
194.1689435752473
194.1689435752473
194.1689435752473
194.1689435752473
194.1689435752473
194.1689435752473
194.1689435752473
194.1689435752473
194.1689435752473
194.1689435752473
194.1689435752473
194.1689435752473
194.1689435752473
194.1689435752473
194.1689435752473
194.1689435752473
194.1689435752473
194.1689435752473
194.1689435752473
194.17257155397462
194.17257155397462
194.17257155397462
194.17257155397462
194.17257155397462
194.17257155397462
194.17257155397462
194.17257155397462
194.17257155397462
194.17257155397462
194.17257155397462
194.17257155397462
194.17257155397462
194.17257155397462
194.17257155397462
194.17257155397462
194.17257155397462
194.17257155397462
194.17257155397462
194.17257155397462
194.17257155397462
194.17257155397462
194.17257155397462
194.17257155397462
194.17257155397462
194.176199532702
194.176199532702
194.176199532702
194.176199532702
194.176199532702
194.176199532702
194.176199532702
194.176199532702
194.176199532702
194.17982751142938
194.17982751142938
194.17982751142938
194.17982751142938
194.17982751142938
194.17982751142938
194.18345549015677
191.77875047782203
191.77875047782203
191.77875047782203
191.77875047782203
191.77875047782203
191.77875047782203
191.77875047782203
191.77875047782203
191.77875047782203
191.77875047782203
191.77875047782203
191.77875047782203
191.77875047782203
191.77875047782203
191.77875047782203
191.77875047782203
191.77875047782203
191.77875047782203
191.77875047782203
191.77875047782203
191.77875047782203
191.77875047782203
191.77875047782203
191.77875047782203
191.77875047782203
191.77875047782203
191.77875047782203
191.77875047782203
191.77875047782203
191.77875047782203
191.77875047782203
191.77875047782203
191.77875047782203
191.77875047782203
191.77875047782203
191.77875047782203
191.77875047782203
191.77875047782203
191.77875047782203
191.77875047782203
191.77875047782203
191.77875047782203
191.77875047782203
191.77875047782203
191.77875047782203
191.77875047782203
191.77875047782203
191.77875047782203
191.77875047782203
191.77875047782203
191.77875047782203
191.77875047782203
191.77875047782203
191.77875047782203
191.77875047782203
191.77875047782203
191.77875047782203
191.77875047782203
191.77875047782203
191.77875047782203
191.77875047782203
191.77875047782203
191.78231261358565
191.78231261358565
191.78231261358565
191.78231261358565
191.78231261358565
191.78231261358565
191.78231261358565
191.78231261358565
191.78231261358565
191.78231261358565
191.78231261358565
191.78231261358565
191.78231261358565
191.78587474934935
191.78587474934935
191.78587474934935
191.78587474934935
191.78587474934935
191.78587474934935
191.78587474934935
191.78943688511305
191.78943688511305
191.78943688511305
189.4210267119759
189.4210267119759
189.4210267119759
189.4210267119759
189.4210267119759
189.4210267119759
189.4210267119759
189.4210267119759
189.4210267119759
189.4210267119759
189.4210267119759
189.4210267119759
189.4210267119759
189.4210267119759
189.4210267119759
189.4210267119759
189.4210267119759
189.4210267119759
189.4210267119759
189.4210267119759
189.4210267119759
189.4210267119759
189.4210267119759
189.4210267119759
189.4210267119759
189.4210267119759
189.4210267119759
189.4210267119759
189.4210267119759
189.4210267119759
189.4210267119759
189.4210267119759
189.4210267119759
189.4210267119759
189.4210267119759
189.4210267119759
189.4210267119759
189.4210267119759
189.4210267119759
189.4210267119759
189.4210267119759
189.4210267119759
189.4210267119759
189.4210267119759
189.4210267119759
189.4210267119759
189.4210267119759
189.4210267119759
189.4210267119759
189.4210267119759
189.4210267119759
189.4210267119759
189.4210267119759
189.4210267119759
189.4210267119759
189.4210267119759
189.4210267119759
189.4210267119759
189.4210267119759
189.42451963607348
189.42451963607348
189.42451963607348
189.42451963607348
189.42451963607348
189.42451963607348
189.42451963607348
189.42451963607348
189.42451963607348
189.42451963607348
189.42451963607348
189.42451963607348
189.42451963607348
189.42451963607348
189.42451963607348
189.42451963607348
189.42801256017097
189.42801256017097
189.42801256017097
189.42801256017097
189.42801256017097
189.42801256017097
189.42801256017097
189.43150548426854
189.43150548426854
189.43150548426854
187.09754266546736
187.09754266546736
187.09754266546736
187.09754266546736
187.09754266546736
187.09754266546736
187.09754266546736
187.09754266546736
187.09754266546736
187.09754266546736
187.09754266546736
187.09754266546736
187.09754266546736
187.09754266546736
187.09754266546736
187.09754266546736
187.09754266546736
187.09754266546736
187.09754266546736
187.09754266546736
187.09754266546736
187.09754266546736
187.09754266546736
187.09754266546736
187.09754266546736
187.09754266546736
187.09754266546736
187.09754266546736
187.09754266546736
187.09754266546736
187.09754266546736
187.09754266546736
187.09754266546736
187.09754266546736
187.09754266546736
187.09754266546736
187.09754266546736
187.09754266546736
187.09754266546736
187.09754266546736
187.09754266546736
187.09754266546736
187.09754266546736
187.09754266546736
187.09754266546736
187.09754266546736
187.09754266546736
187.09754266546736
187.09754266546736
187.09754266546736
187.09754266546736
187.09754266546736
187.09754266546736
187.09754266546736
187.09754266546736
187.09754266546736
187.09754266546736
187.09754266546736
187.09754266546736
187.09754266546736
187.09754266546736
187.09754266546736
187.09754266546736
187.09754266546736
187.1009696330876
187.1009696330876
187.1009696330876
187.1009696330876
187.1009696330876
187.1009696330876
187.1009696330876
187.1009696330876
187.1009696330876
187.1009696330876
187.1009696330876
187.1009696330876
187.1009696330876
187.1009696330876
187.10439660070776
187.10439660070776
187.10439660070776
187.10439660070776
187.10439660070776
187.10439660070776
187.107823568328
184.80819968961333
184.80819968961333
184.80819968961333
184.80819968961333
184.80819968961333
184.80819968961333
184.80819968961333
184.80819968961333
184.80819968961333
184.80819968961333
184.80819968961333
184.80819968961333
184.80819968961333
184.80819968961333
184.80819968961333
184.80819968961333
184.80819968961333
184.80819968961333
184.80819968961333
184.80819968961333
184.80819968961333
184.80819968961333
184.80819968961333
184.80819968961333
184.80819968961333
184.80819968961333
184.80819968961333
184.80819968961333
184.80819968961333
184.80819968961333
184.80819968961333
184.80819968961333
184.80819968961333
184.80819968961333
184.80819968961333
184.80819968961333
184.80819968961333
184.80819968961333
184.80819968961333
184.80819968961333
184.80819968961333
184.80819968961333
184.80819968961333
184.80819968961333
184.80819968961333
184.80819968961333
184.80819968961333
184.80819968961333
184.80819968961333
184.80819968961333
184.80819968961333
184.81155649749584
184.81155649749584
184.81155649749584
184.81155649749584
184.81155649749584
184.81155649749584
184.81155649749584
184.81155649749584
184.81155649749584
184.81155649749584
184.81155649749584
184.81155649749584
184.81155649749584
184.81155649749584
184.81155649749584
184.81155649749584
184.81155649749584
184.81155649749584
184.81155649749584
184.81155649749584
184.81155649749584
184.81155649749584
184.81155649749584
184.81155649749584
184.81491330537835
184.81491330537835
184.81491330537835
184.81491330537835
184.81491330537835
184.81491330537835
184.81491330537835
184.81491330537835
184.81827011326078
184.81827011326078
182.554472992212
182.554472992212
182.554472992212
182.554472992212
182.554472992212
182.554472992212
182.554472992212
182.554472992212
182.554472992212
182.554472992212
182.554472992212
182.554472992212
182.554472992212
182.554472992212
182.554472992212
182.554472992212
182.554472992212
182.554472992212
182.554472992212
182.554472992212
182.554472992212
182.554472992212
182.554472992212
182.554472992212
182.554472992212
182.554472992212
182.554472992212
182.554472992212
182.554472992212
182.554472992212
182.554472992212
182.554472992212
182.554472992212
182.554472992212
182.554472992212
182.554472992212
182.554472992212
182.554472992212
182.554472992212
182.554472992212
182.554472992212
182.554472992212
182.554472992212
182.554472992212
182.554472992212
182.554472992212
182.554472992212
182.554472992212
182.554472992212
182.554472992212
182.554472992212
182.55776310417903
182.55776310417903
182.55776310417903
182.55776310417903
182.55776310417903
182.55776310417903
182.55776310417903
182.55776310417903
182.55776310417903
182.55776310417903
182.55776310417903
182.55776310417903
182.55776310417903
182.55776310417903
182.55776310417903
182.55776310417903
182.55776310417903
182.55776310417903
182.55776310417903
182.55776310417903
182.55776310417903
182.55776310417903
182.55776310417903
182.55776310417903
182.55776310417903
182.56105321614606
182.56105321614606
182.56105321614606
182.56105321614606
182.56105321614606
182.56105321614606
182.56105321614606
182.56105321614606
182.56105321614606
180.33531049436672
180.33531049436672
180.33531049436672
180.33531049436672
180.33531049436672
180.33531049436672
180.33531049436672
180.33531049436672
180.33531049436672
180.33531049436672
180.33531049436672
180.33531049436672
180.33531049436672
180.33531049436672
180.33531049436672
180.33531049436672
180.33531049436672
180.33531049436672
180.33531049436672
180.33531049436672
180.33531049436672
180.33531049436672
180.33531049436672
180.33531049436672
180.33531049436672
180.33531049436672
180.33531049436672
180.33531049436672
180.33531049436672
180.33531049436672
180.33531049436672
180.33531049436672
180.33531049436672
180.33531049436672
180.33531049436672
180.33531049436672
180.33531049436672
180.33531049436672
180.33531049436672
180.33531049436672
180.33531049436672
180.33531049436672
180.33531049436672
180.33531049436672
180.33531049436672
180.33531049436672
180.33531049436672
180.33531049436672
180.33531049436672
180.33531049436672
180.33531049436672
180.33531049436672
180.33531049436672
180.33531049436672
180.33531049436672
180.33531049436672
180.33531049436672
180.33531049436672
180.33531049436672
180.33531049436672
180.33531049436672
180.33531049436672
180.33531049436672
180.33531049436672
180.33531049436672
180.33531049436672
180.33531049436672
180.33853602125313
180.33853602125313
180.33853602125313
180.33853602125313
180.33853602125313
180.33853602125313
180.33853602125313
180.33853602125313
180.33853602125313
180.33853602125313
180.33853602125313
180.33853602125313
180.33853602125313
180.33853602125313
180.33853602125313
180.34176154813957
180.34176154813957
180.34176154813957
178.15275898353593
178.15275898353593
178.15275898353593
178.15275898353593
178.15275898353593
178.15275898353593
178.15275898353593
178.15275898353593
178.15275898353593
178.15275898353593
178.15275898353593
178.15275898353593
178.15275898353593
178.15275898353593
178.15275898353593
178.15275898353593
178.15275898353593
178.15275898353593
178.15275898353593
178.15275898353593
178.15275898353593
178.15275898353593
178.15275898353593
178.15275898353593
178.15275898353593
178.15275898353593
178.15275898353593
178.15275898353593
178.15275898353593
178.15275898353593
178.15275898353593
178.15275898353593
178.15275898353593
178.15275898353593
178.15275898353593
178.15275898353593
178.15275898353593
178.15275898353593
178.15275898353593
178.15275898353593
178.15275898353593
178.15275898353593
178.15275898353593
178.15275898353593
178.15275898353593
178.15275898353593
178.15275898353593
178.15275898353593
178.15275898353593
178.15275898353593
178.15275898353593
178.15275898353593
178.15275898353593
178.15275898353593
178.15275898353593
178.15275898353593
178.15275898353593
178.15275898353593
178.15275898353593
178.15275898353593
178.15275898353593
178.15275898353593
178.15275898353593
178.15275898353593
178.15591295970768
178.15591295970768
178.15591295970768
178.15591295970768
178.15591295970768
178.15591295970768
178.15591295970768
178.15591295970768
178.15591295970768
178.15591295970768
178.15591295970768
178.15591295970768
178.15591295970768
178.15591295970768
178.15591295970768
178.15591295970768
178.15591295970768
178.15591295970768
178.15906693587942
178.15906693587942
178.15906693587942
176.00640127111103
176.00640127111103
176.00640127111103
176.00640127111103
176.00640127111103
176.00640127111103
176.00640127111103
176.00640127111103
176.00640127111103
176.00640127111103
176.00640127111103
176.00640127111103
176.00640127111103
176.00640127111103
176.00640127111103
176.00640127111103
176.00640127111103
176.00640127111103
176.00640127111103
176.00640127111103
176.00640127111103
176.00640127111103
176.00640127111103
176.00640127111103
176.00640127111103
176.00640127111103
176.00640127111103
176.00640127111103
176.00640127111103
176.00640127111103
176.00640127111103
176.00640127111103
176.00640127111103
176.00640127111103
176.00640127111103
176.00640127111103
176.00640127111103
176.00640127111103
176.00640127111103
176.00640127111103
176.00640127111103
176.00640127111103
176.00640127111103
176.00640127111103
176.00640127111103
176.00640127111103
176.00640127111103
176.00640127111103
176.00640127111103
176.00640127111103
176.00640127111103
176.00640127111103
176.00640127111103
176.00640127111103
176.00640127111103
176.00640127111103
176.00640127111103
176.00640127111103
176.00640127111103
176.00640127111103
176.00640127111103
176.00640127111103
176.00640127111103
176.00640127111103
176.00640127111103
176.00640127111103
176.00640127111103
176.00640127111103
176.00640127111103
176.00640127111103
176.00640127111103
176.00640127111103
176.00640127111103
176.00640127111103
176.00948955558937
176.00948955558937
176.00948955558937
176.00948955558937
176.00948955558937
176.00948955558937
176.00948955558937
176.00948955558937
176.00948955558937
176.00948955558937
176.00948955558937
173.8965378635899
173.8965378635899
173.8965378635899
173.8965378635899
173.8965378635899
173.8965378635899
173.8965378635899
173.8965378635899
173.8965378635899
173.8965378635899
173.8965378635899
173.8965378635899
173.8965378635899
173.8965378635899
173.8965378635899
173.8965378635899
173.8965378635899
173.8965378635899
173.8965378635899
173.8965378635899
173.8965378635899
173.8965378635899
173.8965378635899
173.8965378635899
173.8965378635899
173.8965378635899
173.8965378635899
173.8965378635899
173.8965378635899
173.8965378635899
173.8965378635899
173.8965378635899
173.8965378635899
173.8965378635899
173.8965378635899
173.8965378635899
173.8965378635899
173.8965378635899
173.8965378635899
173.8965378635899
173.8965378635899
173.8965378635899
173.8965378635899
173.8965378635899
173.8965378635899
173.8965378635899
173.8965378635899
173.8965378635899
173.8965378635899
173.8965378635899
173.8965378635899
173.8965378635899
173.8965378635899
173.8965378635899
173.8965378635899
173.8965378635899
173.8965378635899
173.8965378635899
173.8965378635899
173.8965378635899
173.8965378635899
173.8965378635899
173.8965378635899
173.8965378635899
173.8965378635899
173.8965378635899
173.8965378635899
173.8965378635899
173.8965378635899
173.8965378635899
173.8965378635899
173.89955626617572
173.89955626617572
173.89955626617572
173.89955626617572
173.89955626617572
173.89955626617572
173.89955626617572
173.89955626617572
173.89955626617572
173.89955626617572
173.89955626617572
173.89955626617572
173.89955626617572
173.89955626617572
171.8240948037347
171.8240948037347
171.8240948037347
171.8240948037347
171.8240948037347
171.8240948037347
171.8240948037347
171.8240948037347
171.8240948037347
171.8240948037347
171.8240948037347
171.8240948037347
171.8240948037347
171.8240948037347
171.8240948037347
171.8240948037347
171.8240948037347
171.8240948037347
171.8240948037347
171.8240948037347
171.8240948037347
171.8240948037347
171.8240948037347
171.8240948037347
171.8240948037347
171.8240948037347
171.8240948037347
171.8240948037347
171.8240948037347
171.8240948037347
171.8240948037347
171.8240948037347
171.8240948037347
171.8240948037347
171.8240948037347
171.8240948037347
171.8240948037347
171.8240948037347
171.8240948037347
171.8240948037347
171.8240948037347
171.8240948037347
171.8240948037347
171.8240948037347
171.8240948037347
171.8240948037347
171.8240948037347
171.8240948037347
171.8240948037347
171.8240948037347
171.8240948037347
171.8240948037347
171.8240948037347
171.8240948037347
171.8240948037347
171.8240948037347
171.8240948037347
171.8240948037347
171.8240948037347
171.8240948037347
171.8240948037347
171.8240948037347
171.8240948037347
171.8240948037347
171.8240948037347
171.8240948037347
171.8240948037347
171.8240948037347
171.8240948037347
171.8240948037347
171.8240948037347
171.8240948037347
171.8240948037347
171.8240948037347
171.8240948037347
171.8240948037347
171.8240948037347
171.8240948037347
171.8240948037347
171.8240948037347
171.8240948037347
171.8240948037347
171.8270470018257
171.8270470018257
171.8270470018257
169.7891792968682
169.7891792968682
169.7891792968682
169.7891792968682
169.7891792968682
169.7891792968682
169.7891792968682
169.7891792968682
169.7891792968682
169.7891792968682
169.7891792968682
169.7891792968682
169.7891792968682
169.7891792968682
169.7891792968682
169.7891792968682
169.7891792968682
169.7891792968682
169.7891792968682
169.7891792968682
169.7891792968682
169.7891792968682
169.7891792968682
169.7891792968682
169.7891792968682
169.7891792968682
169.7891792968682
169.7891792968682
169.7891792968682
169.7891792968682
169.7891792968682
169.7891792968682
169.7891792968682
169.7891792968682
169.7891792968682
169.7891792968682
169.7891792968682
169.7891792968682
169.7891792968682
169.7891792968682
169.7891792968682
169.7891792968682
169.7891792968682
169.7891792968682
169.7891792968682
169.7891792968682
169.7891792968682
169.7891792968682
169.7891792968682
169.7891792968682
169.7891792968682
169.7891792968682
169.7891792968682
169.7891792968682
169.7891792968682
169.7891792968682
169.7891792968682
169.7891792968682
169.7891792968682
169.7891792968682
169.7891792968682
169.7891792968682
169.7891792968682
169.7891792968682
169.7891792968682
169.7891792968682
169.7891792968682
169.7891792968682
169.7891792968682
169.7891792968682
169.7891792968682
169.7891792968682
169.7891792968682
169.7891792968682
169.7891792968682
169.7891792968682
169.7891792968682
169.7891792968682
169.7891792968682
169.7891792968682
169.7891792968682
169.7920616134502
169.7920616134502
169.7920616134502
169.7920616134502
167.79250687332322
167.79250687332322
167.79250687332322
167.79250687332322
167.79250687332322
167.79250687332322
167.79250687332322
167.79250687332322
167.79250687332322
167.79250687332322
167.79250687332322
167.79250687332322
167.79250687332322
167.79250687332322
167.79250687332322
167.79250687332322
167.79250687332322
167.79250687332322
167.79250687332322
167.79250687332322
167.79250687332322
167.79250687332322
167.79250687332322
167.79250687332322
167.79250687332322
167.79250687332322
167.79250687332322
167.79250687332322
167.79250687332322
167.79250687332322
167.79250687332322
167.79250687332322
167.79250687332322
167.79250687332322
167.79250687332322
167.79250687332322
167.79250687332322
167.79250687332322
167.79250687332322
167.79250687332322
167.79250687332322
167.79250687332322
167.79250687332322
167.79250687332322
167.79250687332322
167.79250687332322
167.79250687332322
167.79250687332322
167.79250687332322
167.79250687332322
167.79250687332322
167.79250687332322
167.79250687332322
167.79250687332322
167.79250687332322
167.79250687332322
167.79250687332322
167.79250687332322
167.79250687332322
167.79250687332322
167.79250687332322
167.79250687332322
167.79250687332322
167.79250687332322
167.79250687332322
167.79250687332322
167.79250687332322
167.79250687332322
167.79250687332322
167.79250687332322
167.79250687332322
167.79250687332322
167.79250687332322
167.79250687332322
167.79250687332322
167.79250687332322
167.79250687332322
167.79250687332322
167.79250687332322
167.79250687332322
167.79250687332322
167.79250687332322
167.79250687332322
167.79250687332322
167.79250687332322
165.8333806500959
165.8333806500959
165.8333806500959
165.8333806500959
165.8333806500959
165.8333806500959
165.8333806500959
165.8333806500959
165.8333806500959
165.8333806500959
165.8333806500959
165.8333806500959
165.8333806500959
165.8333806500959
165.8333806500959
165.8333806500959
165.8333806500959
165.8333806500959
165.8333806500959
165.8333806500959
165.8333806500959
165.8333806500959
165.8333806500959
165.8333806500959
165.8333806500959
165.8333806500959
165.8333806500959
165.8333806500959
165.8333806500959
165.8333806500959
165.8333806500959
165.8333806500959
165.8333806500959
165.8333806500959
165.8333806500959
165.8333806500959
165.8333806500959
165.8333806500959
165.8333806500959
165.8333806500959
165.8333806500959
165.8333806500959
165.8333806500959
165.8333806500959
165.8333806500959
165.8333806500959
165.8333806500959
165.8333806500959
165.8333806500959
165.8333806500959
165.8333806500959
165.8333806500959
165.8333806500959
165.8333806500959
165.8333806500959
165.8333806500959
165.8333806500959
165.8333806500959
165.8333806500959
165.8333806500959
165.8333806500959
165.8333806500959
165.8333806500959
165.8333806500959
165.8333806500959
165.8333806500959
165.8333806500959
165.8333806500959
165.8333806500959
165.8333806500959
165.8333806500959
165.8333806500959
165.8333806500959
165.8333806500959
165.8333806500959
165.8333806500959
165.8333806500959
165.8333806500959
165.8333806500959
165.8333806500959
165.8333806500959
165.8333806500959
165.8333806500959
165.8333806500959
165.8333806500959
163.9123896749991
163.9123896749991
163.9123896749991
163.9123896749991
163.9123896749991
163.9123896749991
163.9123896749991
163.9123896749991
163.9123896749991
163.9123896749991
163.9123896749991
163.9123896749991
163.9123896749991
163.9123896749991
163.9123896749991
163.9123896749991
163.9123896749991
163.9123896749991
163.9123896749991
163.9123896749991
163.9123896749991
163.9123896749991
163.9123896749991
163.9123896749991
163.9123896749991
163.9123896749991
163.9123896749991
163.9123896749991
163.9123896749991
163.9123896749991
163.9123896749991
163.9123896749991
163.9123896749991
163.9123896749991
163.9123896749991
163.9123896749991
163.9123896749991
163.9123896749991
163.9123896749991
163.9123896749991
163.9123896749991
163.9123896749991
163.9123896749991
163.9123896749991
163.9123896749991
163.9123896749991
163.9123896749991
163.9123896749991
163.9123896749991
163.9123896749991
163.9123896749991
163.9123896749991
163.9123896749991
163.9123896749991
163.9123896749991
163.9123896749991
163.9123896749991
163.9123896749991
163.9123896749991
163.9123896749991
163.9123896749991
163.9123896749991
163.9123896749991
163.9123896749991
163.9123896749991
163.9123896749991
163.9123896749991
163.9123896749991
163.9123896749991
163.9123896749991
163.9097761324047
163.9097761324047
163.9097761324047
163.9097761324047
163.9097761324047
163.9097761324047
163.9097761324047
163.9097761324047
163.9097761324047
163.9097761324047
163.9097761324047
163.9097761324047
163.9097761324047
163.9097761324047
163.9097761324047
162.0306390070269
162.0306390070269
162.0306390070269
162.0306390070269
162.0306390070269
162.0306390070269
162.0306390070269
162.0306390070269
162.0306390070269
162.0306390070269
162.0306390070269
162.0306390070269
162.0306390070269
162.0306390070269
162.0306390070269
162.0306390070269
162.0306390070269
162.0306390070269
162.0306390070269
162.0306390070269
162.0306390070269
162.0306390070269
162.0306390070269
162.0306390070269
162.0306390070269
162.0306390070269
162.0306390070269
162.0306390070269
162.0306390070269
162.0306390070269
162.0306390070269
162.0306390070269
162.0306390070269
162.0306390070269
162.0306390070269
162.0306390070269
162.0306390070269
162.0306390070269
162.0306390070269
162.0306390070269
162.0306390070269
162.0306390070269
162.0306390070269
162.0306390070269
162.0306390070269
162.0306390070269
162.0306390070269
162.0306390070269
162.0306390070269
162.0306390070269
162.0306390070269
162.0306390070269
162.0306390070269
162.0306390070269
162.0306390070269
162.0306390070269
162.0306390070269
162.0306390070269
162.0306390070269
162.0306390070269
162.0306390070269
162.0306390070269
162.0306390070269
162.0306390070269
162.0306390070269
162.02809375752335
162.02809375752335
162.02809375752335
162.02809375752335
162.02809375752335
162.02809375752335
162.02809375752335
162.02809375752335
162.02809375752335
162.02809375752335
162.02809375752335
162.02809375752335
162.02809375752335
162.02809375752335
162.02809375752335
162.02809375752335
162.02809375752335
162.02809375752335
162.02809375752335
162.02809375752335
160.18787836643205
160.18787836643205
160.18787836643205
160.18787836643205
160.18787836643205
160.18787836643205
160.18787836643205
160.18787836643205
160.18787836643205
160.18787836643205
160.18787836643205
160.18787836643205
160.18787836643205
160.18787836643205
160.18787836643205
160.18787836643205
160.18787836643205
160.18787836643205
160.18787836643205
160.18787836643205
160.18787836643205
160.18787836643205
160.18787836643205
160.18787836643205
160.18787836643205
160.18787836643205
160.18787836643205
160.18787836643205
160.18787836643205
160.18787836643205
160.18787836643205
160.18787836643205
160.18787836643205
160.18787836643205
160.18787836643205
160.18787836643205
160.18787836643205
160.18787836643205
160.18787836643205
160.18787836643205
160.18787836643205
160.18787836643205
160.18787836643205
160.18787836643205
160.18787836643205
160.18787836643205
160.18787836643205
160.18787836643205
160.18787836643205
160.18787836643205
160.18787836643205
160.18787836643205
160.18787836643205
160.18787836643205
160.18787836643205
160.18787836643205
160.18787836643205
160.18787836643205
160.18787836643205
160.18787836643205
160.18787836643205
160.18787836643205
160.18787836643205
160.18787836643205
160.18787836643205
160.18787836643205
160.18787836643205
160.18787836643205
160.18787836643205
160.18787836643205
160.18787836643205
160.18787836643205
160.18787836643205
160.18787836643205
160.18787836643205
160.18787836643205
160.18787836643205
160.18787836643205
160.1853968753795
160.1853968753795
160.1853968753795
160.1853968753795
160.1853968753795
160.1853968753795
160.1853968753795
158.3838343712332
158.3838343712332
158.3838343712332
158.3838343712332
158.3838343712332
158.3838343712332
158.3838343712332
158.3838343712332
158.3838343712332
158.3838343712332
158.3838343712332
158.3838343712332
158.3838343712332
158.3838343712332
158.3838343712332
158.3838343712332
158.3838343712332
158.3838343712332
158.3838343712332
158.3838343712332
158.3838343712332
158.3838343712332
158.3838343712332
158.3838343712332
158.3838343712332
158.3838343712332
158.3838343712332
158.3838343712332
158.3838343712332
158.3838343712332
158.3838343712332
158.3838343712332
158.3838343712332
158.3838343712332
158.3838343712332
158.3838343712332
158.3838343712332
158.3838343712332
158.3838343712332
158.3838343712332
158.3838343712332
158.3838343712332
158.3838343712332
158.3838343712332
158.3838343712332
158.3838343712332
158.3838343712332
158.3838343712332
158.3838343712332
158.3838343712332
158.3838343712332
158.3838343712332
158.3838343712332
158.3838343712332
158.3838343712332
158.3838343712332
158.3838343712332
158.3838343712332
158.3838343712332
158.3838343712332
158.3838343712332
158.3838343712332
158.3838343712332
158.3838343712332
158.3838343712332
158.3838343712332
158.3838343712332
158.3838343712332
158.3838343712332
158.38141980864225
158.38141980864225
158.38141980864225
158.38141980864225
158.38141980864225
158.38141980864225
158.38141980864225
158.38141980864225
158.38141980864225
158.38141980864225
158.38141980864225
158.38141980864225
158.38141980864225
158.38141980864225
158.38141980864225
158.38141980864225
156.6187891172133
156.6187891172133
156.6187891172133
156.6187891172133
156.6187891172133
156.6187891172133
156.6187891172133
156.6187891172133
156.6187891172133
156.6187891172133
156.6187891172133
156.6187891172133
156.6187891172133
156.6187891172133
156.6187891172133
156.6187891172133
156.6187891172133
156.6187891172133
156.6187891172133
156.6187891172133
156.6187891172133
156.6187891172133
156.6187891172133
156.6187891172133
156.6187891172133
156.6187891172133
156.6187891172133
156.6187891172133
156.6187891172133
156.6187891172133
156.6187891172133
156.6187891172133
156.6187891172133
156.6187891172133
156.6187891172133
156.6187891172133
156.6187891172133
156.6187891172133
156.6187891172133
156.6187891172133
156.6187891172133
156.6187891172133
156.6187891172133
156.6187891172133
156.6187891172133
156.6187891172133
156.6187891172133
156.6187891172133
156.6187891172133
156.6187891172133
156.6187891172133
156.6187891172133
156.6187891172133
156.6187891172133
156.6187891172133
156.6187891172133
156.6187891172133
156.6187891172133
156.6187891172133
156.6187891172133
156.6187891172133
156.6187891172133
156.6187891172133
156.6187891172133
156.6187891172133
156.6187891172133
156.6187891172133
156.6187891172133
156.6187891172133
156.6187891172133
156.6187891172133
156.61643861227884
156.61643861227884
156.61643861227884
156.61643861227884
156.61643861227884
156.61643861227884
156.61643861227884
156.61643861227884
156.61643861227884
156.61643861227884
156.61643861227884
156.61643861227884
156.61643861227884
156.61643861227884
154.89351849531496
154.89351849531496
154.89351849531496
154.89351849531496
154.89351849531496
154.89351849531496
154.89351849531496
154.89351849531496
154.89351849531496
154.89351849531496
154.89351849531496
154.89351849531496
154.89351849531496
154.89351849531496
154.89351849531496
154.89351849531496
154.89351849531496
154.89351849531496
154.89351849531496
154.89351849531496
154.89351849531496
154.89351849531496
154.89351849531496
154.89351849531496
154.89351849531496
154.89351849531496
154.89351849531496
154.89351849531496
154.89351849531496
154.89351849531496
154.89351849531496
154.89351849531496
154.89351849531496
154.89351849531496
154.89351849531496
154.89351849531496
154.89351849531496
154.89351849531496
154.89351849531496
154.89351849531496
154.89351849531496
154.89351849531496
154.89351849531496
154.89351849531496
154.89351849531496
154.89351849531496
154.89351849531496
154.89123712580803
154.89123712580803
154.89123712580803
154.89123712580803
154.89123712580803
154.89123712580803
154.89123712580803
154.89123712580803
154.89123712580803
154.89123712580803
154.89123712580803
154.89123712580803
154.89123712580803
154.89123712580803
154.89123712580803
154.89123712580803
154.89123712580803
154.89123712580803
154.89123712580803
154.89123712580803
154.89123712580803
154.89123712580803
154.89123712580803
154.89123712580803
154.89123712580803
154.89123712580803
154.89123712580803
154.89123712580803
154.89123712580803
154.89123712580803
154.8889557563011
154.8889557563011
154.8889557563011
154.8889557563011
154.8889557563011
154.8889557563011
154.8889557563011
154.8889557563011
153.20758642970333
153.20758642970333
153.20758642970333
153.20758642970333
153.20758642970333
153.20758642970333
153.20758642970333
153.20758642970333
153.20758642970333
153.20758642970333
153.20758642970333
153.20758642970333
153.20758642970333
153.20758642970333
153.20758642970333
153.20758642970333
153.20758642970333
153.20758642970333
153.20758642970333
153.20758642970333
153.20758642970333
153.20758642970333
153.20758642970333
153.20758642970333
153.20758642970333
153.20758642970333
153.20758642970333
153.20758642970333
153.20758642970333
153.20758642970333
153.20758642970333
153.20758642970333
153.20758642970333
153.20758642970333
153.20758642970333
153.20758642970333
153.20758642970333
153.20758642970333
153.20758642970333
153.20758642970333
153.20758642970333
153.20758642970333
153.20758642970333
153.20758642970333
153.20758642970333
153.20758642970333
153.20758642970333
153.20758642970333
153.20758642970333
153.20758642970333
153.20758642970333
153.20758642970333
153.20758642970333
153.20758642970333
153.20758642970333
153.20758642970333
153.20758642970333
153.20758642970333
153.20758642970333
153.20758642970333
153.20758642970333
153.20758642970333
153.20758642970333
153.20758642970333
153.20758642970333
153.20758642970333
153.20758642970333
153.20758642970333
153.20758642970333
153.20758642970333
153.20758642970333
153.20758642970333
153.20758642970333
153.2053651655059
153.2053651655059
153.2053651655059
153.2053651655059
153.2053651655059
153.2053651655059
153.2053651655059
153.2053651655059
153.2053651655059
153.2053651655059
153.20314390130847
153.20314390130847
151.56162965942238
151.56162965942238
151.56162965942238
151.56162965942238
151.56162965942238
151.56162965942238
151.56162965942238
151.56162965942238
151.56162965942238
151.56162965942238
151.56162965942238
151.56162965942238
151.56162965942238
151.56162965942238
151.56162965942238
151.56162965942238
151.56162965942238
151.56162965942238
151.56162965942238
151.56162965942238
151.56162965942238
151.56162965942238
151.56162965942238
151.56162965942238
151.56162965942238
151.56162965942238
151.56162965942238
151.56162965942238
151.56162965942238
151.56162965942238
151.56162965942238
151.56162965942238
151.56162965942238
151.56162965942238
151.56162965942238
151.56162965942238
151.56162965942238
151.56162965942238
151.56162965942238
151.56162965942238
151.56162965942238
151.56162965942238
151.55947688991725
151.55947688991725
151.55947688991725
151.55947688991725
151.55947688991725
151.55947688991725
151.55947688991725
151.55947688991725
151.55947688991725
151.55947688991725
151.55947688991725
151.55947688991725
151.55947688991725
151.55947688991725
151.55947688991725
151.55947688991725
151.55947688991725
151.55947688991725
151.55947688991725
151.55947688991725
151.55947688991725
151.55947688991725
151.55947688991725
151.55947688991725
151.55947688991725
151.55947688991725
151.55947688991725
151.55947688991725
151.55947688991725
151.55947688991725
151.55947688991725
151.5573241204121
151.5573241204121
151.5573241204121
151.5573241204121
151.5573241204121
151.5573241204121
151.5573241204121
151.5573241204121
151.5573241204121
151.55517135090693
151.55517135090693
151.55517135090693
149.95566360857808
149.95566360857808
149.95566360857808
149.95566360857808
149.95566360857808
149.95566360857808
149.95566360857808
149.95566360857808
149.95566360857808
149.95566360857808
149.95566360857808
149.95566360857808
149.95566360857808
149.95566360857808
149.95566360857808
149.95566360857808
149.95566360857808
149.95566360857808
149.95566360857808
149.95566360857808
149.95566360857808
149.95566360857808
149.95566360857808
149.95566360857808
149.95566360857808
149.95566360857808
149.95566360857808
149.95566360857808
149.95566360857808
149.95566360857808
149.95566360857808
149.95566360857808
149.95566360857808
149.95566360857808
149.95566360857808
149.95566360857808
149.95566360857808
149.95566360857808
149.95566360857808
149.95566360857808
149.95566360857808
149.95566360857808
149.95566360857808
149.95566360857808
149.95566360857808
149.95566360857808
149.95566360857808
149.95566360857808
149.95566360857808
149.95566360857808
149.95566360857808
149.95566360857808
149.95566360857808
149.95566360857808
149.95566360857808
149.95566360857808
149.95566360857808
149.95566360857808
149.95566360857808
149.95566360857808
149.95566360857808
149.9535721318603
149.9535721318603
149.9535721318603
149.9535721318603
149.9535721318603
149.9535721318603
149.9535721318603
149.9535721318603
149.9535721318603
149.9535721318603
149.9535721318603
149.9535721318603
149.9535721318603
149.9535721318603
149.9535721318603
149.9514806551425
149.9514806551425
149.9514806551425
149.9514806551425
149.9514806551425
149.9514806551425
149.9514806551425
149.9514806551425
149.94938917842467
148.38914754693866
148.38914754693866
148.38914754693866
148.38914754693866
148.38914754693866
148.38914754693866
148.38914754693866
148.38914754693866
148.38914754693866
148.38914754693866
148.38914754693866
148.38914754693866
148.38914754693866
148.38914754693866
148.38914754693866
148.38914754693866
148.38914754693866
148.38914754693866
148.38914754693866
148.38914754693866
148.38914754693866
148.38914754693866
148.38914754693866
148.38914754693866
148.38914754693866
148.38914754693866
148.38914754693866
148.38914754693866
148.38914754693866
148.38914754693866
148.38914754693866
148.38914754693866
148.38914754693866
148.38914754693866
148.38914754693866
148.38914754693866
148.38914754693866
148.38914754693866
148.38914754693866
148.38914754693866
148.38914754693866
148.38914754693866
148.38914754693866
148.38914754693866
148.38914754693866
148.38914754693866
148.38914754693866
148.3871208771297
148.3871208771297
148.3871208771297
148.3871208771297
148.3871208771297
148.3871208771297
148.3871208771297
148.3871208771297
148.3871208771297
148.3871208771297
148.3871208771297
148.3871208771297
148.3871208771297
148.3871208771297
148.3871208771297
148.3871208771297
148.3871208771297
148.3871208771297
148.3871208771297
148.3871208771297
148.3871208771297
148.3871208771297
148.3871208771297
148.3871208771297
148.3850942073207
148.3850942073207
148.3850942073207
148.3850942073207
148.3850942073207
148.3850942073207
148.3850942073207
148.3850942073207
148.3850942073207
148.3830675375117
148.3830675375117
148.3830675375117
148.3830675375117
148.3830675375117
146.86306518076998
146.86306518076998
146.86306518076998
146.86306518076998
146.86306518076998
146.86306518076998
146.86306518076998
146.86306518076998
146.86306518076998
146.86306518076998
146.86306518076998
146.86306518076998
146.86306518076998
146.86306518076998
146.86306518076998
146.86306518076998
146.86306518076998
146.86306518076998
146.86306518076998
146.86306518076998
146.86306518076998
146.86306518076998
146.86306518076998
146.86306518076998
146.86306518076998
146.86306518076998
146.86306518076998
146.86306518076998
146.86306518076998
146.86306518076998
146.86306518076998
146.86306518076998
146.86306518076998
146.86306518076998
146.86306518076998
146.86306518076998
146.86306518076998
146.86306518076998
146.86306518076998
146.86306518076998
146.86306518076998
146.8611024736288
146.8611024736288
146.8611024736288
146.8611024736288
146.8611024736288
146.8611024736288
146.8611024736288
146.8611024736288
146.8611024736288
146.8611024736288
146.8611024736288
146.8611024736288
146.8611024736288
146.8611024736288
146.8611024736288
146.8611024736288
146.8611024736288
146.8611024736288
146.8611024736288
146.8611024736288
146.8611024736288
146.8611024736288
146.8611024736288
146.8611024736288
146.8611024736288
146.8611024736288
146.8611024736288
146.8611024736288
146.85913976648763
146.85913976648763
146.85913976648763
146.85913976648763
146.85913976648763
146.85913976648763
146.85913976648763
146.85913976648763
146.85913976648763
146.85913976648763
146.85717705934644
146.85717705934644
146.85717705934644
146.85717705934644
146.85717705934644
146.8552143522053
145.37729587490784
145.37729587490784
145.37729587490784
145.37729587490784
145.37729587490784
145.37729587490784
145.37729587490784
145.37729587490784
145.37729587490784
145.37729587490784
145.37729587490784
145.37729587490784
145.37729587490784
145.37729587490784
145.37729587490784
145.37729587490784
145.37729587490784
145.37729587490784
145.37729587490784
145.37729587490784
145.37729587490784
145.37729587490784
145.37729587490784
145.37729587490784
145.37729587490784
145.37729587490784
145.37729587490784
145.37729587490784
145.37729587490784
145.37729587490784
145.37729587490784
145.37729587490784
145.37729587490784
145.37729587490784
145.37729587490784
145.37729587490784
145.37729587490784
145.37729587490784
145.37729587490784
145.37729587490784
145.37729587490784
145.37729587490784
145.37729587490784
145.37729587490784
145.37729587490784
145.37729587490784
145.37729587490784
145.37729587490784
145.37729587490784
145.37539626950803
145.37539626950803
145.37539626950803
145.37539626950803
145.37539626950803
145.37539626950803
145.37539626950803
145.37539626950803
145.37539626950803
145.37539626950803
145.37539626950803
145.37539626950803
145.37539626950803
145.37539626950803
145.37539626950803
145.37539626950803
145.37539626950803
145.37539626950803
145.37539626950803
145.37539626950803
145.37539626950803
145.37349666410827
145.37349666410827
145.37349666410827
145.37349666410827
145.37349666410827
145.37349666410827
145.37349666410827
145.37349666410827
145.37159705870846
145.37159705870846
145.37159705870846
145.37159705870846
145.37159705870846
145.37159705870846
145.36969745330865
143.93169616566448
143.93169616566448
143.93169616566448
143.93169616566448
143.93169616566448
143.93169616566448
143.93169616566448
143.93169616566448
143.93169616566448
143.93169616566448
143.93169616566448
143.93169616566448
143.93169616566448
143.93169616566448
143.93169616566448
143.93169616566448
143.93169616566448
143.93169616566448
143.93169616566448
143.93169616566448
143.93169616566448
143.93169616566448
143.93169616566448
143.93169616566448
143.93169616566448
143.93169616566448
143.93169616566448
143.93169616566448
143.93169616566448
143.93169616566448
143.93169616566448
143.93169616566448
143.93169616566448
143.93169616566448
143.93169616566448
143.93169616566448
143.93169616566448
143.93169616566448
143.93169616566448
143.93169616566448
143.93169616566448
143.93169616566448
143.93169616566448
143.93169616566448
143.93169616566448
143.93169616566448
143.93169616566448
143.93169616566448
143.93169616566448
143.93169616566448
143.93169616566448
143.93169616566448
143.93169616566448
143.93169616566448
143.93169616566448
143.93169616566448
143.93169616566448
143.93169616566448
143.93169616566448
143.9298563850845
143.9298563850845
143.9298563850845
143.9298563850845
143.9298563850845
143.9298563850845
143.9298563850845
143.9298563850845
143.9298563850845
143.9298563850845
143.9298563850845
143.9298563850845
143.9298563850845
143.9298563850845
143.92801660450448
143.92801660450448
143.92801660450448
143.92801660450448
143.92801660450448
143.92801660450448
143.92801660450448
143.92617682392446
143.92617682392446
143.92617682392446
143.92617682392446
143.9243370433445
142.52610380254305
142.52610380254305
142.52610380254305
142.52610380254305
142.52610380254305
142.52610380254305
142.52610380254305
142.52610380254305
142.52610380254305
142.52610380254305
142.52610380254305
142.52610380254305
142.52610380254305
142.52610380254305
142.52610380254305
142.52610380254305
142.52610380254305
142.52610380254305
142.52610380254305
142.52610380254305
142.52610380254305
142.52610380254305
142.52610380254305
142.52610380254305
142.52610380254305
142.52610380254305
142.52610380254305
142.52610380254305
142.52610380254305
142.52610380254305
142.52610380254305
142.52610380254305
142.52610380254305
142.52610380254305
142.52610380254305
142.52610380254305
142.52610380254305
142.52610380254305
142.52610380254305
142.52610380254305
142.52610380254305
142.52432838688662
142.52432838688662
142.52432838688662
142.52432838688662
142.52432838688662
142.52432838688662
142.52432838688662
142.52432838688662
142.52432838688662
142.52432838688662
142.52432838688662
142.52432838688662
142.52432838688662
142.52432838688662
142.52432838688662
142.52432838688662
142.52432838688662
142.52432838688662
142.52432838688662
142.52432838688662
142.52432838688662
142.52432838688662
142.52432838688662
142.52432838688662
142.52432838688662
142.52432838688662
142.5225529712302
142.5225529712302
142.5225529712302
142.5225529712302
142.5225529712302
142.5225529712302
142.5225529712302
142.5225529712302
142.5225529712302
142.5207775555738
142.5207775555738
142.5207775555738
142.5207775555738
142.5207775555738
142.51900213991738
142.51900213991738
142.51900213991738
142.51900213991738
141.1608091627601
141.1608091627601
141.1608091627601
141.1608091627601
141.1608091627601
141.1608091627601
141.1608091627601
141.1608091627601
141.1608091627601
141.1608091627601
141.1608091627601
141.1608091627601
141.1608091627601
141.1608091627601
141.1608091627601
141.1608091627601
141.1608091627601
141.1608091627601
141.1608091627601
141.1608091627601
141.1608091627601
141.1608091627601
141.1608091627601
141.1608091627601
141.1608091627601
141.1608091627601
141.1608091627601
141.1608091627601
141.1608091627601
141.1608091627601
141.1608091627601
141.1608091627601
141.1608091627601
141.1608091627601
141.1608091627601
141.1608091627601
141.1608091627601
141.1608091627601
141.1608091627601
141.1608091627601
141.1608091627601
141.1608091627601
141.1608091627601
141.1608091627601
141.1608091627601
141.1608091627601
141.1608091627601
141.1608091627601
141.1608091627601
141.1608091627601
141.1608091627601
141.1608091627601
141.1608091627601
141.1608091627601
141.1608091627601
141.1608091627601
141.1608091627601
141.1608091627601
141.1608091627601
141.1608091627601
141.1608091627601
141.1608091627601
141.1590931624096
141.1590931624096
141.1590931624096
141.1590931624096
141.1590931624096
141.1590931624096
141.1590931624096
141.1590931624096
141.1590931624096
141.1590931624096
141.1590931624096
141.15737716205908
141.15737716205908
141.15737716205908
141.15737716205908
141.15737716205908
141.15737716205908
141.1556611617086
141.1556611617086
141.1556611617086
141.1556611617086
141.1556611617086
141.15394516135808
139.8360568921707
139.8360568921707
139.8360568921707
139.8360568921707
139.8360568921707
139.8360568921707
139.8360568921707
139.8360568921707
139.8360568921707
139.8360568921707
139.8360568921707
139.8360568921707
139.8360568921707
139.8360568921707
139.8360568921707
139.8360568921707
139.8360568921707
139.8360568921707
139.8360568921707
139.8360568921707
139.8360568921707
139.8360568921707
139.8360568921707
139.8360568921707
139.8360568921707
139.8360568921707
139.8360568921707
139.8360568921707
139.8360568921707
139.8360568921707
139.8360568921707
139.8360568921707
139.8360568921707
139.8360568921707
139.8360568921707
139.8360568921707
139.8360568921707
139.8360568921707
139.8360568921707
139.8360568921707
139.8360568921707
139.8360568921707
139.8360568921707
139.8360568921707
139.8360568921707
139.8360568921707
139.8360568921707
139.8360568921707
139.8360568921707
139.8360568921707
139.8360568921707
139.8360568921707
139.8360568921707
139.8360568921707
139.8360568921707
139.8360568921707
139.8360568921707
139.8360568921707
139.83440224766875
139.83440224766875
139.83440224766875
139.83440224766875
139.83440224766875
139.83440224766875
139.83440224766875
139.83440224766875
139.83440224766875
139.83440224766875
139.83440224766875
139.83440224766875
139.83440224766875
139.8327476031668
139.8327476031668
139.8327476031668
139.8327476031668
139.8327476031668
139.8327476031668
139.8327476031668
139.83109295866484
139.83109295866484
139.83109295866484
139.83109295866484
139.82943831416296
139.82943831416296
139.82943831416296
138.5520527586692
138.5520527586692
138.5520527586692
138.5520527586692
138.5520527586692
138.5520527586692
138.5520527586692
138.5520527586692
138.5520527586692
138.5520527586692
138.5520527586692
138.5520527586692
138.5520527586692
138.5520527586692
138.5520527586692
138.5520527586692
138.5520527586692
138.5520527586692
138.5520527586692
138.5520527586692
138.5520527586692
138.5520527586692
138.5520527586692
138.5520527586692
138.5520527586692
138.5520527586692
138.5520527586692
138.5520527586692
138.5520527586692
138.5520527586692
138.5520527586692
138.5520527586692
138.5520527586692
138.5520527586692
138.5520527586692
138.5520527586692
138.5520527586692
138.5520527586692
138.5520527586692
138.5520527586692
138.5520527586692
138.5520527586692
138.5520527586692
138.5520527586692
138.5520527586692
138.5520527586692
138.5520527586692
138.5520527586692
138.5520527586692
138.5520527586692
138.5520527586692
138.5520527586692
138.5520527586692
138.5520527586692
138.5520527586692
138.5520527586692
138.5520527586692
138.55045792679985
138.55045792679985
138.55045792679985
138.55045792679985
138.55045792679985
138.55045792679985
138.55045792679985
138.55045792679985
138.55045792679985
138.55045792679985
138.55045792679985
138.55045792679985
138.55045792679985
138.54886309493045
138.54886309493045
138.54886309493045
138.54886309493045
138.54886309493045
138.54886309493045
138.54886309493045
138.54726826306108
138.54726826306108
138.54726826306108
138.54726826306108
138.54726826306108
138.54567343119174
138.54567343119174
138.54567343119174
137.3080839005606
137.3080839005606
137.3080839005606
137.3080839005606
137.3080839005606
137.3080839005606
137.3080839005606
137.3080839005606
137.3080839005606
137.3080839005606
137.3080839005606
137.3080839005606
137.3080839005606
137.3080839005606
137.3080839005606
137.3080839005606
137.3080839005606
137.3080839005606
137.3080839005606
137.3080839005606
137.3080839005606
137.3080839005606
137.3080839005606
137.3080839005606
137.3080839005606
137.3080839005606
137.3080839005606
137.3080839005606
137.3080839005606
137.3080839005606
137.3080839005606
137.3080839005606
137.3080839005606
137.3080839005606
137.3080839005606
137.3080839005606
137.3080839005606
137.3080839005606
137.3080839005606
137.3080839005606
137.3080839005606
137.3080839005606
137.3080839005606
137.3080839005606
137.3080839005606
137.3080839005606
137.3080839005606
137.3080839005606
137.3080839005606
137.3080839005606
137.3080839005606
137.3080839005606
137.3080839005606
137.3080839005606
137.3080839005606
137.3080839005606
137.3080839005606
137.30654907134164
137.30654907134164
137.30654907134164
137.30654907134164
137.30654907134164
137.30654907134164
137.30654907134164
137.30654907134164
137.30654907134164
137.30654907134164
137.30654907134164
137.30654907134164
137.30654907134164
137.30501424212267
137.30501424212267
137.30501424212267
137.30501424212267
137.30501424212267
137.30501424212267
137.30501424212267
137.3034794129037
137.3034794129037
137.3034794129037
137.3034794129037
137.3019445836848
137.3019445836848
137.3019445836848
137.3019445836848
136.10477779290068
136.10477779290068
136.10477779290068
136.10477779290068
136.10477779290068
136.10477779290068
136.10477779290068
136.10477779290068
136.10477779290068
136.10477779290068
136.10477779290068
136.10477779290068
136.10477779290068
136.10477779290068
136.10477779290068
136.10477779290068
136.10477779290068
136.10477779290068
136.10477779290068
136.10477779290068
136.10477779290068
136.10477779290068
136.10477779290068
136.10477779290068
136.10477779290068
136.10477779290068
136.10477779290068
136.10477779290068
136.10477779290068
136.10477779290068
136.10477779290068
136.10477779290068
136.10477779290068
136.10477779290068
136.10477779290068
136.10477779290068
136.10477779290068
136.10477779290068
136.10477779290068
136.10477779290068
136.10477779290068
136.10477779290068
136.10477779290068
136.10477779290068
136.10477779290068
136.10477779290068
136.10477779290068
136.10477779290068
136.10477779290068
136.10477779290068
136.10477779290068
136.10477779290068
136.10477779290068
136.10477779290068
136.10477779290068
136.10477779290068
136.10477779290068
136.10477779290068
136.10477779290068
136.10330066754105
136.10330066754105
136.10330066754105
136.10330066754105
136.10330066754105
136.10330066754105
136.10330066754105
136.10330066754105
136.10330066754105
136.10330066754105
136.10330066754105
136.10330066754105
136.10182354218145
136.10182354218145
136.10182354218145
136.10182354218145
136.10182354218145
136.10182354218145
136.1003464168218
136.1003464168218
136.1003464168218
136.1003464168218
136.09886929146217
136.09886929146217
136.09886929146217
136.09886929146217
134.94228013487515
134.94228013487515
134.94228013487515
134.94228013487515
134.94228013487515
134.94228013487515
134.94228013487515
134.94228013487515
134.94228013487515
134.94228013487515
134.94228013487515
134.94228013487515
134.94228013487515
134.94228013487515
134.94228013487515
134.94228013487515
134.94228013487515
134.94228013487515
134.94228013487515
134.94228013487515
134.94228013487515
134.94228013487515
134.9408640228788
134.9408640228788
134.9408640228788
134.9408640228788
134.9408640228788
134.9408640228788
134.9408640228788
134.9408640228788
134.9408640228788
134.9408640228788
134.9408640228788
134.9408640228788
134.9408640228788
134.9408640228788
134.9408640228788
134.9408640228788
134.9408640228788
134.9408640228788
134.9408640228788
134.9408640228788
134.9408640228788
134.9408640228788
134.9408640228788
134.9408640228788
134.9408640228788
134.9408640228788
134.9408640228788
134.9408640228788
134.9408640228788
134.9408640228788
134.9408640228788
134.9408640228788
134.9408640228788
134.9408640228788
134.9408640228788
134.9408640228788
134.9408640228788
134.9408640228788
134.9408640228788
134.9408640228788
134.93944791088248
134.93944791088248
134.93944791088248
134.93944791088248
134.93944791088248
134.93944791088248
134.93944791088248
134.93944791088248
134.93944791088248
134.93944791088248
134.93803179888613
134.93803179888613
134.93803179888613
134.93803179888613
134.93803179888613
134.93803179888613
134.93661568688975
134.93661568688975
134.93661568688975
134.93661568688975
134.93519957489343
134.93519957489343
134.93519957489343
133.8207194337698
133.8207194337698
133.8207194337698
133.8207194337698
133.8207194337698
133.8207194337698
133.8207194337698
133.8207194337698
133.8207194337698
133.8207194337698
133.8207194337698
133.8207194337698
133.8207194337698
133.8207194337698
133.8207194337698
133.8207194337698
133.8207194337698
133.8207194337698
133.8207194337698
133.8207194337698
133.8207194337698
133.8207194337698
133.8207194337698
133.8207194337698
133.8207194337698
133.8207194337698
133.8207194337698
133.8207194337698
133.8207194337698
133.8207194337698
133.8207194337698
133.8207194337698
133.8207194337698
133.8207194337698
133.8207194337698
133.8207194337698
133.8207194337698
133.8207194337698
133.8207194337698
133.8207194337698
133.8207194337698
133.8207194337698
133.8207194337698
133.81936096973746
133.81936096973746
133.81936096973746
133.81936096973746
133.81936096973746
133.81936096973746
133.81936096973746
133.81936096973746
133.81936096973746
133.81936096973746
133.81936096973746
133.81936096973746
133.81936096973746
133.81936096973746
133.81936096973746
133.81936096973746
133.81936096973746
133.81936096973746
133.81936096973746
133.81936096973746
133.81936096973746
133.81936096973746
133.81800250570512
133.81800250570512
133.81800250570512
133.81800250570512
133.81800250570512
133.81800250570512
133.81800250570512
133.81800250570512
133.81664404167282
133.81664404167282
133.81664404167282
133.81664404167282
133.81664404167282
133.81528557764048
133.81528557764048
133.81528557764048
133.81528557764048
133.81392711360814
133.81392711360814
133.81392711360814
132.73938206403625
132.73938206403625
132.73938206403625
132.73938206403625
132.73938206403625
132.73938206403625
132.73938206403625
132.73938206403625
132.73938206403625
132.73938206403625
132.73938206403625
132.73938206403625
132.73938206403625
132.73938206403625
132.73938206403625
132.73938206403625
132.73938206403625
132.73938206403625
132.73938206403625
132.73938206403625
132.73938206403625
132.73938206403625
132.73938206403625
132.73938206403625
132.73938206403625
132.73938206403625
132.73938206403625
132.73938206403625
132.73938206403625
132.73938206403625
132.73938206403625
132.73938206403625
132.73938206403625
132.73938206403625
132.73938206403625
132.73938206403625
132.73938206403625
132.73938206403625
132.73938206403625
132.73938206403625
132.73938206403625
132.73938206403625
132.73938206403625
132.73938206403625
132.73938206403625
132.73938206403625
132.73938206403625
132.73938206403625
132.73938206403625
132.73938206403625
132.73938206403625
132.73938206403625
132.73808187703023
132.73808187703023
132.73808187703023
132.73808187703023
132.73808187703023
132.73808187703023
132.73808187703023
132.73808187703023
132.73808187703023
132.73808187703023
132.73808187703023
132.73808187703023
132.73808187703023
132.73808187703023
132.73808187703023
132.7367816900242
132.7367816900242
132.7367816900242
132.7367816900242
132.7367816900242
132.7367816900242
132.7367816900242
132.73548150301818
132.73548150301818
132.73548150301818
132.73548150301818
132.73548150301818
132.73418131601215
132.73418131601215
132.73418131601215
132.73418131601215
132.73288112900613
132.73288112900613
131.6992324592198
131.6992324592198
131.6992324592198
131.6992324592198
131.6992324592198
131.6992324592198
131.6992324592198
131.6992324592198
131.6992324592198
131.6992324592198
131.6992324592198
131.6992324592198
131.6992324592198
131.6992324592198
131.6992324592198
131.6992324592198
131.6992324592198
131.6992324592198
131.6992324592198
131.6992324592198
131.6992324592198
131.6992324592198
131.6992324592198
131.6992324592198
131.6992324592198
131.6992324592198
131.6992324592198
131.6992324592198
131.6992324592198
131.6992324592198
131.6992324592198
131.6992324592198
131.6992324592198
131.6992324592198
131.6992324592198
131.6992324592198
131.6992324592198
131.6992324592198
131.6992324592198
131.6992324592198
131.6992324592198
131.6992324592198
131.6992324592198
131.6992324592198
131.6992324592198
131.6992324592198
131.6992324592198
131.6992324592198
131.6992324592198
131.6992324592198
131.6992324592198
131.6992324592198
131.6992324592198
131.6992324592198
131.6992324592198
131.6992324592198
131.6992324592198
131.6979875496211
131.6979875496211
131.6979875496211
131.6979875496211
131.6979875496211
131.6979875496211
131.6979875496211
131.6979875496211
131.6979875496211
131.6979875496211
131.6979875496211
131.6979875496211
131.6967426400224
131.6967426400224
131.6967426400224
131.6967426400224
131.6967426400224
131.6967426400224
131.6967426400224
131.69549773042374
131.69549773042374
131.69549773042374
131.69549773042374
131.69425282082503
131.69425282082503
131.69425282082503
131.69425282082503
131.69300791122635
130.6995700514746
130.6995700514746
130.6995700514746
130.6995700514746
130.6995700514746
130.6995700514746
130.6995700514746
130.6995700514746
130.6995700514746
130.6995700514746
130.6995700514746
130.6995700514746
130.6995700514746
130.6995700514746
130.6995700514746
130.69838411169366
130.69838411169366
130.69838411169366
130.69838411169366
130.69838411169366
130.69838411169366
130.69838411169366
130.69838411169366
130.69838411169366
130.69838411169366
130.69838411169366
130.69838411169366
130.69838411169366
130.69838411169366
130.69838411169366
130.69838411169366
130.69838411169366
130.69838411169366
130.69838411169366
130.69838411169366
130.69838411169366
130.69838411169366
130.69838411169366
130.69838411169366
130.69838411169366
130.69838411169366
130.69838411169366
130.69838411169366
130.69838411169366
130.69838411169366
130.69838411169366
130.69838411169366
130.69838411169366
130.69838411169366
130.69838411169366
130.69838411169366
130.69838411169366
130.69838411169366
130.69838411169366
130.69838411169366
130.69838411169366
130.69838411169366
130.69838411169366
130.69838411169366
130.69838411169366
130.69838411169366
130.69719817191267
130.69719817191267
130.69719817191267
130.69719817191267
130.69719817191267
130.69719817191267
130.69719817191267
130.69719817191267
130.69719817191267
130.69719817191267
130.69601223213172
130.69601223213172
130.69601223213172
130.69601223213172
130.69601223213172
130.69601223213172
130.69482629235077
130.69482629235077
130.69482629235077
130.69482629235077
130.69364035256982
130.69364035256982
130.69364035256982
130.69245441278886
129.74133070846213
129.74133070846213
129.74133070846213
129.74133070846213
129.74133070846213
129.74133070846213
129.74133070846213
129.74133070846213
129.74133070846213
129.74133070846213
129.74133070846213
129.74133070846213
129.74133070846213
129.74133070846213
129.74133070846213
129.74133070846213
129.74133070846213
129.74133070846213
129.74133070846213
129.74133070846213
129.74133070846213
129.74133070846213
129.74133070846213
129.74133070846213
129.74133070846213
129.74133070846213
129.74133070846213
129.74133070846213
129.74133070846213
129.74133070846213
129.74133070846213
129.74133070846213
129.74133070846213
129.74133070846213
129.74133070846213
129.74133070846213
129.74133070846213
129.74133070846213
129.74133070846213
129.74020079738327
129.74020079738327
129.74020079738327
129.74020079738327
129.74020079738327
129.74020079738327
129.74020079738327
129.74020079738327
129.74020079738327
129.74020079738327
129.74020079738327
129.74020079738327
129.74020079738327
129.74020079738327
129.74020079738327
129.74020079738327
129.74020079738327
129.74020079738327
129.74020079738327
129.74020079738327
129.74020079738327
129.74020079738327
129.74020079738327
129.74020079738327
129.7390708863044
129.7390708863044
129.7390708863044
129.7390708863044
129.7390708863044
129.7390708863044
129.7390708863044
129.7390708863044
129.7390708863044
129.7379409752255
129.7379409752255
129.7379409752255
129.7379409752255
129.7379409752255
129.7379409752255
129.73681106414665
129.73681106414665
129.73681106414665
129.73681106414665
129.73568115306776
129.73568115306776
129.73568115306776
128.82384291242022
128.82384291242022
128.82384291242022
128.82384291242022
128.82384291242022
128.82384291242022
128.82384291242022
128.82384291242022
128.82384291242022
128.82384291242022
128.82384291242022
128.82384291242022
128.82384291242022
128.82384291242022
128.82384291242022
128.82384291242022
128.82384291242022
128.82384291242022
128.82384291242022
128.82384291242022
128.82384291242022
128.82384291242022
128.82384291242022
128.82384291242022
128.82384291242022
128.82384291242022
128.82384291242022
128.82384291242022
128.82384291242022
128.82384291242022
128.82384291242022
128.82384291242022
128.82384291242022
128.82384291242022
128.82384291242022
128.82384291242022
128.82384291242022
128.82384291242022
128.82384291242022
128.82384291242022
128.82384291242022
128.82384291242022
128.82384291242022
128.82384291242022
128.82384291242022
128.82276866903277
128.82276866903277
128.82276866903277
128.82276866903277
128.82276866903277
128.82276866903277
128.82276866903277
128.82276866903277
128.82276866903277
128.82276866903277
128.82276866903277
128.82276866903277
128.82276866903277
128.82276866903277
128.82276866903277
128.82276866903277
128.82276866903277
128.82276866903277
128.82276866903277
128.82276866903277
128.82169442564532
128.82169442564532
128.82169442564532
128.82169442564532
128.82169442564532
128.82169442564532
128.82169442564532
128.82169442564532
128.8206201822579
128.8206201822579
128.8206201822579
128.8206201822579
128.8206201822579
128.81954593887048
128.81954593887048
128.81954593887048
128.81954593887048
128.81847169548303
128.81847169548303
128.81847169548303
127.9472603082716
127.9472603082716
127.9472603082716
127.9472603082716
127.9472603082716
127.9472603082716
127.9472603082716
127.9472603082716
127.9472603082716
127.9472603082716
127.9472603082716
127.9472603082716
127.9472603082716
127.9472603082716
127.9472603082716
127.9472603082716
127.9472603082716
127.9472603082716
127.9472603082716
127.9472603082716
127.9472603082716
127.9472603082716
127.9472603082716
127.9472603082716
127.9472603082716
127.9472603082716
127.9472603082716
127.9472603082716
127.9472603082716
127.9472603082716
127.9472603082716
127.9472603082716
127.9472603082716
127.9472603082716
127.9472603082716
127.9472603082716
127.9472603082716
127.9472603082716
127.9472603082716
127.9472603082716
127.9472603082716
127.9472603082716
127.9472603082716
127.9472603082716
127.9472603082716
127.9472603082716
127.9472603082716
127.94624232314096
127.94624232314096
127.94624232314096
127.94624232314096
127.94624232314096
127.94624232314096
127.94624232314096
127.94624232314096
127.94624232314096
127.94624232314096
127.94624232314096
127.94624232314096
127.94624232314096
127.94624232314096
127.94624232314096
127.94624232314096
127.94624232314096
127.94624232314096
127.9452243380103
127.9452243380103
127.9452243380103
127.9452243380103
127.9452243380103
127.9452243380103
127.9452243380103
127.9452243380103
127.9452243380103
127.94420635287965
127.94420635287965
127.94420635287965
127.94420635287965
127.94420635287965
127.94318836774899
127.94318836774899
127.94318836774899
127.94318836774899
127.94217038261836
127.94217038261836
127.11251250113872
127.11251250113872
127.11251250113872
127.11251250113872
127.11251250113872
127.11251250113872
127.11251250113872
127.11251250113872
127.11251250113872
127.11251250113872
127.11251250113872
127.11251250113872
127.11251250113872
127.11251250113872
127.11251250113872
127.11251250113872
127.11251250113872
127.11251250113872
127.11251250113872
127.11251250113872
127.11251250113872
127.11251250113872
127.11251250113872
127.11251250113872
127.11251250113872
127.11251250113872
127.11251250113872
127.11251250113872
127.11251250113872
127.11251250113872
127.11251250113872
127.11251250113872
127.11251250113872
127.11251250113872
127.11251250113872
127.11251250113872
127.11251250113872
127.11251250113872
127.11251250113872
127.11251250113872
127.11251250113872
127.11251250113872
127.11251250113872
127.11251250113872
127.11251250113872
127.11154949869413
127.11154949869413
127.11154949869413
127.11154949869413
127.11154949869413
127.11154949869413
127.11154949869413
127.11154949869413
127.11154949869413
127.11154949869413
127.11154949869413
127.11154949869413
127.11154949869413
127.11154949869413
127.11154949869413
127.11154949869413
127.11154949869413
127.11154949869413
127.11154949869413
127.11154949869413
127.11058649624952
127.11058649624952
127.11058649624952
127.11058649624952
127.11058649624952
127.11058649624952
127.11058649624952
127.11058649624952
127.10962349380492
127.10962349380492
127.10962349380492
127.10962349380492
127.10962349380492
127.10962349380492
127.1086604913603
127.1086604913603
127.1086604913603
127.1086604913603
127.1076974889157
127.1076974889157
126.31899848678424
126.31899848678424
126.31899848678424
126.31899848678424
126.31899848678424
126.31899848678424
126.31899848678424
126.31899848678424
126.31899848678424
126.31899848678424
126.31899848678424
126.31899848678424
126.31899848678424
126.31899848678424
126.31899848678424
126.31899848678424
126.31899848678424
126.31899848678424
126.31899848678424
126.31899848678424
126.31899848678424
126.31899848678424
126.31899848678424
126.31899848678424
126.31899848678424
126.31899848678424
126.31899848678424
126.31899848678424
126.31899848678424
126.31899848678424
126.31899848678424
126.31899848678424
126.31899848678424
126.31809127650023
126.31809127650023
126.31809127650023
126.31809127650023
126.31809127650023
126.31809127650023
126.31809127650023
126.31809127650023
126.31809127650023
126.31809127650023
126.31809127650023
126.31809127650023
126.31809127650023
126.31809127650023
126.31809127650023
126.31809127650023
126.31809127650023
126.31809127650023
126.31809127650023
126.31809127650023
126.31809127650023
126.31809127650023
126.31809127650023
126.31809127650023
126.31809127650023
126.31809127650023
126.31809127650023
126.31809127650023
126.31809127650023
126.31809127650023
126.3171840662162
126.3171840662162
126.3171840662162
126.3171840662162
126.3171840662162
126.3171840662162
126.3171840662162
126.3171840662162
126.3171840662162
126.31627685593216
126.31627685593216
126.31627685593216
126.31627685593216
126.31627685593216
126.31627685593216
126.31536964564815
126.31536964564815
126.31536964564815
126.31536964564815
126.31446243536412
126.31446243536412
126.31446243536412
125.56692116132622
125.56692116132622
125.56692116132622
125.56692116132622
125.56692116132622
125.56692116132622
125.56692116132622
125.56692116132622
125.56692116132622
125.56692116132622
125.56692116132622
125.56692116132622
125.56692116132622
125.56692116132622
125.56692116132622
125.56692116132622
125.56692116132622
125.56692116132622
125.56692116132622
125.56692116132622
125.56692116132622
125.56692116132622
125.56692116132622
125.56692116132622
125.56692116132622
125.56692116132622
125.56692116132622
125.56692116132622
125.56692116132622
125.56692116132622
125.56692116132622
125.56692116132622
125.56692116132622
125.56692116132622
125.56692116132622
125.56692116132622
125.56692116132622
125.56692116132622
125.56692116132622
125.56692116132622
125.56692116132622
125.56692116132622
125.56692116132622
125.56692116132622
125.56692116132622
125.56692116132622
125.56692116132622
125.56692116132622
125.56692116132622
125.56692116132622
125.56692116132622
125.56692116132622
125.56692116132622
125.56692116132622
125.56692116132622
125.56692116132622
125.56692116132622
125.56692116132622
125.56606729876758
125.56606729876758
125.56606729876758
125.56606729876758
125.56606729876758
125.56606729876758
125.56606729876758
125.56606729876758
125.56606729876758
125.56606729876758
125.56606729876758
125.56606729876758
125.56521343620895
125.56521343620895
125.56521343620895
125.56521343620895
125.56521343620895
125.56521343620895
125.56521343620895
125.56435957365032
125.56435957365032
125.56435957365032
125.56435957365032
125.56350571109168
125.56350571109168
125.56350571109168
125.56350571109168
124.85650751254116
124.85650751254116
124.85650751254116
124.85650751254116
124.85650751254116
124.85650751254116
124.85650751254116
124.85650751254116
124.85650751254116
124.85650751254116
124.85650751254116
124.85650751254116
124.85650751254116
124.85650751254116
124.85650751254116
124.85650751254116
124.85650751254116
124.85650751254116
124.85650751254116
124.85650751254116
124.85650751254116
124.85650751254116
124.85650751254116
124.85650751254116
124.85650751254116
124.85650751254116
124.85650751254116
124.85650751254116
124.85650751254116
124.85650751254116
124.85650751254116
124.85650751254116
124.85650751254116
124.85650751254116
124.85650751254116
124.85650751254116
124.85650751254116
124.85650751254116
124.85650751254116
124.85650751254116
124.85650751254116
124.85650751254116
124.85650751254116
124.85650751254116
124.85650751254116
124.8557088329948
124.8557088329948
124.8557088329948
124.8557088329948
124.8557088329948
124.8557088329948
124.8557088329948
124.8557088329948
124.8557088329948
124.8557088329948
124.8557088329948
124.8557088329948
124.8557088329948
124.8557088329948
124.8557088329948
124.8557088329948
124.8557088329948
124.8557088329948
124.8557088329948
124.8557088329948
124.8557088329948
124.85491015344842
124.85491015344842
124.85491015344842
124.85491015344842
124.85491015344842
124.85491015344842
124.85491015344842
124.85491015344842
124.85411147390204
124.85411147390204
124.85411147390204
124.85411147390204
124.85411147390204
124.85411147390204
124.85331279435567
124.85331279435567
124.85331279435567
124.85331279435567
124.8525141148093
124.18801273222677
124.18801273222677
124.18801273222677
124.18801273222677
124.18801273222677
124.18801273222677
124.18801273222677
124.18801273222677
124.18801273222677
124.18801273222677
124.18801273222677
124.18801273222677
124.18801273222677
124.18801273222677
124.18801273222677
124.18801273222677
124.18801273222677
124.18801273222677
124.18801273222677
124.18801273222677
124.18801273222677
124.18801273222677
124.18801273222677
124.18801273222677
124.18801273222677
124.18801273222677
124.18801273222677
124.18801273222677
124.18801273222677
124.18801273222677
124.18801273222677
124.18801273222677
124.18801273222677
124.18801273222677
124.18801273222677
124.18801273222677
124.18801273222677
124.18801273222677
124.18801273222677
124.18801273222677
124.18801273222677
124.18801273222677
124.18801273222677
124.18801273222677
124.18801273222677
124.18801273222677
124.18801273222677
124.18801273222677
124.18801273222677
124.18801273222677
124.18801273222677
124.18801273222677
124.18801273222677
124.18801273222677
124.18801273222677
124.18801273222677
124.1872680373837
124.1872680373837
124.1872680373837
124.1872680373837
124.1872680373837
124.1872680373837
124.1872680373837
124.1872680373837
124.1872680373837
124.1872680373837
124.1872680373837
124.1872680373837
124.1872680373837
124.1872680373837
124.18652334254061
124.18652334254061
124.18652334254061
124.18652334254061
124.18652334254061
124.18652334254061
124.18652334254061
124.18577864769753
124.18577864769753
124.18577864769753
124.18577864769753
124.18577864769753
124.18503395285445
124.18503395285445
124.18503395285445
123.5617243691965
123.5617243691965
123.5617243691965
123.5617243691965
123.5617243691965
123.5617243691965
123.5617243691965
123.5617243691965
123.5617243691965
123.5617243691965
123.5617243691965
123.5617243691965
123.5617243691965
123.5617243691965
123.5617243691965
123.5617243691965
123.5617243691965
123.5617243691965
123.5617243691965
123.5617243691965
123.5617243691965
123.5617243691965
123.5617243691965
123.5617243691965
123.5617243691965
123.5617243691965
123.5617243691965
123.5617243691965
123.5617243691965
123.5617243691965
123.5617243691965
123.5617243691965
123.5617243691965
123.5617243691965
123.5617243691965
123.5617243691965
123.5617243691965
123.5617243691965
123.5617243691965
123.5617243691965
123.5617243691965
123.5617243691965
123.5617243691965
123.5617243691965
123.5617243691965
123.5617243691965
123.5617243691965
123.5617243691965
123.5617243691965
123.5617243691965
123.5617243691965
123.5617243691965
123.5617243691965
123.5617243691965
123.5617243691965
123.5617243691965
123.5617243691965
123.5617243691965
123.5617243691965
123.56103310674078
123.56103310674078
123.56103310674078
123.56103310674078
123.56103310674078
123.56103310674078
123.56103310674078
123.56103310674078
123.56103310674078
123.56103310674078
123.56103310674078
123.56103310674078
123.56034184428503
123.56034184428503
123.56034184428503
123.56034184428503
123.56034184428503
123.56034184428503
123.56034184428503
123.5596505818293
123.5596505818293
123.5596505818293
123.5596505818293
123.5596505818293
123.55895931937359
123.55895931937359
122.9776075941028
122.9776075941028
122.9776075941028
122.9776075941028
122.9776075941028
122.9776075941028
122.9776075941028
122.9776075941028
122.9776075941028
122.9776075941028
122.9776075941028
122.9776075941028
122.9776075941028
122.9776075941028
122.9776075941028
122.9776075941028
122.9776075941028
122.9776075941028
122.9776075941028
122.9776075941028
122.9776075941028
122.9776075941028
122.9776075941028
122.9776075941028
122.9776075941028
122.9776075941028
122.9776075941028
122.9776075941028
122.9776075941028
122.9776075941028
122.9776075941028
122.9776075941028
122.9776075941028
122.9776075941028
122.9776075941028
122.9776075941028
122.9776075941028
122.9776075941028
122.9776075941028
122.9776075941028
122.9776075941028
122.9776075941028
122.9776075941028
122.9776075941028
122.9776075941028
122.9776075941028
122.9776075941028
122.9776075941028
122.9776075941028
122.9776075941028
122.9776075941028
122.9776075941028
122.9776075941028
122.9776075941028
122.9776075941028
122.9776075941028
122.9776075941028
122.97696970100833
122.97696970100833
122.97696970100833
122.97696970100833
122.97696970100833
122.97696970100833
122.97696970100833
122.97696970100833
122.97696970100833
122.97696970100833
122.97696970100833
122.97696970100833
122.97696970100833
122.97696970100833
122.97633180791385
122.97633180791385
122.97633180791385
122.97633180791385
122.97633180791385
122.97633180791385
122.97633180791385
122.97569391481939
122.97569391481939
122.97569391481939
122.97569391481939
122.97569391481939
122.97505602172491
122.97505602172491
122.43603635689627
122.43603635689627
122.43603635689627
122.43603635689627
122.43603635689627
122.43603635689627
122.43603635689627
122.43603635689627
122.43603635689627
122.43603635689627
122.43603635689627
122.43603635689627
122.43603635689627
122.43603635689627
122.43603635689627
122.43603635689627
122.43603635689627
122.43603635689627
122.43603635689627
122.43603635689627
122.43603635689627
122.43603635689627
122.43603635689627
122.43603635689627
122.43603635689627
122.43603635689627
122.43603635689627
122.43603635689627
122.43603635689627
122.43603635689627
122.43603635689627
122.43603635689627
122.43603635689627
122.43603635689627
122.43603635689627
122.43603635689627
122.43603635689627
122.43603635689627
122.43603635689627
122.43603635689627
122.43603635689627
122.43603635689627
122.43603635689627
122.43603635689627
122.43603635689627
122.43603635689627
122.43545250695384
122.43545250695384
122.43545250695384
122.43545250695384
122.43545250695384
122.43545250695384
122.43545250695384
122.43545250695384
122.43545250695384
122.43545250695384
122.43545250695384
122.43545250695384
122.43545250695384
122.43545250695384
122.43545250695384
122.43545250695384
122.43545250695384
122.43545250695384
122.43545250695384
122.43545250695384
122.43545250695384
122.43545250695384
122.43486865701139
122.43486865701139
122.43486865701139
122.43486865701139
122.43486865701139
122.43486865701139
122.43486865701139
122.43486865701139
122.43486865701139
122.43428480706895
122.43428480706895
122.43428480706895
122.43428480706895
122.43428480706895
122.4337009571265
122.4337009571265
122.4337009571265
121.93742850605393
121.93742850605393
121.93742850605393
121.93742850605393
121.93742850605393
121.93742850605393
121.93742850605393
121.93742850605393
121.93742850605393
121.93742850605393
121.93742850605393
121.93742850605393
121.93742850605393
121.93742850605393
121.93742850605393
121.93742850605393
121.93742850605393
121.93742850605393
121.93742850605393
121.93742850605393
121.93742850605393
121.93742850605393
121.93742850605393
121.93742850605393
121.93742850605393
121.93742850605393
121.93742850605393
121.93742850605393
121.93742850605393
121.93742850605393
121.93742850605393
121.93742850605393
121.93742850605393
121.93742850605393
121.93742850605393
121.93742850605393
121.93742850605393
121.93742850605393
121.93742850605393
121.93742850605393
121.93742850605393
121.93742850605393
121.93742850605393
121.93742850605393
121.93742850605393
121.93742850605393
121.93742850605393
121.93742850605393
121.93742850605393
121.93742850605393
121.93742850605393
121.93742850605393
121.93742850605393
121.93742850605393
121.93742850605393
121.93742850605393
121.93742850605393
121.93742850605393
121.93742850605393
121.93689799550592
121.93689799550592
121.93689799550592
121.93689799550592
121.93689799550592
121.93689799550592
121.93689799550592
121.93689799550592
121.93689799550592
121.93689799550592
121.93689799550592
121.93689799550592
121.93689799550592
121.93689799550592
121.9363674849579
121.9363674849579
121.9363674849579
121.9363674849579
121.9363674849579
121.9363674849579
121.9363674849579
121.93583697440988
121.93583697440988
121.93583697440988
121.93583697440988
121.93583697440988
121.48225045585346
121.48225045585346
121.48225045585346
121.48225045585346
121.48225045585346
121.48225045585346
121.48225045585346
121.48225045585346
121.48225045585346
121.48225045585346
121.48225045585346
121.48225045585346
121.48225045585346
121.48225045585346
121.48225045585346
121.48225045585346
121.48225045585346
121.48225045585346
121.48225045585346
121.48225045585346
121.48225045585346
121.48225045585346
121.48225045585346
121.48225045585346
121.48225045585346
121.48225045585346
121.48225045585346
121.48225045585346
121.48225045585346
121.48225045585346
121.48225045585346
121.48225045585346
121.48225045585346
121.48225045585346
121.48225045585346
121.48225045585346
121.48225045585346
121.48225045585346
121.48225045585346
121.48225045585346
121.48225045585346
121.48225045585346
121.48225045585346
121.48225045585346
121.48225045585346
121.48225045585346
121.48225045585346
121.48225045585346
121.48225045585346
121.48225045585346
121.48225045585346
121.48225045585346
121.48225045585346
121.48225045585346
121.48225045585346
121.48225045585346
121.48225045585346
121.48225045585346
121.48225045585346
121.48225045585346
121.48225045585346
121.48225045585346
121.48177258400948
121.48177258400948
121.48177258400948
121.48177258400948
121.48177258400948
121.48177258400948
121.48177258400948
121.48177258400948
121.48177258400948
121.48177258400948
121.48177258400948
121.48177258400948
121.48177258400948
121.4812947121655
121.4812947121655
121.4812947121655
121.4812947121655
121.4812947121655
121.4812947121655
121.4812947121655
121.4808168403215
121.4808168403215
121.4808168403215
121.0703249263353
121.0703249263353
121.0703249263353
121.0703249263353
121.0703249263353
121.0703249263353
121.0703249263353
121.0703249263353
121.0703249263353
121.0703249263353
121.0703249263353
121.0703249263353
121.0703249263353
121.0703249263353
121.0703249263353
121.0703249263353
121.0703249263353
121.0703249263353
121.0703249263353
121.0703249263353
121.0703249263353
121.0703249263353
121.0703249263353
121.0703249263353
121.0703249263353
121.0703249263353
121.0703249263353
121.0703249263353
121.0703249263353
121.0703249263353
121.0703249263353
121.0703249263353
121.0703249263353
121.0703249263353
121.0703249263353
121.0703249263353
121.0703249263353
121.0703249263353
121.0703249263353
121.0703249263353
121.0703249263353
121.0703249263353
121.0703249263353
121.0703249263353
121.0703249263353
121.0703249263353
121.0703249263353
121.0703249263353
121.0703249263353
121.0703249263353
121.0703249263353
121.0703249263353
121.0703249263353
121.0703249263353
121.0703249263353
121.0703249263353
121.0703249263353
121.0703249263353
121.0703249263353
121.06989997909997
121.06989997909997
121.06989997909997
121.06989997909997
121.06989997909997
121.06989997909997
121.06989997909997
121.06989997909997
121.06989997909997
121.06989997909997
121.06989997909997
121.06989997909997
121.06989997909997
121.06989997909997
121.06989997909997
121.06947503186463
121.06947503186463
121.06947503186463
121.06947503186463
121.06947503186463
121.06947503186463
121.06947503186463
121.06947503186463
121.06905008462931
121.06905008462931
121.06905008462931
120.70189567330257
120.70189567330257
120.70189567330257
120.70189567330257
120.70189567330257
120.70189567330257
120.70189567330257
120.70189567330257
120.70189567330257
120.70189567330257
120.70189567330257
120.70189567330257
120.70189567330257
120.70189567330257
120.70189567330257
120.70189567330257
120.70189567330257
120.70189567330257
120.70189567330257
120.70189567330257
120.70189567330257
120.70189567330257
120.70189567330257
120.70189567330257
120.70189567330257
120.70189567330257
120.70189567330257
120.70189567330257
120.70189567330257
120.70189567330257
120.70189567330257
120.70189567330257
120.70189567330257
120.70189567330257
120.70189567330257
120.70189567330257
120.70189567330257
120.70189567330257
120.70189567330257
120.70189567330257
120.70189567330257
120.70189567330257
120.70189567330257
120.70189567330257
120.70189567330257
120.70189567330257
120.70189567330257
120.70189567330257
120.70189567330257
120.70189567330257
120.70189567330257
120.70189567330257
120.70189567330257
120.70189567330257
120.70189567330257
120.70189567330257
120.70189567330257
120.70189567330257
120.70189567330257
120.70189567330257
120.70189567330257
120.70189567330257
120.70189567330257
120.70189567330257
120.70189567330257
120.70189567330257
120.70189567330257
120.70189567330257
120.70189567330257
120.70189567330257
120.7015237346205
120.7015237346205
120.7015237346205
120.7015237346205
120.7015237346205
120.7015237346205
120.7015237346205
120.7015237346205
120.7015237346205
120.7015237346205
120.70115179593842
120.70115179593842
120.70115179593842
120.70115179593842
120.70115179593842
120.3783090198933
120.3783090198933
120.3783090198933
120.3783090198933
120.3783090198933
120.3783090198933
120.3783090198933
120.3783090198933
120.3783090198933
120.3783090198933
120.3783090198933
120.3783090198933
120.3783090198933
120.3783090198933
120.3783090198933
120.3783090198933
120.3783090198933
120.3783090198933
120.3783090198933
120.3783090198933
120.3783090198933
120.3783090198933
120.3783090198933
120.3783090198933
120.3783090198933
120.3783090198933
120.3783090198933
120.3783090198933
120.3783090198933
120.3783090198933
120.3783090198933
120.3783090198933
120.3783090198933
120.3783090198933
120.3783090198933
120.3783090198933
120.37799006509943
120.37799006509943
120.37799006509943
120.37799006509943
120.37799006509943
120.37799006509943
120.37799006509943
120.37799006509943
120.37799006509943
120.37799006509943
120.37799006509943
120.37799006509943
120.37799006509943
120.37799006509943
120.37799006509943
120.37799006509943
120.37799006509943
120.37799006509943
120.37799006509943
120.37799006509943
120.37799006509943
120.37799006509943
120.37799006509943
120.37799006509943
120.37799006509943
120.37799006509943
120.37799006509943
120.37799006509943
120.37799006509943
120.37799006509943
120.37799006509943
120.37799006509943
120.37799006509943
120.37799006509943
120.37799006509943
120.37799006509943
120.37799006509943
120.37767111030554
120.37767111030554
120.37767111030554
120.37767111030554
120.37767111030554
120.37767111030554
120.37767111030554
120.37767111030554
120.37767111030554
120.37767111030554
120.37735215551166
120.37735215551166
120.09890462045719
120.09890462045719
120.09890462045719
120.09890462045719
120.09890462045719
120.09890462045719
120.09890462045719
120.09890462045719
120.09890462045719
120.09890462045719
120.09890462045719
120.09890462045719
120.09890462045719
120.09890462045719
120.09890462045719
120.09890462045719
120.09890462045719
120.09890462045719
120.09890462045719
120.09890462045719
120.09890462045719
120.09890462045719
120.09890462045719
120.09890462045719
120.09890462045719
120.09890462045719
120.09890462045719
120.09890462045719
120.09890462045719
120.09890462045719
120.09890462045719
120.09890462045719
120.09890462045719
120.09890462045719
120.09890462045719
120.09890462045719
120.09890462045719
120.09890462045719
120.09890462045719
120.09890462045719
120.09890462045719
120.09890462045719
120.09890462045719
120.09890462045719
120.09890462045719
120.09890462045719
120.09890462045719
120.09890462045719
120.09890462045719
120.09890462045719
120.09890462045719
120.09890462045719
120.09890462045719
120.09890462045719
120.09890462045719
120.09890462045719
120.09890462045719
120.09890462045719
120.09890462045719
120.09890462045719
120.09890462045719
120.09890462045719
120.09890462045719
120.09890462045719
120.09890462045719
120.09890462045719
120.09890462045719
120.09890462045719
120.09890462045719
120.09890462045719
120.09890462045719
120.09863870985433
120.09863870985433
120.09863870985433
120.09863870985433
120.09863870985433
120.09863870985433
120.09863870985433
120.09863870985433
120.09863870985433
120.09863870985433
120.09863870985433
120.09863870985433
120.09837279925146
120.09837279925146
119.8651692005413
119.8651692005413
119.8651692005413
119.8651692005413
119.8651692005413
119.8651692005413
119.8651692005413
119.8651692005413
119.8651692005413
119.8651692005413
119.8651692005413
119.8651692005413
119.8651692005413
119.8651692005413
119.8651692005413
119.8651692005413
119.8651692005413
119.8651692005413
119.8651692005413
119.8651692005413
119.8651692005413
119.8651692005413
119.8651692005413
119.8651692005413
119.8651692005413
119.8651692005413
119.8651692005413
119.8651692005413
119.8651692005413
119.8651692005413
119.8651692005413
119.8651692005413
119.8651692005413
119.8651692005413
119.8651692005413
119.8651692005413
119.8651692005413
119.8651692005413
119.8651692005413
119.8651692005413
119.8651692005413
119.8651692005413
119.8651692005413
119.8651692005413
119.8651692005413
119.8651692005413
119.8651692005413
119.8651692005413
119.8651692005413
119.8651692005413
119.8651692005413
119.86495589837631
119.86495589837631
119.86495589837631
119.86495589837631
119.86495589837631
119.86495589837631
119.86495589837631
119.86495589837631
119.86495589837631
119.86495589837631
119.86495589837631
119.86495589837631
119.86495589837631
119.86495589837631
119.86495589837631
119.86495589837631
119.86495589837631
119.86495589837631
119.86495589837631
119.86495589837631
119.86495589837631
119.86495589837631
119.86495589837631
119.86495589837631
119.86495589837631
119.86495589837631
119.86495589837631
119.86495589837631
119.86474259621131
119.86474259621131
119.86474259621131
119.86474259621131
119.86474259621131
119.86474259621131
119.67661008668657
119.67661008668657
119.67661008668657
119.67661008668657
119.67661008668657
119.67661008668657
119.67661008668657
119.67661008668657
119.67661008668657
119.67661008668657
119.67661008668657
119.67661008668657
119.67661008668657
119.67661008668657
119.67661008668657
119.67661008668657
119.67661008668657
119.67661008668657
119.67661008668657
119.67661008668657
119.67661008668657
119.67661008668657
119.67661008668657
119.67661008668657
119.67661008668657
119.67661008668657
119.67661008668657
119.67661008668657
119.67661008668657
119.67661008668657
119.67661008668657
119.67661008668657
119.67661008668657
119.67661008668657
119.67661008668657
119.67661008668657
119.67661008668657
119.67661008668657
119.67661008668657
119.67661008668657
119.67661008668657
119.67661008668657
119.67661008668657
119.67661008668657
119.67661008668657
119.67661008668657
119.67661008668657
119.67661008668657
119.67661008668657
119.67661008668657
119.67645027062669
119.67645027062669
119.67645027062669
119.67645027062669
119.67645027062669
119.67645027062669
119.67645027062669
119.67645027062669
119.67645027062669
119.67645027062669
119.67645027062669
119.67645027062669
119.67645027062669
119.67645027062669
119.67645027062669
119.67645027062669
119.67645027062669
119.67645027062669
119.67645027062669
119.67645027062669
119.67645027062669
119.67645027062669
119.67645027062669
119.67645027062669
119.67645027062669
119.67645027062669
119.67645027062669
119.67645027062669
119.67645027062669
119.67645027062669
119.67645027062669
119.67645027062669
119.67629045456682
119.67629045456682
119.67629045456682
119.5345336094597
119.5345336094597
119.5345336094597
119.5345336094597
119.5345336094597
119.5345336094597
119.5345336094597
119.5345336094597
119.5345336094597
119.5345336094597
119.5345336094597
119.5345336094597
119.5345336094597
119.5345336094597
119.5345336094597
119.5345336094597
119.5345336094597
119.5345336094597
119.5345336094597
119.5345336094597
119.5345336094597
119.5345336094597
119.5345336094597
119.5345336094597
119.5345336094597
119.5345336094597
119.5345336094597
119.5345336094597
119.5345336094597
119.5345336094597
119.5345336094597
119.5345336094597
119.5345336094597
119.5345336094597
119.5345336094597
119.5345336094597
119.5345336094597
119.5345336094597
119.5345336094597
119.5345336094597
119.5345336094597
119.5345336094597
119.5345336094597
119.5345336094597
119.5345336094597
119.5345336094597
119.5345336094597
119.5345336094597
119.5345336094597
119.5345336094597
119.5345336094597
119.5345336094597
119.5345336094597
119.5345336094597
119.5345336094597
119.5345336094597
119.5345336094597
119.5345336094597
119.5345336094597
119.5345336094597
119.5345336094597
119.5345336094597
119.5345336094597
119.5345336094597
119.5345336094597
119.5345336094597
119.5345336094597
119.5345336094597
119.5345336094597
119.5345336094597
119.5345336094597
119.5345336094597
119.5345336094597
119.5345336094597
119.5345336094597
119.5345336094597
119.5345336094597
119.5345336094597
119.5345336094597
119.5344265971873
119.5344265971873
119.5344265971873
119.5344265971873
119.5344265971873
119.5344265971873
119.43897165020572
119.43897165020572
119.43897165020572
119.43897165020572
119.43897165020572
119.43897165020572
119.43897165020572
119.43897165020572
119.43897165020572
119.43897165020572
119.43897165020572
119.43897165020572
119.43897165020572
119.43897165020572
119.43897165020572
119.43897165020572
119.43897165020572
119.43897165020572
119.43897165020572
119.43897165020572
119.43897165020572
119.43897165020572
119.43897165020572
119.43897165020572
119.43897165020572
119.43897165020572
119.43897165020572
119.43897165020572
119.43897165020572
119.43897165020572
119.43897165020572
119.43897165020572
119.43897165020572
119.43897165020572
119.43897165020572
119.43897165020572
119.43897165020572
119.43897165020572
119.43897165020572
119.43897165020572
119.43897165020572
119.43897165020572
119.43897165020572
119.43897165020572
119.43897165020572
119.43897165020572
119.43897165020572
119.43897165020572
119.43897165020572
119.43897165020572
119.43897165020572
119.43897165020572
119.43897165020572
119.43897165020572
119.43897165020572
119.43897165020572
119.43897165020572
119.43897165020572
119.43897165020572
119.43897165020572
119.43897165020572
119.43897165020572
119.43897165020572
119.43897165020572
119.43897165020572
119.43897165020572
119.43897165020572
119.43897165020572
119.43897165020572
119.43897165020572
119.43897165020572
119.43897165020572
119.43897165020572
119.43897165020572
119.43897165020572
119.43897165020572
119.43897165020572
119.43897165020572
119.43897165020572
119.43897165020572
119.43897165020572
119.43897165020572
119.43897165020572
119.43897165020572
119.43897165020572
119.39107445100912
119.39107445100912
119.39107445100912
119.39107445100912
119.39107445100912
119.39107445100912
119.39107445100912
119.39107445100912
119.39107445100912
119.39107445100912
119.39107445100912
119.39107445100912
119.39107445100912
119.39107445100912
119.39107445100912
119.39107445100912
119.39107445100912
119.39107445100912
119.39107445100912
119.39107445100912
119.39107445100912
119.39107445100912
119.39107445100912
119.39107445100912
119.39107445100912
119.39107445100912
119.39107445100912
119.39107445100912
119.39107445100912
119.39107445100912
119.39107445100912
119.39107445100912
119.39107445100912
119.39107445100912
119.39107445100912
119.39107445100912
119.39107445100912
119.39107445100912
119.39107445100912
119.39107445100912
119.39107445100912
119.39107445100912
119.39107445100912
119.39107445100912
119.39107445100912
119.39107445100912
119.39107445100912
119.39107445100912
119.39107445100912
119.39107445100912
119.39107445100912
119.39107445100912
119.39107445100912
119.39107445100912
119.39107445100912
119.39107445100912
119.39107445100912
119.39107445100912
119.39107445100912
119.39107445100912
119.39107445100912
119.39107445100912
119.39107445100912
119.39107445100912
119.39107445100912
119.39107445100912
119.39107445100912
119.39107445100912
119.39107445100912
119.39107445100912
119.39107445100912
119.39107445100912
119.39107445100912
119.39107445100912
119.39107445100912
119.39107445100912
119.39107445100912
119.39107445100912
119.39107445100912
119.39107445100912
119.39107445100912
119.39107445100912
119.39107445100912
119.39107445100912
119.39107445100912
);


























boundaryField
{
    inlet
    {
        type            totalPressure;
        rho             none;
        psi             thermo:psi;
        gamma           1.333;
        p0              uniform 611.2;
        value           uniform 611.2;
    }
    outlet
    {
        type            zeroGradient;
    }
    outerwall
    {
        type            zeroGradient;
    }
    longitudinal_symmetry
    {
        type            symmetryPlane;
    }
    lateral_sides
    {
        type            empty;
    }
}


// ************************************************************************* //
