/*--------------------------------*- C++ -*----------------------------------*\
| =========                 |                                                 |
| \\      /  F ield         | OpenFOAM: The Open Source CFD Toolbox           |
|  \\    /   O peration     | Version:  v2012                                 |
|   \\  /    A nd           | Website:  www.openfoam.com                      |
|    \\/     M anipulation  |                                                 |
\*---------------------------------------------------------------------------*/
FoamFile
{
    version     2.0;
    format      ascii;
    class       volScalarField;
    location    "0";
    object      T;
}
// * * * * * * * * * * * * * * * * * * * * * * * * * * * * * * * * * * * * * //

dimensions      [0 0 0 1 0 0 0];


internalField   nonuniform List<scalar>
18190
(
263.3276767883373
263.3276767883373
263.3276767883373
263.3276767883373
263.3276767883373
263.3276767883373
263.3276767883373
263.3276767883373
263.3276767883373
263.3276767883373
263.3276767883373
263.3276767883373
263.3276767883373
263.3276767883373
263.3276767883373
263.3276767883373
263.3276767883373
263.3276767883373
263.3276767883373
263.3276767883373
263.3276767883373
263.3276767883373
263.3276767883373
263.3276767883373
263.3276767883373
263.3276767883373
263.3276767883373
263.3276767883373
263.3276767883373
263.3276767883373
263.3276767883373
263.3276767883373
263.3276767883373
263.3276767883373
263.3276767883373
263.3276767883373
263.3276767883373
263.3276767883373
263.3276767883373
263.3276767883373
263.3276767883373
263.3276767883373
263.3276767883373
263.3276767883373
263.3276767883373
263.3276767883373
263.3276767883373
263.3276767883373
263.3276767883373
263.3276767883373
263.3276767883373
263.3276767883373
263.3276767883373
263.3276767883373
263.3276767883373
263.3276767883373
263.3276767883373
263.3276767883373
263.3276767883373
263.3276767883373
263.3276767883373
263.3276767883373
263.3276767883373
263.3276767883373
263.3276767883373
263.3276767883373
263.3276767883373
263.3276767883373
263.3276767883373
263.3276767883373
263.3276767883373
263.3276767883373
263.3276767883373
263.3276767883373
263.3276767883373
263.3276767883373
263.3276767883373
263.3276767883373
263.3276767883373
263.3276767883373
263.3276767883373
263.3276767883373
263.3276767883373
263.3276767883373
263.3276767883373
263.32249509395666
263.32249509395666
263.32249509395666
263.32249509395666
263.32249509395666
263.32249509395666
263.32249509395666
263.32249509395666
263.32249509395666
263.32249509395666
263.3224951512447
263.3224951512447
263.3224951512447
263.3224951512447
263.3224951512447
263.3224951512447
263.3224951512447
263.3224951512447
263.3224951512447
263.3224951512447
263.3224951512447
263.3224951512447
263.3224951512447
263.3224951512447
263.3224951512447
263.3224951512447
263.3224951512447
263.3224951512447
263.3224951512447
263.3224952085328
263.3224952085328
263.3224952085328
263.3224952085328
263.3224952085328
263.3224952085328
263.3224952085328
263.3224952085328
263.32249526582086
263.32249526582086
263.32249526582086
263.32249526582086
263.32249526582086
263.3224953231089
263.3224953231089
263.3224953231089
263.3224953231089
263.322495380397
263.322495380397
263.322495380397
263.32249543768506
263.32249543768506
263.32249543768506
263.32249549497317
263.32249549497317
263.3224955522612
263.3224955522612
263.32249560954926
263.32249560954926
263.32249566683737
263.3224957241254
263.32249578141347
263.32249578141347
263.32249583870157
263.3224958959896
263.3224959532777
263.32249601056577
263.3224960678538
263.3224961251419
263.322496239718
263.3224962970061
263.3224964115822
263.3224964688703
263.3224965834465
263.3224966980226
263.3224967553107
263.3224968698868
263.322497041751
263.32249715632713
263.3224972709033
263.3224974427675
263.3224976146317
263.3224977864959
263.3224979583601
263.3224981875124
263.32249841666464
263.31215418223934
263.31215418223934
263.31215418223934
263.31215418223934
263.31215418223934
263.31215418223934
263.3121542971422
263.3121542971422
263.3121542971422
263.3121542971422
263.3121542971422
263.3121542971422
263.3121542971422
263.3121542971422
263.3121542971422
263.3121542971422
263.3121542971422
263.3121542971422
263.3121542971422
263.3121542971422
263.3121542971422
263.3121542971422
263.3121542971422
263.31215441204506
263.31215441204506
263.31215441204506
263.31215441204506
263.31215441204506
263.31215441204506
263.31215441204506
263.3121545269479
263.3121545269479
263.3121545269479
263.3121545269479
263.3121545269479
263.3121546418507
263.3121546418507
263.3121546418507
263.3121546418507
263.31215475675356
263.31215475675356
263.31215475675356
263.31215487165645
263.31215487165645
263.31215487165645
263.3121549865593
263.3121549865593
263.3121551014621
263.3121551014621
263.312155216365
263.31215533126783
263.31215533126783
263.31215544617066
263.31215556107355
263.3121556759764
263.3121557908792
263.3121557908792
263.31215602068494
263.31215613558777
263.3121562504906
263.3121563653935
263.3121564802963
263.31215671010204
263.3121568250049
263.31215705481054
263.31215728461626
263.3121573995191
263.3121576293248
263.31215785913054
263.31215820383903
263.31215843364475
263.3121587783533
263.312159008159
263.3121593528675
263.31215981247897
263.3121601571875
263.3121606167989
263.31216096150746
263.3121615360217
263.31216199563306
263.31216257014734
263.31216314466155
263.3121637191758
263.31216440859293
263.31216509801
263.2967358099603
263.2967358099603
263.2967358099603
263.2967358099603
263.2967358099603
263.2967358099603
263.2967358099603
263.2967358099603
263.2967358099603
263.2967358099603
263.2967358099603
263.2967358099603
263.2967358099603
263.2967359821441
263.2967359821441
263.2967359821441
263.2967359821441
263.2967359821441
263.2967359821441
263.2967359821441
263.2967359821441
263.2967359821441
263.2967359821441
263.29673615432796
263.29673615432796
263.29673615432796
263.29673615432796
263.29673615432796
263.29673615432796
263.29673632651173
263.29673632651173
263.29673632651173
263.29673632651173
263.29673649869557
263.29673649869557
263.29673649869557
263.2967366708794
263.2967366708794
263.2967366708794
263.29673684306323
263.29673684306323
263.296737015247
263.296737015247
263.29673718743084
263.29673718743084
263.29673735961467
263.2967375317985
263.2967375317985
263.29673770398233
263.2967378761661
263.29673804834994
263.29673822053377
263.2967383927176
263.29673856490143
263.2967387370852
263.29673890926904
263.2967392536367
263.2967394258205
263.2967395980043
263.29673994237197
263.2967402867396
263.29674063110724
263.29674097547485
263.2967413198425
263.2967416642102
263.2967420085778
263.2967425251293
263.2967430416807
263.2967433860483
263.29674407478365
263.2967445913351
263.29674528007035
263.2967457966218
263.29674648535706
263.29674734627616
263.29674820719526
263.29674906811437
263.29674992903347
263.2967509621364
263.29675199523933
263.2967530283422
263.296754233629
263.2967556110995
263.29675698857005
263.2967583660406
263.27630935289613
263.27630935289613
263.27630935289613
263.27630935289613
263.27630935289613
263.27630935289613
263.27630935289613
263.27630935289613
263.27630935289613
263.27630935289613
263.27630935289613
263.27630958215445
263.27630958215445
263.27630958215445
263.27630958215445
263.27630958215445
263.27630958215445
263.27630958215445
263.27630958215445
263.27630958215445
263.2763098114128
263.2763098114128
263.2763098114128
263.2763098114128
263.2763098114128
263.2763098114128
263.2763100406711
263.2763100406711
263.2763100406711
263.2763100406711
263.27631026992935
263.27631026992935
263.27631026992935
263.2763104991877
263.2763104991877
263.276310728446
263.276310728446
263.276310728446
263.2763109577043
263.2763109577043
263.27631118696263
263.27631141622095
263.27631141622095
263.27631164547927
263.2763118747376
263.27631210399585
263.27631210399585
263.27631233325417
263.2763125625125
263.2763127917708
263.2763130210291
263.27631347954576
263.2763137088041
263.27631393806234
263.276314396579
263.2763146258373
263.27631508435394
263.2763155428706
263.27631600138716
263.2763164599038
263.27631691842043
263.2763173769371
263.276318064712
263.2763185232286
263.27631921100357
263.27631989877847
263.2763205865534
263.27632150358664
263.2763224206199
263.27632333765314
263.2763242546864
263.27632517171963
263.27632631801123
263.2763276935611
263.2763288398526
263.2763302154025
263.2763315909524
263.27633319576057
263.27633502982707
263.27633663463524
263.27633869796006
263.27634076128487
263.2763428246097
263.27634511719276
263.2763476390342
263.25089579563615
263.25089579563615
263.25089579563615
263.25089579563615
263.25089608230263
263.25089608230263
263.25089608230263
263.25089608230263
263.25089608230263
263.25089608230263
263.25089608230263
263.25089608230263
263.25089608230263
263.25089608230263
263.25089608230263
263.2508963689691
263.2508963689691
263.2508963689691
263.2508963689691
263.2508963689691
263.2508963689691
263.2508966556356
263.2508966556356
263.2508966556356
263.2508966556356
263.2508966556356
263.2508969423021
263.2508969423021
263.2508969423021
263.2508972289686
263.2508972289686
263.2508972289686
263.2508975156351
263.2508975156351
263.25089780230155
263.25089780230155
263.25089808896803
263.25089808896803
263.2508983756345
263.2508983756345
263.250898662301
263.2508989489675
263.250899235634
263.250899235634
263.2508995223005
263.25089980896695
263.2509000956334
263.2509003822999
263.2509009556329
263.2509012422994
263.25090152896587
263.2509021022988
263.2509023889653
263.2509029622983
263.25090353563127
263.25090382229774
263.2509043956307
263.2509052556302
263.25090582896314
263.2509064022961
263.2509072622956
263.250908122295
263.2509089822945
263.25090984229394
263.2509109889599
263.25091184895933
263.2509129956253
263.2509141422912
263.25091557562365
263.2509170089561
263.2509184422885
263.2509198756209
263.25092159561984
263.25092360228524
263.25092532228416
263.25092732894956
263.25092962228143
263.2509319156133
263.25093449561166
263.25093736227655
263.2509402289414
263.25094338227274
263.25094653560404
263.2509499756019
263.2509539889327
263.2205780538146
263.2205780538146
263.2205780538146
263.2205780538146
263.2205780538146
263.2205780538146
263.2205780538146
263.2205783975259
263.2205783975259
263.2205783975259
263.2205783975259
263.2205783975259
263.2205783975259
263.2205783975259
263.2205783975259
263.2205787412372
263.2205787412372
263.2205787412372
263.2205787412372
263.2205787412372
263.2205787412372
263.2205790849485
263.2205790849485
263.2205790849485
263.2205790849485
263.2205794286598
263.2205794286598
263.2205794286598
263.2205797723711
263.2205797723711
263.2205801160824
263.2205801160824
263.2205801160824
263.22058045979367
263.22058045979367
263.22058080350496
263.22058114721625
263.22058114721625
263.22058149092754
263.22058183463884
263.2205821783501
263.2205821783501
263.2205825220614
263.2205828657727
263.220583209484
263.2205835531953
263.2205842406178
263.2205845843291
263.2205849280404
263.220585615463
263.2205859591743
263.22058664659687
263.22058733401946
263.22058802144204
263.2205887088646
263.2205893962872
263.2205900837098
263.22059111484367
263.22059180226626
263.22059283340013
263.220593864534
263.2205952393792
263.22059627051306
263.22059764535817
263.22059902020334
263.2206003950485
263.22060211360497
263.22060383216143
263.2206055507179
263.22060761298565
263.22060967525334
263.2206117375211
263.22061414350014
263.2206165494792
263.2206192991695
263.2206220488598
263.22062514226144
263.22062857937436
263.2206320164873
263.22063579731145
263.22063992184695
263.22064439009375
263.2206488583405
263.2206540140099
263.2206591696792
263.185392078805
263.185392078805
263.185392078805
263.185392078805
263.185392078805
263.18539247971626
263.18539247971626
263.18539247971626
263.18539247971626
263.18539247971626
263.18539247971626
263.18539247971626
263.18539247971626
263.18539247971626
263.1853928806275
263.1853928806275
263.1853928806275
263.1853928806275
263.1853928806275
263.1853932815387
263.1853932815387
263.1853932815387
263.1853932815387
263.18539368245
263.18539368245
263.18539368245
263.18539408336125
263.18539408336125
263.18539408336125
263.1853944842725
263.1853944842725
263.1853948851837
263.1853948851837
263.18539528609494
263.1853956870062
263.1853956870062
263.1853960879174
263.18539648882864
263.18539648882864
263.18539688973993
263.18539729065117
263.1853976915624
263.18539809247363
263.18539849338487
263.1853988942961
263.18539969611857
263.18540009702986
263.1854008988523
263.18540129976356
263.185402101586
263.1854029034085
263.1854033043198
263.1854045070535
263.18540530887594
263.1854061106984
263.18540731343217
263.18540811525463
263.18540931798833
263.1854105207221
263.1854117234558
263.1854133271008
263.1854149307457
263.1854165343907
263.18541813803563
263.1854197416806
263.1854217462368
263.185423750793
263.18542615626046
263.1854285617279
263.1854309671953
263.185433773574
263.1854365799527
263.1854397872426
263.18544339544377
263.1854470036449
263.18545061184614
263.1854546209585
263.18545903098214
263.18546384191706
263.1854686528519
263.1854742656093
263.18547987836666
263.1854858920353
263.18549270752635
263.1854995230174
263.14536373659644
263.14536373659644
263.14536373659644
263.14536373659644
263.14536373659644
263.14536373659644
263.14536373659644
263.14536373659644
263.14536373659644
263.14536373659644
263.14536419498523
263.14536419498523
263.14536419498523
263.14536419498523
263.14536419498523
263.14536419498523
263.14536465337403
263.14536465337403
263.14536465337403
263.14536465337403
263.14536511176277
263.14536511176277
263.14536511176277
263.14536511176277
263.14536557015157
263.14536557015157
263.14536602854037
263.14536602854037
263.14536602854037
263.14536648692916
263.14536648692916
263.1453669453179
263.1453674037067
263.1453674037067
263.1453678620955
263.1453683204843
263.1453683204843
263.1453687788731
263.14536923726183
263.14536969565063
263.1453701540394
263.1453706124282
263.14537107081696
263.14537198759456
263.14537244598336
263.14537290437215
263.1453738211497
263.1453742795385
263.145375196316
263.1453761130936
263.14537702987116
263.14537794664875
263.14537886342634
263.1453802385927
263.1453811553702
263.1453825305366
263.14538390570294
263.1453852808693
263.14538711442447
263.1453884895908
263.14539032314593
263.14539215670106
263.145394448645
263.1453967405889
263.14539903253285
263.1454013244768
263.14540407480945
263.1454068251422
263.14541003386364
263.14541324258516
263.14541645130663
263.1454201184169
263.14542424391595
263.145428369415
263.1454329533029
263.1454379955795
263.1454430378561
263.1454489969103
263.1454549559645
263.1454609150187
263.1454677908505
263.1454751250711
263.1454829176804
263.1454911686785
263.1455003364542
263.1005092143747
263.1005092143747
263.1005092143747
263.1005092143747
263.1005097306145
263.1005097306145
263.1005097306145
263.1005097306145
263.1005097306145
263.1005097306145
263.1005097306145
263.1005097306145
263.1005102468542
263.1005102468542
263.1005102468542
263.1005102468542
263.1005102468542
263.10051076309395
263.10051076309395
263.10051076309395
263.10051076309395
263.10051127933366
263.10051127933366
263.10051127933366
263.1005117955734
263.1005117955734
263.10051231181313
263.10051231181313
263.1005128280529
263.1005128280529
263.1005133442926
263.1005133442926
263.1005138605324
263.1005143767721
263.1005143767721
263.10051489301185
263.10051540925156
263.1005159254913
263.1005164417311
263.1005169579708
263.10051747421056
263.10051799045027
263.10051902292975
263.1005195391695
263.1005200554092
263.1005210878887
263.10052212036817
263.10052263660793
263.1005236690874
263.1005247015669
263.10052573404636
263.1005272827656
263.10052831524507
263.10052986396425
263.1005314126835
263.10053296140273
263.1005345101219
263.10053605884116
263.1005381238001
263.10054018875906
263.100542253718
263.1005448349167
263.10054741611543
263.1005499973141
263.10055309475257
263.100556192191
263.1005592896294
263.1005629033076
263.10056651698574
263.1005706469037
263.1005747768216
263.10057942297925
263.1005845853766
263.10058974777405
263.10059542641113
263.10060110504827
263.1006078161649
263.1006145272815
263.10062175463787
263.10063001447367
263.1006382743095
263.1006470503851
263.1006568589401
263.1006671837349
263.1006780247694
263.0508353720404
263.0508353720404
263.0508353720404
263.0508353720404
263.0508353720404
263.0508353720404
263.0508359466366
263.0508359466366
263.0508359466366
263.0508359466366
263.0508359466366
263.0508359466366
263.05083652123284
263.05083652123284
263.05083652123284
263.05083652123284
263.05083652123284
263.050837095829
263.050837095829
263.050837095829
263.05083767042527
263.05083767042527
263.05083767042527
263.05083824502145
263.05083824502145
263.05083824502145
263.0508388196177
263.0508388196177
263.0508393942139
263.05083996881007
263.05083996881007
263.0508405434063
263.0508405434063
263.0508411180025
263.05084169259874
263.0508422671949
263.0508428417911
263.05084341638735
263.05084399098354
263.0508445655798
263.05084514017597
263.0508457147722
263.0508468639646
263.0508474385608
263.05084858775325
263.0508497369457
263.05085031154186
263.0508514607343
263.0508526099267
263.05085433371534
263.05085548290776
263.0508566321002
263.0508583558888
263.0508600796774
263.05086180346603
263.0508635272547
263.0508658256395
263.05086812402436
263.0508704224092
263.050872720794
263.0508755937751
263.0508778921599
263.0508813397372
263.05088421271824
263.0508876602955
263.05089168246894
263.0508957046424
263.0508997268159
263.0509043235856
263.05090892035525
263.05091409172115
263.05091983768324
263.0509255836453
263.05093190420365
263.05093879935816
263.0509462691089
263.0509537388596
263.05096235780275
263.05097097674593
263.0509807448815
263.05099051301704
263.051001430345
263.05101292226925
263.05102556338585
263.0510387790987
262.9964166619791
262.9964166619791
262.9964166619791
262.9964166619791
262.9964166619791
262.9964166619791
262.9964166619791
262.9964166619791
262.9964166619791
262.9964166619791
262.9964166619791
262.9964166619791
262.9964166619791
262.9964166619791
262.9964166619791
262.9964166619791
262.9964166619791
262.9964166619791
262.9964166619791
262.9964166619791
262.9964166619791
262.9964166619791
262.9964166619791
262.9964166619791
262.996422988559
262.996422988559
262.996422988559
262.996422988559
262.996422988559
262.996422988559
262.996422988559
262.996422988559
262.996422988559
262.996422988559
262.996422988559
262.996422988559
262.996422988559
262.996422988559
262.996429315139
262.996429315139
262.996429315139
262.996429315139
262.996429315139
262.996429315139
262.996429315139
262.9964356417189
262.9964356417189
262.9964356417189
262.9964356417189
262.9964356417189
262.9964419682989
262.9964419682989
262.9964419682989
262.9964482948788
262.9964482948788
262.9964482948788
262.9964546214588
262.9964546214588
262.9964546214588
262.9964609480387
262.9964609480387
262.9964672746186
262.9964736011986
262.9964736011986
262.9964799277785
262.9964799277785
262.9964862543585
262.9964925809384
262.9964989075184
262.9965052340983
262.99651156067824
262.9965178872582
262.99652421383814
262.9965305404181
262.99653686699804
262.99654952015794
262.99655584673786
262.99656849989776
262.99657482647774
262.99658747963764
262.9966001327975
262.9966127859574
262.9966254391173
262.9966380922772
262.996657072017
262.93724442663114
262.93724442663114
262.93724442663114
262.93724442663114
262.93724442663114
262.93724442663114
262.93724442663114
262.93724442663114
262.93724442663114
262.93724442663114
262.93724442663114
262.93724442663114
262.93724442663114
262.93724442663114
262.93724442663114
262.93724442663114
262.93724442663114
262.93724442663114
262.93724442663114
262.93724442663114
262.93724442663114
262.93724442663114
262.93724442663114
262.93724442663114
262.93724442663114
262.93724442663114
262.93724442663114
262.93724442663114
262.93724442663114
262.93724442663114
262.93725134089095
262.93725134089095
262.93725134089095
262.93725134089095
262.93725134089095
262.93725134089095
262.93725134089095
262.93725134089095
262.93725134089095
262.93725134089095
262.9372582551507
262.9372582551507
262.9372582551507
262.9372582551507
262.9372582551507
262.9372582551507
262.9372651694105
262.9372651694105
262.9372651694105
262.9372651694105
262.93727208367034
262.93727208367034
262.93727208367034
262.93727208367034
262.93727899793015
262.93727899793015
262.9372859121899
262.9372859121899
262.9372859121899
262.9372928264497
262.9372928264497
262.93729974070953
262.9373066549693
262.9373066549693
262.9373135692291
262.9373204834889
262.9373204834889
262.93732739774873
262.9373343120085
262.9373412262683
262.9373481405281
262.93735505478793
262.9373619690477
262.9373757975673
262.93738271182707
262.9373896260869
262.9374034546065
262.9374172831261
262.9374241973859
262.93743802590546
262.9374518544251
262.93746568294466
262.93748642572405
262.9375002542437
262.93752099702306
262.87330184405147
262.87330184405147
262.87330184405147
262.87330184405147
262.87330184405147
262.87330184405147
262.87330184405147
262.87330184405147
262.87330184405147
262.87330184405147
262.87330184405147
262.87330184405147
262.87330184405147
262.87330184405147
262.87330184405147
262.87330184405147
262.87330184405147
262.87330935257455
262.87330935257455
262.87330935257455
262.87330935257455
262.87330935257455
262.87330935257455
262.87330935257455
262.87330935257455
262.87330935257455
262.87330935257455
262.87330935257455
262.87330935257455
262.87330935257455
262.87330935257455
262.87330935257455
262.87330935257455
262.87330935257455
262.87331686109763
262.87331686109763
262.87331686109763
262.87331686109763
262.87331686109763
262.87331686109763
262.87331686109763
262.87331686109763
262.8733243696207
262.8733243696207
262.8733243696207
262.8733243696207
262.8733243696207
262.8733318781438
262.8733318781438
262.8733318781438
262.8733318781438
262.8733393866669
262.8733393866669
262.8733393866669
262.87334689518997
262.87334689518997
262.87334689518997
262.87335440371305
262.87335440371305
262.87336191223613
262.87336191223613
262.8733694207592
262.8733769292823
262.8733769292823
262.8733844378054
262.87339194632847
262.87339945485155
262.87340696337463
262.87340696337463
262.8734219804208
262.8734294889439
262.87343699746697
262.87344450599005
262.87345201451313
262.8734670315593
262.8734745400824
262.87348955712855
262.8735045741747
262.8735120826978
262.87352709974397
262.87354211679013
262.8735646423594
262.87357965940555
262.8736021849748
262.87361720202097
262.80464320609155
262.80464320609155
262.80464320609155
262.80464320609155
262.80464320609155
262.80464320609155
262.80464320609155
262.80464320609155
262.80464320609155
262.80464320609155
262.80464320609155
262.80464320609155
262.80464320609155
262.80464320609155
262.80464320609155
262.80464320609155
262.80464320609155
262.80464320609155
262.80464320609155
262.80464320609155
262.80464320609155
262.80464320609155
262.80464320609155
262.80464320609155
262.80464320609155
262.80464320609155
262.80464320609155
262.80464320609155
262.80464320609155
262.8046513102745
262.8046513102745
262.8046513102745
262.8046513102745
262.8046513102745
262.8046513102745
262.8046513102745
262.8046513102745
262.8046513102745
262.8046513102745
262.80465941445743
262.80465941445743
262.80465941445743
262.80465941445743
262.80465941445743
262.80465941445743
262.80466751864043
262.80466751864043
262.80466751864043
262.80466751864043
262.80467562282337
262.80467562282337
262.80467562282337
262.8046837270063
262.8046837270063
262.8046837270063
262.80469183118925
262.80469183118925
262.8046999353722
262.8046999353722
262.8047080395552
262.8047080395552
262.8047161437381
262.80472424792106
262.80472424792106
262.804732352104
262.804740456287
262.80474856046993
262.80475666465287
262.8047647688358
262.80477287301875
262.80478097720174
262.8047890813847
262.8047971855676
262.8048133939335
262.8048214981165
262.8048377064824
262.8048458106653
262.80486201903125
262.8048782273971
262.80489443576306
262.80491064412894
262.8049349566778
262.8049511650437
262.80497547759256
262.8049997901414
262.73119873143116
262.73119873143116
262.73119873143116
262.73119873143116
262.73119873143116
262.73119873143116
262.73119873143116
262.73119873143116
262.73119873143116
262.73119873143116
262.73119873143116
262.73119873143116
262.73119873143116
262.73119873143116
262.73119873143116
262.73119873143116
262.73119873143116
262.73119873143116
262.73119873143116
262.73119873143116
262.73119873143116
262.73119873143116
262.73119873143116
262.73119873143116
262.73119873143116
262.73119873143116
262.73119873143116
262.73119873143116
262.73119873143116
262.7312074437057
262.7312074437057
262.7312074437057
262.7312074437057
262.7312074437057
262.7312074437057
262.7312074437057
262.7312074437057
262.7312074437057
262.7312074437057
262.7312161559803
262.7312161559803
262.7312161559803
262.7312161559803
262.7312161559803
262.7312248682549
262.7312248682549
262.7312248682549
262.7312248682549
262.7312248682549
262.7312335805295
262.7312335805295
262.7312335805295
262.73124229280404
262.73124229280404
262.7312510050786
262.7312510050786
262.7312510050786
262.73125971735317
262.73125971735317
262.73126842962773
262.73127714190235
262.73127714190235
262.7312858541769
262.7312945664515
262.7312945664515
262.73130327872605
262.7313119910006
262.73132070327523
262.7313294155498
262.73133812782436
262.7313468400989
262.73136426464805
262.73137297692267
262.73138168919724
262.73139911374636
262.7314078260209
262.7314252505701
262.73144267511924
262.73146009966837
262.73147752421755
262.7314949487667
262.73152108559043
262.73153851013956
262.7315646469633
262.731590783787
262.6530514457838
262.6530514457838
262.6530514457838
262.6530514457838
262.6530514457838
262.6530514457838
262.6530514457838
262.6530514457838
262.6530514457838
262.6530514457838
262.6530514457838
262.6530514457838
262.6530514457838
262.6530514457838
262.6530514457838
262.6530514457838
262.6530514457838
262.6530514457838
262.6530514457838
262.6530514457838
262.6530514457838
262.6530514457838
262.6530514457838
262.65306076234145
262.65306076234145
262.65306076234145
262.65306076234145
262.65306076234145
262.65306076234145
262.65306076234145
262.65306076234145
262.65306076234145
262.65306076234145
262.65306076234145
262.65306076234145
262.6530700788991
262.6530700788991
262.6530700788991
262.6530700788991
262.6530700788991
262.6530700788991
262.6530700788991
262.65307939545676
262.65307939545676
262.65307939545676
262.65307939545676
262.65307939545676
262.65308871201444
262.65308871201444
262.65308871201444
262.65309802857206
262.65309802857206
262.65309802857206
262.65310734512974
262.65310734512974
262.65310734512974
262.65311666168736
262.65311666168736
262.65312597824504
262.6531352948027
262.6531352948027
262.65314461136035
262.653153927918
262.653153927918
262.6531632444757
262.65317256103333
262.653181877591
262.6531911941487
262.6532005107063
262.653209827264
262.6532191438216
262.6532284603793
262.6532470934946
262.6532564100523
262.6532750431676
262.65329367628294
262.65330299284057
262.6533216259559
262.65334025907123
262.65335889218653
262.6533868418595
262.6534054749748
262.6534334246478
262.6534613743208
262.65348932399377
262.5701192022302
262.5701192022302
262.5701192022302
262.5701291389956
262.5701291389956
262.5701291389956
262.5701291389956
262.5701291389956
262.5701291389956
262.5701291389956
262.5701291389956
262.5701291389956
262.5701291389956
262.5701291389956
262.5701291389956
262.5701291389956
262.5701291389956
262.5701291389956
262.5701291389956
262.5701291389956
262.5701291389956
262.5701291389956
262.5701291389956
262.5701291389956
262.5701291389956
262.5701291389956
262.5701291389956
262.5701291389956
262.5701291389956
262.5701291389956
262.5701390757609
262.5701390757609
262.5701390757609
262.5701390757609
262.5701390757609
262.5701390757609
262.5701390757609
262.5701390757609
262.5701390757609
262.57014901252626
262.57014901252626
262.57014901252626
262.57014901252626
262.57014901252626
262.57015894929157
262.57015894929157
262.57015894929157
262.57015894929157
262.57016888605693
262.57016888605693
262.57016888605693
262.5701788228223
262.5701788228223
262.5701788228223
262.5701887595876
262.5701887595876
262.570198696353
262.570198696353
262.5702086331183
262.5702086331183
262.57021856988365
262.570228506649
262.570228506649
262.5702384434143
262.5702483801797
262.570258316945
262.57026825371037
262.57027819047573
262.57028812724104
262.5702980640064
262.5703080007717
262.5703179375371
262.57033781106776
262.5703477478331
262.5703676213638
262.5703874948945
262.57040736842515
262.5704272419558
262.57044711548656
262.57046698901723
262.5704868625479
262.57051667284395
262.57054648314
262.570576293436
262.570606103732
262.48247752123444
262.48247752123444
262.48247752123444
262.48247752123444
262.48247752123444
262.48247752123444
262.48247752123444
262.48247752123444
262.48247752123444
262.48247752123444
262.48247752123444
262.48247752123444
262.48247752123444
262.48247752123444
262.48247752123444
262.48247752123444
262.48247752123444
262.48247752123444
262.48247752123444
262.48247752123444
262.48247752123444
262.4824880766579
262.4824880766579
262.4824880766579
262.4824880766579
262.4824880766579
262.4824880766579
262.4824880766579
262.4824880766579
262.4824880766579
262.4824880766579
262.4824880766579
262.4824880766579
262.4824880766579
262.4824986320814
262.4824986320814
262.4824986320814
262.4824986320814
262.4824986320814
262.4824986320814
262.4824986320814
262.48250918750483
262.48250918750483
262.48250918750483
262.48250918750483
262.48250918750483
262.4825197429283
262.4825197429283
262.4825197429283
262.4825197429283
262.4825302983518
262.4825302983518
262.4825408537752
262.4825408537752
262.4825408537752
262.48255140919866
262.48255140919866
262.4825619646221
262.4825619646221
262.4825725200456
262.48258307546905
262.48258307546905
262.4825936308925
262.482604186316
262.48261474173944
262.4826252971629
262.4826252971629
262.4826464080098
262.48265696343327
262.4826675188567
262.4826780742802
262.48268862970366
262.4827097405506
262.48272029597405
262.482741406821
262.4827625176679
262.4827836285148
262.4828047393617
262.48282585020866
262.4828469610556
262.4828680719025
262.4828997381729
262.48293140444326
262.48296307071365
262.48299473698404
262.390033368737
262.390033368737
262.390033368737
262.390033368737
262.390033368737
262.390033368737
262.390033368737
262.390033368737
262.390033368737
262.390033368737
262.390033368737
262.390033368737
262.390033368737
262.390033368737
262.39004455781384
262.39004455781384
262.39004455781384
262.39004455781384
262.39004455781384
262.39004455781384
262.39004455781384
262.39004455781384
262.39004455781384
262.39004455781384
262.39004455781384
262.39004455781384
262.39004455781384
262.39004455781384
262.39004455781384
262.39004455781384
262.39004455781384
262.39004455781384
262.3900557468906
262.3900557468906
262.3900557468906
262.3900557468906
262.3900557468906
262.3900557468906
262.3900557468906
262.3900557468906
262.3900669359674
262.3900669359674
262.3900669359674
262.3900669359674
262.3900669359674
262.3900781250442
262.3900781250442
262.3900781250442
262.3900781250442
262.390089314121
262.390089314121
262.390089314121
262.3901005031978
262.3901005031978
262.3901116922746
262.3901116922746
262.3901228813514
262.3901228813514
262.3901340704282
262.3901340704282
262.390145259505
262.39015644858176
262.39015644858176
262.3901676376586
262.3901788267354
262.3901900158122
262.39020120488897
262.3902123939658
262.3902235830426
262.39023477211936
262.390257150273
262.39026833934975
262.39027952842656
262.39030190658013
262.39032428473377
262.3903354738105
262.39035785196415
262.3903802301177
262.3904026082713
262.3904361755017
262.3904585536553
262.3904921208857
262.3905256881161
262.3905592553465
262.3905928225769
262.2928138232304
262.2928138232304
262.2928138232304
262.2928138232304
262.2928138232304
262.2928138232304
262.2928138232304
262.2928138232304
262.2928138232304
262.2928138232304
262.2928138232304
262.2928138232304
262.2928138232304
262.2928138232304
262.2928138232304
262.2928138232304
262.2928138232304
262.2928138232304
262.2928138232304
262.2928256504257
262.2928256504257
262.2928256504257
262.2928256504257
262.2928256504257
262.2928256504257
262.2928256504257
262.2928256504257
262.2928256504257
262.2928256504257
262.2928256504257
262.2928256504257
262.2928256504257
262.2928256504257
262.29283747762105
262.29283747762105
262.29283747762105
262.29283747762105
262.29283747762105
262.29283747762105
262.29283747762105
262.29283747762105
262.29284930481634
262.29284930481634
262.29284930481634
262.29284930481634
262.2928611320117
262.2928611320117
262.2928611320117
262.2928611320117
262.292872959207
262.292872959207
262.292872959207
262.2928847864023
262.2928847864023
262.29289661359763
262.29289661359763
262.2929084407929
262.2929084407929
262.2929202679883
262.2929202679883
262.2929320951836
262.29294392237887
262.29294392237887
262.2929557495742
262.2929675767695
262.29297940396486
262.29299123116016
262.29300305835545
262.2930148855508
262.2930267127461
262.29305036713674
262.29306219433204
262.2930740215274
262.29309767591803
262.2931213303086
262.293133157504
262.2931568118946
262.2931804662852
262.29320412067585
262.2932396022618
262.29326325665244
262.2932987382384
262.2933342198244
262.2933697014103
262.29340518299625
262.1907579577839
262.1907579577839
262.1907579577839
262.1907579577839
262.1907579577839
262.1907579577839
262.1907579577839
262.1907579577839
262.1907579577839
262.1907579577839
262.1907579577839
262.1907579577839
262.1907579577839
262.1907579577839
262.1907579577839
262.19077043557644
262.19077043557644
262.19077043557644
262.19077043557644
262.19077043557644
262.19077043557644
262.19077043557644
262.19077043557644
262.19077043557644
262.19077043557644
262.19077043557644
262.19077043557644
262.19077043557644
262.19077043557644
262.19077043557644
262.19077043557644
262.19077043557644
262.19078291336905
262.19078291336905
262.19078291336905
262.19078291336905
262.19078291336905
262.19078291336905
262.19078291336905
262.19078291336905
262.1907953911616
262.1907953911616
262.1907953911616
262.1907953911616
262.1907953911616
262.19080786895415
262.19080786895415
262.19080786895415
262.19082034674676
262.19082034674676
262.19082034674676
262.1908328245393
262.1908328245393
262.1908328245393
262.19084530233187
262.19084530233187
262.1908577801245
262.1908577801245
262.190870257917
262.190870257917
262.19088273570964
262.1908952135022
262.19090769129474
262.19090769129474
262.19092016908735
262.1909326468799
262.19094512467245
262.19095760246506
262.1909700802576
262.19098255805017
262.1910075136353
262.1910199914279
262.19104494701304
262.1910574248056
262.19108238039075
262.1911073359759
262.1911322915611
262.1911572471462
262.19118220273134
262.1912071583165
262.1912445916942
262.1912695472793
262.19130698065703
262.19134441403475
262.19139432520507
262.08388784192476
262.0839009741582
262.0839009741582
262.0839009741582
262.0839009741582
262.0839009741582
262.0839009741582
262.0839009741582
262.0839009741582
262.0839009741582
262.0839009741582
262.0839009741582
262.0839009741582
262.0839009741582
262.0839009741582
262.0839009741582
262.0839009741582
262.0839009741582
262.0839009741582
262.0839009741582
262.0839009741582
262.0839009741582
262.0839009741582
262.0839009741582
262.0839009741582
262.0839009741582
262.0839009741582
262.0839009741582
262.0839009741582
262.08391410639166
262.08391410639166
262.08391410639166
262.08391410639166
262.08391410639166
262.08391410639166
262.08391410639166
262.08391410639166
262.08391410639166
262.0839272386251
262.0839272386251
262.0839272386251
262.0839272386251
262.0839272386251
262.08394037085856
262.08394037085856
262.08394037085856
262.08394037085856
262.08395350309206
262.08395350309206
262.08395350309206
262.08395350309206
262.0839666353255
262.0839666353255
262.08397976755896
262.08397976755896
262.08397976755896
262.0839928997924
262.08400603202585
262.08400603202585
262.0840191642593
262.0840191642593
262.08403229649275
262.0840454287262
262.0840585609597
262.0840585609597
262.08407169319315
262.0840848254266
262.08409795766005
262.08412422212695
262.0841373543604
262.08415048659384
262.08416361882735
262.08418988329424
262.0842030155277
262.0842292799946
262.0842555444615
262.08428180892844
262.08430807339533
262.08433433786223
262.0843606023291
262.08439999902953
262.0844393957299
262.08446566019677
262.08450505689717
262.08455758583096
261.9721808695524
261.9721808695524
261.9721808695524
261.9721808695524
261.9721808695524
261.9721808695524
261.9721808695524
261.9721808695524
261.9721808695524
261.9721808695524
261.9721808695524
261.9721808695524
261.9721808695524
261.9721808695524
261.9721808695524
261.9721808695524
261.9721808695524
261.9721808695524
261.9721808695524
261.9721808695524
261.9721808695524
261.9721808695524
261.9721808695524
261.9721808695524
261.9721808695524
261.9721808695524
261.9721946673504
261.9721946673504
261.9721946673504
261.9721946673504
261.9721946673504
261.9721946673504
261.9721946673504
261.9721946673504
261.9721946673504
261.9721946673504
261.97220846514836
261.97220846514836
261.97220846514836
261.97220846514836
261.97220846514836
261.97220846514836
261.97222226294633
261.97222226294633
261.97222226294633
261.97222226294633
261.97222226294633
261.9722360607443
261.9722360607443
261.9722360607443
261.9722498585423
261.9722498585423
261.9722498585423
261.9722636563402
261.9722636563402
261.9722774541382
261.9722774541382
261.97229125193616
261.97229125193616
261.97230504973413
261.9723188475321
261.9723188475321
261.9723326453301
261.97234644312806
261.97236024092604
261.972374038724
261.972374038724
261.97240163431997
261.9724154321179
261.97242922991586
261.97244302771384
261.9724568255118
261.97248442110777
261.97249821890574
261.9725258145017
261.9725534100976
261.97258100569354
261.9726086012895
261.97263619688545
261.9726637924814
261.97270518587527
261.9727465792692
261.97277417486515
261.9728155682591
261.9728707594509
261.8556125182112
261.8556125182112
261.8556125182112
261.8556125182112
261.8556125182112
261.8556125182112
261.8556125182112
261.8556125182112
261.8556125182112
261.8556125182112
261.8556125182112
261.8556125182112
261.8556125182112
261.8556125182112
261.8556125182112
261.8556125182112
261.8556125182112
261.8556125182112
261.8556125182112
261.8556125182112
261.8556125182112
261.8556125182112
261.8556125182112
261.8556125182112
261.8556125182112
261.8556125182112
261.8556125182112
261.85562698796684
261.85562698796684
261.85562698796684
261.85562698796684
261.85562698796684
261.85562698796684
261.85562698796684
261.85562698796684
261.85562698796684
261.85562698796684
261.85564145772247
261.85564145772247
261.85564145772247
261.85564145772247
261.85564145772247
261.85564145772247
261.8556559274781
261.8556559274781
261.8556559274781
261.8556559274781
261.8556703972337
261.8556703972337
261.8556703972337
261.85568486698935
261.85568486698935
261.85568486698935
261.855699336745
261.855699336745
261.8557138065006
261.8557138065006
261.85572827625623
261.85572827625623
261.85574274601186
261.85574274601186
261.8557572157675
261.8557716855231
261.85578615527874
261.85578615527874
261.85580062503436
261.85581509479
261.8558295645456
261.85584403430124
261.85587297381255
261.8558874435682
261.8559019133238
261.85593085283506
261.8559453225907
261.85597426210194
261.8560032016132
261.8560176713688
261.85604661088007
261.85609002014695
261.8561189596582
261.85614789916946
261.85619130843634
261.8562347177032
261.8562781269701
261.856321536237
261.73410999134984
261.73410999134984
261.73410999134984
261.73410999134984
261.73410999134984
261.73410999134984
261.73410999134984
261.73410999134984
261.73410999134984
261.73410999134984
261.73410999134984
261.73410999134984
261.73410999134984
261.73410999134984
261.73410999134984
261.73410999134984
261.73410999134984
261.73410999134984
261.73410999134984
261.7341251488507
261.7341251488507
261.7341251488507
261.7341251488507
261.7341251488507
261.7341251488507
261.7341251488507
261.7341251488507
261.7341251488507
261.7341251488507
261.7341251488507
261.7341251488507
261.7341251488507
261.7341251488507
261.7341251488507
261.73414030635155
261.73414030635155
261.73414030635155
261.73414030635155
261.73414030635155
261.73414030635155
261.73414030635155
261.7341554638524
261.7341554638524
261.7341554638524
261.7341554638524
261.7341554638524
261.73417062135326
261.73417062135326
261.73417062135326
261.7341857788541
261.7341857788541
261.7341857788541
261.73420093635497
261.73420093635497
261.73420093635497
261.7342160938558
261.7342160938558
261.7342312513567
261.7342312513567
261.73424640885753
261.7342615663584
261.7342615663584
261.73427672385924
261.7342918813601
261.73430703886095
261.7343221963618
261.7343221963618
261.73433735386266
261.73436766886437
261.7343828263652
261.73439798386613
261.734413141367
261.7344434563687
261.73445861386955
261.73448892887126
261.73451924387297
261.7345344013738
261.73456471637553
261.7346101888781
261.7346405038798
261.7346708188815
261.7347162913841
261.73476176388664
261.7348072363892
261.73485270889176
261.6076914459349
261.6076914459349
261.6076914459349
261.6076914459349
261.6076914459349
261.6076914459349
261.6076914459349
261.6076914459349
261.6076914459349
261.6076914459349
261.6076914459349
261.6076914459349
261.6076914459349
261.6076914459349
261.6076914459349
261.6076914459349
261.6076914459349
261.6076914459349
261.6076914459349
261.6076914459349
261.6076914459349
261.6076914459349
261.6076914459349
261.6076914459349
261.6077072977901
261.6077072977901
261.6077072977901
261.6077072977901
261.6077072977901
261.6077072977901
261.6077072977901
261.6077072977901
261.6077072977901
261.6077072977901
261.6077072977901
261.6077072977901
261.6077231496454
261.6077231496454
261.6077231496454
261.6077231496454
261.6077231496454
261.6077231496454
261.6077390015006
261.6077390015006
261.6077390015006
261.6077390015006
261.6077390015006
261.6077548533558
261.6077548533558
261.6077548533558
261.607770705211
261.607770705211
261.607770705211
261.6077865570663
261.6077865570663
261.6077865570663
261.6078024089215
261.6078024089215
261.6078182607767
261.6078341126319
261.6078341126319
261.6078499644872
261.6078658163424
261.6078658163424
261.6078816681976
261.6078975200528
261.60791337190807
261.6079292237633
261.6079450756185
261.6079609274737
261.60797677932896
261.6080084830394
261.6080243348946
261.60805603860507
261.6080718904603
261.60810359417076
261.6081352978812
261.60816700159165
261.6081987053021
261.60823040901255
261.60826211272297
261.60830966828865
261.60835722385434
261.60838892756476
261.60845233498566
261.4763294894806
261.4763294894806
261.4763294894806
261.4763294894806
261.4763294894806
261.4763294894806
261.4763294894806
261.4763294894806
261.4763294894806
261.4763294894806
261.4763294894806
261.4763294894806
261.4763294894806
261.4763294894806
261.4763294894806
261.4763294894806
261.4763294894806
261.4763294894806
261.4763294894806
261.4763294894806
261.4763294894806
261.4763294894806
261.4763294894806
261.4763294894806
261.4763294894806
261.4763294894806
261.4763294894806
261.4763460442325
261.4763460442325
261.4763460442325
261.4763460442325
261.4763460442325
261.4763460442325
261.4763460442325
261.4763460442325
261.4763460442325
261.4763460442325
261.4763460442325
261.4763625989844
261.4763625989844
261.4763625989844
261.4763625989844
261.4763625989844
261.4763625989844
261.47637915373633
261.47637915373633
261.47637915373633
261.47637915373633
261.47639570848827
261.47639570848827
261.47639570848827
261.47641226324015
261.47641226324015
261.47641226324015
261.4764288179921
261.4764288179921
261.47644537274397
261.47644537274397
261.4764619274959
261.4764619274959
261.47647848224784
261.47647848224784
261.4764950369997
261.47651159175166
261.4765281465036
261.4765447012555
261.4765447012555
261.4765612560074
261.4765778107593
261.47661092026317
261.47662747501505
261.476644029767
261.4766605845189
261.47669369402274
261.4767102487746
261.4767433582785
261.4767764677823
261.47680957728613
261.47684268678995
261.4768757962938
261.47690890579764
261.4769585700534
261.4769916795572
261.47704134381297
261.4770910080687
261.33994721287957
261.33994721287957
261.33994721287957
261.33994721287957
261.33994721287957
261.33994721287957
261.33994721287957
261.33994721287957
261.33994721287957
261.33996448520435
261.33996448520435
261.33996448520435
261.33996448520435
261.33996448520435
261.33996448520435
261.33996448520435
261.33996448520435
261.33996448520435
261.33996448520435
261.33996448520435
261.33996448520435
261.33996448520435
261.33996448520435
261.33996448520435
261.33996448520435
261.33996448520435
261.33996448520435
261.33996448520435
261.33996448520435
261.33996448520435
261.33996448520435
261.3399817575292
261.3399817575292
261.3399817575292
261.3399817575292
261.3399817575292
261.3399817575292
261.3399817575292
261.3399817575292
261.3399817575292
261.33999902985397
261.33999902985397
261.33999902985397
261.33999902985397
261.33999902985397
261.34001630217875
261.34001630217875
261.34001630217875
261.34001630217875
261.34003357450354
261.34003357450354
261.34003357450354
261.34003357450354
261.3400508468284
261.3400508468284
261.34006811915316
261.34006811915316
261.34008539147794
261.34008539147794
261.3401026638027
261.3401026638027
261.34011993612756
261.34013720845235
261.34013720845235
261.34015448077713
261.3401717531019
261.34018902542675
261.34020629775154
261.3402235700763
261.3402408424011
261.34025811472594
261.3402753870507
261.3402926593755
261.34032720402513
261.3403444763499
261.3403790209995
261.3404135656491
261.34044811029867
261.3404826549483
261.34051719959785
261.3405517442475
261.3405862888971
261.34063810587145
261.34068992284585
261.34074173982026
261.198515060364
261.198515060364
261.198515060364
261.198515060364
261.198515060364
261.198515060364
261.198515060364
261.198515060364
261.198515060364
261.198515060364
261.198515060364
261.198515060364
261.198515060364
261.198515060364
261.198515060364
261.198515060364
261.198515060364
261.198515060364
261.198515060364
261.198515060364
261.198515060364
261.198515060364
261.198515060364
261.198515060364
261.198515060364
261.198515060364
261.1985330657303
261.1985330657303
261.1985330657303
261.1985330657303
261.1985330657303
261.1985330657303
261.1985330657303
261.1985330657303
261.1985330657303
261.1985330657303
261.1985330657303
261.1985330657303
261.1985510710967
261.1985510710967
261.1985510710967
261.1985510710967
261.1985510710967
261.1985510710967
261.198569076463
261.198569076463
261.198569076463
261.198569076463
261.1985870818293
261.1985870818293
261.1985870818293
261.1985870818293
261.19860508719563
261.19860508719563
261.19860508719563
261.198623092562
261.198623092562
261.1986410979283
261.1986410979283
261.19865910329463
261.19865910329463
261.19867710866095
261.1986951140273
261.1986951140273
261.19871311939363
261.19873112475995
261.19874913012626
261.19876713549263
261.19878514085894
261.19880314622526
261.1988211515916
261.19883915695794
261.19885716232426
261.1988931730569
261.19891117842326
261.1989471891559
261.19896519452226
261.1990012052549
261.1990372159876
261.1990732267202
261.1991092374529
261.1991452481855
261.1991992642845
261.1992532803835
261.19928929111614
261.0520046260631
261.0520046260631
261.0520046260631
261.0520046260631
261.0520046260631
261.0520046260631
261.0520046260631
261.0520046260631
261.0520046260631
261.0520046260631
261.0520046260631
261.0520046260631
261.0520046260631
261.0520046260631
261.0520046260631
261.0520046260631
261.0520046260631
261.0520046260631
261.0520046260631
261.0520046260631
261.0520046260631
261.0520046260631
261.0520046260631
261.0520046260631
261.0520046260631
261.0520046260631
261.0520046260631
261.0520046260631
261.0520046260631
261.0520233710009
261.0520233710009
261.0520233710009
261.0520233710009
261.0520233710009
261.0520233710009
261.0520233710009
261.0520233710009
261.0520233710009
261.0520233710009
261.0520421159388
261.0520421159388
261.0520421159388
261.0520421159388
261.0520421159388
261.0520421159388
261.0520608608767
261.0520608608767
261.0520608608767
261.0520608608767
261.0520608608767
261.0520796058145
261.0520796058145
261.0520796058145
261.0520983507524
261.0520983507524
261.0520983507524
261.0521170956902
261.0521170956902
261.05213584062807
261.05213584062807
261.052154585566
261.052154585566
261.0521733305038
261.05219207544167
261.05219207544167
261.0522108203795
261.05222956531736
261.05224831025527
261.0522670551931
261.05228580013096
261.0523045450688
261.05232329000665
261.05234203494456
261.05237952482025
261.0523982697581
261.05241701469595
261.0524545045717
261.0524919944474
261.0525294843231
261.05256697419884
261.05260446407453
261.0526419539503
261.052679443826
261.0527356786396
261.0527919134531
260.9004423491079
260.9004423491079
260.9004423491079
260.9004423491079
260.9004423491079
260.9004423491079
260.9004423491079
260.9004423491079
260.9004423491079
260.9004423491079
260.9004423491079
260.9004423491079
260.9004423491079
260.9004423491079
260.9004423491079
260.9004423491079
260.9004423491079
260.9004423491079
260.9004423491079
260.9004423491079
260.9004423491079
260.9004423491079
260.9004423491079
260.9004423491079
260.9004423491079
260.9004423491079
260.9004423491079
260.9004618376352
260.9004618376352
260.9004618376352
260.9004618376352
260.9004618376352
260.9004618376352
260.9004618376352
260.9004618376352
260.9004618376352
260.9004618376352
260.9004618376352
260.9004618376352
260.90048132616255
260.90048132616255
260.90048132616255
260.90048132616255
260.90048132616255
260.90048132616255
260.90050081468985
260.90050081468985
260.90050081468985
260.90050081468985
260.90050081468985
260.90052030321715
260.90052030321715
260.90052030321715
260.9005397917445
260.9005397917445
260.9005397917445
260.9005592802718
260.9005592802718
260.9005787687991
260.9005787687991
260.90059825732646
260.90059825732646
260.90061774585376
260.90061774585376
260.90063723438107
260.90065672290837
260.9006762114357
260.9006762114357
260.900695699963
260.9007151884903
260.9007346770177
260.900754165545
260.90079314259964
260.90081263112694
260.90083211965424
260.9008710967089
260.9008905852362
260.90092956229086
260.90094905081816
260.9009880278728
260.90102700492747
260.9010659819821
260.90112444756403
260.9011634246187
260.90122189020065
260.7436994444622
260.7436994444622
260.7436994444622
260.7436994444622
260.7436994444622
260.7436994444622
260.7436994444622
260.7436994444622
260.7436994444622
260.7436994444622
260.7436994444622
260.7436994444622
260.7436994444622
260.7436994444622
260.7436994444622
260.7436994444622
260.7436994444622
260.7436994444622
260.7436994444622
260.7436994444622
260.7436994444622
260.7436994444622
260.7436994444622
260.7436994444622
260.74371970071763
260.74371970071763
260.74371970071763
260.74371970071763
260.74371970071763
260.74371970071763
260.74371970071763
260.74371970071763
260.74371970071763
260.74371970071763
260.74371970071763
260.74371970071763
260.74371970071763
260.74371970071763
260.7437399569731
260.7437399569731
260.7437399569731
260.7437399569731
260.7437399569731
260.7437399569731
260.7437399569731
260.74376021322854
260.74376021322854
260.74376021322854
260.74376021322854
260.74376021322854
260.743780469484
260.743780469484
260.743780469484
260.74380072573945
260.74380072573945
260.74380072573945
260.7438209819949
260.7438209819949
260.7438209819949
260.74384123825035
260.74384123825035
260.7438614945058
260.7438614945058
260.7438817507612
260.7439020070167
260.7439020070167
260.7439222632721
260.7439425195276
260.743962775783
260.74398303203844
260.7440032882939
260.74402354454935
260.7440438008048
260.74406405706026
260.7440843133157
260.7441248258266
260.744145082082
260.7441855945929
260.74420585084835
260.74424636335925
260.74428687587016
260.74432738838107
260.744367900892
260.7444084134028
260.74446918216915
260.5817516979853
260.5817516979853
260.5817516979853
260.5817516979853
260.5817516979853
260.5817516979853
260.5817516979853
260.5817516979853
260.5817516979853
260.5817516979853
260.5817516979853
260.5817516979853
260.5817516979853
260.5817516979853
260.5817516979853
260.5817516979853
260.5817516979853
260.5817516979853
260.5817516979853
260.5817516979853
260.5817516979853
260.5817516979853
260.5817516979853
260.5817516979853
260.581772732892
260.581772732892
260.581772732892
260.581772732892
260.581772732892
260.581772732892
260.581772732892
260.581772732892
260.581772732892
260.581772732892
260.581772732892
260.581772732892
260.581772732892
260.581772732892
260.581772732892
260.5817937677986
260.5817937677986
260.5817937677986
260.5817937677986
260.5817937677986
260.5817937677986
260.5817937677986
260.5818148027053
260.5818148027053
260.5818148027053
260.5818148027053
260.58183583761195
260.58183583761195
260.58183583761195
260.58183583761195
260.58185687251864
260.58185687251864
260.58185687251864
260.58187790742534
260.58187790742534
260.581898942332
260.581898942332
260.58191997723867
260.58191997723867
260.58194101214536
260.58194101214536
260.581962047052
260.5819830819587
260.5819830819587
260.58200411686533
260.58202515177203
260.5820461866787
260.58206722158536
260.58208825649206
260.58210929139875
260.5821303263054
260.5821513612121
260.5821934310254
260.5822144659321
260.58225653574544
260.58227757065214
260.58231964046547
260.5823617102788
260.58240378009214
260.5824458499055
260.5825089546255
260.41457881771413
260.41457881771413
260.41457881771413
260.41457881771413
260.41457881771413
260.41457881771413
260.41457881771413
260.41457881771413
260.41457881771413
260.41457881771413
260.41457881771413
260.41457881771413
260.41457881771413
260.41457881771413
260.41457881771413
260.41457881771413
260.41457881771413
260.41457881771413
260.41457881771413
260.41457881771413
260.41457881771413
260.41457881771413
260.41457881771413
260.41457881771413
260.41457881771413
260.41457881771413
260.41457881771413
260.41457881771413
260.41457881771413
260.41457881771413
260.41457881771413
260.4146006418499
260.4146006418499
260.4146006418499
260.4146006418499
260.4146006418499
260.4146006418499
260.4146006418499
260.4146006418499
260.4146006418499
260.4146006418499
260.4146006418499
260.41462246598576
260.41462246598576
260.41462246598576
260.41462246598576
260.41462246598576
260.41462246598576
260.41464429012154
260.41464429012154
260.41464429012154
260.41464429012154
260.41464429012154
260.41466611425733
260.41466611425733
260.41466611425733
260.4146879383932
260.4146879383932
260.4146879383932
260.41470976252896
260.41470976252896
260.41473158666474
260.41473158666474
260.4147534108006
260.4147534108006
260.41477523493637
260.4147970590722
260.4147970590722
260.414818883208
260.4148407073438
260.4148625314796
260.4148843556154
260.4148843556154
260.41492800388704
260.4149498280228
260.4149716521586
260.41499347629446
260.41501530043024
260.41505894870187
260.41508077283765
260.4151244211093
260.41516806938085
260.4152117176525
260.4152553659241
260.41529901419574
260.2421071774775
260.2421071774775
260.2421071774775
260.2421071774775
260.2421071774775
260.2421071774775
260.2421071774775
260.2421071774775
260.2421071774775
260.2421071774775
260.2421071774775
260.2421071774775
260.2421071774775
260.2421071774775
260.2421071774775
260.2421071774775
260.2421071774775
260.2421071774775
260.2421071774775
260.2421071774775
260.2421071774775
260.2421071774775
260.2421071774775
260.2421071774775
260.2421071774775
260.2421071774775
260.2421071774775
260.2421071774775
260.2421071774775
260.2421071774775
260.2421298056119
260.2421298056119
260.2421298056119
260.2421298056119
260.2421298056119
260.2421298056119
260.2421298056119
260.2421298056119
260.2421298056119
260.2421298056119
260.2421298056119
260.2421298056119
260.2421524337463
260.2421524337463
260.2421524337463
260.2421524337463
260.2421524337463
260.2421524337463
260.2421524337463
260.2421750618807
260.2421750618807
260.2421750618807
260.2421750618807
260.242197690015
260.242197690015
260.242197690015
260.242197690015
260.2422203181494
260.2422203181494
260.2422203181494
260.2422429462838
260.2422429462838
260.2422655744182
260.2422655744182
260.2422882025526
260.2422882025526
260.24231083068696
260.2423334588213
260.2423334588213
260.2423560869557
260.24237871509007
260.24240134322446
260.24242397135885
260.24242397135885
260.2424465994932
260.24249185576195
260.24251448389634
260.24253711203073
260.2425597401651
260.24260499643384
260.24262762456823
260.242672880837
260.2427181371057
260.2427633933745
260.2428086496433
260.06438249614666
260.06438249614666
260.06438249614666
260.06438249614666
260.06438249614666
260.06438249614666
260.06438249614666
260.06438249614666
260.06438249614666
260.06438249614666
260.06438249614666
260.06438249614666
260.06438249614666
260.06438249614666
260.06438249614666
260.06438249614666
260.06438249614666
260.06438249614666
260.06438249614666
260.06438249614666
260.06438249614666
260.06438249614666
260.0644059303082
260.0644059303082
260.0644059303082
260.0644059303082
260.0644059303082
260.0644059303082
260.0644059303082
260.0644059303082
260.0644059303082
260.0644059303082
260.0644059303082
260.0644059303082
260.0644059303082
260.0644059303082
260.0644059303082
260.0644059303082
260.0644059303082
260.0644059303082
260.0644293644698
260.0644293644698
260.0644293644698
260.0644293644698
260.0644293644698
260.0644293644698
260.0644293644698
260.0644293644698
260.06445279863135
260.06445279863135
260.06445279863135
260.06445279863135
260.06445279863135
260.0644762327929
260.0644762327929
260.0644762327929
260.0644762327929
260.0644996669545
260.0644996669545
260.0644996669545
260.0645231011161
260.0645231011161
260.06454653527766
260.06454653527766
260.06454653527766
260.0645699694392
260.0645934036008
260.0645934036008
260.06461683776234
260.06461683776234
260.0646402719239
260.06466370608547
260.06468714024703
260.0647105744086
260.06473400857016
260.0647574427318
260.06478087689334
260.0648043110549
260.06482774521646
260.064851179378
260.06489804770115
260.0649214818627
260.06496835018584
260.065015218509
260.0650386526706
259.8812796736262
259.8812796736262
259.8812796736262
259.8812796736262
259.8812796736262
259.8812796736262
259.8812796736262
259.8812796736262
259.8812796736262
259.8812796736262
259.8812796736262
259.8812796736262
259.8812796736262
259.8812796736262
259.8812796736262
259.8812796736262
259.8812796736262
259.8812796736262
259.8812796736262
259.8812796736262
259.8812796736262
259.8812796736262
259.8812796736262
259.8812796736262
259.8812796736262
259.8812796736262
259.8812796736262
259.8812796736262
259.8812796736262
259.8812796736262
259.8812796736262
259.8812796736262
259.8812796736262
259.8812796736262
259.8812796736262
259.8812796736262
259.8812796736262
259.88130394172725
259.88130394172725
259.88130394172725
259.88130394172725
259.88130394172725
259.88130394172725
259.88130394172725
259.88130394172725
259.88130394172725
259.88130394172725
259.8813282098283
259.8813282098283
259.8813282098283
259.8813282098283
259.8813282098283
259.8813282098283
259.8813524779294
259.8813524779294
259.8813524779294
259.8813524779294
259.8813767460304
259.8813767460304
259.8813767460304
259.8814010141315
259.8814010141315
259.8814010141315
259.88142528223256
259.88142528223256
259.8814495503336
259.8814495503336
259.8814738184347
259.8814738184347
259.88149808653577
259.88149808653577
259.8815223546368
259.88154662273786
259.88157089083893
259.88159515894
259.88159515894
259.8816194270411
259.88164369514215
259.88169223134423
259.8817164994453
259.8817407675464
259.88176503564745
259.8818135718496
259.8818378399506
259.88188637615275
259.6927945797011
259.6927945797011
259.6927945797011
259.6927945797011
259.6927945797011
259.6927945797011
259.6927945797011
259.6927945797011
259.6927945797011
259.6927945797011
259.6927945797011
259.6927945797011
259.6927945797011
259.6927945797011
259.6927945797011
259.6927945797011
259.6927945797011
259.6927945797011
259.6927945797011
259.6927945797011
259.6927945797011
259.6927945797011
259.6927945797011
259.6927945797011
259.6927945797011
259.6927945797011
259.6927945797011
259.6927945797011
259.6927945797011
259.6927945797011
259.6927945797011
259.6927945797011
259.6927945797011
259.6927945797011
259.6927945797011
259.6928196842688
259.6928196842688
259.6928196842688
259.6928196842688
259.6928196842688
259.6928196842688
259.6928196842688
259.6928196842688
259.6928196842688
259.6928196842688
259.6928196842688
259.6928196842688
259.6928447888364
259.6928447888364
259.6928447888364
259.6928447888364
259.6928447888364
259.6928447888364
259.69286989340407
259.69286989340407
259.69286989340407
259.69286989340407
259.69286989340407
259.69289499797173
259.69289499797173
259.69289499797173
259.69292010253935
259.69292010253935
259.69292010253935
259.692945207107
259.692945207107
259.6929703116747
259.6929703116747
259.6929703116747
259.6929954162423
259.69302052080997
259.69302052080997
259.69304562537764
259.6930707299453
259.6930707299453
259.6930958345129
259.6931209390806
259.69314604364826
259.69317114821587
259.69319625278354
259.6932213573512
259.6932464619188
259.69329667105416
259.69332177562177
259.6933719847571
259.4988673193742
259.4988673193742
259.4988673193742
259.4988673193742
259.4988673193742
259.4988673193742
259.4988673193742
259.4988673193742
259.4988673193742
259.4988673193742
259.4988673193742
259.4988673193742
259.4988673193742
259.4988673193742
259.4988673193742
259.4988673193742
259.4988673193742
259.4988673193742
259.4988673193742
259.4988673193742
259.4988673193742
259.4988673193742
259.4988673193742
259.4988673193742
259.4988673193742
259.4988673193742
259.4988673193742
259.4988673193742
259.4988673193742
259.4988673193742
259.4988673193742
259.4988673193742
259.4988673193742
259.4988673193742
259.4988673193742
259.4988673193742
259.4988673193742
259.4988673193742
259.4988673193742
259.4988932801855
259.4988932801855
259.4988932801855
259.4988932801855
259.4988932801855
259.4988932801855
259.4988932801855
259.4988932801855
259.4988932801855
259.4988932801855
259.4988932801855
259.49891924099677
259.49891924099677
259.49891924099677
259.49891924099677
259.49891924099677
259.49891924099677
259.49894520180806
259.49894520180806
259.49894520180806
259.49894520180806
259.49897116261934
259.49897116261934
259.49897116261934
259.49897116261934
259.4989971234306
259.4989971234306
259.4990230842419
259.4990230842419
259.4990230842419
259.4990490450532
259.4990490450532
259.4990750058645
259.4990750058645
259.49910096667577
259.4991269274871
259.4991269274871
259.4991528882984
259.4991788491097
259.49920480992097
259.49923077073225
259.49925673154354
259.4992826923548
259.4993086531661
259.4993346139774
259.4993605747887
259.2994410834481
259.2994410834481
259.2994410834481
259.2994410834481
259.2994410834481
259.2994410834481
259.2994410834481
259.2994410834481
259.2994410834481
259.2994410834481
259.2994410834481
259.2994410834481
259.2994410834481
259.2994410834481
259.2994410834481
259.2994410834481
259.2994410834481
259.2994410834481
259.2994410834481
259.2994410834481
259.2994410834481
259.2994410834481
259.2994410834481
259.2994410834481
259.2994410834481
259.2994410834481
259.2994410834481
259.2994410834481
259.2994410834481
259.2994410834481
259.2994410834481
259.2994410834481
259.2994410834481
259.2994410834481
259.2994410834481
259.2994410834481
259.2994679132928
259.2994679132928
259.2994679132928
259.2994679132928
259.2994679132928
259.2994679132928
259.2994679132928
259.2994679132928
259.2994679132928
259.2994679132928
259.2994679132928
259.2994679132928
259.2994679132928
259.2994679132928
259.29949474313753
259.29949474313753
259.29949474313753
259.29949474313753
259.29949474313753
259.29949474313753
259.29949474313753
259.29952157298226
259.29952157298226
259.29952157298226
259.29952157298226
259.29952157298226
259.29954840282704
259.29954840282704
259.29954840282704
259.29957523267177
259.29957523267177
259.29957523267177
259.2996020625165
259.2996020625165
259.2996020625165
259.2996288923612
259.2996288923612
259.29965572220596
259.2996825520507
259.2996825520507
259.2997093818954
259.2997093818954
259.2997362117402
259.2997630415849
259.29978987142965
259.2998167012744
259.2998435311191
259.29987036096384
259.29989719080857
259.0944628811164
259.0944628811164
259.0944628811164
259.0944628811164
259.0944628811164
259.0944628811164
259.0944628811164
259.0944628811164
259.0944628811164
259.0944628811164
259.0944628811164
259.0944628811164
259.0944628811164
259.0944905958544
259.0944905958544
259.0944905958544
259.0944905958544
259.0944905958544
259.0944905958544
259.0944905958544
259.0944905958544
259.0944905958544
259.0944905958544
259.0944905958544
259.0944905958544
259.0944905958544
259.0944905958544
259.0944905958544
259.0944905958544
259.0944905958544
259.0944905958544
259.0944905958544
259.0944905958544
259.0944905958544
259.0944905958544
259.0944905958544
259.0944905958544
259.0944905958544
259.0944905958544
259.0944905958544
259.0944905958544
259.0944905958544
259.0944905958544
259.0944905958544
259.0944905958544
259.0944905958544
259.0944905958544
259.09451831059243
259.09451831059243
259.09451831059243
259.09451831059243
259.09451831059243
259.09451831059243
259.09451831059243
259.09451831059243
259.09451831059243
259.09454602533043
259.09454602533043
259.09454602533043
259.09454602533043
259.09454602533043
259.09454602533043
259.0945737400684
259.0945737400684
259.0945737400684
259.0945737400684
259.0946014548064
259.0946014548064
259.0946014548064
259.0946014548064
259.0946291695445
259.0946291695445
259.0946568842825
259.0946568842825
259.09468459902047
259.09468459902047
259.09471231375846
259.09471231375846
259.0947400284965
259.0947400284965
259.0947677432345
259.0947954579725
259.0948231727105
259.0948231727105
259.09485088744856
258.8840240269878
258.8840240269878
258.8840240269878
258.8840240269878
258.8840240269878
258.8840240269878
258.8840240269878
258.8840240269878
258.8840240269878
258.8840240269878
258.8840240269878
258.8840240269878
258.8840240269878
258.8840240269878
258.8840240269878
258.8840240269878
258.8840240269878
258.8840240269878
258.8840240269878
258.8840240269878
258.8840240269878
258.8840240269878
258.8840240269878
258.8840240269878
258.8840240269878
258.8840240269878
258.8840240269878
258.8840240269878
258.8840240269878
258.8840240269878
258.8840240269878
258.8840240269878
258.8840240269878
258.8840240269878
258.8840240269878
258.8840240269878
258.8840240269878
258.8840240269878
258.8840240269878
258.8840240269878
258.8840526269951
258.8840526269951
258.8840526269951
258.8840526269951
258.8840526269951
258.8840526269951
258.8840526269951
258.8840526269951
258.8840526269951
258.8840526269951
258.8840526269951
258.8840526269951
258.8840526269951
258.8840526269951
258.8840526269951
258.8840526269951
258.8840812270025
258.8840812270025
258.8840812270025
258.8840812270025
258.8840812270025
258.8840812270025
258.8840812270025
258.88410982700987
258.88410982700987
258.88410982700987
258.88410982700987
258.88410982700987
258.8841384270172
258.8841384270172
258.8841384270172
258.88416702702455
258.88416702702455
258.88416702702455
258.88419562703194
258.88419562703194
258.88419562703194
258.8842242270393
258.8842242270393
258.8842528270466
258.8842528270466
258.884281427054
258.88431002706136
258.88431002706136
258.8843386270687
258.6679499333042
258.6679499333042
258.6679499333042
258.6679499333042
258.6679499333042
258.6679499333042
258.6679499333042
258.6679499333042
258.6679499333042
258.6679499333042
258.6679499333042
258.6679499333042
258.6679499333042
258.6679499333042
258.6679499333042
258.6679499333042
258.6679499333042
258.6679499333042
258.6679499333042
258.6679499333042
258.6679499333042
258.6679499333042
258.6679499333042
258.6679499333042
258.6679499333042
258.6679499333042
258.6679499333042
258.6679499333042
258.6679794435601
258.6679794435601
258.6679794435601
258.6679794435601
258.6679794435601
258.6679794435601
258.6679794435601
258.6679794435601
258.6679794435601
258.6679794435601
258.6679794435601
258.6679794435601
258.6679794435601
258.6679794435601
258.6679794435601
258.6679794435601
258.6679794435601
258.6679794435601
258.6679794435601
258.6679794435601
258.6679794435601
258.6679794435601
258.6679794435601
258.6679794435601
258.6679794435601
258.6679794435601
258.6679794435601
258.6679794435601
258.668008953816
258.668008953816
258.668008953816
258.668008953816
258.668008953816
258.668008953816
258.668008953816
258.668008953816
258.668008953816
258.6680384640719
258.6680384640719
258.6680384640719
258.6680384640719
258.6680384640719
258.6680384640719
258.6680679743278
258.6680679743278
258.6680679743278
258.6680679743278
258.6680974845837
258.6680974845837
258.6680974845837
258.6681269948396
258.6681269948396
258.6681269948396
258.6681565050955
258.6681565050955
258.6681860153514
258.6681860153514
258.4462048219958
258.4462048219958
258.4462048219958
258.4462048219958
258.4462048219958
258.4462048219958
258.4462048219958
258.4462048219958
258.4462048219958
258.4462048219958
258.4462048219958
258.4462048219958
258.4462048219958
258.4462048219958
258.4462048219958
258.4462048219958
258.4462048219958
258.4462048219958
258.4462048219958
258.4462048219958
258.4462048219958
258.4462048219958
258.4462048219958
258.4462048219958
258.4462048219958
258.4462048219958
258.4462048219958
258.4462048219958
258.4462048219958
258.4462048219958
258.4462048219958
258.4462048219958
258.4462048219958
258.44623526058353
258.44623526058353
258.44623526058353
258.44623526058353
258.44623526058353
258.44623526058353
258.44623526058353
258.44623526058353
258.44623526058353
258.44623526058353
258.44623526058353
258.44623526058353
258.44623526058353
258.44623526058353
258.44623526058353
258.44623526058353
258.44623526058353
258.44623526058353
258.44623526058353
258.44623526058353
258.44623526058353
258.44623526058353
258.44623526058353
258.44623526058353
258.44623526058353
258.44623526058353
258.44623526058353
258.44623526058353
258.44623526058353
258.44623526058353
258.4462656991712
258.4462656991712
258.4462656991712
258.4462656991712
258.4462656991712
258.4462656991712
258.4462656991712
258.4462656991712
258.4462656991712
258.4462961377589
258.4462961377589
258.4462961377589
258.4462961377589
258.4462961377589
258.4462961377589
258.44632657634656
258.44632657634656
258.44632657634656
258.44632657634656
258.4463570149343
258.4463570149343
258.4463570149343
258.21883661892036
258.21883661892036
258.21883661892036
258.21883661892036
258.21883661892036
258.21883661892036
258.21883661892036
258.21883661892036
258.21883661892036
258.21883661892036
258.21883661892036
258.21883661892036
258.21883661892036
258.21883661892036
258.21883661892036
258.21883661892036
258.21883661892036
258.21883661892036
258.21883661892036
258.21883661892036
258.21883661892036
258.21883661892036
258.21883661892036
258.21883661892036
258.21883661892036
258.21883661892036
258.21883661892036
258.21883661892036
258.21883661892036
258.21883661892036
258.21883661892036
258.21883661892036
258.21883661892036
258.21883661892036
258.21883661892036
258.21883661892036
258.21883661892036
258.21883661892036
258.21883661892036
258.21883661892036
258.21883661892036
258.21883661892036
258.21883661892036
258.21883661892036
258.21883661892036
258.21883661892036
258.21883661892036
258.21883661892036
258.21883661892036
258.21883661892036
258.21883661892036
258.21883661892036
258.21883661892036
258.21883661892036
258.21883661892036
258.21883661892036
258.21883661892036
258.21883661892036
258.21883661892036
258.21883661892036
258.21883661892036
258.21883661892036
258.21883661892036
258.21883661892036
258.21883661892036
258.21883661892036
258.21883661892036
258.21883661892036
258.21883661892036
258.21883661892036
258.21886798870554
258.21886798870554
258.21886798870554
258.21886798870554
258.21886798870554
258.21886798870554
258.21886798870554
258.21886798870554
258.21886798870554
258.21886798870554
258.21886798870554
258.21886798870554
258.21886798870554
258.21886798870554
258.2188993584908
257.98567620948546
257.98567620948546
257.98567620948546
257.98567620948546
257.98567620948546
257.98567620948546
257.98567620948546
257.98567620948546
257.98567620948546
257.98567620948546
257.98567620948546
257.98567620948546
257.98567620948546
257.98567620948546
257.98567620948546
257.98567620948546
257.98567620948546
257.98567620948546
257.98567620948546
257.98567620948546
257.98567620948546
257.98567620948546
257.98567620948546
257.98567620948546
257.98567620948546
257.98567620948546
257.98567620948546
257.98567620948546
257.98567620948546
257.98567620948546
257.98567620948546
257.98567620948546
257.98564293554307
257.98564293554307
257.98564293554307
257.98564293554307
257.98564293554307
257.98564293554307
257.98564293554307
257.98564293554307
257.98564293554307
257.98564293554307
257.98564293554307
257.98564293554307
257.98564293554307
257.98564293554307
257.98564293554307
257.98564293554307
257.98564293554307
257.98564293554307
257.98564293554307
257.98564293554307
257.98564293554307
257.98564293554307
257.98564293554307
257.98564293554307
257.98564293554307
257.98564293554307
257.98564293554307
257.98564293554307
257.98564293554307
257.98564293554307
257.98564293554307
257.98564293554307
257.98564293554307
257.98564293554307
257.98564293554307
257.98564293554307
257.98564293554307
257.98564293554307
257.98564293554307
257.98564293554307
257.98564293554307
257.98564293554307
257.98564293554307
257.98564293554307
257.98564293554307
257.98564293554307
257.98564293554307
257.98564293554307
257.98564293554307
257.9856096616007
257.9856096616007
257.9856096616007
257.9856096616007
257.7468691248551
257.7468691248551
257.7468691248551
257.7468691248551
257.7468691248551
257.7468691248551
257.7468691248551
257.7468691248551
257.7468691248551
257.7468691248551
257.7468691248551
257.7468691248551
257.7468691248551
257.7468691248551
257.7468691248551
257.7468691248551
257.7468691248551
257.7468691248551
257.7468691248551
257.7468691248551
257.7468691248551
257.7468691248551
257.7468691248551
257.7468691248551
257.7468691248551
257.7468691248551
257.7468691248551
257.7468691248551
257.7468691248551
257.7468691248551
257.7468691248551
257.7468691248551
257.7468691248551
257.7468691248551
257.7468691248551
257.7468691248551
257.7468691248551
257.7468691248551
257.7468691248551
257.7468691248551
257.7468691248551
257.7468691248551
257.7468691248551
257.7468691248551
257.7468691248551
257.7468691248551
257.7468691248551
257.7468691248551
257.7468691248551
257.7468691248551
257.7468691248551
257.7468691248551
257.7468691248551
257.7468691248551
257.7468691248551
257.7468691248551
257.7468691248551
257.7468691248551
257.7468691248551
257.7468348657501
257.7468348657501
257.7468348657501
257.7468348657501
257.7468348657501
257.7468348657501
257.7468348657501
257.7468348657501
257.7468348657501
257.7468348657501
257.7468348657501
257.7468348657501
257.746800606645
257.746800606645
257.746800606645
257.746800606645
257.746800606645
257.746800606645
257.746800606645
257.74676634754
257.74676634754
257.74676634754
257.74676634754
257.74673208843495
257.74673208843495
257.74673208843495
257.5022591149365
257.5022591149365
257.5022591149365
257.5022591149365
257.5022591149365
257.5022591149365
257.5022591149365
257.5022591149365
257.5022591149365
257.5022591149365
257.5022591149365
257.5022591149365
257.5022591149365
257.5022591149365
257.5022591149365
257.5022591149365
257.5022591149365
257.5022591149365
257.5022591149365
257.5022591149365
257.5022591149365
257.5022591149365
257.5022591149365
257.5022591149365
257.5022591149365
257.5022591149365
257.5022591149365
257.5022591149365
257.5022591149365
257.5022591149365
257.5022591149365
257.5022591149365
257.5022591149365
257.5022591149365
257.5022591149365
257.5022591149365
257.5022591149365
257.5022591149365
257.5022591149365
257.5022591149365
257.5022591149365
257.5022591149365
257.5022591149365
257.50222387153633
257.50222387153633
257.50222387153633
257.50222387153633
257.50222387153633
257.50222387153633
257.50222387153633
257.50222387153633
257.50222387153633
257.50222387153633
257.50222387153633
257.50222387153633
257.50222387153633
257.50222387153633
257.50222387153633
257.50222387153633
257.50222387153633
257.50218862813614
257.50218862813614
257.50218862813614
257.50218862813614
257.50218862813614
257.50218862813614
257.50218862813614
257.50218862813614
257.50215338473595
257.50215338473595
257.50215338473595
257.50215338473595
257.50215338473595
257.5021181413358
257.5021181413358
257.5021181413358
257.5021181413358
257.5020828979356
257.5020828979356
257.5020828979356
257.50204765453543
257.50204765453543
257.50201241113524
257.50201241113524
257.50201241113524
257.25185475664676
257.25185475664676
257.25185475664676
257.25185475664676
257.25185475664676
257.25185475664676
257.25185475664676
257.25185475664676
257.25185475664676
257.25185475664676
257.25185475664676
257.25185475664676
257.25185475664676
257.25185475664676
257.25185475664676
257.25185475664676
257.25185475664676
257.25185475664676
257.25185475664676
257.25185475664676
257.25185475664676
257.25185475664676
257.25185475664676
257.25185475664676
257.25185475664676
257.25185475664676
257.25185475664676
257.25185475664676
257.25185475664676
257.25185475664676
257.25185475664676
257.25185475664676
257.25185475664676
257.25185475664676
257.25185475664676
257.25185475664676
257.25185475664676
257.25185475664676
257.25185475664676
257.25185475664676
257.25185475664676
257.25185475664676
257.25185475664676
257.25185475664676
257.25185475664676
257.25185475664676
257.2518185048274
257.2518185048274
257.2518185048274
257.2518185048274
257.2518185048274
257.2518185048274
257.2518185048274
257.2518185048274
257.2518185048274
257.2518185048274
257.2518185048274
257.2518185048274
257.25178225300795
257.25178225300795
257.25178225300795
257.25178225300795
257.25178225300795
257.25178225300795
257.25178225300795
257.25174600118856
257.25174600118856
257.25174600118856
257.25174600118856
257.2517097493691
257.2517097493691
257.2517097493691
257.2517097493691
257.25167349754975
257.25167349754975
257.25167349754975
257.2516372457303
257.2516372457303
257.2516009939109
257.2516009939109
257.2515647420915
257.2515647420915
257.2515284902721
257.2515284902721
257.25149223845267
256.99559064524965
256.99559064524965
256.99559064524965
256.99559064524965
256.99559064524965
256.99559064524965
256.99559064524965
256.99559064524965
256.99559064524965
256.99559064524965
256.99559064524965
256.99559064524965
256.99559064524965
256.99559064524965
256.99559064524965
256.99559064524965
256.99559064524965
256.99559064524965
256.99559064524965
256.99559064524965
256.99559064524965
256.99559064524965
256.99559064524965
256.99559064524965
256.99559064524965
256.99559064524965
256.99559064524965
256.99559064524965
256.99559064524965
256.99559064524965
256.99559064524965
256.99559064524965
256.99559064524965
256.99559064524965
256.99559064524965
256.99559064524965
256.99559064524965
256.9955533843957
256.9955533843957
256.9955533843957
256.9955533843957
256.9955533843957
256.9955533843957
256.9955533843957
256.9955533843957
256.9955533843957
256.9955533843957
256.9955533843957
256.9955533843957
256.9955533843957
256.9955533843957
256.9955533843957
256.9955533843957
256.9955161235418
256.9955161235418
256.9955161235418
256.9955161235418
256.9955161235418
256.9955161235418
256.9955161235418
256.99547886268783
256.99547886268783
256.99547886268783
256.99547886268783
256.99547886268783
256.9954416018339
256.9954416018339
256.9954416018339
256.9954416018339
256.99540434098
256.99540434098
256.995367080126
256.995367080126
256.995367080126
256.9953298192721
256.9953298192721
256.99529255841816
256.99529255841816
256.9952552975642
256.9952552975642
256.9952180367103
256.99518077585634
256.9951435150024
256.9951435150024
256.9951062541485
256.7334977986529
256.7334977986529
256.7334977986529
256.7334977986529
256.7334977986529
256.7334977986529
256.7334977986529
256.7334977986529
256.7334977986529
256.7334977986529
256.7334977986529
256.7334977986529
256.7334977986529
256.7334977986529
256.7334977986529
256.7334977986529
256.7334977986529
256.7334977986529
256.7334977986529
256.7334977986529
256.7334977986529
256.7334977986529
256.7334977986529
256.7334977986529
256.7334977986529
256.7334977986529
256.7334977986529
256.7334977986529
256.7334977986529
256.7334977986529
256.7334977986529
256.7334977986529
256.7334977986529
256.7334977986529
256.7334977986529
256.7334977986529
256.7334977986529
256.73345951218494
256.73345951218494
256.73345951218494
256.73345951218494
256.73345951218494
256.73345951218494
256.73345951218494
256.73345951218494
256.73345951218494
256.73345951218494
256.73345951218494
256.73345951218494
256.73345951218494
256.73345951218494
256.733421225717
256.733421225717
256.733421225717
256.733421225717
256.733421225717
256.733421225717
256.733421225717
256.7333829392491
256.7333829392491
256.7333829392491
256.7333829392491
256.73334465278117
256.73334465278117
256.73334465278117
256.73334465278117
256.73330636631323
256.73330636631323
256.73330636631323
256.7332680798453
256.7332680798453
256.7332297933774
256.7332297933774
256.73319150690946
256.73319150690946
256.7331532204415
256.7331532204415
256.7331149339736
256.73307664750564
256.73307664750564
256.73303836103776
256.7330000745698
256.7329617881019
256.73292350163393
256.732885215166
256.46553080961974
256.46553080961974
256.46553080961974
256.46553080961974
256.46553080961974
256.46553080961974
256.46553080961974
256.46553080961974
256.46553080961974
256.46553080961974
256.46553080961974
256.46553080961974
256.46553080961974
256.46553080961974
256.46553080961974
256.46553080961974
256.46553080961974
256.46553080961974
256.46553080961974
256.46553080961974
256.46553080961974
256.46553080961974
256.46553080961974
256.46553080961974
256.46553080961974
256.46553080961974
256.46553080961974
256.46553080961974
256.46553080961974
256.46553080961974
256.46553080961974
256.46553080961974
256.46553080961974
256.46553080961974
256.46553080961974
256.46553080961974
256.46553080961974
256.46553080961974
256.4654914958112
256.4654914958112
256.4654914958112
256.4654914958112
256.4654914958112
256.4654914958112
256.4654914958112
256.4654914958112
256.4654914958112
256.4654914958112
256.4654914958112
256.4654914958112
256.46545218200265
256.46545218200265
256.46545218200265
256.46545218200265
256.46545218200265
256.46545218200265
256.4654128681941
256.4654128681941
256.4654128681941
256.4654128681941
256.4654128681941
256.46537355438556
256.46537355438556
256.46537355438556
256.465334240577
256.465334240577
256.465334240577
256.4652949267685
256.4652949267685
256.46525561295994
256.46525561295994
256.4652162991514
256.4652162991514
256.46517698534285
256.46517698534285
256.4651376715343
256.46509835772576
256.4650590439172
256.4650590439172
256.4650197301087
256.46498041630014
256.4649411024916
256.46490178868305
256.4648624748745
256.46478384725737
256.19174944691673
256.19174944691673
256.19174944691673
256.19174944691673
256.19174944691673
256.19174944691673
256.19174944691673
256.19174944691673
256.19174944691673
256.19174944691673
256.19174944691673
256.19174944691673
256.19174944691673
256.19174944691673
256.19174944691673
256.19174944691673
256.19174944691673
256.19174944691673
256.19174944691673
256.19174944691673
256.19174944691673
256.19174944691673
256.19174944691673
256.19174944691673
256.19174944691673
256.19174944691673
256.19174944691673
256.19174944691673
256.19174944691673
256.19174944691673
256.19174944691673
256.19174944691673
256.19174944691673
256.19174944691673
256.19174944691673
256.19174944691673
256.19174944691673
256.19174944691673
256.19174944691673
256.1917090636039
256.1917090636039
256.1917090636039
256.1917090636039
256.1917090636039
256.1917090636039
256.1917090636039
256.1917090636039
256.1917090636039
256.1917090636039
256.1916686802911
256.1916686802911
256.1916686802911
256.1916686802911
256.1916686802911
256.1916686802911
256.1916282969783
256.1916282969783
256.1916282969783
256.1916282969783
256.1915879136655
256.1915879136655
256.1915879136655
256.1915879136655
256.1915475303527
256.1915475303527
256.1915071470399
256.1915071470399
256.1915071470399
256.1914667637271
256.1914667637271
256.19142638041427
256.19138599710146
256.19138599710146
256.19134561378866
256.19130523047585
256.19130523047585
256.19126484716304
256.19122446385023
256.1911840805374
256.1911436972246
256.1911033139118
256.191062930599
256.1909821639734
256.1909417806606
256.1909013973478
255.9119334724694
255.9119334724694
255.9119334724694
255.9119334724694
255.9119334724694
255.9119334724694
255.9119334724694
255.9119334724694
255.9119334724694
255.9119334724694
255.9119334724694
255.9119334724694
255.9119334724694
255.9119334724694
255.9119334724694
255.9119334724694
255.9119334724694
255.9119334724694
255.9119334724694
255.9119334724694
255.9119334724694
255.9119334724694
255.9119334724694
255.9119334724694
255.9119334724694
255.9119334724694
255.9119334724694
255.9119334724694
255.9119334724694
255.9119334724694
255.9119334724694
255.9119334724694
255.9119334724694
255.9119334724694
255.9119334724694
255.91189203488779
255.91189203488779
255.91189203488779
255.91189203488779
255.91189203488779
255.91189203488779
255.91189203488779
255.91189203488779
255.91189203488779
255.91189203488779
255.91189203488779
255.91185059730614
255.91185059730614
255.91185059730614
255.91185059730614
255.91185059730614
255.91185059730614
255.91185059730614
255.9118091597245
255.9118091597245
255.9118091597245
255.9118091597245
255.91176772214288
255.91176772214288
255.91176772214288
255.91172628456124
255.91172628456124
255.91172628456124
255.91168484697963
255.91168484697963
255.91168484697963
255.91164340939798
255.91164340939798
255.91160197181637
255.91156053423472
255.91156053423472
255.9115190966531
255.91147765907147
255.91147765907147
255.91143622148985
255.9113947839082
255.9113533463266
255.91131190874495
255.91127047116333
255.9112290335817
255.91118759600008
255.91110472083682
255.91106328325517
255.91102184567353
255.91093897051027
255.62626278471305
255.62626278471305
255.62626278471305
255.62626278471305
255.62626278471305
255.62626278471305
255.62626278471305
255.62626278471305
255.62626278471305
255.62626278471305
255.62626278471305
255.62626278471305
255.62626278471305
255.62626278471305
255.62626278471305
255.62626278471305
255.62626278471305
255.62626278471305
255.6262202731811
255.6262202731811
255.6262202731811
255.6262202731811
255.6262202731811
255.6262202731811
255.6262202731811
255.6262202731811
255.6262202731811
255.6262202731811
255.6262202731811
255.6262202731811
255.6262202731811
255.6262202731811
255.6262202731811
255.6262202731811
255.6262202731811
255.6262202731811
255.6262202731811
255.6262202731811
255.6262202731811
255.6261777616492
255.6261777616492
255.6261777616492
255.6261777616492
255.6261777616492
255.6261777616492
255.6261777616492
255.6261777616492
255.6261777616492
255.62613525011727
255.62613525011727
255.62613525011727
255.62613525011727
255.62613525011727
255.62609273858533
255.62609273858533
255.62609273858533
255.62609273858533
255.6260502270534
255.6260502270534
255.6260502270534
255.62600771552147
255.62600771552147
255.62600771552147
255.62596520398955
255.62596520398955
255.6259226924576
255.6259226924576
255.6258801809257
255.6258801809257
255.62583766939375
255.62579515786183
255.62579515786183
255.6257526463299
255.62571013479797
255.62566762326603
255.6256251117341
255.62558260020216
255.62554008867025
255.62549757713833
255.6254550656064
255.62537004254253
255.6253275310106
255.62524250794675
255.6251999964148
255.62511497335095
255.33463367567742
255.33463367567742
255.33463367567742
255.33459008052586
255.33459008052586
255.33459008052586
255.33459008052586
255.33459008052586
255.33459008052586
255.33459008052586
255.33459008052586
255.33459008052586
255.33459008052586
255.33459008052586
255.33459008052586
255.33459008052586
255.33459008052586
255.33459008052586
255.33459008052586
255.33459008052586
255.33459008052586
255.33459008052586
255.33459008052586
255.33459008052586
255.33459008052586
255.33459008052586
255.33459008052586
255.33459008052586
255.33459008052586
255.33459008052586
255.33459008052586
255.33459008052586
255.33459008052586
255.33459008052586
255.33459008052586
255.33459008052586
255.3345464853743
255.3345464853743
255.3345464853743
255.3345464853743
255.3345464853743
255.3345464853743
255.3345464853743
255.3345464853743
255.3345464853743
255.33450289022272
255.33450289022272
255.33450289022272
255.33450289022272
255.33450289022272
255.33450289022272
255.33445929507116
255.33445929507116
255.33445929507116
255.33445929507116
255.3344156999196
255.3344156999196
255.3344156999196
255.33437210476802
255.33437210476802
255.33437210476802
255.33432850961645
255.33432850961645
255.3342849144649
255.3342849144649
255.33424131931332
255.33424131931332
255.33419772416175
255.33419772416175
255.33415412901022
255.33411053385865
255.33406693870708
255.33402334355551
255.33402334355551
255.33397974840395
255.33393615325238
255.33384896294925
255.33380536779768
255.3337617726461
255.33371817749455
255.3336309871914
255.33358739203985
255.3335002017367
255.33341301143358
255.33332582113044
255.03705317109004
255.03705317109004
255.03705317109004
255.03705317109004
255.03700848473645
255.03700848473645
255.03700848473645
255.03700848473645
255.03700848473645
255.03700848473645
255.03700848473645
255.03700848473645
255.03700848473645
255.03700848473645
255.03700848473645
255.03700848473645
255.03700848473645
255.03700848473645
255.03700848473645
255.03700848473645
255.03700848473645
255.03700848473645
255.03700848473645
255.03700848473645
255.03700848473645
255.03700848473645
255.03700848473645
255.03700848473645
255.03700848473645
255.03700848473645
255.03700848473645
255.03700848473645
255.03700848473645
255.03700848473645
255.03700848473645
255.03696379838286
255.03696379838286
255.03696379838286
255.03696379838286
255.03696379838286
255.03696379838286
255.03696379838286
255.03696379838286
255.03696379838286
255.03691911202927
255.03691911202927
255.03691911202927
255.03691911202927
255.03691911202927
255.03691911202927
255.03687442567568
255.03687442567568
255.03687442567568
255.03687442567568
255.0368297393221
255.0368297393221
255.0368297393221
255.03678505296847
255.03678505296847
255.03678505296847
255.03674036661488
255.03674036661488
255.0366956802613
255.0366956802613
255.0366509939077
255.0366509939077
255.0366063075541
255.03656162120052
255.03656162120052
255.03651693484693
255.03647224849334
255.03642756213975
255.03638287578616
255.03633818943257
255.03629350307898
255.03624881672536
255.03620413037177
255.03615944401818
255.036070071311
255.0360253849574
255.03593601225023
255.03589132589664
255.03580195318946
255.03571258048228
255.03562320777507
254.73354345749135
254.73354345749135
254.73354345749135
254.73354345749135
254.73354345749135
254.73354345749135
254.73354345749135
254.73349766387773
254.73349766387773
254.73349766387773
254.73349766387773
254.73349766387773
254.73349766387773
254.73349766387773
254.73349766387773
254.73349766387773
254.73349766387773
254.73349766387773
254.73349766387773
254.73349766387773
254.73349766387773
254.73349766387773
254.73349766387773
254.73349766387773
254.73349766387773
254.73349766387773
254.73349766387773
254.73349766387773
254.73349766387773
254.73349766387773
254.73349766387773
254.73349766387773
254.73349766387773
254.73349766387773
254.73349766387773
254.73345187026413
254.73345187026413
254.73345187026413
254.73345187026413
254.73345187026413
254.73345187026413
254.73345187026413
254.73345187026413
254.73345187026413
254.7334060766505
254.7334060766505
254.7334060766505
254.7334060766505
254.7334060766505
254.7333602830369
254.7333602830369
254.7333602830369
254.7333602830369
254.73331448942326
254.73331448942326
254.73331448942326
254.73326869580967
254.73326869580967
254.73326869580967
254.73322290219605
254.73322290219605
254.73317710858242
254.73317710858242
254.73313131496883
254.73313131496883
254.7330855213552
254.7330855213552
254.73303972774158
254.732993934128
254.73294814051437
254.73290234690074
254.73285655328715
254.73281075967353
254.7327649660599
254.73271917244628
254.7326733788327
254.73262758521906
254.73253599799185
254.73249020437822
254.732398617151
254.73235282353738
254.73226123631017
254.73216964908292
254.7320780618557
254.73198647462846
254.4240244230729
254.4240244230729
254.4240244230729
254.4240244230729
254.4240244230729
254.4240244230729
254.4240244230729
254.4240244230729
254.4240244230729
254.4240244230729
254.4240244230729
254.4240244230729
254.4240244230729
254.4240244230729
254.4240244230729
254.4240244230729
254.4240244230729
254.4240244230729
254.4240244230729
254.4240244230729
254.4240244230729
254.4240244230729
254.4240244230729
254.4240244230729
254.4240244230729
254.4240244230729
254.4240244230729
254.4240244230729
254.4240244230729
254.4240244230729
254.4240244230729
254.4240244230729
254.42397752262463
254.42397752262463
254.42397752262463
254.42397752262463
254.42397752262463
254.42397752262463
254.42397752262463
254.42397752262463
254.42397752262463
254.42397752262463
254.42393062217636
254.42393062217636
254.42393062217636
254.42393062217636
254.42393062217636
254.42393062217636
254.42388372172812
254.42388372172812
254.42388372172812
254.42388372172812
254.42383682127985
254.42383682127985
254.42383682127985
254.42378992083158
254.42378992083158
254.42378992083158
254.4237430203833
254.4237430203833
254.42369611993504
254.42369611993504
254.4236492194868
254.4236492194868
254.42360231903854
254.42355541859027
254.42355541859027
254.423508518142
254.42346161769373
254.4234147172455
254.42336781679722
254.42332091634896
254.4232740159007
254.42322711545242
254.42318021500415
254.4231333145559
254.42303951365938
254.4229926132111
254.4228988123146
254.42285191186633
254.4227581109698
254.4226643100733
254.42257050917675
254.42247670828021
254.42233600693544
254.1086658089548
254.1086658089548
254.1086658089548
254.1086658089548
254.1086658089548
254.1086658089548
254.1086658089548
254.1086658089548
254.1086658089548
254.1086658089548
254.1086658089548
254.1086658089548
254.1086658089548
254.1086658089548
254.1086658089548
254.1086658089548
254.1086658089548
254.1086658089548
254.1086658089548
254.1086658089548
254.1086658089548
254.1086658089548
254.1086658089548
254.1086658089548
254.1086177780669
254.1086177780669
254.1086177780669
254.1086177780669
254.1086177780669
254.1086177780669
254.1086177780669
254.1086177780669
254.1086177780669
254.1086177780669
254.1086177780669
254.1086177780669
254.1086177780669
254.1086177780669
254.108569747179
254.108569747179
254.108569747179
254.108569747179
254.108569747179
254.108569747179
254.108569747179
254.10852171629108
254.10852171629108
254.10852171629108
254.10852171629108
254.10852171629108
254.1084736854032
254.1084736854032
254.1084736854032
254.1084256545153
254.1084256545153
254.1084256545153
254.10837762362738
254.10837762362738
254.10832959273947
254.10832959273947
254.10832959273947
254.10828156185156
254.10823353096364
254.10823353096364
254.10818550007573
254.10813746918785
254.10813746918785
254.10808943829994
254.10804140741203
254.10799337652412
254.1079453456362
254.1078973147483
254.1078492838604
254.10780125297248
254.1077532220846
254.10765716030878
254.10760912942087
254.10751306764504
254.10746503675713
254.10736897498134
254.10727291320552
254.1071768514297
254.10708078965388
254.10693669699018
254.10684063521435
253.78729113797144
253.78729113797144
253.78729113797144
253.78729113797144
253.78729113797144
253.78729113797144
253.78729113797144
253.78729113797144
253.78729113797144
253.78729113797144
253.78729113797144
253.78729113797144
253.78729113797144
253.78729113797144
253.78729113797144
253.78729113797144
253.78729113797144
253.78729113797144
253.78729113797144
253.78729113797144
253.78729113797144
253.78729113797144
253.78729113797144
253.78729113797144
253.78724199695273
253.78724199695273
253.78724199695273
253.78724199695273
253.78724199695273
253.78724199695273
253.78724199695273
253.78724199695273
253.78724199695273
253.78724199695273
253.78724199695273
253.78724199695273
253.78724199695273
253.78719285593402
253.78719285593402
253.78719285593402
253.78719285593402
253.78719285593402
253.78719285593402
253.78719285593402
253.78714371491532
253.78714371491532
253.78714371491532
253.78714371491532
253.78714371491532
253.7870945738966
253.7870945738966
253.7870945738966
253.7870945738966
253.78704543287793
253.78704543287793
253.78699629185923
253.78699629185923
253.78699629185923
253.78694715084052
253.78694715084052
253.7868980098218
253.7868980098218
253.7868488688031
253.7867997277844
253.7867997277844
253.7867505867657
253.78670144574698
253.78665230472828
253.78665230472828
253.78660316370957
253.7865540226909
253.78645574065348
253.78640659963477
253.78635745861607
253.78630831759736
253.78621003555995
253.78616089454124
253.78606261250383
253.78596433046644
253.78591518944773
253.78581690741032
253.7856694843542
253.7855712023168
253.7854729202794
253.78532549722328
253.46011023544105
253.46011023544105
253.46011023544105
253.46011023544105
253.46011023544105
253.46011023544105
253.46011023544105
253.46011023544105
253.46011023544105
253.46011023544105
253.46011023544105
253.46011023544105
253.46011023544105
253.46011023544105
253.46011023544105
253.46011023544105
253.46011023544105
253.46011023544105
253.46011023544105
253.46011023544105
253.46011023544105
253.46011023544105
253.46011023544105
253.46011023544105
253.46011023544105
253.46011023544105
253.46011023544105
253.46011023544105
253.46011023544105
253.46011023544105
253.46005994156147
253.46005994156147
253.46005994156147
253.46005994156147
253.46005994156147
253.46005994156147
253.46005994156147
253.46005994156147
253.46005994156147
253.46005994156147
253.4600096476819
253.4600096476819
253.4600096476819
253.4600096476819
253.4600096476819
253.4600096476819
253.4599593538023
253.4599593538023
253.4599593538023
253.4599593538023
253.45990905992275
253.45990905992275
253.45990905992275
253.45985876604317
253.45985876604317
253.45985876604317
253.4598084721636
253.4598084721636
253.459758178284
253.459758178284
253.45970788440442
253.45970788440442
253.45965759052484
253.45960729664526
253.45960729664526
253.4595570027657
253.45950670888612
253.45945641500654
253.45940612112696
253.45935582724738
253.4593055333678
253.45925523948821
253.45920494560866
253.45915465172908
253.45905406396992
253.45900377009033
253.45890318233117
253.45880259457203
253.45875230069245
253.4586517129333
253.45855112517413
253.4584002435354
253.45829965577624
253.45819906801708
253.45804818637836
253.12696357711712
253.12696357711712
253.12696357711712
253.12696357711712
253.12696357711712
253.12696357711712
253.12696357711712
253.12696357711712
253.12696357711712
253.12696357711712
253.12696357711712
253.12696357711712
253.12696357711712
253.12696357711712
253.12696357711712
253.12696357711712
253.12696357711712
253.12696357711712
253.12696357711712
253.12696357711712
253.12696357711712
253.12691212982585
253.12691212982585
253.12691212982585
253.12691212982585
253.12691212982585
253.12691212982585
253.12691212982585
253.12691212982585
253.12691212982585
253.12691212982585
253.12691212982585
253.12691212982585
253.12691212982585
253.12691212982585
253.12691212982585
253.12686068253458
253.12686068253458
253.12686068253458
253.12686068253458
253.12686068253458
253.12686068253458
253.12686068253458
253.12680923524331
253.12680923524331
253.12680923524331
253.12680923524331
253.12680923524331
253.12675778795204
253.12675778795204
253.12675778795204
253.12670634066077
253.12670634066077
253.12670634066077
253.1266548933695
253.1266548933695
253.1266548933695
253.12660344607826
253.12660344607826
253.126551998787
253.12650055149572
253.12650055149572
253.12644910420445
253.12644910420445
253.12639765691318
253.12634620962191
253.12629476233064
253.12624331503937
253.1261918677481
253.12614042045684
253.12608897316557
253.1260375258743
253.12598607858303
253.1258831840005
253.12583173670924
253.1257288421267
253.12567739483544
253.1255745002529
253.12547160567036
253.12536871108782
253.12526581650528
253.12516292192274
253.12500858004896
253.12490568546642
253.1247513435926
252.78782303307923
252.78782303307923
252.78782303307923
252.78782303307923
252.78782303307923
252.78782303307923
252.78782303307923
252.78782303307923
252.78782303307923
252.78782303307923
252.78782303307923
252.78782303307923
252.78782303307923
252.78782303307923
252.78782303307923
252.78782303307923
252.78782303307923
252.78782303307923
252.78782303307923
252.78782303307923
252.78782303307923
252.78782303307923
252.78782303307923
252.78782303307923
252.78782303307923
252.78782303307923
252.78782303307923
252.78782303307923
252.78782303307923
252.78782303307923
252.78777044762484
252.78777044762484
252.78777044762484
252.78777044762484
252.78777044762484
252.78777044762484
252.78777044762484
252.78777044762484
252.78777044762484
252.78771786217047
252.78771786217047
252.78771786217047
252.78771786217047
252.78771786217047
252.78771786217047
252.78766527671607
252.78766527671607
252.78766527671607
252.78766527671607
252.7876126912617
252.7876126912617
252.7876126912617
252.7875601058073
252.7875601058073
252.7875601058073
252.7875075203529
252.7875075203529
252.78745493489853
252.78745493489853
252.78740234944414
252.78740234944414
252.78734976398977
252.78729717853537
252.78729717853537
252.787244593081
252.7871920076266
252.78713942217223
252.78708683671783
252.78703425126344
252.78698166580907
252.78692908035467
252.7868764949003
252.7868239094459
252.78671873853713
252.78666615308273
252.78656098217397
252.7864558112652
252.78640322581083
252.78629805490203
252.78619288399327
252.7860351276301
252.78592995672133
252.7857722003582
252.78566702944943
252.78550927308626
252.44296762321727
252.44296762321727
252.44296762321727
252.44296762321727
252.44296762321727
252.44296762321727
252.44296762321727
252.44296762321727
252.44296762321727
252.44296762321727
252.44296762321727
252.44296762321727
252.44296762321727
252.44296762321727
252.44296762321727
252.44296762321727
252.44296762321727
252.44291388438313
252.44291388438313
252.44291388438313
252.44291388438313
252.44291388438313
252.44291388438313
252.44291388438313
252.44291388438313
252.44291388438313
252.44291388438313
252.44291388438313
252.44291388438313
252.44291388438313
252.44291388438313
252.44291388438313
252.44291388438313
252.442860145549
252.442860145549
252.442860145549
252.442860145549
252.442860145549
252.442860145549
252.442860145549
252.442860145549
252.44280640671485
252.44280640671485
252.44280640671485
252.44280640671485
252.44280640671485
252.4427526678807
252.4427526678807
252.4427526678807
252.4427526678807
252.44269892904657
252.44269892904657
252.44269892904657
252.44264519021243
252.44264519021243
252.4425914513783
252.4425914513783
252.44253771254412
252.44253771254412
252.44248397370998
252.44248397370998
252.44243023487584
252.4423764960417
252.4423764960417
252.44232275720756
252.44226901837342
252.44221527953928
252.44216154070514
252.442107801871
252.44205406303686
252.44200032420272
252.44194658536858
252.4418391077003
252.44178536886616
252.44167789119786
252.44162415236372
252.44151667469544
252.44140919702716
252.44130171935888
252.4411942416906
252.44108676402232
252.44092554751987
252.4408180698516
252.44065685334917
252.44049563684675
252.0922679916074
252.0922679916074
252.0922679916074
252.0922679916074
252.0922679916074
252.0922679916074
252.0922679916074
252.0922679916074
252.0922679916074
252.0922679916074
252.0922679916074
252.0922679916074
252.0922679916074
252.0922679916074
252.0922679916074
252.0922679916074
252.0922679916074
252.09221309144976
252.09221309144976
252.09221309144976
252.09221309144976
252.09221309144976
252.09221309144976
252.09221309144976
252.09221309144976
252.09221309144976
252.09221309144976
252.09221309144976
252.09221309144976
252.09221309144976
252.09221309144976
252.09221309144976
252.09221309144976
252.0921581912921
252.0921581912921
252.0921581912921
252.0921581912921
252.0921581912921
252.0921581912921
252.0921581912921
252.0921581912921
252.09210329113446
252.09210329113446
252.09210329113446
252.09210329113446
252.09210329113446
252.0920483909768
252.0920483909768
252.0920483909768
252.09199349081916
252.09199349081916
252.09199349081916
252.0919385906615
252.0919385906615
252.0919385906615
252.09188369050383
252.09188369050383
252.0918287903462
252.0918287903462
252.09177389018856
252.09177389018856
252.0917189900309
252.09166408987323
252.0916091897156
252.0916091897156
252.09155428955793
252.0914993894003
252.09144448924263
252.091389589085
252.09133468892733
252.0912797887697
252.0911699884544
252.09111508829673
252.09100528798143
252.0909503878238
252.0908405875085
252.0907307871932
252.0906209868779
252.0905111865626
252.0904013862473
252.090291585932
252.09012688545903
252.09001708514373
252.0898523846708
252.08968768419783
251.73574636782496
251.73574636782496
251.73574636782496
251.73574636782496
251.73574636782496
251.73574636782496
251.73574636782496
251.73574636782496
251.73574636782496
251.73574636782496
251.73574636782496
251.73574636782496
251.73574636782496
251.73574636782496
251.73574636782496
251.73574636782496
251.73574636782496
251.73574636782496
251.73574636782496
251.73574636782496
251.73574636782496
251.73574636782496
251.73574636782496
251.73574636782496
251.73574636782496
251.73574636782496
251.73569029194422
251.73569029194422
251.73569029194422
251.73569029194422
251.73569029194422
251.73569029194422
251.73569029194422
251.73569029194422
251.73569029194422
251.73569029194422
251.73569029194422
251.7356342160635
251.7356342160635
251.7356342160635
251.7356342160635
251.7356342160635
251.7356342160635
251.73557814018275
251.73557814018275
251.73557814018275
251.73557814018275
251.735522064302
251.735522064302
251.735522064302
251.735522064302
251.73546598842125
251.73546598842125
251.73540991254052
251.73540991254052
251.73540991254052
251.73535383665978
251.73535383665978
251.73529776077905
251.7352416848983
251.7352416848983
251.73518560901755
251.7351295331368
251.7351295331368
251.73507345725608
251.73501738137534
251.7349613054946
251.73490522961384
251.7348491537331
251.73479307785237
251.73473700197164
251.73462485021017
251.7345687743294
251.73445662256793
251.7344005466872
251.73428839492573
251.73417624316423
251.73406409140276
251.7339519396413
251.7338397878798
251.73372763611832
251.73355940847608
251.73339118083388
251.73322295319164
251.73305472554944
251.37344010236217
251.37344010236217
251.37344010236217
251.37344010236217
251.37344010236217
251.37344010236217
251.37344010236217
251.37344010236217
251.37344010236217
251.37344010236217
251.37344010236217
251.37344010236217
251.37344010236217
251.37344010236217
251.37344010236217
251.37344010236217
251.37344010236217
251.37344010236217
251.37344010236217
251.37344010236217
251.37344010236217
251.37344010236217
251.37344010236217
251.37338285608874
251.37338285608874
251.37338285608874
251.37338285608874
251.37338285608874
251.37338285608874
251.37338285608874
251.37338285608874
251.37338285608874
251.37338285608874
251.37338285608874
251.37338285608874
251.3733256098153
251.3733256098153
251.3733256098153
251.3733256098153
251.3733256098153
251.3733256098153
251.3733256098153
251.3732683635419
251.3732683635419
251.3732683635419
251.3732683635419
251.37321111726848
251.37321111726848
251.37321111726848
251.37321111726848
251.37315387099505
251.37315387099505
251.37315387099505
251.37309662472163
251.37309662472163
251.37303937844823
251.37303937844823
251.3729821321748
251.3729821321748
251.37292488590137
251.37286763962794
251.37286763962794
251.37281039335454
251.3727531470811
251.37269590080768
251.37269590080768
251.37263865453426
251.37258140826086
251.372466915714
251.37240966944057
251.37235242316714
251.37229517689374
251.3721806843469
251.37212343807346
251.37200894552663
251.37189445297977
251.37183720670635
251.37172271415952
251.37155097533926
251.3714364827924
251.37132199024555
251.3711502514253
251.37097851260503
251.37080677378478
251.3706350349645
251.00540381053403
251.00540381053403
251.00540381053403
251.00540381053403
251.00540381053403
251.00540381053403
251.00540381053403
251.00540381053403
251.00540381053403
251.00540381053403
251.00540381053403
251.00540381053403
251.00540381053403
251.00540381053403
251.00540381053403
251.00540381053403
251.00540381053403
251.00540381053403
251.00540381053403
251.00540381053403
251.00540381053403
251.00540381053403
251.0053453937837
251.0053453937837
251.0053453937837
251.0053453937837
251.0053453937837
251.0053453937837
251.0053453937837
251.0053453937837
251.0053453937837
251.0053453937837
251.0053453937837
251.0053453937837
251.0053453937837
251.00528697703336
251.00528697703336
251.00528697703336
251.00528697703336
251.00528697703336
251.00528697703336
251.005228560283
251.005228560283
251.005228560283
251.005228560283
251.005228560283
251.00517014353267
251.00517014353267
251.00517014353267
251.00511172678233
251.00511172678233
251.00511172678233
251.005053310032
251.005053310032
251.005053310032
251.00499489328163
251.00499489328163
251.0049364765313
251.0049364765313
251.00487805978096
251.0048196430306
251.0048196430306
251.00476122628027
251.00470280952993
251.0046443927796
251.00458597602923
251.0045275592789
251.00446914252856
251.0044107257782
251.00435230902787
251.00429389227753
251.00417705877683
251.0041186420265
251.00400180852583
251.00394339177546
251.0038265582748
251.00370972477413
251.00359289127343
251.00347605777273
251.00335922427206
251.00318397402103
251.00300872377
251.00289189026932
251.00265822326796
251.00248297301692
250.6317118585948
250.6317118585948
250.6317118585948
250.6317118585948
250.6317118585948
250.6317118585948
250.6317118585948
250.6317118585948
250.6317118585948
250.6317118585948
250.6317118585948
250.6317118585948
250.6317118585948
250.6317118585948
250.6317118585948
250.6317118585948
250.6317118585948
250.6317118585948
250.6317118585948
250.6317118585948
250.6317118585948
250.6316522748398
250.6316522748398
250.6316522748398
250.6316522748398
250.6316522748398
250.6316522748398
250.6316522748398
250.6316522748398
250.6316522748398
250.6316522748398
250.6316522748398
250.6316522748398
250.6316522748398
250.6315926910848
250.6315926910848
250.6315926910848
250.6315926910848
250.6315926910848
250.6315926910848
250.6315926910848
250.6315331073298
250.6315331073298
250.6315331073298
250.6315331073298
250.6315331073298
250.6314735235748
250.6314735235748
250.6314735235748
250.63141393981982
250.63141393981982
250.63141393981982
250.63135435606483
250.63135435606483
250.63129477230984
250.63129477230984
250.63123518855483
250.63123518855483
250.63117560479984
250.63117560479984
250.63111602104485
250.63105643728986
250.63105643728986
250.63099685353487
250.63093726977985
250.63087768602486
250.63081810226987
250.63075851851488
250.6306989347599
250.6306393510049
250.6305201834949
250.6304605997399
250.63040101598492
250.6302818484749
250.63016268096493
250.63010309720994
250.62998392969993
250.62986476218995
250.62968601092496
250.62956684341498
250.629447675905
250.62926892464
250.629090173375
250.62891142211004
250.62873267084504
250.25246125805108
250.25246125805108
250.25246125805108
250.25246125805108
250.25246125805108
250.25246125805108
250.25246125805108
250.25246125805108
250.25246125805108
250.25246125805108
250.25246125805108
250.25246125805108
250.25246125805108
250.25246125805108
250.25246125805108
250.25246125805108
250.2524004931249
250.2524004931249
250.2524004931249
250.2524004931249
250.2524004931249
250.2524004931249
250.2524004931249
250.2524004931249
250.2524004931249
250.2524004931249
250.2524004931249
250.2524004931249
250.2524004931249
250.2524004931249
250.2524004931249
250.2524004931249
250.2523397281987
250.2523397281987
250.2523397281987
250.2523397281987
250.2523397281987
250.2523397281987
250.2523397281987
250.2523397281987
250.25227896327252
250.25227896327252
250.25227896327252
250.25227896327252
250.25227896327252
250.25221819834633
250.25221819834633
250.25221819834633
250.25215743342017
250.25215743342017
250.25215743342017
250.25209666849398
250.25209666849398
250.25209666849398
250.2520359035678
250.2520359035678
250.2519751386416
250.2519751386416
250.2519143737154
250.25185360878922
250.25185360878922
250.25179284386303
250.25173207893684
250.25173207893684
250.25167131401065
250.2516105490845
250.2515497841583
250.2514890192321
250.25142825430592
250.25130672445354
250.25124595952735
250.25118519460116
250.25106366474878
250.25100289982262
250.25088136997024
250.25075984011787
250.2506383102655
250.2505167804131
250.25039525056076
250.25027372070838
250.2500914259298
250.24990913115124
250.2497268363727
250.24954454159413
250.24936224681556
249.86757621558547
249.86757621558547
249.86757621558547
249.86757621558547
249.86757621558547
249.86757621558547
249.86757621558547
249.86757621558547
249.86757621558547
249.86757621558547
249.86757621558547
249.86757621558547
249.86757621558547
249.86757621558547
249.86757621558547
249.86757621558547
249.86757621558547
249.86757621558547
249.86757621558547
249.86757621558547
249.86757621558547
249.86757621558547
249.86757621558547
249.86757621558547
249.86757621558547
249.86757621558547
249.86751430104607
249.86751430104607
249.86751430104607
249.86751430104607
249.86751430104607
249.86751430104607
249.86751430104607
249.86751430104607
249.86751430104607
249.86751430104607
249.86745238650667
249.86745238650667
249.86745238650667
249.86745238650667
249.86745238650667
249.86745238650667
249.86739047196727
249.86739047196727
249.86739047196727
249.86739047196727
249.86732855742787
249.86732855742787
249.86732855742787
249.86732855742787
249.86726664288844
249.86726664288844
249.86720472834907
249.86720472834907
249.86720472834907
249.86714281380964
249.86714281380964
249.86708089927023
249.86708089927023
249.86701898473083
249.86695707019143
249.86695707019143
249.86689515565203
249.86683324111263
249.86677132657323
249.86670941203383
249.86664749749443
249.866585582955
249.8665236684156
249.8664617538762
249.8663379247974
249.866276010258
249.8662140957186
249.8660902666398
249.86596643756099
249.86584260848215
249.86571877940335
249.86559495032455
249.86547112124575
249.86534729216692
249.8651615485487
249.8649758049305
249.8648519758517
249.86460431769407
249.86441857407587
249.47739078826206
249.47739078826206
249.47739078826206
249.47739078826206
249.47739078826206
249.47739078826206
249.47739078826206
249.47739078826206
249.47739078826206
249.47739078826206
249.47739078826206
249.47739078826206
249.47739078826206
249.47739078826206
249.47739078826206
249.47739078826206
249.47739078826206
249.47739078826206
249.47739078826206
249.47739078826206
249.47739078826206
249.47739078826206
249.47739078826206
249.47739078826206
249.47739078826206
249.47732767274454
249.47732767274454
249.47732767274454
249.47732767274454
249.47732767274454
249.47732767274454
249.47732767274454
249.47732767274454
249.47732767274454
249.47732767274454
249.47732767274454
249.47726455722702
249.47726455722702
249.47726455722702
249.47726455722702
249.47726455722702
249.47726455722702
249.4772014417095
249.4772014417095
249.4772014417095
249.4772014417095
249.47713832619198
249.47713832619198
249.47713832619198
249.47713832619198
249.47707521067446
249.47707521067446
249.4770120951569
249.4770120951569
249.4770120951569
249.4769489796394
249.4769489796394
249.47688586412187
249.47682274860435
249.47682274860435
249.47675963308683
249.4766965175693
249.4766965175693
249.4766334020518
249.47657028653427
249.47650717101675
249.4764440554992
249.47638093998168
249.47631782446416
249.47625470894664
249.4761284779116
249.47606536239408
249.475939131359
249.4758760158415
249.47574978480645
249.4756235537714
249.47549732273637
249.47537109170133
249.47524486066627
249.47511862963123
249.47492928307867
249.47473993652608
249.47455058997352
249.47436124342096
249.47417189686837
249.08165649339193
249.08165649339193
249.08165649339193
249.08165649339193
249.08165649339193
249.08165649339193
249.08165649339193
249.08165649339193
249.08165649339193
249.08165649339193
249.08159221167696
249.08159221167696
249.08159221167696
249.08159221167696
249.08159221167696
249.08159221167696
249.08159221167696
249.08159221167696
249.08159221167696
249.08159221167696
249.08159221167696
249.08159221167696
249.08159221167696
249.08159221167696
249.08159221167696
249.08159221167696
249.08159221167696
249.08159221167696
249.08159221167696
249.08159221167696
249.08152792996196
249.08152792996196
249.08152792996196
249.08152792996196
249.08152792996196
249.08152792996196
249.08152792996196
249.08152792996196
249.08146364824697
249.08146364824697
249.08146364824697
249.08146364824697
249.08146364824697
249.08146364824697
249.081399366532
249.081399366532
249.081399366532
249.081399366532
249.081335084817
249.081335084817
249.081335084817
249.081270803102
249.081270803102
249.08120652138703
249.08120652138703
249.08114223967203
249.08114223967203
249.08107795795706
249.08107795795706
249.08101367624207
249.08101367624207
249.08094939452707
249.0808851128121
249.0808208310971
249.08075654938213
249.08069226766713
249.08062798595213
249.08056370423716
249.08049942252217
249.0804351408072
249.0803708590922
249.08024229566223
249.08017801394723
249.08004945051727
249.07998516880227
249.0798566053723
249.07972804194233
249.07959947851236
249.0794066333674
249.07927806993743
249.07908522479246
249.0789566613625
249.07876381621753
249.07857097107257
249.07831384421263
248.68053859187455
248.68053859187455
248.68053859187455
248.68053859187455
248.68053859187455
248.68053859187455
248.68053859187455
248.68053859187455
248.68053859187455
248.68053859187455
248.68053859187455
248.68053859187455
248.68053859187455
248.68053859187455
248.68053859187455
248.68053859187455
248.68053859187455
248.68053859187455
248.68053859187455
248.68053859187455
248.68053859187455
248.68053859187455
248.68053859187455
248.68053859187455
248.6804731443935
248.6804731443935
248.6804731443935
248.6804731443935
248.6804731443935
248.6804731443935
248.6804731443935
248.6804731443935
248.6804731443935
248.6804731443935
248.6804731443935
248.68040769691243
248.68040769691243
248.68040769691243
248.68040769691243
248.68040769691243
248.68040769691243
248.68040769691243
248.68034224943136
248.68034224943136
248.68034224943136
248.68034224943136
248.68027680195033
248.68027680195033
248.68027680195033
248.68027680195033
248.68021135446926
248.68021135446926
248.6801459069882
248.6801459069882
248.6801459069882
248.68008045950714
248.68008045950714
248.68001501202608
248.679949564545
248.679949564545
248.67988411706395
248.6798186695829
248.6798186695829
248.67975322210182
248.67968777462076
248.6796223271397
248.67955687965863
248.67949143217757
248.6794259846965
248.67936053721544
248.67922964225335
248.67916419477228
248.67903329981016
248.6789678523291
248.67883695736697
248.67870606240484
248.67857516744272
248.6784442724806
248.67831337751846
248.67818248255637
248.67798614011318
248.67778979767
248.6775934552268
248.6773971127836
248.67720077034045
248.2742406294465
248.2742406294465
248.2742406294465
248.2742406294465
248.2742406294465
248.2742406294465
248.2742406294465
248.2742406294465
248.2742406294465
248.2742406294465
248.2742406294465
248.2742406294465
248.2742406294465
248.2742406294465
248.2742406294465
248.2742406294465
248.2742406294465
248.2741740254549
248.2741740254549
248.2741740254549
248.2741740254549
248.2741740254549
248.2741740254549
248.2741740254549
248.2741740254549
248.2741740254549
248.2741740254549
248.2741740254549
248.2741740254549
248.2741740254549
248.2741740254549
248.2741740254549
248.2741074214633
248.2741074214633
248.2741074214633
248.2741074214633
248.2741074214633
248.2741074214633
248.2741074214633
248.2741074214633
248.2740408174717
248.2740408174717
248.2740408174717
248.2740408174717
248.2740408174717
248.27397421348013
248.27397421348013
248.27397421348013
248.27390760948853
248.27390760948853
248.27390760948853
248.27384100549693
248.27384100549693
248.27384100549693
248.27377440150534
248.27377440150534
248.27370779751374
248.27370779751374
248.27364119352214
248.27357458953054
248.27357458953054
248.27350798553894
248.27344138154737
248.27344138154737
248.27337477755577
248.27330817356417
248.27324156957258
248.27317496558098
248.27310836158938
248.2729751536062
248.2729085496146
248.27284194562301
248.27270873763982
248.27264213364822
248.27250892566502
248.27237571768185
248.27224250969866
248.27210930171546
248.2719760937323
248.2717762817575
248.2716430737743
248.27144326179953
248.27124344982474
248.27104363784994
248.27084382587518
247.86276116937452
247.86276116937452
247.86276116937452
247.86276116937452
247.86276116937452
247.86276116937452
247.86276116937452
247.86276116937452
247.86276116937452
247.86276116937452
247.86276116937452
247.86276116937452
247.86276116937452
247.86276116937452
247.86276116937452
247.86276116937452
247.86276116937452
247.86276116937452
247.86276116937452
247.86276116937452
247.86276116937452
247.86276116937452
247.86276116937452
247.86276116937452
247.86276116937452
247.86276116937452
247.86276116937452
247.86269337577303
247.86269337577303
247.86269337577303
247.86269337577303
247.86269337577303
247.86269337577303
247.86269337577303
247.86269337577303
247.86269337577303
247.86269337577303
247.86262558217152
247.86262558217152
247.86262558217152
247.86262558217152
247.86262558217152
247.86262558217152
247.86255778857003
247.86255778857003
247.86255778857003
247.86255778857003
247.8624899949685
247.8624899949685
247.8624899949685
247.86242220136702
247.86242220136702
247.86242220136702
247.8623544077655
247.8623544077655
247.86228661416402
247.86228661416402
247.86221882056253
247.86221882056253
247.86215102696102
247.86208323335953
247.86208323335953
247.862015439758
247.86194764615652
247.86187985255503
247.86181205895352
247.86174426535203
247.86167647175054
247.86160867814903
247.86154088454754
247.86147309094602
247.86133750374304
247.86126971014153
247.86113412293852
247.86106632933704
247.86093074213403
247.86079515493103
247.86065956772805
247.86052398052504
247.86032059972055
247.86018501251755
247.85998163171305
247.85977825090853
247.85957487010404
247.85937148929955
247.44610169455925
247.44610169455925
247.44610169455925
247.44610169455925
247.44610169455925
247.44610169455925
247.44610169455925
247.44610169455925
247.44610169455925
247.44610169455925
247.44603272220755
247.44603272220755
247.44603272220755
247.44603272220755
247.44603272220755
247.44603272220755
247.44603272220755
247.44603272220755
247.44603272220755
247.44603272220755
247.44603272220755
247.44603272220755
247.44603272220755
247.44603272220755
247.44603272220755
247.44603272220755
247.44603272220755
247.44603272220755
247.44603272220755
247.44603272220755
247.44603272220755
247.44596374985588
247.44596374985588
247.44596374985588
247.44596374985588
247.44596374985588
247.44596374985588
247.44596374985588
247.44596374985588
247.44589477750418
247.44589477750418
247.44589477750418
247.44589477750418
247.44589477750418
247.44582580515248
247.44582580515248
247.44582580515248
247.44582580515248
247.4457568328008
247.4457568328008
247.4457568328008
247.4456878604491
247.4456878604491
247.4456878604491
247.4456188880974
247.4456188880974
247.44554991574572
247.44554991574572
247.44548094339405
247.44541197104235
247.44541197104235
247.44534299869065
247.44527402633898
247.44527402633898
247.44520505398728
247.44513608163558
247.44506710928388
247.4449981369322
247.44492916458051
247.44479121987712
247.44472224752545
247.44465327517375
247.44451533047038
247.44444635811868
247.44430841341529
247.44417046871192
247.44403252400855
247.44389457930515
247.44375663460178
247.4436186898984
247.44341177284332
247.44327382813995
247.44306691108488
247.44285999402982
247.44265307697472
247.0242667916211
247.0242667916211
247.0242667916211
247.0241967255475
247.0241967255475
247.0241967255475
247.0241967255475
247.0241967255475
247.0241967255475
247.0241967255475
247.0241967255475
247.0241967255475
247.0241967255475
247.0241967255475
247.0241967255475
247.0241967255475
247.0241967255475
247.0241967255475
247.0241967255475
247.0241967255475
247.0241967255475
247.0241967255475
247.0241967255475
247.0241967255475
247.0241967255475
247.0241967255475
247.0241967255475
247.0241967255475
247.0241967255475
247.0241266594739
247.0241266594739
247.0241266594739
247.0241266594739
247.0241266594739
247.0241266594739
247.0241266594739
247.0241266594739
247.0241266594739
247.0240565934003
247.0240565934003
247.0240565934003
247.0240565934003
247.0240565934003
247.0240565934003
247.02398652732668
247.02398652732668
247.02398652732668
247.02398652732668
247.0239164612531
247.0239164612531
247.0239164612531
247.02384639517948
247.02384639517948
247.02384639517948
247.02377632910586
247.02377632910586
247.02370626303227
247.02370626303227
247.02363619695868
247.02356613088506
247.02356613088506
247.02349606481144
247.02342599873785
247.02342599873785
247.02335593266423
247.02328586659064
247.02321580051702
247.02314573444343
247.0230756683698
247.02300560229622
247.02286547014901
247.0227954040754
247.0227253380018
247.0225852058546
247.0224450737074
247.02237500763377
247.02223487548656
247.02209474333935
247.02195461119214
247.02174441297134
247.0216042808241
247.0213940826033
247.02118388438248
247.02097368616168
247.02076348794085
246.59784466766206
246.59784466766206
246.59784466766206
246.59784466766206
246.59784466766206
246.59784466766206
246.59784466766206
246.59784466766206
246.59784466766206
246.59784466766206
246.59784466766206
246.59784466766206
246.59784466766206
246.59784466766206
246.59784466766206
246.59784466766206
246.59784466766206
246.59777341344292
246.59777341344292
246.59777341344292
246.59777341344292
246.59777341344292
246.59777341344292
246.59777341344292
246.59777341344292
246.59777341344292
246.59777341344292
246.59777341344292
246.59777341344292
246.59777341344292
246.59777341344292
246.59777341344292
246.59777341344292
246.59770215922376
246.59770215922376
246.59770215922376
246.59770215922376
246.59770215922376
246.59770215922376
246.59770215922376
246.59763090500465
246.59763090500465
246.59763090500465
246.59763090500465
246.59763090500465
246.59755965078548
246.59755965078548
246.59755965078548
246.59755965078548
246.59748839656635
246.59748839656635
246.59748839656635
246.5974171423472
246.5974171423472
246.5974171423472
246.59734588812807
246.59734588812807
246.59727463390894
246.59727463390894
246.59720337968977
246.59713212547064
246.59713212547064
246.5970608712515
246.59698961703236
246.5969183628132
246.59684710859406
246.59677585437493
246.5967046001558
246.59663334593665
246.5965620917175
246.59649083749838
246.59641958327921
246.59627707484094
246.5962058206218
246.5960633121835
246.59592080374523
246.59577829530696
246.59563578686866
246.59549327843038
246.5953507699921
246.5952082615538
246.5949944988964
246.59478073623896
246.59456697358155
246.5943532109241
246.16632911653926
246.16632911653926
246.16632911653926
246.16632911653926
246.16632911653926
246.16632911653926
246.16632911653926
246.16632911653926
246.16632911653926
246.16632911653926
246.16632911653926
246.16632911653926
246.16632911653926
246.16632911653926
246.16632911653926
246.16632911653926
246.16632911653926
246.16632911653926
246.16632911653926
246.16632911653926
246.16632911653926
246.16632911653926
246.16632911653926
246.16632911653926
246.16632911653926
246.16632911653926
246.16632911653926
246.16632911653926
246.16632911653926
246.16625676134052
246.16625676134052
246.16625676134052
246.16625676134052
246.16625676134052
246.16625676134052
246.16625676134052
246.16625676134052
246.16625676134052
246.16618440614175
246.16618440614175
246.16618440614175
246.16618440614175
246.16618440614175
246.16618440614175
246.16611205094298
246.16611205094298
246.16611205094298
246.16611205094298
246.16603969574422
246.16603969574422
246.16603969574422
246.16596734054548
246.16596734054548
246.16596734054548
246.1658949853467
246.1658949853467
246.16582263014794
246.16582263014794
246.1657502749492
246.1657502749492
246.16567791975044
246.16560556455167
246.16560556455167
246.16553320935293
246.16546085415416
246.1653884989554
246.16531614375666
246.1652437885579
246.16517143335912
246.16509907816038
246.1650267229616
246.16495436776285
246.16480965736534
246.16473730216657
246.16459259176906
246.16444788137153
246.1643755261728
246.16423081577526
246.16408610537775
246.16386903978147
246.16372432938397
246.16350726378766
246.16336255339016
246.16314548779388
246.1629284221976
245.7303890440192
245.7303890440192
245.7303890440192
245.7303890440192
245.7303890440192
245.7303890440192
245.7303890440192
245.7303890440192
245.7303890440192
245.7303890440192
245.7303890440192
245.7303890440192
245.7303890440192
245.7303890440192
245.7303890440192
245.7303890440192
245.7303890440192
245.7303890440192
245.7303890440192
245.7303890440192
245.7303890440192
245.7303890440192
245.7303890440192
245.7303890440192
245.7303890440192
245.7303890440192
245.7303155551312
245.7303155551312
245.7303155551312
245.7303155551312
245.7303155551312
245.7303155551312
245.7303155551312
245.7303155551312
245.7303155551312
245.7303155551312
245.7303155551312
245.7302420662432
245.7302420662432
245.7302420662432
245.7302420662432
245.7302420662432
245.7302420662432
245.73016857735522
245.73016857735522
245.73016857735522
245.73016857735522
245.73016857735522
245.7300950884672
245.7300950884672
245.7300950884672
245.7300215995792
245.7300215995792
245.7300215995792
245.72994811069123
245.72994811069123
245.72987462180322
245.72987462180322
245.7298011329152
245.7298011329152
245.72972764402724
245.72965415513923
245.72965415513923
245.72958066625122
245.72950717736322
245.72943368847524
245.72936019958723
245.72928671069923
245.72921322181125
245.72913973292324
245.72906624403524
245.72899275514726
245.72884577737125
245.72877228848327
245.72862531070726
245.72855182181925
245.72840484404327
245.72825786626726
245.72811088849127
245.72796391071526
245.72781693293928
245.7275964662753
245.7273759996113
245.7271555329473
245.72693506628332
245.28982316047254
245.28982316047254
245.28982316047254
245.28982316047254
245.28982316047254
245.28982316047254
245.28982316047254
245.28982316047254
245.28982316047254
245.28982316047254
245.28982316047254
245.28982316047254
245.28982316047254
245.28982316047254
245.28982316047254
245.28982316047254
245.28982316047254
245.28982316047254
245.28982316047254
245.28982316047254
245.28982316047254
245.28982316047254
245.28982316047254
245.28974848375847
245.28974848375847
245.28974848375847
245.28974848375847
245.28974848375847
245.28974848375847
245.28974848375847
245.28974848375847
245.28974848375847
245.28974848375847
245.28974848375847
245.28974848375847
245.28974848375847
245.2896738070444
245.2896738070444
245.2896738070444
245.2896738070444
245.2896738070444
245.2896738070444
245.28959913033037
245.28959913033037
245.28959913033037
245.28959913033037
245.28959913033037
245.2895244536163
245.2895244536163
245.2895244536163
245.2895244536163
245.28944977690225
245.28944977690225
245.28937510018818
245.28937510018818
245.28937510018818
245.28930042347415
245.28930042347415
245.28922574676008
245.28922574676008
245.28915107004602
245.28907639333195
245.28907639333195
245.28900171661792
245.28892703990385
245.2888523631898
245.2888523631898
245.28877768647573
245.2887030097617
245.28855365633356
245.2884789796195
245.28840430290546
245.2883296261914
245.28818027276327
245.28810559604923
245.2879562426211
245.287806889193
245.28773221247894
245.28758285905081
245.28735882890865
245.28720947548055
245.28706012205242
245.28683609191026
245.2866120617681
245.28638803162593
244.84437656112317
244.84437656112317
244.84437656112317
244.84437656112317
244.84437656112317
244.84437656112317
244.84437656112317
244.84437656112317
244.84437656112317
244.84437656112317
244.84437656112317
244.84437656112317
244.84430083688324
244.84430083688324
244.84430083688324
244.84430083688324
244.84430083688324
244.84430083688324
244.84430083688324
244.84430083688324
244.84430083688324
244.84430083688324
244.84430083688324
244.84430083688324
244.84430083688324
244.84430083688324
244.84430083688324
244.84430083688324
244.84430083688324
244.84430083688324
244.84430083688324
244.84430083688324
244.8442251126433
244.8442251126433
244.8442251126433
244.8442251126433
244.8442251126433
244.8442251126433
244.8442251126433
244.8442251126433
244.8442251126433
244.84414938840334
244.84414938840334
244.84414938840334
244.84414938840334
244.84414938840334
244.8440736641634
244.8440736641634
244.8440736641634
244.8440736641634
244.84399793992347
244.84399793992347
244.84399793992347
244.84392221568353
244.84392221568353
244.8438464914436
244.8438464914436
244.8438464914436
244.84377076720367
244.84377076720367
244.84369504296373
244.84361931872377
244.84361931872377
244.84354359448383
244.8434678702439
244.84339214600396
244.84339214600396
244.84331642176403
244.8432406975241
244.84316497328416
244.84301352480426
244.84293780056433
244.8428620763244
244.84278635208446
244.8426349036046
244.8424834551247
244.84240773088476
244.8422562824049
244.842104833925
244.84195338544512
244.84180193696525
244.84157476424542
244.84142331576555
244.84119614304575
244.84096897032592
244.3948774728467
244.3948774728467
244.3948774728467
244.3948774728467
244.3948774728467
244.3948774728467
244.3948774728467
244.3948774728467
244.3948774728467
244.3948774728467
244.3948774728467
244.3948774728467
244.3948774728467
244.3948774728467
244.3948774728467
244.3948774728467
244.3948774728467
244.3948774728467
244.3948774728467
244.3948774728467
244.3948774728467
244.3948774728467
244.3948774728467
244.39480064599843
244.39480064599843
244.39480064599843
244.39480064599843
244.39480064599843
244.39480064599843
244.39480064599843
244.39480064599843
244.39480064599843
244.39480064599843
244.39480064599843
244.39480064599843
244.39480064599843
244.39472381915016
244.39472381915016
244.39472381915016
244.39472381915016
244.39472381915016
244.39472381915016
244.39472381915016
244.3946469923019
244.3946469923019
244.3946469923019
244.3946469923019
244.3946469923019
244.39457016545362
244.39457016545362
244.39457016545362
244.39449333860534
244.39449333860534
244.39449333860534
244.39441651175707
244.39441651175707
244.39441651175707
244.3943396849088
244.3943396849088
244.39426285806053
244.39426285806053
244.39418603121226
244.39410920436399
244.39410920436399
244.3940323775157
244.39395555066744
244.39387872381917
244.39380189697093
244.39372507012266
244.39364824327438
244.3935714164261
244.39349458957784
244.39341776272957
244.3933409358813
244.39318728218475
244.39311045533648
244.39295680163994
244.3928031479434
244.39264949424685
244.3924958405503
244.39234218685377
244.39218853315722
244.3919580526124
244.39180439891587
244.39157391837108
243.94113810696092
243.94113810696092
243.94113810696092
243.94113810696092
243.94113810696092
243.94113810696092
243.94113810696092
243.94113810696092
243.94113810696092
243.94113810696092
243.94113810696092
243.94113810696092
243.94113810696092
243.94113810696092
243.94113810696092
243.94113810696092
243.94113810696092
243.94113810696092
243.94113810696092
243.94113810696092
243.94113810696092
243.94113810696092
243.94106021109556
243.94106021109556
243.94106021109556
243.94106021109556
243.94106021109556
243.94106021109556
243.94106021109556
243.94106021109556
243.94106021109556
243.94106021109556
243.94106021109556
243.94106021109556
243.94106021109556
243.94106021109556
243.9409823152302
243.9409823152302
243.9409823152302
243.9409823152302
243.9409823152302
243.9409823152302
243.9409823152302
243.94090441936484
243.94090441936484
243.94090441936484
243.94090441936484
243.94090441936484
243.94082652349948
243.94082652349948
243.94082652349948
243.94082652349948
243.9407486276341
243.9407486276341
243.9407486276341
243.94067073176873
243.94067073176873
243.94059283590337
243.94059283590337
243.940514940038
243.940514940038
243.94043704417265
243.94043704417265
243.9403591483073
243.94028125244193
243.94020335657657
243.94020335657657
243.94012546071122
243.94004756484583
243.9399696689805
243.9398917731151
243.93981387724975
243.93965808551903
243.93958018965367
243.9395022937883
243.9393465020576
243.93926860619223
243.93911281446148
243.93895702273076
243.93880123100004
243.93864543926932
243.9384896475386
243.9382559599425
243.93810016821178
243.9378664806157
243.48334410622485
243.48334410622485
243.48334410622485
243.48334410622485
243.48334410622485
243.48334410622485
243.48334410622485
243.48334410622485
243.48334410622485
243.48334410622485
243.48334410622485
243.48334410622485
243.48334410622485
243.48334410622485
243.48334410622485
243.48334410622485
243.48334410622485
243.48334410622485
243.48334410622485
243.48334410622485
243.48334410622485
243.48334410622485
243.48334410622485
243.48334410622485
243.48334410622485
243.48334410622485
243.48334410622485
243.48334410622485
243.48334410622485
243.483265076503
243.483265076503
243.483265076503
243.483265076503
243.483265076503
243.483265076503
243.483265076503
243.483265076503
243.483265076503
243.483265076503
243.483265076503
243.48318604678116
243.48318604678116
243.48318604678116
243.48318604678116
243.48318604678116
243.48318604678116
243.4831070170593
243.4831070170593
243.4831070170593
243.4831070170593
243.48302798733746
243.48302798733746
243.48302798733746
243.4829489576156
243.4829489576156
243.4829489576156
243.48286992789377
243.48286992789377
243.4827908981719
243.4827908981719
243.48271186845008
243.48271186845008
243.48263283872822
243.48263283872822
243.4825538090064
243.48247477928453
243.4823957495627
243.4823957495627
243.48231671984084
243.482237690119
243.48215866039715
243.4820796306753
243.48192157123162
243.48184254150976
243.4817635117879
243.4816054523442
243.48152642262238
243.4813683631787
243.481210303735
243.48113127401314
243.48097321456945
243.48073612540392
243.4805780659602
243.4804200065165
243.480182917351
243.02125732258727
243.02125732258727
243.02125732258727
243.02125732258727
243.02125732258727
243.02125732258727
243.02125732258727
243.02125732258727
243.02125732258727
243.02125732258727
243.02125732258727
243.02125732258727
243.02125732258727
243.02125732258727
243.02125732258727
243.02125732258727
243.02125732258727
243.02125732258727
243.02125732258727
243.02125732258727
243.02125732258727
243.02125732258727
243.02125732258727
243.02117727725727
243.02117727725727
243.02117727725727
243.02117727725727
243.02117727725727
243.02117727725727
243.02117727725727
243.02117727725727
243.02117727725727
243.02117727725727
243.02117727725727
243.02117727725727
243.02117727725727
243.02117727725727
243.02109723192726
243.02109723192726
243.02109723192726
243.02109723192726
243.02109723192726
243.02109723192726
243.02109723192726
243.02101718659725
243.02101718659725
243.02101718659725
243.02101718659725
243.02101718659725
243.02093714126724
243.02093714126724
243.02093714126724
243.02093714126724
243.02085709593723
243.02085709593723
243.02085709593723
243.02077705060722
243.02077705060722
243.02069700527719
243.02069700527719
243.02061695994718
243.02061695994718
243.02053691461717
243.02053691461717
243.02045686928716
243.02037682395715
243.02037682395715
243.02029677862714
243.02021673329713
243.02013668796712
243.02005664263712
243.0199765973071
243.0198965519771
243.01981650664706
243.01965641598704
243.01957637065703
243.01941627999702
243.019336234667
243.019176144007
243.01901605334697
243.01885596268693
243.0186958720269
243.0185357813669
243.01837569070688
243.01813555471685
242.55555359258125
242.55555359258125
242.55555359258125
242.55555359258125
242.55555359258125
242.55555359258125
242.55555359258125
242.55555359258125
242.55555359258125
242.55555359258125
242.55555359258125
242.55555359258125
242.55555359258125
242.55555359258125
242.55555359258125
242.55555359258125
242.55555359258125
242.55547248653824
242.55547248653824
242.55547248653824
242.55547248653824
242.55547248653824
242.55547248653824
242.55547248653824
242.55547248653824
242.55547248653824
242.55547248653824
242.55547248653824
242.55547248653824
242.55547248653824
242.55547248653824
242.55547248653824
242.55547248653824
242.55547248653824
242.55547248653824
242.55547248653824
242.5553913804952
242.5553913804952
242.5553913804952
242.5553913804952
242.5553913804952
242.5553913804952
242.5553913804952
242.5553913804952
242.55531027445215
242.55531027445215
242.55531027445215
242.55531027445215
242.55531027445215
242.55522916840914
242.55522916840914
242.55522916840914
242.55522916840914
242.5551480623661
242.5551480623661
242.5551480623661
242.5550669563231
242.5550669563231
242.55498585028005
242.55498585028005
242.55498585028005
242.554904744237
242.554823638194
242.554823638194
242.55474253215095
242.55474253215095
242.55466142610794
242.5545803200649
242.5544992140219
242.55441810797885
242.5543370019358
242.5542558958928
242.55417478984975
242.55409368380674
242.5540125777637
242.5539314717207
242.5537692596346
242.5536881535916
242.55352594150554
242.55336372941946
242.55328262337645
242.5531204112904
242.5528770931613
242.55271488107525
242.5525526689892
242.08603070948698
242.08603070948698
242.08603070948698
242.08603070948698
242.08603070948698
242.08603070948698
242.08603070948698
242.08594859688785
242.08594859688785
242.08594859688785
242.08594859688785
242.08594859688785
242.08594859688785
242.08594859688785
242.08594859688785
242.08594859688785
242.08594859688785
242.08594859688785
242.08594859688785
242.08594859688785
242.08594859688785
242.08594859688785
242.08594859688785
242.08594859688785
242.08594859688785
242.08594859688785
242.08594859688785
242.08594859688785
242.08594859688785
242.08594859688785
242.08594859688785
242.08594859688785
242.08594859688785
242.08594859688785
242.0858664842887
242.0858664842887
242.0858664842887
242.0858664842887
242.0858664842887
242.0858664842887
242.0858664842887
242.0858664842887
242.0858664842887
242.08578437168956
242.08578437168956
242.08578437168956
242.08578437168956
242.08578437168956
242.08578437168956
242.08570225909043
242.08570225909043
242.08570225909043
242.08570225909043
242.0856201464913
242.0856201464913
242.0856201464913
242.08553803389216
242.08553803389216
242.08553803389216
242.08545592129303
242.08545592129303
242.0853738086939
242.0853738086939
242.08529169609474
242.0852095834956
242.0852095834956
242.08512747089648
242.08504535829735
242.08504535829735
242.08496324569822
242.08488113309906
242.08479902049993
242.0847169079008
242.08463479530167
242.08455268270254
242.08438845750428
242.08430634490512
242.08422423230598
242.08406000710772
242.08389578190943
242.0838136693103
242.08364944411204
242.08348521891378
242.0833209937155
242.0830746559181
241.6129800258664
241.6129800258664
241.6129800258664
241.6129800258664
241.6129800258664
241.6129800258664
241.6129800258664
241.6129800258664
241.6129800258664
241.6129800258664
241.6129800258664
241.6129800258664
241.6129800258664
241.6129800258664
241.6129800258664
241.6129800258664
241.6129800258664
241.6129800258664
241.6129800258664
241.6129800258664
241.6129800258664
241.6129800258664
241.6129800258664
241.6129800258664
241.6129800258664
241.6129800258664
241.6129800258664
241.6129800258664
241.6129800258664
241.6129800258664
241.61289682323599
241.61289682323599
241.61289682323599
241.61289682323599
241.61289682323599
241.61289682323599
241.61289682323599
241.61289682323599
241.61289682323599
241.61289682323599
241.61289682323599
241.61281362060558
241.61281362060558
241.61281362060558
241.61281362060558
241.61281362060558
241.61281362060558
241.61281362060558
241.6127304179752
241.6127304179752
241.6127304179752
241.6127304179752
241.6126472153448
241.6126472153448
241.6126472153448
241.6126472153448
241.61256401271442
241.61256401271442
241.612480810084
241.612480810084
241.612480810084
241.6123976074536
241.6123976074536
241.61231440482322
241.61231440482322
241.61223120219282
241.6121479995624
241.6121479995624
241.61206479693203
241.61198159430162
241.61189839167122
241.6118151890408
241.61173198641043
241.61164878378003
241.61156558114962
241.61148237851924
241.61139917588883
241.61123277062805
241.61114956799764
241.61098316273686
241.61089996010645
241.61073355484567
241.61056714958485
241.61040074432407
241.61023433906325
241.13614575105808
241.13614575105808
241.13614575105808
241.13614575105808
241.13614575105808
241.13614575105808
241.13614575105808
241.13614575105808
241.13614575105808
241.13614575105808
241.13606165077996
241.13606165077996
241.13606165077996
241.13606165077996
241.13606165077996
241.13606165077996
241.13606165077996
241.13606165077996
241.13606165077996
241.13606165077996
241.13606165077996
241.13606165077996
241.13606165077996
241.13606165077996
241.13606165077996
241.13606165077996
241.13606165077996
241.13606165077996
241.13606165077996
241.13606165077996
241.13606165077996
241.13606165077996
241.13606165077996
241.13606165077996
241.13606165077996
241.13606165077996
241.13597755050188
241.13597755050188
241.13597755050188
241.13597755050188
241.13597755050188
241.13597755050188
241.13597755050188
241.13597755050188
241.13597755050188
241.13589345022376
241.13589345022376
241.13589345022376
241.13589345022376
241.13589345022376
241.13580934994565
241.13580934994565
241.13580934994565
241.13580934994565
241.13572524966756
241.13572524966756
241.13572524966756
241.13572524966756
241.13564114938944
241.13564114938944
241.13555704911133
241.13555704911133
241.1354729488332
241.1354729488332
241.13538884855512
241.13538884855512
241.135304748277
241.135304748277
241.1352206479989
241.1351365477208
241.1350524474427
241.1350524474427
241.13496834716457
241.1348842468865
241.13480014660837
241.13463194605217
241.13454784577405
241.13446374549594
241.13437964521785
241.13421144466162
241.1341273443835
241.1339591438273
241.1337909432711
241.13362274271486
241.13345454215866
240.6565218650138
240.6565218650138
240.6565218650138
240.6565218650138
240.6565218650138
240.6565218650138
240.6565218650138
240.6564367012808
240.6564367012808
240.6564367012808
240.6564367012808
240.6564367012808
240.6564367012808
240.6564367012808
240.6564367012808
240.6564367012808
240.6564367012808
240.6564367012808
240.6564367012808
240.6564367012808
240.6564367012808
240.6564367012808
240.6564367012808
240.6564367012808
240.6564367012808
240.6564367012808
240.6564367012808
240.6564367012808
240.6564367012808
240.6564367012808
240.6564367012808
240.6564367012808
240.6564367012808
240.6564367012808
240.6564367012808
240.6564367012808
240.65635153754783
240.65635153754783
240.65635153754783
240.65635153754783
240.65635153754783
240.65635153754783
240.65635153754783
240.65635153754783
240.65635153754783
240.65635153754783
240.65626637381484
240.65626637381484
240.65626637381484
240.65626637381484
240.65626637381484
240.65618121008185
240.65618121008185
240.65618121008185
240.65618121008185
240.65609604634886
240.65609604634886
240.65609604634886
240.65601088261587
240.65601088261587
240.65601088261587
240.65592571888288
240.65592571888288
240.6558405551499
240.6558405551499
240.65575539141693
240.65575539141693
240.65567022768394
240.65567022768394
240.65558506395095
240.65549990021796
240.655414736485
240.655329572752
240.65524440901902
240.65524440901902
240.65507408155304
240.65498891782005
240.6549037540871
240.6548185903541
240.65464826288812
240.65456309915513
240.65439277168917
240.65430760795618
240.6541372804902
240.65396695302425
240.17321768032446
240.17321768032446
240.17321768032446
240.17321768032446
240.17321768032446
240.17321768032446
240.17321768032446
240.17321768032446
240.17321768032446
240.17321768032446
240.17321768032446
240.17321768032446
240.17321768032446
240.17321768032446
240.17321768032446
240.17321768032446
240.17321768032446
240.17321768032446
240.17321768032446
240.17321768032446
240.17321768032446
240.17321768032446
240.17321768032446
240.17321768032446
240.17321768032446
240.17321768032446
240.17321768032446
240.17313163611533
240.17313163611533
240.17313163611533
240.17313163611533
240.17313163611533
240.17313163611533
240.17313163611533
240.17313163611533
240.17313163611533
240.17313163611533
240.17313163611533
240.17313163611533
240.17313163611533
240.17313163611533
240.17313163611533
240.17304559190623
240.17304559190623
240.17304559190623
240.17304559190623
240.17304559190623
240.17304559190623
240.17304559190623
240.1729595476971
240.1729595476971
240.1729595476971
240.1729595476971
240.1729595476971
240.17287350348798
240.17287350348798
240.17287350348798
240.17287350348798
240.17278745927888
240.17278745927888
240.17278745927888
240.17270141506975
240.17270141506975
240.17261537086065
240.17261537086065
240.17252932665153
240.17252932665153
240.17244328244243
240.17244328244243
240.1723572382333
240.17227119402418
240.17227119402418
240.17218514981505
240.17209910560595
240.17201306139683
240.17192701718773
240.1718409729786
240.1717549287695
240.17166888456038
240.17149679614212
240.17141075193302
240.1712386635148
240.17115261930567
240.17098053088745
240.1708084424692
239.68741207565603
239.68741207565603
239.68741207565603
239.68741207565603
239.68741207565603
239.68741207565603
239.68741207565603
239.68741207565603
239.68741207565603
239.68741207565603
239.68741207565603
239.68741207565603
239.68741207565603
239.68741207565603
239.68741207565603
239.68741207565603
239.68741207565603
239.68741207565603
239.68732496655025
239.68732496655025
239.68732496655025
239.68732496655025
239.68732496655025
239.68732496655025
239.68732496655025
239.68732496655025
239.68732496655025
239.68732496655025
239.68732496655025
239.68732496655025
239.68732496655025
239.68732496655025
239.68732496655025
239.68732496655025
239.68732496655025
239.68732496655025
239.68732496655025
239.68732496655025
239.68732496655025
239.68732496655025
239.68723785744447
239.68723785744447
239.68723785744447
239.68723785744447
239.68723785744447
239.68723785744447
239.68723785744447
239.68723785744447
239.68723785744447
239.68715074833867
239.68715074833867
239.68715074833867
239.68715074833867
239.68715074833867
239.6870636392329
239.6870636392329
239.6870636392329
239.6870636392329
239.6869765301271
239.6869765301271
239.6869765301271
239.68688942102133
239.68688942102133
239.68688942102133
239.68680231191556
239.68680231191556
239.68671520280978
239.68671520280978
239.686628093704
239.68654098459822
239.68654098459822
239.68645387549242
239.68636676638664
239.68636676638664
239.68627965728086
239.6861925481751
239.6861054390693
239.68601832996353
239.68593122085775
239.6857570026462
239.6856698935404
239.68558278443462
239.68540856622306
239.68532145711728
239.6851472389057
239.19803311937753
239.19803311937753
239.19803311937753
239.19803311937753
239.19803311937753
239.19803311937753
239.19803311937753
239.19803311937753
239.19803311937753
239.19803311937753
239.19803311937753
239.19803311937753
239.1979451928365
239.1979451928365
239.1979451928365
239.1979451928365
239.1979451928365
239.1979451928365
239.1979451928365
239.1979451928365
239.1979451928365
239.1979451928365
239.1979451928365
239.1979451928365
239.1979451928365
239.1979451928365
239.1979451928365
239.1979451928365
239.1979451928365
239.1979451928365
239.1979451928365
239.1979451928365
239.1979451928365
239.1979451928365
239.1979451928365
239.1979451928365
239.1979451928365
239.1979451928365
239.1979451928365
239.1979451928365
239.19785726629547
239.19785726629547
239.19785726629547
239.19785726629547
239.19785726629547
239.19785726629547
239.19785726629547
239.19785726629547
239.19785726629547
239.19776933975444
239.19776933975444
239.19776933975444
239.19776933975444
239.19776933975444
239.19776933975444
239.19768141321342
239.19768141321342
239.19768141321342
239.19768141321342
239.1975934866724
239.1975934866724
239.1975934866724
239.19750556013136
239.19750556013136
239.19750556013136
239.19741763359033
239.19741763359033
239.1973297070493
239.1973297070493
239.19724178050828
239.19724178050828
239.19715385396725
239.19706592742622
239.1969780008852
239.1969780008852
239.19689007434417
239.19680214780314
239.1967142212621
239.19662629472109
239.19653836818006
239.19645044163903
239.19627458855697
239.19618666201595
239.19609873547492
239.19592288239286
238.70652375503644
238.70652375503644
238.70652375503644
238.70652375503644
238.70652375503644
238.70652375503644
238.70652375503644
238.7064349928136
238.7064349928136
238.7064349928136
238.7064349928136
238.7064349928136
238.7064349928136
238.7064349928136
238.7064349928136
238.7064349928136
238.7064349928136
238.7064349928136
238.7064349928136
238.7064349928136
238.7064349928136
238.7064349928136
238.7064349928136
238.7064349928136
238.7064349928136
238.7064349928136
238.7064349928136
238.7064349928136
238.7064349928136
238.7064349928136
238.7064349928136
238.7064349928136
238.7064349928136
238.7064349928136
238.7064349928136
238.7064349928136
238.7064349928136
238.7064349928136
238.7064349928136
238.7064349928136
238.7064349928136
238.70634623059073
238.70634623059073
238.70634623059073
238.70634623059073
238.70634623059073
238.70634623059073
238.70634623059073
238.70634623059073
238.70634623059073
238.70625746836788
238.70625746836788
238.70625746836788
238.70625746836788
238.70625746836788
238.70625746836788
238.706168706145
238.706168706145
238.706168706145
238.706168706145
238.70607994392216
238.70607994392216
238.70607994392216
238.7059911816993
238.7059911816993
238.7059911816993
238.70590241947644
238.70590241947644
238.7058136572536
238.7058136572536
238.70572489503073
238.70572489503073
238.70563613280788
238.705547370585
238.705547370585
238.70545860836216
238.70536984613932
238.70528108391645
238.7051923216936
238.70510355947076
238.70501479724788
238.70492603502504
238.70483727280217
238.70474851057932
238.7045709861336
238.21273950928995
238.21273950928995
238.21273950928995
238.21273950928995
238.21273950928995
238.21273950928995
238.21273950928995
238.21273950928995
238.21273950928995
238.21273950928995
238.21273950928995
238.21273950928995
238.21273950928995
238.21273950928995
238.21273950928995
238.21273950928995
238.21273950928995
238.21273950928995
238.21273950928995
238.21273950928995
238.21273950928995
238.21273950928995
238.21273950928995
238.21273950928995
238.21273950928995
238.21273950928995
238.21273950928995
238.21273950928995
238.21273950928995
238.21273950928995
238.21273950928995
238.21273950928995
238.21273950928995
238.21273950928995
238.21273950928995
238.21273950928995
238.21273950928995
238.21273950928995
238.21273950928995
238.21273950928995
238.21264981627294
238.21264981627294
238.21264981627294
238.21264981627294
238.21264981627294
238.21264981627294
238.21264981627294
238.21264981627294
238.21264981627294
238.21264981627294
238.21264981627294
238.2125601232559
238.2125601232559
238.2125601232559
238.2125601232559
238.2125601232559
238.2125601232559
238.2124704302389
238.2124704302389
238.2124704302389
238.2124704302389
238.21238073722188
238.21238073722188
238.21238073722188
238.21229104420487
238.21229104420487
238.21229104420487
238.21220135118784
238.21220135118784
238.21211165817084
238.21211165817084
238.2120219651538
238.2120219651538
238.2119322721368
238.2119322721368
238.21184257911978
238.21175288610274
238.21166319308574
238.21166319308574
238.21157350006874
238.2114838070517
238.21139411403468
238.21130442101767
238.21121472800067
238.2110353419666
237.71637835311617
237.71637835311617
237.71637835311617
237.71637835311617
237.71637835311617
237.71637835311617
237.71637835311617
237.71637835311617
237.71637835311617
237.71637835311617
237.71637835311617
237.71637835311617
237.71637835311617
237.71637835311617
237.71637835311617
237.71637835311617
237.71637835311617
237.71637835311617
237.71637835311617
237.71637835311617
237.71637835311617
237.71637835311617
237.71637835311617
237.71637835311617
237.71637835311617
237.71637835311617
237.71637835311617
237.71637835311617
237.71637835311617
237.71637835311617
237.71637835311617
237.71637835311617
237.71637835311617
237.71637835311617
237.71628764507682
237.71628764507682
237.71628764507682
237.71628764507682
237.71628764507682
237.71628764507682
237.71628764507682
237.71628764507682
237.71628764507682
237.71628764507682
237.71628764507682
237.71628764507682
237.71628764507682
237.71628764507682
237.71628764507682
237.71619693703747
237.71619693703747
237.71619693703747
237.71619693703747
237.71619693703747
237.71619693703747
237.71619693703747
237.71610622899811
237.71610622899811
237.71610622899811
237.71610622899811
237.71610622899811
237.71601552095876
237.71601552095876
237.71601552095876
237.71601552095876
237.7159248129194
237.7159248129194
237.7159248129194
237.71583410488006
237.71583410488006
237.7157433968407
237.7157433968407
237.71565268880136
237.71565268880136
237.715561980762
237.715561980762
237.71547127272265
237.7153805646833
237.7153805646833
237.71528985664395
237.7151991486046
237.71510844056525
237.7150177325259
237.71492702448654
237.7148363164472
237.21684918040526
237.21684918040526
237.21684918040526
237.21684918040526
237.21684918040526
237.21684918040526
237.21684918040526
237.21684918040526
237.21684918040526
237.21684918040526
237.21684918040526
237.21684918040526
237.21684918040526
237.21684918040526
237.21684918040526
237.21684918040526
237.21684918040526
237.21684918040526
237.21684918040526
237.21684918040526
237.21684918040526
237.21684918040526
237.21684918040526
237.21684918040526
237.21684918040526
237.21684918040526
237.21684918040526
237.21684918040526
237.21684918040526
237.21684918040526
237.21684918040526
237.21684918040526
237.21684918040526
237.21684918040526
237.21684918040526
237.21684918040526
237.21684918040526
237.21684918040526
237.21684918040526
237.21684918040526
237.21684918040526
237.21675792271608
237.21675792271608
237.21675792271608
237.21675792271608
237.21675792271608
237.21675792271608
237.21675792271608
237.21675792271608
237.21675792271608
237.21675792271608
237.21675792271608
237.21675792271608
237.2166666650269
237.2166666650269
237.2166666650269
237.2166666650269
237.2166666650269
237.2166666650269
237.2166666650269
237.2165754073377
237.2165754073377
237.2165754073377
237.2165754073377
237.21648414964852
237.21648414964852
237.21648414964852
237.21648414964852
237.21639289195932
237.21639289195932
237.21639289195932
237.21630163427014
237.21630163427014
237.21621037658096
237.21621037658096
237.21611911889175
237.21611911889175
237.21602786120258
237.2159366035134
237.2159366035134
237.21584534582422
237.21575408813501
237.21566283044584
237.21566283044584
237.21557157275666
236.71684830135132
236.71684830135132
236.71684830135132
236.71684830135132
236.71684830135132
236.71684830135132
236.71684830135132
236.71684830135132
236.71684830135132
236.71684830135132
236.71684830135132
236.71684830135132
236.71684830135132
236.71684830135132
236.71684830135132
236.71684830135132
236.71684830135132
236.71684830135132
236.71684830135132
236.71684830135132
236.71684830135132
236.71684830135132
236.71684830135132
236.71684830135132
236.71684830135132
236.71684830135132
236.71684830135132
236.71684830135132
236.71684830135132
236.71684830135132
236.71684830135132
236.71684830135132
236.71684830135132
236.71684830135132
236.71684830135132
236.71684830135132
236.71684830135132
236.71684830135132
236.71675571477698
236.71675571477698
236.71675571477698
236.71675571477698
236.71675571477698
236.71675571477698
236.71675571477698
236.71675571477698
236.71675571477698
236.71675571477698
236.71675571477698
236.71675571477698
236.71675571477698
236.71675571477698
236.71675571477698
236.71675571477698
236.7166631282026
236.7166631282026
236.7166631282026
236.7166631282026
236.7166631282026
236.7166631282026
236.7166631282026
236.71657054162827
236.71657054162827
236.71657054162827
236.71657054162827
236.71657054162827
236.7164779550539
236.7164779550539
236.7164779550539
236.7164779550539
236.71638536847956
236.71638536847956
236.71629278190522
236.71629278190522
236.71629278190522
236.71620019533086
236.71620019533086
236.71610760875652
236.71610760875652
236.71601502218218
236.71601502218218
236.7159224356078
236.71582984903347
236.7157372624591
236.7157372624591
236.21206629799144
236.21206629799144
236.21206629799144
236.21206629799144
236.21206629799144
236.21206629799144
236.21206629799144
236.21206629799144
236.21206629799144
236.21206629799144
236.21206629799144
236.21206629799144
236.21206629799144
236.21206629799144
236.21206629799144
236.21206629799144
236.21206629799144
236.21206629799144
236.21206629799144
236.21206629799144
236.21206629799144
236.21206629799144
236.21206629799144
236.21206629799144
236.21206629799144
236.21206629799144
236.21206629799144
236.21206629799144
236.21206629799144
236.21206629799144
236.21206629799144
236.21206629799144
236.21206629799144
236.21206629799144
236.21206629799144
236.21206629799144
236.21206629799144
236.21206629799144
236.21206629799144
236.21206629799144
236.21206629799144
236.21206629799144
236.21206629799144
236.21206629799144
236.2119734451993
236.2119734451993
236.2119734451993
236.2119734451993
236.2119734451993
236.2119734451993
236.2119734451993
236.2119734451993
236.2119734451993
236.2119734451993
236.2119734451993
236.2119734451993
236.2119734451993
236.2119734451993
236.21188059240714
236.21188059240714
236.21188059240714
236.21188059240714
236.21188059240714
236.21188059240714
236.21188059240714
236.21178773961498
236.21178773961498
236.21178773961498
236.21178773961498
236.2116948868228
236.2116948868228
236.2116948868228
236.2116948868228
236.21160203403068
236.21160203403068
236.21160203403068
236.2115091812385
236.2115091812385
236.21141632844635
236.21141632844635
236.21132347565418
236.21132347565418
236.21123062286205
236.21123062286205
236.21113777006988
235.7084327533332
235.7084327533332
235.7084327533332
235.7084327533332
235.7084327533332
235.7084327533332
235.7084327533332
235.7084327533332
235.70833841327806
235.70833841327806
235.70833841327806
235.70833841327806
235.70833841327806
235.70833841327806
235.70833841327806
235.70833841327806
235.70833841327806
235.70833841327806
235.70833841327806
235.70833841327806
235.70833841327806
235.70833841327806
235.70833841327806
235.70833841327806
235.70833841327806
235.70833841327806
235.70833841327806
235.70833841327806
235.70833841327806
235.70833841327806
235.70833841327806
235.70833841327806
235.70833841327806
235.70833841327806
235.70833841327806
235.70833841327806
235.70833841327806
235.70833841327806
235.70833841327806
235.70833841327806
235.70833841327806
235.70833841327806
235.70833841327806
235.70833841327806
235.70833841327806
235.70833841327806
235.70833841327806
235.70833841327806
235.70833841327806
235.70833841327806
235.70833841327806
235.70833841327806
235.70833841327806
235.70833841327806
235.70824407322294
235.70824407322294
235.70824407322294
235.70824407322294
235.70824407322294
235.70824407322294
235.70824407322294
235.70824407322294
235.70824407322294
235.70824407322294
235.7081497331678
235.7081497331678
235.7081497331678
235.7081497331678
235.7081497331678
235.7081497331678
235.70805539311266
235.70805539311266
235.70805539311266
235.70805539311266
235.70796105305752
235.70796105305752
235.70796105305752
235.70796105305752
235.70786671300237
235.70786671300237
235.70777237294726
235.70777237294726
235.70777237294726
235.70767803289212
235.70767803289212
235.19918513570977
235.19918513570977
235.19918513570977
235.19918513570977
235.19918513570977
235.19918513570977
235.19918513570977
235.19918513570977
235.19918513570977
235.19918513570977
235.19918513570977
235.19918513570977
235.19918513570977
235.19918513570977
235.19918513570977
235.19918513570977
235.19918513570977
235.19918513570977
235.19918513570977
235.19918513570977
235.19918513570977
235.19918513570977
235.19918513570977
235.19918513570977
235.19918513570977
235.19918513570977
235.19918513570977
235.19918513570977
235.19918513570977
235.19918513570977
235.19918513570977
235.19918513570977
235.19918513570977
235.19918513570977
235.19918513570977
235.19918513570977
235.19918513570977
235.19918513570977
235.19918513570977
235.19918513570977
235.19918513570977
235.19918513570977
235.19918513570977
235.19918513570977
235.19918513570977
235.19918513570977
235.19918513570977
235.19918513570977
235.19918513570977
235.19909020640821
235.19909020640821
235.19909020640821
235.19909020640821
235.19909020640821
235.19909020640821
235.19909020640821
235.19909020640821
235.19909020640821
235.19909020640821
235.19909020640821
235.19909020640821
235.19909020640821
235.19909020640821
235.19909020640821
235.19909020640821
235.19899527710663
235.19899527710663
235.19899527710663
235.19899527710663
235.19899527710663
235.19899527710663
235.19899527710663
235.19890034780508
235.19890034780508
235.19890034780508
235.19890034780508
235.19890034780508
235.1988054185035
235.1988054185035
235.1988054185035
235.1988054185035
235.19871048920194
235.19871048920194
235.19871048920194
235.1986155599004
234.68931985700712
234.68931985700712
234.68931985700712
234.68931985700712
234.68931985700712
234.68931985700712
234.68931985700712
234.68931985700712
234.68931985700712
234.68931985700712
234.68931985700712
234.68931985700712
234.68931985700712
234.68931985700712
234.68931985700712
234.68931985700712
234.68931985700712
234.68931985700712
234.68931985700712
234.68931985700712
234.68931985700712
234.68931985700712
234.68931985700712
234.68931985700712
234.68931985700712
234.68931985700712
234.68931985700712
234.68931985700712
234.68931985700712
234.68931985700712
234.68931985700712
234.68931985700712
234.68931985700712
234.68931985700712
234.68931985700712
234.68931985700712
234.68931985700712
234.68931985700712
234.68931985700712
234.68931985700712
234.68931985700712
234.68931985700712
234.68931985700712
234.68931985700712
234.68931985700712
234.68931985700712
234.68931985700712
234.68931985700712
234.68931985700712
234.68931985700712
234.68931985700712
234.68931985700712
234.68931985700712
234.68931985700712
234.68931985700712
234.68931985700712
234.68931985700712
234.68931985700712
234.68931985700712
234.68931985700712
234.68931985700712
234.68931985700712
234.68931985700712
234.68931985700712
234.68931985700712
234.68931985700712
234.68922277229484
234.68922277229484
234.68922277229484
234.68922277229484
234.68922277229484
234.68922277229484
234.68922277229484
234.68922277229484
234.68922277229484
234.68922277229484
234.68912568758256
234.68912568758256
234.68912568758256
234.68912568758256
234.68912568758256
234.68912568758256
234.68912568758256
234.68902860287025
234.68902860287025
234.1705962392573
234.1705962392573
234.1705962392573
234.1705962392573
234.1705962392573
234.1705962392573
234.1705962392573
234.1705962392573
234.1705962392573
234.1705962392573
234.1705962392573
234.1705962392573
234.1705962392573
234.1705962392573
234.1705962392573
234.1705962392573
234.1705962392573
234.1705962392573
234.1705962392573
234.1705962392573
234.1705962392573
234.1705962392573
234.1705962392573
234.1705962392573
234.1705962392573
234.1705962392573
234.1705962392573
234.1705962392573
234.1705962392573
234.1705962392573
234.1705962392573
234.1705962392573
234.1705962392573
234.1705962392573
234.1705962392573
234.1705962392573
234.1705962392573
234.1705962392573
234.1705962392573
234.1705962392573
234.1705962392573
234.1705962392573
234.1705962392573
234.1705962392573
234.1705962392573
234.1705962392573
234.1705962392573
234.1705962392573
234.1705962392573
234.1705962392573
234.1705962392573
234.1705962392573
234.1705962392573
234.1705962392573
234.1705962392573
234.1705962392573
234.1705962392573
234.1705962392573
234.1705962392573
234.1705962392573
234.1705962392573
234.1705962392573
234.1705962392573
234.17050381726335
234.17050381726335
234.17050381726335
234.17050381726335
234.17050381726335
234.17050381726335
234.17050381726335
234.17050381726335
234.17050381726335
234.17050381726335
234.17050381726335
234.17050381726335
234.17050381726335
234.17050381726335
234.17050381726335
234.17050381726335
234.17050381726335
234.17050381726335
234.17050381726335
234.17050381726335
234.17050381726335
234.17050381726335
233.67918849746792
233.67918849746792
233.67918849746792
233.67918849746792
233.67918849746792
233.67918849746792
233.67918849746792
233.67918849746792
233.67918849746792
233.67918849746792
233.67918849746792
233.67918849746792
233.67918849746792
233.67918849746792
233.67918849746792
233.67918849746792
233.67918849746792
233.67918849746792
233.67918849746792
233.67918849746792
233.67918849746792
233.67918849746792
233.67918849746792
233.67918849746792
233.67918849746792
233.67918849746792
233.67918849746792
233.67918849746792
233.67918849746792
233.67918849746792
233.67918849746792
233.67918849746792
233.67918849746792
233.67918849746792
233.67918849746792
233.67918849746792
233.67918849746792
233.67918849746792
233.67918849746792
233.67918849746792
233.67918849746792
233.67918849746792
233.67918849746792
233.67918849746792
233.67918849746792
233.67918849746792
233.67918849746792
233.67918849746792
233.67928091946186
233.67928091946186
233.67928091946186
233.67928091946186
233.67928091946186
233.67928091946186
233.67928091946186
233.67928091946186
233.67928091946186
233.67928091946186
233.67928091946186
233.67928091946186
233.67928091946186
233.67928091946186
233.67928091946186
233.67928091946186
233.67928091946186
233.67928091946186
233.67928091946186
233.67928091946186
233.67928091946186
233.67928091946186
233.67928091946186
233.67928091946186
233.67928091946186
233.67928091946186
233.67928091946186
233.67928091946186
233.67928091946186
233.67928091946186
233.67928091946186
233.67928091946186
233.67928091946186
233.67928091946186
233.67928091946186
233.67928091946186
233.6793733414558
233.1630501004314
233.1630501004314
233.1630501004314
233.1630501004314
233.1630501004314
233.1630501004314
233.1630501004314
233.1630501004314
233.1630501004314
233.1630501004314
233.1630501004314
233.1630501004314
233.1630501004314
233.1630501004314
233.1630501004314
233.1630501004314
233.1630501004314
233.1630501004314
233.1630501004314
233.1630501004314
233.1630501004314
233.1630501004314
233.1630501004314
233.1630501004314
233.1630501004314
233.1630501004314
233.1630501004314
233.1630501004314
233.1630501004314
233.1630501004314
233.1630501004314
233.1630501004314
233.1630501004314
233.1630501004314
233.1630501004314
233.1630501004314
233.1630501004314
233.1630501004314
233.1630501004314
233.1630501004314
233.1630501004314
233.1630501004314
233.1630501004314
233.1630501004314
233.1630501004314
233.1630501004314
233.1630501004314
233.1630501004314
233.1630501004314
233.1630501004314
233.1630501004314
233.1630501004314
233.1630501004314
233.1630501004314
233.1630501004314
233.1630501004314
233.1630501004314
233.1630501004314
233.1630501004314
233.1630501004314
233.1630501004314
233.1630501004314
233.1630501004314
233.16314721019566
233.16314721019566
233.16314721019566
233.16314721019566
233.16314721019566
233.16314721019566
233.16314721019566
233.16314721019566
233.16314721019566
233.16314721019566
233.16314721019566
233.16314721019566
233.16324431995992
233.16324431995992
233.16324431995992
233.16324431995992
233.16324431995992
233.16324431995992
233.16324431995992
233.16334142972417
233.16334142972417
233.16334142972417
232.64344470891493
232.64344470891493
232.64344470891493
232.64344470891493
232.64344470891493
232.64344470891493
232.64344470891493
232.64344470891493
232.64344470891493
232.64344470891493
232.64344470891493
232.64344470891493
232.64344470891493
232.64354195866068
232.64354195866068
232.64354195866068
232.64354195866068
232.64354195866068
232.64354195866068
232.64354195866068
232.64354195866068
232.64354195866068
232.64354195866068
232.64354195866068
232.64354195866068
232.64354195866068
232.64354195866068
232.64354195866068
232.64354195866068
232.64354195866068
232.64354195866068
232.64354195866068
232.64354195866068
232.64354195866068
232.64354195866068
232.64354195866068
232.64354195866068
232.64354195866068
232.64354195866068
232.64354195866068
232.64354195866068
232.64354195866068
232.64354195866068
232.64354195866068
232.64354195866068
232.64354195866068
232.64354195866068
232.64354195866068
232.64354195866068
232.64354195866068
232.64354195866068
232.64354195866068
232.64354195866068
232.64354195866068
232.64354195866068
232.64354195866068
232.64354195866068
232.64354195866068
232.64354195866068
232.6436392084064
232.6436392084064
232.6436392084064
232.6436392084064
232.6436392084064
232.6436392084064
232.6436392084064
232.6436392084064
232.6436392084064
232.6436392084064
232.64373645815215
232.64373645815215
232.64373645815215
232.64373645815215
232.64373645815215
232.64373645815215
232.6438337078979
232.6438337078979
232.6438337078979
232.6438337078979
232.6438337078979
232.64393095764365
232.64393095764365
232.64393095764365
232.6440282073894
232.6440282073894
232.1176655387323
232.1176655387323
232.1176655387323
232.1176655387323
232.1176655387323
232.1176655387323
232.1176655387323
232.1176655387323
232.1176655387323
232.1176655387323
232.1176655387323
232.1176655387323
232.1176655387323
232.1176655387323
232.1176655387323
232.1176655387323
232.1176655387323
232.1176655387323
232.1176655387323
232.1176655387323
232.1176655387323
232.1176655387323
232.1176655387323
232.1176655387323
232.1176655387323
232.1176655387323
232.1176655387323
232.1176655387323
232.1176655387323
232.1176655387323
232.1176655387323
232.1176655387323
232.1176655387323
232.1176655387323
232.1176655387323
232.1176655387323
232.1176655387323
232.1176655387323
232.1176655387323
232.1176655387323
232.1176655387323
232.1176655387323
232.1176655387323
232.1176655387323
232.1176655387323
232.1176655387323
232.1176655387323
232.1176655387323
232.1176655387323
232.1176655387323
232.1176655387323
232.1176655387323
232.1176655387323
232.1176655387323
232.11776348567162
232.11776348567162
232.11776348567162
232.11776348567162
232.11776348567162
232.11776348567162
232.11776348567162
232.11776348567162
232.11776348567162
232.11776348567162
232.1178614326109
232.1178614326109
232.1178614326109
232.1178614326109
232.1178614326109
232.1178614326109
232.11795937955023
232.11795937955023
232.11795937955023
232.11795937955023
232.11805732648952
232.11805732648952
232.11805732648952
232.11805732648952
232.1181552734288
232.1181552734288
232.11825322036813
232.11825322036813
232.11825322036813
232.11835116730742
232.11835116730742
231.58518570014382
231.58518570014382
231.58518570014382
231.58518570014382
231.58518570014382
231.58518570014382
231.58518570014382
231.58518570014382
231.58518570014382
231.58518570014382
231.58518570014382
231.58518570014382
231.58518570014382
231.58518570014382
231.58518570014382
231.58518570014382
231.58518570014382
231.58518570014382
231.58518570014382
231.58518570014382
231.58518570014382
231.58518570014382
231.58518570014382
231.58518570014382
231.58518570014382
231.58518570014382
231.58518570014382
231.58518570014382
231.58518570014382
231.58518570014382
231.58518570014382
231.58518570014382
231.58518570014382
231.58518570014382
231.58518570014382
231.58518570014382
231.58518570014382
231.58518570014382
231.58518570014382
231.58518570014382
231.58518570014382
231.58518570014382
231.58518570014382
231.58518570014382
231.58518570014382
231.58518570014382
231.585284380618
231.585284380618
231.585284380618
231.585284380618
231.585284380618
231.585284380618
231.585284380618
231.585284380618
231.585284380618
231.585284380618
231.585284380618
231.585284380618
231.585284380618
231.58538306109216
231.58538306109216
231.58538306109216
231.58538306109216
231.58538306109216
231.58538306109216
231.58548174156633
231.58548174156633
231.58548174156633
231.58548174156633
231.58548174156633
231.5855804220405
231.5855804220405
231.5855804220405
231.58567910251466
231.58567910251466
231.58567910251466
231.5857777829888
231.5857777829888
231.58587646346297
231.58587646346297
231.58587646346297
231.58597514393713
231.5860738244113
231.5860738244113
231.58617250488547
231.04761107991493
231.04761107991493
231.04761107991493
231.04761107991493
231.04761107991493
231.04761107991493
231.04761107991493
231.04761107991493
231.04761107991493
231.04761107991493
231.04761107991493
231.04761107991493
231.04761107991493
231.04761107991493
231.04761107991493
231.04761107991493
231.04761107991493
231.04761107991493
231.04761107991493
231.04761107991493
231.04761107991493
231.04761107991493
231.04761107991493
231.04761107991493
231.04761107991493
231.04761107991493
231.04761107991493
231.04761107991493
231.04761107991493
231.04761107991493
231.04761107991493
231.04761107991493
231.04761107991493
231.04761107991493
231.04761107991493
231.04761107991493
231.04761107991493
231.04771020855594
231.04771020855594
231.04771020855594
231.04771020855594
231.04771020855594
231.04771020855594
231.04771020855594
231.04771020855594
231.04771020855594
231.04771020855594
231.04771020855594
231.04771020855594
231.04771020855594
231.04771020855594
231.04771020855594
231.04771020855594
231.04780933719695
231.04780933719695
231.04780933719695
231.04780933719695
231.04780933719695
231.04780933719695
231.04780933719695
231.04780933719695
231.04790846583796
231.04790846583796
231.04790846583796
231.04790846583796
231.04790846583796
231.048007594479
231.048007594479
231.048007594479
231.04810672312001
231.04810672312001
231.04810672312001
231.04820585176103
231.04820585176103
231.04820585176103
231.04830498040204
231.04830498040204
231.04840410904305
231.04840410904305
231.04850323768406
231.04850323768406
231.04860236632507
231.0487014949661
231.04880062360712
231.04880062360712
230.50412999262915
230.50412999262915
230.50412999262915
230.50412999262915
230.50412999262915
230.50412999262915
230.50412999262915
230.50412999262915
230.50412999262915
230.50412999262915
230.50412999262915
230.50412999262915
230.50412999262915
230.50412999262915
230.50412999262915
230.50412999262915
230.50412999262915
230.50412999262915
230.50412999262915
230.50412999262915
230.50412999262915
230.50412999262915
230.50412999262915
230.50412999262915
230.50412999262915
230.50412999262915
230.50412999262915
230.50412999262915
230.50412999262915
230.50422971392956
230.50422971392956
230.50422971392956
230.50422971392956
230.50422971392956
230.50422971392956
230.50422971392956
230.50422971392956
230.50422971392956
230.50422971392956
230.50422971392956
230.50422971392956
230.50422971392956
230.50422971392956
230.50422971392956
230.50422971392956
230.50422971392956
230.50422971392956
230.50422971392956
230.50422971392956
230.50432943522998
230.50432943522998
230.50432943522998
230.50432943522998
230.50432943522998
230.50432943522998
230.50432943522998
230.50432943522998
230.5044291565304
230.5044291565304
230.5044291565304
230.5044291565304
230.5044291565304
230.5044291565304
230.50452887783084
230.50452887783084
230.50452887783084
230.50462859913125
230.50462859913125
230.50462859913125
230.50462859913125
230.50472832043167
230.50472832043167
230.50482804173208
230.50482804173208
230.5049277630325
230.5049277630325
230.5050274843329
230.5050274843329
230.50512720563336
230.50522692693374
230.50522692693374
230.5053266482342
230.5054263695346
230.50552609083502
230.50562581213543
229.95568618257695
229.95568618257695
229.95568618257695
229.95568618257695
229.95568618257695
229.95568618257695
229.95568618257695
229.95568618257695
229.95568618257695
229.95568618257695
229.95568618257695
229.95568618257695
229.95568618257695
229.95568618257695
229.95568618257695
229.95568618257695
229.95568618257695
229.95568618257695
229.95568618257695
229.95568618257695
229.95568618257695
229.95568618257695
229.95568618257695
229.95568618257695
229.95568618257695
229.95568618257695
229.95568618257695
229.95568618257695
229.95578631838305
229.95578631838305
229.95578631838305
229.95578631838305
229.95578631838305
229.95578631838305
229.95578631838305
229.95578631838305
229.95578631838305
229.95578631838305
229.95578631838305
229.95578631838305
229.95578631838305
229.95578631838305
229.95578631838305
229.95578631838305
229.95578631838305
229.95578631838305
229.95578631838305
229.95588645418917
229.95588645418917
229.95588645418917
229.95588645418917
229.95588645418917
229.95588645418917
229.95588645418917
229.95588645418917
229.95598658999526
229.95598658999526
229.95598658999526
229.95598658999526
229.95598658999526
229.95598658999526
229.95608672580138
229.95608672580138
229.95608672580138
229.95618686160748
229.95618686160748
229.95618686160748
229.95618686160748
229.9562869974136
229.9562869974136
229.95638713321972
229.95638713321972
229.9564872690258
229.9564872690258
229.9565874048319
229.9565874048319
229.95668754063803
229.95678767644415
229.95678767644415
229.95688781225024
229.95698794805634
229.95708808386246
229.95718821966858
229.95728835547467
229.95738849128077
229.4004362000127
229.4004362000127
229.4004362000127
229.4004362000127
229.4004362000127
229.4004362000127
229.4004362000127
229.4004362000127
229.4004362000127
229.4004362000127
229.4004362000127
229.4004362000127
229.4004362000127
229.4004362000127
229.4004362000127
229.4004362000127
229.4004362000127
229.4004362000127
229.4004362000127
229.4004362000127
229.4004362000127
229.4004362000127
229.4004362000127
229.4004362000127
229.4004362000127
229.4004362000127
229.4004362000127
229.4004362000127
229.4004362000127
229.4004362000127
229.4004362000127
229.4004362000127
229.4004362000127
229.4004362000127
229.4004362000127
229.4004362000127
229.4004362000127
229.40053708118685
229.40053708118685
229.40053708118685
229.40053708118685
229.40053708118685
229.40053708118685
229.40053708118685
229.40053708118685
229.40053708118685
229.40053708118685
229.40053708118685
229.40053708118685
229.40063796236103
229.40063796236103
229.40063796236103
229.40063796236103
229.40063796236103
229.40063796236103
229.40063796236103
229.40073884353518
229.40073884353518
229.40073884353518
229.40073884353518
229.40083972470933
229.40083972470933
229.40083972470933
229.40083972470933
229.4009406058835
229.4009406058835
229.4009406058835
229.40104148705765
229.40104148705765
229.4011423682318
229.4011423682318
229.40124324940598
229.40124324940598
229.40134413058013
229.40134413058013
229.40144501175428
229.40154589292845
229.4016467741026
229.4016467741026
229.40174765527675
229.40184853645093
229.40194941762508
229.40205029879922
229.40225206114755
229.4023529423217
228.84051046618598
228.84051046618598
228.84051046618598
228.84051046618598
228.84051046618598
228.84051046618598
228.84051046618598
228.84051046618598
228.84051046618598
228.84051046618598
228.84051046618598
228.84051046618598
228.84051046618598
228.84051046618598
228.84051046618598
228.84051046618598
228.84051046618598
228.84051046618598
228.84051046618598
228.84051046618598
228.84051046618598
228.84051046618598
228.84051046618598
228.84051046618598
228.84051046618598
228.84051046618598
228.84051046618598
228.84051046618598
228.84051046618598
228.84051046618598
228.84051046618598
228.84051046618598
228.840611681973
228.840611681973
228.840611681973
228.840611681973
228.840611681973
228.840611681973
228.840611681973
228.840611681973
228.840611681973
228.840611681973
228.840611681973
228.840611681973
228.840611681973
228.840611681973
228.84071289776003
228.84071289776003
228.84071289776003
228.84071289776003
228.84071289776003
228.84071289776003
228.84071289776003
228.84071289776003
228.84081411354705
228.84081411354705
228.84081411354705
228.84081411354705
228.84091532933408
228.84091532933408
228.84091532933408
228.84091532933408
228.8410165451211
228.8410165451211
228.8410165451211
228.84111776090813
228.84111776090813
228.84121897669516
228.84121897669516
228.8413201924822
228.8413201924822
228.8414214082692
228.8414214082692
228.84152262405624
228.84162383984327
228.84162383984327
228.8417250556303
228.84182627141732
228.84192748720434
228.84202870299137
228.8421299187784
228.84223113456542
228.84233235035245
228.8425347819265
228.84263599771353
228.27533012161987
228.27533012161987
228.27533012161987
228.27533012161987
228.27533012161987
228.27543177276098
228.27543177276098
228.27543177276098
228.27543177276098
228.27543177276098
228.27543177276098
228.27543177276098
228.27543177276098
228.27543177276098
228.27543177276098
228.27543177276098
228.27543177276098
228.27543177276098
228.27543177276098
228.27543177276098
228.27543177276098
228.27543177276098
228.27543177276098
228.27543177276098
228.27543177276098
228.27543177276098
228.27543177276098
228.27543177276098
228.27543177276098
228.27543177276098
228.27543177276098
228.27543177276098
228.27543177276098
228.27543177276098
228.27543177276098
228.27543177276098
228.27543177276098
228.27543177276098
228.27543177276098
228.2755334239021
228.2755334239021
228.2755334239021
228.2755334239021
228.2755334239021
228.2755334239021
228.2755334239021
228.2755334239021
228.2755334239021
228.2755334239021
228.2756350750432
228.2756350750432
228.2756350750432
228.2756350750432
228.2756350750432
228.2756350750432
228.2757367261843
228.2757367261843
228.2757367261843
228.2757367261843
228.2758383773254
228.2758383773254
228.2758383773254
228.27594002846652
228.27594002846652
228.27594002846652
228.27604167960763
228.27604167960763
228.27614333074874
228.27614333074874
228.27624498188985
228.27624498188985
228.27634663303098
228.27644828417206
228.27654993531317
228.27654993531317
228.2766515864543
228.27675323759541
228.2768548887365
228.27695653987763
228.27705819101874
228.27715984215985
228.27726149330095
228.27746479558317
228.27756644672428
228.2777697490065
227.7045191779721
227.7045191779721
227.7045191779721
227.7045191779721
227.7045191779721
227.7045191779721
227.7045191779721
227.7045191779721
227.7045191779721
227.7045191779721
227.7045191779721
227.7045191779721
227.7045191779721
227.7045191779721
227.7045191779721
227.7045191779721
227.7045191779721
227.7045191779721
227.7045191779721
227.7045191779721
227.70462134567276
227.70462134567276
227.70462134567276
227.70462134567276
227.70462134567276
227.70462134567276
227.70462134567276
227.70462134567276
227.70462134567276
227.70462134567276
227.70462134567276
227.70462134567276
227.70462134567276
227.70462134567276
227.70462134567276
227.70462134567276
227.70462134567276
227.70462134567276
227.70462134567276
227.70462134567276
227.70462134567276
227.70472351337344
227.70472351337344
227.70472351337344
227.70472351337344
227.70472351337344
227.70472351337344
227.70472351337344
227.70472351337344
227.7048256810741
227.7048256810741
227.7048256810741
227.7048256810741
227.7048256810741
227.70492784877476
227.70492784877476
227.70492784877476
227.70492784877476
227.70503001647543
227.70503001647543
227.70503001647543
227.7051321841761
227.7051321841761
227.7051321841761
227.70523435187678
227.70523435187678
227.70533651957746
227.70533651957746
227.70543868727813
227.70543868727813
227.7055408549788
227.70564302267945
227.70564302267945
227.70574519038013
227.7058473580808
227.70594952578148
227.70605169348215
227.70615386118283
227.7062560288835
227.70635819658418
227.7065625319855
227.70666469968617
227.70676686738685
227.7069712027882
227.70717553818955
227.12866811753028
227.12866811753028
227.12866811753028
227.12866811753028
227.12866811753028
227.12866811753028
227.12866811753028
227.12866811753028
227.12866811753028
227.12866811753028
227.12866811753028
227.12866811753028
227.12866811753028
227.12866811753028
227.12866811753028
227.12866811753028
227.12866811753028
227.12866811753028
227.12866811753028
227.12866811753028
227.12866811753028
227.12866811753028
227.12866811753028
227.12877067337362
227.12877067337362
227.12877067337362
227.12877067337362
227.12877067337362
227.12877067337362
227.12877067337362
227.12877067337362
227.12877067337362
227.12877067337362
227.12877067337362
227.12877067337362
227.12877067337362
227.12877067337362
227.12877067337362
227.12877067337362
227.12877067337362
227.12877067337362
227.128873229217
227.128873229217
227.128873229217
227.128873229217
227.128873229217
227.128873229217
227.128873229217
227.12897578506033
227.12897578506033
227.12897578506033
227.12897578506033
227.12897578506033
227.12897578506033
227.1290783409037
227.1290783409037
227.1290783409037
227.12918089674704
227.12918089674704
227.12918089674704
227.1292834525904
227.1292834525904
227.1292834525904
227.12938600843376
227.12938600843376
227.12948856427712
227.12948856427712
227.12959112012047
227.12959112012047
227.12969367596384
227.1297962318072
227.12989878765055
227.12989878765055
227.1300013434939
227.13010389933726
227.13020645518063
227.13030901102397
227.1304115668673
227.13051412271068
227.1307192343974
227.13082179024073
227.1309243460841
227.1311294577708
227.13133456945752
227.1314371253009
226.54743709275482
226.54743709275482
226.54743709275482
226.54743709275482
226.54743709275482
226.54743709275482
226.54743709275482
226.54743709275482
226.54743709275482
226.54743709275482
226.54743709275482
226.54743709275482
226.54743709275482
226.54743709275482
226.54743709275482
226.54743709275482
226.54743709275482
226.54743709275482
226.54743709275482
226.54743709275482
226.54743709275482
226.54743709275482
226.54743709275482
226.54743709275482
226.54743709275482
226.54754009311364
226.54754009311364
226.54754009311364
226.54754009311364
226.54754009311364
226.54754009311364
226.54754009311364
226.54754009311364
226.54754009311364
226.54754009311364
226.54754009311364
226.54754009311364
226.54754009311364
226.54754009311364
226.54754009311364
226.54754009311364
226.54764309347246
226.54764309347246
226.54764309347246
226.54764309347246
226.54764309347246
226.54764309347246
226.54764309347246
226.54774609383125
226.54774609383125
226.54774609383125
226.54774609383125
226.54774609383125
226.54784909419007
226.54784909419007
226.54784909419007
226.54784909419007
226.5479520945489
226.5479520945489
226.5479520945489
226.5480550949077
226.5480550949077
226.5481580952665
226.5481580952665
226.54826109562532
226.54826109562532
226.54836409598414
226.54836409598414
226.54846709634293
226.54857009670175
226.54857009670175
226.54867309706057
226.5487760974194
226.54887909777818
226.548982098137
226.54908509849582
226.54918809885461
226.54929109921343
226.54949709993105
226.54960010028987
226.54970310064868
226.5499091013663
226.55011510208394
226.55021810244273
226.55042410316037
225.9613210712538
225.9613210712538
225.9613210712538
225.9613210712538
225.9613210712538
225.9613210712538
225.9613210712538
225.9613210712538
225.9613210712538
225.9613210712538
225.9613210712538
225.9613210712538
225.9613210712538
225.9613210712538
225.9613210712538
225.9613210712538
225.9613210712538
225.9613210712538
225.9613210712538
225.9613210712538
225.9613210712538
225.9613210712538
225.9613210712538
225.9613210712538
225.9613210712538
225.9613210712538
225.9613210712538
225.9613210712538
225.9613210712538
225.9613210712538
225.96142442445807
225.96142442445807
225.96142442445807
225.96142442445807
225.96142442445807
225.96142442445807
225.96142442445807
225.96142442445807
225.96142442445807
225.96142442445807
225.96142442445807
225.96142442445807
225.96152777766235
225.96152777766235
225.96152777766235
225.96152777766235
225.96152777766235
225.96152777766235
225.96163113086664
225.96163113086664
225.96163113086664
225.96163113086664
225.96163113086664
225.96173448407094
225.96173448407094
225.96173448407094
225.96173448407094
225.96183783727523
225.96183783727523
225.9619411904795
225.9619411904795
225.9619411904795
225.9620445436838
225.9620445436838
225.96214789688807
225.96214789688807
225.96225125009235
225.96235460329663
225.96235460329663
225.9624579565009
225.96256130970522
225.9626646629095
225.96276801611378
225.96287136931807
225.96297472252235
225.96307807572666
225.9631814289309
225.96328478213522
225.96349148854378
225.96359484174806
225.96380154815662
225.96390490136093
225.9641116077695
225.96431831417806
225.96452502058662
225.3707114338428
225.3707114338428
225.3707114338428
225.3707114338428
225.3707114338428
225.3707114338428
225.3707114338428
225.3707114338428
225.3707114338428
225.3707114338428
225.3707114338428
225.3707114338428
225.3707114338428
225.3707114338428
225.3707114338428
225.37081504956868
225.37081504956868
225.37081504956868
225.37081504956868
225.37081504956868
225.37081504956868
225.37081504956868
225.37081504956868
225.37081504956868
225.37081504956868
225.37081504956868
225.37081504956868
225.37081504956868
225.37081504956868
225.37081504956868
225.37081504956868
225.37081504956868
225.37081504956868
225.37081504956868
225.37081504956868
225.37081504956868
225.37091866529454
225.37091866529454
225.37091866529454
225.37091866529454
225.37091866529454
225.37091866529454
225.37091866529454
225.37091866529454
225.37091866529454
225.3710222810204
225.3710222810204
225.3710222810204
225.3710222810204
225.3710222810204
225.37112589674626
225.37112589674626
225.37112589674626
225.37112589674626
225.37122951247213
225.37122951247213
225.37122951247213
225.371333128198
225.371333128198
225.371333128198
225.37143674392385
225.37143674392385
225.3715403596497
225.3715403596497
225.37164397537558
225.37164397537558
225.37174759110144
225.3718512068273
225.3718512068273
225.37195482255316
225.37205843827903
225.3721620540049
225.37226566973075
225.3723692854566
225.37247290118248
225.37257651690834
225.37278374836004
225.37288736408593
225.3729909798118
225.37319821126349
225.37330182698935
225.37350905844107
225.3737162898928
225.37392352134452
225.37413075279625
224.77527583477024
224.77527583477024
224.77527583477024
224.77527583477024
224.77527583477024
224.77527583477024
224.77527583477024
224.77527583477024
224.77527583477024
224.77527583477024
224.77527583477024
224.77527583477024
224.77537978651588
224.77537978651588
224.77537978651588
224.77537978651588
224.77537978651588
224.77537978651588
224.77537978651588
224.77537978651588
224.77537978651588
224.77537978651588
224.77537978651588
224.77537978651588
224.77537978651588
224.77537978651588
224.77537978651588
224.77537978651588
224.77537978651588
224.77537978651588
224.77537978651588
224.77537978651588
224.77537978651588
224.77537978651588
224.77537978651588
224.77548373826153
224.77548373826153
224.77548373826153
224.77548373826153
224.77548373826153
224.77548373826153
224.77548373826153
224.77548373826153
224.77548373826153
224.77558769000717
224.77558769000717
224.77558769000717
224.77558769000717
224.77558769000717
224.77569164175284
224.77569164175284
224.77569164175284
224.77569164175284
224.7757955934985
224.7757955934985
224.7757955934985
224.77589954524413
224.77589954524413
224.77589954524413
224.77600349698977
224.77600349698977
224.77610744873542
224.77610744873542
224.7762114004811
224.7762114004811
224.77631535222673
224.77641930397238
224.77641930397238
224.77652325571802
224.77662720746366
224.7767311592093
224.77683511095495
224.77693906270062
224.77704301444626
224.7771469661919
224.77725091793755
224.77745882142887
224.7775627731745
224.7777706766658
224.77787462841144
224.77808253190275
224.77829043539404
224.77849833888533
224.77870624237661
224.77891414586793
224.17538388885606
224.17538388885606
224.17538388885606
224.17538388885606
224.17538388885606
224.17538388885606
224.17538388885606
224.17538388885606
224.17538388885606
224.17538388885606
224.17538388885606
224.17538388885606
224.17538388885606
224.17538388885606
224.17538388885606
224.17538388885606
224.17538388885606
224.17538388885606
224.17538388885606
224.17538388885606
224.17538388885606
224.17538388885606
224.17538388885606
224.17538388885606
224.17538388885606
224.17538388885606
224.17538388885606
224.17548810913854
224.17548810913854
224.17548810913854
224.17548810913854
224.17548810913854
224.17548810913854
224.17548810913854
224.17548810913854
224.17548810913854
224.17548810913854
224.17548810913854
224.17548810913854
224.175592329421
224.175592329421
224.175592329421
224.175592329421
224.175592329421
224.175592329421
224.175592329421
224.17569654970347
224.17569654970347
224.17569654970347
224.17569654970347
224.17569654970347
224.17580076998595
224.17580076998595
224.17580076998595
224.17590499026844
224.17590499026844
224.17590499026844
224.1760092105509
224.1760092105509
224.17611343083337
224.17611343083337
224.17621765111585
224.17621765111585
224.17632187139833
224.17632187139833
224.17642609168078
224.17653031196326
224.17653031196326
224.17663453224574
224.1767387525282
224.17684297281068
224.17694719309316
224.17705141337564
224.1771556336581
224.17725985394057
224.17746829450553
224.17757251478798
224.17778095535294
224.17788517563542
224.17809361620036
224.17830205676532
224.17851049733025
224.1787189378952
224.17892737846014
224.17913581902508
223.57134586148499
223.57134586148499
223.57134586148499
223.57134586148499
223.57134586148499
223.57134586148499
223.57134586148499
223.57134586148499
223.57134586148499
223.57134586148499
223.57134586148499
223.57134586148499
223.57134586148499
223.57134586148499
223.57134586148499
223.57134586148499
223.57134586148499
223.57134586148499
223.57134586148499
223.57134586148499
223.57134586148499
223.57134586148499
223.57134586148499
223.57134586148499
223.57134586148499
223.57134586148499
223.57134586148499
223.57134586148499
223.57134586148499
223.57134586148499
223.57145027601004
223.57145027601004
223.57145027601004
223.57145027601004
223.57145027601004
223.57145027601004
223.57145027601004
223.57145027601004
223.57145027601004
223.57145027601004
223.57155469053507
223.57155469053507
223.57155469053507
223.57155469053507
223.57155469053507
223.57155469053507
223.57165910506012
223.57165910506012
223.57165910506012
223.57165910506012
223.57165910506012
223.57176351958515
223.57176351958515
223.57176351958515
223.5718679341102
223.5718679341102
223.5718679341102
223.57197234863526
223.57197234863526
223.57207676316028
223.57207676316028
223.57218117768534
223.57218117768534
223.57228559221036
223.57239000673542
223.57239000673542
223.57249442126044
223.5725988357855
223.57270325031055
223.57270325031055
223.57280766483558
223.57291207936063
223.57312090841071
223.57322532293577
223.5733297374608
223.57343415198585
223.57364298103593
223.57374739556096
223.57395622461107
223.57416505366115
223.57437388271123
223.5745827117613
223.5747915408114
223.57500036986147
223.5753136134366
222.96342783794373
222.96342783794373
222.96342783794373
222.96342783794373
222.96342783794373
222.96342783794373
222.96342783794373
222.96342783794373
222.96342783794373
222.96342783794373
222.96342783794373
222.96342783794373
222.96342783794373
222.96342783794373
222.96342783794373
222.96342783794373
222.96342783794373
222.96342783794373
222.96342783794373
222.96342783794373
222.96342783794373
222.96342783794373
222.96342783794373
222.96342783794373
222.96342783794373
222.96342783794373
222.96342783794373
222.96342783794373
222.96342783794373
222.96353239900728
222.96353239900728
222.96353239900728
222.96353239900728
222.96353239900728
222.96353239900728
222.96353239900728
222.96353239900728
222.96353239900728
222.96353239900728
222.96353239900728
222.96363696007086
222.96363696007086
222.96363696007086
222.96363696007086
222.96363696007086
222.96363696007086
222.9637415211344
222.9637415211344
222.9637415211344
222.9637415211344
222.96384608219796
222.96384608219796
222.96384608219796
222.96384608219796
222.96395064326154
222.96395064326154
222.9640552043251
222.9640552043251
222.9640552043251
222.96415976538864
222.96415976538864
222.96426432645222
222.96436888751577
222.96436888751577
222.96447344857933
222.96457800964288
222.96457800964288
222.96468257070646
222.96478713177
222.96489169283356
222.96499625389714
222.9651008149607
222.96520537602427
222.96530993708782
222.96551905921493
222.9656236202785
222.9658327424056
222.9659373034692
222.9661464255963
222.96635554772342
222.96656466985053
222.96677379197766
222.9669829141048
222.96729659729547
222.9675057194226
222.35079593102935
222.35079593102935
222.35079593102935
222.35079593102935
222.35079593102935
222.35079593102935
222.35079593102935
222.35079593102935
222.35079593102935
222.35079593102935
222.35079593102935
222.35079593102935
222.35079593102935
222.35079593102935
222.35079593102935
222.35079593102935
222.35079593102935
222.35079593102935
222.35079593102935
222.35079593102935
222.35079593102935
222.35079593102935
222.35079593102935
222.35079593102935
222.35079593102935
222.35079593102935
222.35079593102935
222.35079593102935
222.35079593102935
222.3509007798924
222.3509007798924
222.3509007798924
222.3509007798924
222.3509007798924
222.3509007798924
222.3509007798924
222.3509007798924
222.3509007798924
222.3509007798924
222.3510056287555
222.3510056287555
222.3510056287555
222.3510056287555
222.3510056287555
222.3510056287555
222.35111047761856
222.35111047761856
222.35111047761856
222.35111047761856
222.35111047761856
222.35121532648162
222.35121532648162
222.35121532648162
222.3513201753447
222.3513201753447
222.3513201753447
222.35142502420777
222.35142502420777
222.35152987307086
222.35152987307086
222.35163472193392
222.35163472193392
222.35173957079698
222.35184441966004
222.35184441966004
222.35194926852313
222.3520541173862
222.35215896624925
222.35226381511234
222.3523686639754
222.35247351283846
222.35257836170155
222.3526832105646
222.3527880594277
222.35299775715382
222.35310260601688
222.35331230374302
222.35341715260608
222.35362685033223
222.35383654805838
222.3540462457845
222.35425594351065
222.35457049009986
222.354780187826
222.35509473441522
221.73481531635548
221.73481531635548
221.73481531635548
221.73481531635548
221.73481531635548
221.73481531635548
221.73481531635548
221.73481531635548
221.73481531635548
221.73481531635548
221.73481531635548
221.73481531635548
221.73481531635548
221.73481531635548
221.73481531635548
221.73481531635548
221.73481531635548
221.73481531635548
221.73481531635548
221.73481531635548
221.73481531635548
221.73481531635548
221.73481531635548
221.73481531635548
221.73481531635548
221.73481531635548
221.73481531635548
221.73481531635548
221.73481531635548
221.73481531635548
221.73492021768632
221.73492021768632
221.73492021768632
221.73492021768632
221.73492021768632
221.73492021768632
221.73492021768632
221.73492021768632
221.73492021768632
221.73492021768632
221.73502511901717
221.73502511901717
221.73502511901717
221.73502511901717
221.73502511901717
221.735130020348
221.735130020348
221.735130020348
221.735130020348
221.735130020348
221.73523492167882
221.73523492167882
221.73523492167882
221.73533982300967
221.73533982300967
221.73533982300967
221.7354447243405
221.7354447243405
221.73554962567135
221.73554962567135
221.73565452700217
221.73565452700217
221.735759428333
221.73586432966385
221.7359692309947
221.7359692309947
221.7360741323255
221.73617903365636
221.7362839349872
221.73638883631804
221.73649373764886
221.7365986389797
221.73670354031054
221.73691334297223
221.73701824430304
221.73722804696473
221.73733294829557
221.73754275095723
221.73775255361892
221.7379623562806
221.73817215894226
221.73838196160395
221.73869666559645
221.7389064682581
221.73922117225064
221.1151721291166
221.1151721291166
221.1151721291166
221.1151721291166
221.1151721291166
221.1151721291166
221.1151721291166
221.1151721291166
221.1151721291166
221.1151721291166
221.1151721291166
221.1151721291166
221.1151721291166
221.1151721291166
221.1151721291166
221.1151721291166
221.11527711779624
221.11527711779624
221.11527711779624
221.11527711779624
221.11527711779624
221.11527711779624
221.11527711779624
221.11527711779624
221.11527711779624
221.11527711779624
221.11527711779624
221.11527711779624
221.11527711779624
221.11527711779624
221.11527711779624
221.11527711779624
221.11527711779624
221.11527711779624
221.11538210647586
221.11538210647586
221.11538210647586
221.11538210647586
221.11538210647586
221.11538210647586
221.11538210647586
221.11548709515552
221.11548709515552
221.11548709515552
221.11548709515552
221.11548709515552
221.11548709515552
221.11559208383514
221.11559208383514
221.11559208383514
221.1156970725148
221.1156970725148
221.1156970725148
221.11580206119442
221.11580206119442
221.11580206119442
221.11590704987407
221.11590704987407
221.11601203855372
221.11601203855372
221.11611702723334
221.11611702723334
221.116222015913
221.11632700459262
221.11632700459262
221.11643199327227
221.11653698195192
221.11664197063155
221.1167469593112
221.11685194799085
221.11695693667048
221.1170619253501
221.1172719027094
221.11737689138906
221.11748188006868
221.11769185742796
221.11790183478723
221.11800682346689
221.11821680082616
221.11842677818544
221.11874174422437
221.11895172158364
221.11916169894292
221.11947666498185
221.11979163102077
220.49208608147384
220.49208608147384
220.49219113729035
220.49219113729035
220.49219113729035
220.49219113729035
220.49219113729035
220.49219113729035
220.49219113729035
220.49219113729035
220.49219113729035
220.49219113729035
220.49219113729035
220.49219113729035
220.49219113729035
220.49219113729035
220.49219113729035
220.49219113729035
220.49219113729035
220.49219113729035
220.49219113729035
220.49219113729035
220.49219113729035
220.49219113729035
220.49219113729035
220.49219113729035
220.49219113729035
220.49219113729035
220.49219113729035
220.49219113729035
220.49229619310685
220.49229619310685
220.49229619310685
220.49229619310685
220.49229619310685
220.49229619310685
220.49229619310685
220.49229619310685
220.49229619310685
220.49240124892333
220.49240124892333
220.49240124892333
220.49240124892333
220.49240124892333
220.49240124892333
220.49250630473983
220.49250630473983
220.49250630473983
220.49250630473983
220.49261136055634
220.49261136055634
220.49261136055634
220.49271641637284
220.49271641637284
220.49271641637284
220.49282147218932
220.49282147218932
220.49292652800582
220.49292652800582
220.49303158382233
220.49303158382233
220.4931366396388
220.4932416954553
220.4932416954553
220.49334675127182
220.49345180708832
220.4935568629048
220.4936619187213
220.4937669745378
220.49387203035428
220.4939770861708
220.4940821419873
220.49418719780377
220.49439730943678
220.49450236525328
220.49471247688626
220.49492258851924
220.49502764433575
220.49523775596876
220.49544786760174
220.49576303505123
220.49597314668424
220.49628831413372
220.4964984257667
220.49681359321622
219.86530463620733
219.86530463620733
219.86530463620733
219.86530463620733
219.86530463620733
219.86530463620733
219.86530463620733
219.86530463620733
219.86530463620733
219.86530463620733
219.86530463620733
219.86530463620733
219.86530463620733
219.86530463620733
219.86530463620733
219.86530463620733
219.86540980087935
219.86540980087935
219.86540980087935
219.86540980087935
219.86540980087935
219.86540980087935
219.86540980087935
219.86540980087935
219.86540980087935
219.86540980087935
219.86540980087935
219.86540980087935
219.86540980087935
219.86540980087935
219.86540980087935
219.86540980087935
219.86540980087935
219.86551496555137
219.86551496555137
219.86551496555137
219.86551496555137
219.86551496555137
219.86551496555137
219.86551496555137
219.86551496555137
219.8656201302234
219.8656201302234
219.8656201302234
219.8656201302234
219.8656201302234
219.8657252948954
219.8657252948954
219.8657252948954
219.8657252948954
219.86583045956746
219.86583045956746
219.86583045956746
219.86593562423946
219.86593562423946
219.8660407889115
219.8660407889115
219.86614595358353
219.86614595358353
219.86625111825555
219.86625111825555
219.86635628292757
219.8664614475996
219.8664614475996
219.8665666122716
219.86667177694366
219.86677694161565
219.8668821062877
219.86698727095973
219.86709243563175
219.86719760030377
219.8673027649758
219.86751309431983
219.86761825899185
219.86782858833593
219.86793375300795
219.868144082352
219.86835441169603
219.8685647410401
219.86877507038415
219.8689853997282
219.86930089374425
219.86951122308832
219.8698267171044
219.87014221112045
219.23593340431577
219.23593340431577
219.23593340431577
219.23593340431577
219.23593340431577
219.23593340431577
219.23593340431577
219.23593340431577
219.23593340431577
219.23593340431577
219.23593340431577
219.23593340431577
219.23593340431577
219.23593340431577
219.23593340431577
219.2360384746383
219.2360384746383
219.2360384746383
219.2360384746383
219.2360384746383
219.2360384746383
219.2360384746383
219.2360384746383
219.2360384746383
219.2360384746383
219.2360384746383
219.2360384746383
219.2360384746383
219.2360384746383
219.2360384746383
219.2360384746383
219.2360384746383
219.2360384746383
219.2361435449608
219.2361435449608
219.2361435449608
219.2361435449608
219.2361435449608
219.2361435449608
219.2361435449608
219.23624861528333
219.23624861528333
219.23624861528333
219.23624861528333
219.23624861528333
219.23624861528333
219.23635368560585
219.23635368560585
219.23635368560585
219.23645875592837
219.23645875592837
219.23645875592837
219.2365638262509
219.2365638262509
219.2365638262509
219.2366688965734
219.2366688965734
219.23677396689592
219.23677396689592
219.23687903721844
219.23687903721844
219.23698410754096
219.23708917786348
219.237194248186
219.237194248186
219.23729931850852
219.23740438883107
219.23750945915356
219.23761452947608
219.2377195997986
219.23782467012114
219.23803481076615
219.2381398810887
219.23824495141122
219.23845509205626
219.2386652327013
219.23877030302378
219.23898044366885
219.2391905843139
219.23950579528145
219.23971593592648
219.23992607657152
219.24024128753908
219.24055649850663
219.2408717094742
218.6036736085761
218.6036736085761
218.6036736085761
218.6036736085761
218.60377863512022
218.60377863512022
218.60377863512022
218.60377863512022
218.60377863512022
218.60377863512022
218.60377863512022
218.60377863512022
218.60377863512022
218.60377863512022
218.60377863512022
218.60377863512022
218.60377863512022
218.60377863512022
218.60377863512022
218.60377863512022
218.60377863512022
218.60377863512022
218.60377863512022
218.60377863512022
218.60377863512022
218.60377863512022
218.60377863512022
218.60377863512022
218.60377863512022
218.60377863512022
218.60388366166436
218.60388366166436
218.60388366166436
218.60388366166436
218.60388366166436
218.60388366166436
218.60388366166436
218.60388366166436
218.60388366166436
218.60398868820852
218.60398868820852
218.60398868820852
218.60398868820852
218.60398868820852
218.60409371475265
218.60409371475265
218.60409371475265
218.60409371475265
218.60419874129678
218.60419874129678
218.60419874129678
218.60419874129678
218.60430376784095
218.60430376784095
218.60440879438508
218.60440879438508
218.60451382092924
218.60451382092924
218.60461884747338
218.60461884747338
218.6047238740175
218.6047238740175
218.60482890056167
218.6049339271058
218.60503895364994
218.60514398019407
218.60524900673823
218.60535403328237
218.6054590598265
218.60556408637066
218.6056691129148
218.60577413945893
218.60598419254723
218.60608921909136
218.60629927217965
218.6064042987238
218.60661435181208
218.60682440490038
218.60703445798865
218.60724451107694
218.60755959070937
218.60776964379764
218.6080847234301
218.6083998030625
218.60871488269493
217.96868620944258
217.96868620944258
217.96868620944258
217.96868620944258
217.96868620944258
217.96868620944258
217.96868620944258
217.96868620944258
217.96868620944258
217.96868620944258
217.96868620944258
217.96868620944258
217.96868620944258
217.96868620944258
217.96868620944258
217.96868620944258
217.96868620944258
217.96868620944258
217.96868620944258
217.96868620944258
217.96868620944258
217.96868620944258
217.96868620944258
217.96868620944258
217.96868620944258
217.96868620944258
217.96879118338856
217.96879118338856
217.96879118338856
217.96879118338856
217.96879118338856
217.96879118338856
217.96879118338856
217.96879118338856
217.96879118338856
217.96879118338856
217.96879118338856
217.9688961573345
217.9688961573345
217.9688961573345
217.9688961573345
217.9688961573345
217.9688961573345
217.9690011312805
217.9690011312805
217.9690011312805
217.9690011312805
217.96910610522644
217.96910610522644
217.96910610522644
217.96910610522644
217.9692110791724
217.9692110791724
217.96931605311838
217.96931605311838
217.96931605311838
217.96942102706433
217.96942102706433
217.96952600101028
217.96963097495626
217.96963097495626
217.9697359489022
217.96984092284816
217.96984092284816
217.96994589679414
217.97005087074012
217.97015584468608
217.97026081863203
217.970365792578
217.97047076652396
217.97057574046994
217.97078568836184
217.97089066230782
217.97110061019976
217.9712055841457
217.97141553203764
217.97162547992957
217.9718354278215
217.9720453757134
217.97225532360534
217.97257024544325
217.97278019333515
217.97309511517304
217.97341003701095
217.97372495884883
217.33112348705183
217.33112348705183
217.33112348705183
217.33112348705183
217.33112348705183
217.33112348705183
217.33112348705183
217.33112348705183
217.33112348705183
217.33112348705183
217.33112348705183
217.33112348705183
217.33112348705183
217.33112348705183
217.33112348705183
217.33112348705183
217.33112348705183
217.33112348705183
217.33112348705183
217.33112348705183
217.33112348705183
217.33112348705183
217.33112348705183
217.33112348705183
217.3312283493417
217.3312283493417
217.3312283493417
217.3312283493417
217.3312283493417
217.3312283493417
217.3312283493417
217.3312283493417
217.3312283493417
217.3312283493417
217.3312283493417
217.3312283493417
217.33133321163157
217.33133321163157
217.33133321163157
217.33133321163157
217.33133321163157
217.33133321163157
217.33143807392142
217.33143807392142
217.33143807392142
217.33143807392142
217.33143807392142
217.3315429362113
217.3315429362113
217.3315429362113
217.33164779850117
217.33164779850117
217.33164779850117
217.33175266079104
217.33175266079104
217.33185752308088
217.33185752308088
217.33196238537076
217.33196238537076
217.33206724766063
217.33206724766063
217.33217210995048
217.33227697224035
217.33238183453022
217.33238183453022
217.3324866968201
217.33259155910997
217.33269642139982
217.3328012836897
217.33301100826944
217.33311587055928
217.33322073284916
217.3334304574289
217.33353531971878
217.3337450442985
217.33384990658837
217.3340596311681
217.33426935574784
217.33447908032758
217.33479366719718
217.3350033917769
217.33531797864651
217.33552770322623
217.33584229009583
217.3362617392553
216.69189265594164
216.69189265594164
216.69189265594164
216.69189265594164
216.69189265594164
216.69189265594164
216.69189265594164
216.69189265594164
216.69189265594164
216.69189265594164
216.69189265594164
216.69189265594164
216.69189265594164
216.69189265594164
216.69189265594164
216.69189265594164
216.69189265594164
216.69189265594164
216.69189265594164
216.69189265594164
216.69189265594164
216.69189265594164
216.69189265594164
216.69189265594164
216.69189265594164
216.69189265594164
216.69199727637226
216.69199727637226
216.69199727637226
216.69199727637226
216.69199727637226
216.69199727637226
216.69199727637226
216.69199727637226
216.69199727637226
216.69199727637226
216.69199727637226
216.69210189680288
216.69210189680288
216.69210189680288
216.69210189680288
216.69210189680288
216.69210189680288
216.6922065172335
216.6922065172335
216.6922065172335
216.6922065172335
216.69231113766415
216.69231113766415
216.69231113766415
216.69241575809474
216.69241575809474
216.69241575809474
216.6925203785254
216.6925203785254
216.692624998956
216.692624998956
216.69272961938663
216.69272961938663
216.69283423981724
216.69283423981724
216.69293886024786
216.6930434806785
216.69314810110913
216.69314810110913
216.69325272153975
216.69335734197037
216.693461962401
216.6935665828316
216.69377582369287
216.6938804441235
216.6939850645541
216.69419430541535
216.694298925846
216.69450816670724
216.69471740756848
216.6948220279991
216.69503126886036
216.69534513015222
216.69555437101346
216.69576361187472
216.69607747316658
216.69639133445844
216.69670519575033
216.69701905704218
216.0503240001613
216.0503240001613
216.0503240001613
216.0503240001613
216.0503240001613
216.0503240001613
216.0503240001613
216.0503240001613
216.0503240001613
216.0503240001613
216.0503240001613
216.0503240001613
216.0503240001613
216.0503240001613
216.0503240001613
216.0503240001613
216.0503240001613
216.05042847315525
216.05042847315525
216.05042847315525
216.05042847315525
216.05042847315525
216.05042847315525
216.05042847315525
216.05042847315525
216.05042847315525
216.05042847315525
216.05042847315525
216.05042847315525
216.05042847315525
216.05042847315525
216.05042847315525
216.05042847315525
216.0505329461492
216.0505329461492
216.0505329461492
216.0505329461492
216.0505329461492
216.0505329461492
216.0505329461492
216.05063741914313
216.05063741914313
216.05063741914313
216.05063741914313
216.05063741914313
216.05074189213707
216.05074189213707
216.05074189213707
216.05074189213707
216.050846365131
216.050846365131
216.050846365131
216.05095083812495
216.05095083812495
216.0510553111189
216.0510553111189
216.05115978411283
216.05115978411283
216.05126425710677
216.05126425710677
216.0513687301007
216.05147320309464
216.05147320309464
216.05157767608858
216.05168214908252
216.05178662207646
216.0518910950704
216.05199556806434
216.05210004105828
216.05220451405222
216.05230898704616
216.05251793303404
216.05262240602798
216.05283135201586
216.0529358250098
216.05314477099768
216.05335371698555
216.05356266297343
216.0537716089613
216.05408502794313
216.054293973931
216.05460739291283
216.0548163389007
216.0551297578825
216.05554764985825
215.4069139810214
215.4069139810214
215.4069139810214
215.4069139810214
215.4069139810214
215.4069139810214
215.4069139810214
215.4069139810214
215.4069139810214
215.4069139810214
215.4069139810214
215.4069139810214
215.4069139810214
215.4069139810214
215.4069139810214
215.4069139810214
215.4069139810214
215.4069139810214
215.4069139810214
215.4069139810214
215.40701824451503
215.40701824451503
215.40701824451503
215.40701824451503
215.40701824451503
215.40701824451503
215.40701824451503
215.40701824451503
215.40701824451503
215.40701824451503
215.40701824451503
215.40701824451503
215.40701824451503
215.40701824451503
215.40712250800865
215.40712250800865
215.40712250800865
215.40712250800865
215.40712250800865
215.40712250800865
215.40712250800865
215.40722677150228
215.40722677150228
215.40722677150228
215.40722677150228
215.40722677150228
215.40733103499588
215.40733103499588
215.40733103499588
215.4074352984895
215.4074352984895
215.4074352984895
215.40753956198313
215.40753956198313
215.40753956198313
215.40764382547675
215.40764382547675
215.40774808897038
215.407852352464
215.407852352464
215.40795661595763
215.40795661595763
215.40806087945126
215.40816514294485
215.40826940643848
215.4083736699321
215.40847793342573
215.40858219691935
215.40868646041298
215.4087907239066
215.4088949874002
215.40910351438745
215.40920777788108
215.40941630486833
215.40952056836196
215.40972909534918
215.40993762233643
215.41014614932368
215.41035467631093
215.41066746679178
215.41087599377903
215.4111887842599
215.41139731124713
215.41181436522163
215.41212715570248
214.762112908684
214.762112908684
214.762112908684
214.762112908684
214.762112908684
214.762112908684
214.762112908684
214.762112908684
214.762112908684
214.762112908684
214.762112908684
214.762112908684
214.762112908684
214.762112908684
214.762112908684
214.76221687531933
214.76221687531933
214.76221687531933
214.76221687531933
214.76221687531933
214.76221687531933
214.76221687531933
214.76221687531933
214.76221687531933
214.76221687531933
214.76221687531933
214.76221687531933
214.76221687531933
214.76221687531933
214.76221687531933
214.76221687531933
214.76221687531933
214.76232084195468
214.76232084195468
214.76232084195468
214.76232084195468
214.76232084195468
214.76232084195468
214.76232084195468
214.76232084195468
214.76242480859
214.76242480859
214.76242480859
214.76242480859
214.76242480859
214.76252877522535
214.76252877522535
214.76252877522535
214.76252877522535
214.76263274186067
214.76263274186067
214.76263274186067
214.762736708496
214.762736708496
214.76284067513134
214.76284067513134
214.76294464176667
214.76294464176667
214.76304860840202
214.76304860840202
214.76315257503734
214.76325654167266
214.76325654167266
214.763360508308
214.76346447494333
214.76356844157866
214.763672408214
214.76377637484933
214.76388034148465
214.76398430812
214.76419224139067
214.764296208026
214.76440017466135
214.76460810793202
214.76481604120266
214.76492000783801
214.76512794110866
214.76533587437933
214.76554380765
214.765855707556
214.76606364082667
214.76637554073267
214.76668744063866
214.7669993405447
214.76731124045068
214.1159928252399
214.1159928252399
214.1159928252399
214.1159928252399
214.1159928252399
214.1159928252399
214.1159928252399
214.1159928252399
214.1159928252399
214.1159928252399
214.1159928252399
214.1159928252399
214.1159928252399
214.1159928252399
214.1159928252399
214.1159928252399
214.1159928252399
214.1159928252399
214.1159928252399
214.1159928252399
214.1159928252399
214.1159928252399
214.1159928252399
214.1159928252399
214.1159928252399
214.1159928252399
214.1159928252399
214.1159928252399
214.1159928252399
214.11609650304536
214.11609650304536
214.11609650304536
214.11609650304536
214.11609650304536
214.11609650304536
214.11609650304536
214.11609650304536
214.11609650304536
214.11620018085077
214.11620018085077
214.11620018085077
214.11620018085077
214.11620018085077
214.1163038586562
214.1163038586562
214.1163038586562
214.1163038586562
214.1163038586562
214.11640753646165
214.11640753646165
214.11640753646165
214.11651121426706
214.11651121426706
214.1166148920725
214.1166148920725
214.1166148920725
214.11671856987792
214.11671856987792
214.11682224768336
214.1169259254888
214.1169259254888
214.1170296032942
214.11713328109965
214.11713328109965
214.1172369589051
214.1173406367105
214.11744431451595
214.11754799232136
214.1176516701268
214.11785902573766
214.1179627035431
214.11806638134854
214.1182737369594
214.1183774147648
214.1185847703757
214.11879212598654
214.118895803792
214.11910315940284
214.11941419281914
214.11962154843
214.11982890404084
214.12013993745714
214.12045097087343
214.12076200428973
214.12107303770603
213.4689574332138
213.4689574332138
213.4689574332138
213.4689574332138
213.4689574332138
213.4689574332138
213.4689574332138
213.4689574332138
213.4689574332138
213.4689574332138
213.4689574332138
213.4689574332138
213.4689574332138
213.4689574332138
213.4689574332138
213.4689574332138
213.4689574332138
213.4689574332138
213.4689574332138
213.4689574332138
213.4689574332138
213.4689574332138
213.4689574332138
213.4689574332138
213.4689574332138
213.46906072749732
213.46906072749732
213.46906072749732
213.46906072749732
213.46906072749732
213.46906072749732
213.46906072749732
213.46906072749732
213.46906072749732
213.46906072749732
213.46906072749732
213.46916402178087
213.46916402178087
213.46916402178087
213.46916402178087
213.46916402178087
213.46916402178087
213.4692673160644
213.4692673160644
213.4692673160644
213.4692673160644
213.4692673160644
213.4693706103479
213.4693706103479
213.4693706103479
213.46947390463146
213.46947390463146
213.46947390463146
213.46957719891498
213.46957719891498
213.46968049319852
213.46968049319852
213.46978378748204
213.46978378748204
213.46988708176556
213.4699903760491
213.4699903760491
213.47009367033263
213.47019696461615
213.4703002588997
213.4703002588997
213.47040355318322
213.47050684746674
213.4707134360338
213.47081673031732
213.47092002460087
213.4710233188844
213.47122990745146
213.47133320173498
213.47153979030205
213.47174637886908
213.47195296743615
213.4721595560032
213.47236614457026
213.47257273313733
213.4728826159879
213.47308920455498
213.47339908740557
213.47370897025615
213.47401885310674
212.82105686997755
212.82105686997755
212.82105686997755
212.82105686997755
212.82105686997755
212.82105686997755
212.82105686997755
212.82105686997755
212.82105686997755
212.82105686997755
212.82105686997755
212.82105686997755
212.82105686997755
212.82105686997755
212.82105686997755
212.82105686997755
212.82105686997755
212.82105686997755
212.82105686997755
212.82105686997755
212.82105686997755
212.82105686997755
212.82105686997755
212.82115979302176
212.82115979302176
212.82115979302176
212.82115979302176
212.82115979302176
212.82115979302176
212.82115979302176
212.82115979302176
212.82115979302176
212.82115979302176
212.82115979302176
212.82115979302176
212.82126271606595
212.82126271606595
212.82126271606595
212.82126271606595
212.82126271606595
212.82126271606595
212.82126271606595
212.82136563911016
212.82136563911016
212.82136563911016
212.82136563911016
212.82146856215437
212.82146856215437
212.82146856215437
212.82146856215437
212.82157148519855
212.82157148519855
212.82157148519855
212.82167440824276
212.82167440824276
212.82177733128694
212.82177733128694
212.82188025433115
212.82188025433115
212.82198317737536
212.82208610041954
212.82208610041954
212.82218902346375
212.82229194650796
212.82239486955214
212.82239486955214
212.82249779259635
212.82260071564053
212.82280656172895
212.82290948477313
212.82301240781734
212.82311533086155
212.82332117694995
212.82342409999416
212.82362994608255
212.82383579217094
212.82404163825933
212.82424748434775
212.82445333043614
212.82465917652453
212.82486502261293
212.82517379174553
212.82548256087813
212.82579133001073
212.82610009914333
212.17265782400165
212.17265782400165
212.17265782400165
212.17265782400165
212.17265782400165
212.17265782400165
212.17265782400165
212.17265782400165
212.17265782400165
212.17265782400165
212.17265782400165
212.17265782400165
212.17265782400165
212.17265782400165
212.17265782400165
212.17265782400165
212.17265782400165
212.17265782400165
212.17265782400165
212.17265782400165
212.17265782400165
212.17265782400165
212.17265782400165
212.17265782400165
212.17265782400165
212.17265782400165
212.17276032147967
212.17276032147967
212.17276032147967
212.17276032147967
212.17276032147967
212.17276032147967
212.17276032147967
212.17276032147967
212.17276032147967
212.17276032147967
212.17276032147967
212.1728628189577
212.1728628189577
212.1728628189577
212.1728628189577
212.1728628189577
212.1728628189577
212.17296531643572
212.17296531643572
212.17296531643572
212.17296531643572
212.17306781391375
212.17306781391375
212.17306781391375
212.17306781391375
212.17317031139177
212.17317031139177
212.1732728088698
212.1732728088698
212.1732728088698
212.17337530634782
212.17337530634782
212.17347780382585
212.17358030130387
212.17358030130387
212.1736827987819
212.17378529625992
212.17378529625992
212.17388779373792
212.17399029121594
212.17409278869397
212.174195286172
212.17429778365002
212.17440028112804
212.1746052760841
212.17470777356212
212.17481027104014
212.1750152659962
212.17511776347422
212.17532275843027
212.1755277533863
212.17573274834237
212.1759377432984
212.17614273825444
212.17645023068852
212.17665522564457
212.17696271807864
212.17727021051272
212.17757770294676
211.5240990809653
211.5240990809653
211.5240990809653
211.5240990809653
211.5240990809653
211.5240990809653
211.5240990809653
211.5240990809653
211.5240990809653
211.5240990809653
211.5240990809653
211.5240990809653
211.5240990809653
211.5240990809653
211.5240990809653
211.5240990809653
211.5240990809653
211.5240990809653
211.5240990809653
211.5240990809653
211.5240990809653
211.52420108768803
211.52420108768803
211.52420108768803
211.52420108768803
211.52420108768803
211.52420108768803
211.52420108768803
211.52420108768803
211.52420108768803
211.52420108768803
211.52420108768803
211.52420108768803
211.52420108768803
211.52420108768803
211.52430309441075
211.52430309441075
211.52430309441075
211.52430309441075
211.52430309441075
211.52430309441075
211.52430309441075
211.52440510113345
211.52440510113345
211.52440510113345
211.52440510113345
211.52450710785618
211.52450710785618
211.52450710785618
211.52450710785618
211.52460911457888
211.52460911457888
211.52460911457888
211.5247111213016
211.5247111213016
211.5248131280243
211.5248131280243
211.52491513474703
211.52491513474703
211.52501714146976
211.52501714146976
211.5251191481925
211.5252211549152
211.5253231616379
211.5253231616379
211.52542516836064
211.52552717508334
211.52562918180607
211.52573118852877
211.5258331952515
211.52603720869692
211.52613921541965
211.52624122214237
211.5264452355878
211.52654724231053
211.52675125575595
211.52695526920138
211.5271592826468
211.52736329609226
211.5275673095377
211.52787332970584
211.52807734315127
211.52838336331942
211.52868938348757
211.52899540365573
210.87569472769587
210.87569472769587
210.87569472769587
210.87569472769587
210.87569472769587
210.87569472769587
210.87569472769587
210.87569472769587
210.87569472769587
210.87569472769587
210.87569472769587
210.87569472769587
210.87569472769587
210.87569472769587
210.87569472769587
210.87569472769587
210.87569472769587
210.87569472769587
210.87569472769587
210.87569472769587
210.87569472769587
210.87569472769587
210.87569472769587
210.87569472769587
210.87569472769587
210.87569472769587
210.87569472769587
210.8757962153079
210.8757962153079
210.8757962153079
210.8757962153079
210.8757962153079
210.8757962153079
210.8757962153079
210.8757962153079
210.8757962153079
210.8757962153079
210.8757962153079
210.87589770291993
210.87589770291993
210.87589770291993
210.87589770291993
210.87589770291993
210.87589770291993
210.87599919053196
210.87599919053196
210.87599919053196
210.87599919053196
210.876100678144
210.876100678144
210.876100678144
210.87620216575604
210.87620216575604
210.87620216575604
210.87630365336807
210.87630365336807
210.8764051409801
210.8764051409801
210.87650662859213
210.87650662859213
210.87660811620415
210.87670960381618
210.87670960381618
210.8768110914282
210.87691257904027
210.8770140666523
210.87711555426432
210.87721704187635
210.87731852948838
210.8774200171004
210.87752150471243
210.87762299232446
210.87782596754855
210.87792745516057
210.87813043038463
210.87823191799666
210.8784348932207
210.87863786844477
210.87884084366885
210.8790438188929
210.87934828172902
210.87955125695308
210.87985571978916
210.88016018262527
210.88046464546136
210.22715698630572
210.2272579731854
210.2272579731854
210.2272579731854
210.2272579731854
210.2272579731854
210.2272579731854
210.2272579731854
210.2272579731854
210.2272579731854
210.2272579731854
210.2272579731854
210.2272579731854
210.2272579731854
210.2272579731854
210.2272579731854
210.2272579731854
210.2272579731854
210.2272579731854
210.2272579731854
210.2272579731854
210.2272579731854
210.2272579731854
210.2272579731854
210.2272579731854
210.2272579731854
210.2272579731854
210.2272579731854
210.2272579731854
210.2272579731854
210.22735896006512
210.22735896006512
210.22735896006512
210.22735896006512
210.22735896006512
210.22735896006512
210.22735896006512
210.22735896006512
210.22735896006512
210.2274599469448
210.2274599469448
210.2274599469448
210.2274599469448
210.2274599469448
210.2274599469448
210.2275609338245
210.2275609338245
210.2275609338245
210.2275609338245
210.22766192070418
210.22766192070418
210.22766192070418
210.2277629075839
210.2277629075839
210.22786389446358
210.22786389446358
210.22786389446358
210.22796488134327
210.22796488134327
210.22806586822296
210.22816685510264
210.22816685510264
210.22826784198233
210.22836882886205
210.22836882886205
210.22846981574173
210.22857080262142
210.2286717895011
210.22877277638082
210.2288737632605
210.2289747501402
210.22917672389957
210.2292777107793
210.22937869765897
210.22958067141835
210.22978264517775
210.22988363205744
210.23008560581684
210.2302875795762
210.2304895533356
210.23079251397468
210.23099448773405
210.23129744837314
210.23160040901223
210.2319033696513
209.5793653265519
209.5793653265519
209.5793653265519
209.5793653265519
209.5793653265519
209.5793653265519
209.5793653265519
209.5793653265519
209.57946571267615
209.57946571267615
209.57946571267615
209.57946571267615
209.57946571267615
209.57946571267615
209.57946571267615
209.57946571267615
209.57946571267615
209.57946571267615
209.57946571267615
209.57946571267615
209.57946571267615
209.57946571267615
209.57946571267615
209.57946571267615
209.57946571267615
209.57946571267615
209.57946571267615
209.57946571267615
209.57946571267615
209.57946571267615
209.57946571267615
209.5795660988004
209.5795660988004
209.5795660988004
209.5795660988004
209.5795660988004
209.5795660988004
209.5795660988004
209.5795660988004
209.5795660988004
209.57966648492464
209.57966648492464
209.57966648492464
209.57966648492464
209.57966648492464
209.5797668710489
209.5797668710489
209.5797668710489
209.5797668710489
209.57986725717313
209.57986725717313
209.57986725717313
209.57986725717313
209.57996764329738
209.57996764329738
209.58006802942162
209.58006802942162
209.58016841554587
209.58016841554587
209.58026880167012
209.58026880167012
209.58036918779436
209.5804695739186
209.5804695739186
209.58056996004285
209.5806703461671
209.58077073229134
209.5808711184156
209.58097150453983
209.58107189066408
209.58117227678832
209.58127266291257
209.5813730490368
209.5815738212853
209.58167420740955
209.58187497965804
209.58207575190653
209.58217613803077
209.58237691027927
209.582678068652
209.5828788409005
209.58307961314898
209.58338077152172
209.58368192989445
209.58388270214294
208.93257267358638
208.93257267358638
208.93257267358638
208.93257267358638
208.93257267358638
208.93257267358638
208.93257267358638
208.93257267358638
208.93257267358638
208.93257267358638
208.93257267358638
208.93257267358638
208.93257267358638
208.93257267358638
208.93257267358638
208.93257267358638
208.93257267358638
208.93257267358638
208.93267241031003
208.93267241031003
208.93267241031003
208.93267241031003
208.93267241031003
208.93267241031003
208.93267241031003
208.93267241031003
208.93267241031003
208.93267241031003
208.93267241031003
208.93267241031003
208.93267241031003
208.93267241031003
208.93267241031003
208.93267241031003
208.93277214703372
208.93277214703372
208.93277214703372
208.93277214703372
208.93277214703372
208.93277214703372
208.93277214703372
208.93277214703372
208.93287188375737
208.93287188375737
208.93287188375737
208.93287188375737
208.93287188375737
208.93297162048103
208.93297162048103
208.93297162048103
208.93297162048103
208.9330713572047
208.9330713572047
208.9330713572047
208.93317109392837
208.93317109392837
208.93327083065205
208.93327083065205
208.9333705673757
208.9333705673757
208.93347030409936
208.93347030409936
208.93357004082304
208.9336697775467
208.9336697775467
208.93376951427035
208.93386925099404
208.9339689877177
208.93406872444135
208.934168461165
208.93426819788868
208.93436793461234
208.93456740805968
208.93466714478333
208.93476688150702
208.93496635495433
208.93516582840167
208.93526556512532
208.93546503857266
208.93566451202
208.935963722191
208.9361631956383
208.93636266908564
208.93666187925663
208.93696108942763
208.2864751923906
208.2864751923906
208.2864751923906
208.2864751923906
208.2864751923906
208.2864751923906
208.2864751923906
208.2864751923906
208.2864751923906
208.2864751923906
208.2864751923906
208.2864751923906
208.2864751923906
208.2864751923906
208.2864751923906
208.2864751923906
208.2864751923906
208.2864751923906
208.2864751923906
208.2864751923906
208.2864751923906
208.2864751923906
208.2864751923906
208.2864751923906
208.2864751923906
208.2864751923906
208.2864751923906
208.2864751923906
208.2864751923906
208.2864751923906
208.2864751923906
208.2864751923906
208.2864751923906
208.2864751923906
208.2864751923906
208.2864751923906
208.2864751923906
208.2864751923906
208.2864751923906
208.2864751923906
208.2864751923906
208.2864751923906
208.2864751923906
208.2864751923906
208.2864751923906
208.2864751923906
208.2864751923906
208.2864751923906
208.2864751923906
208.2864751923906
208.2864751923906
208.28746644351241
208.28746644351241
208.28746644351241
208.28746644351241
208.28746644351241
208.28746644351241
208.28746644351241
208.28746644351241
208.28746644351241
208.28746644351241
208.28746644351241
208.28746644351241
208.28746644351241
208.28746644351241
208.28746644351241
208.28746644351241
208.28746644351241
208.28845769463422
208.28845769463422
208.28845769463422
208.28845769463422
208.28845769463422
208.28845769463422
208.28845769463422
208.28845769463422
208.28944894575605
208.28944894575605
208.28944894575605
208.28944894575605
208.28944894575605
208.29044019687785
208.29044019687785
208.29044019687785
208.29044019687785
207.64186030461767
207.64186030461767
207.64186030461767
207.64186030461767
207.64186030461767
207.64186030461767
207.64186030461767
207.64186030461767
207.64186030461767
207.64186030461767
207.64186030461767
207.64186030461767
207.64186030461767
207.64186030461767
207.64186030461767
207.64186030461767
207.64186030461767
207.64186030461767
207.64186030461767
207.64186030461767
207.64186030461767
207.64186030461767
207.64186030461767
207.64186030461767
207.64186030461767
207.64186030461767
207.64186030461767
207.64186030461767
207.64186030461767
207.64186030461767
207.64186030461767
207.64186030461767
207.64186030461767
207.64186030461767
207.64186030461767
207.64186030461767
207.64186030461767
207.64186030461767
207.64186030461767
207.64186030461767
207.64186030461767
207.64186030461767
207.64186030461767
207.64186030461767
207.64186030461767
207.64186030461767
207.64186030461767
207.64186030461767
207.64186030461767
207.64186030461767
207.64186030461767
207.64186030461767
207.6428444494845
207.6428444494845
207.6428444494845
207.6428444494845
207.6428444494845
207.6428444494845
207.6428444494845
207.6428444494845
207.6428444494845
207.6428444494845
207.6428444494845
207.6428444494845
207.6428444494845
207.6428444494845
207.6428444494845
207.6428444494845
207.6428444494845
207.6438285943513
207.6438285943513
207.6438285943513
207.6438285943513
207.6438285943513
207.6438285943513
207.6438285943513
207.6438285943513
207.64481273921814
207.64481273921814
207.64481273921814
207.64481273921814
207.64481273921814
207.64579688408497
207.64579688408497
207.64579688408497
206.99893615895436
206.99893615895436
206.99893615895436
206.99893615895436
206.99893615895436
206.99893615895436
206.99893615895436
206.99893615895436
206.99893615895436
206.99893615895436
206.99893615895436
206.99893615895436
206.99893615895436
206.99893615895436
206.99893615895436
206.99893615895436
206.99893615895436
206.99893615895436
206.99893615895436
206.99893615895436
206.99893615895436
206.99893615895436
206.99893615895436
206.99893615895436
206.99893615895436
206.99893615895436
206.99893615895436
206.99893615895436
206.99893615895436
206.99893615895436
206.99893615895436
206.99893615895436
206.99893615895436
206.99893615895436
206.99893615895436
206.99893615895436
206.99893615895436
206.99893615895436
206.99893615895436
206.99893615895436
206.99893615895436
206.99893615895436
206.99893615895436
206.99893615895436
206.99893615895436
206.99893615895436
206.99893615895436
206.99893615895436
206.99893615895436
206.99893615895436
206.99893615895436
206.99893615895436
206.99893615895436
206.99893615895436
206.99893615895436
206.99893615895436
206.99893615895436
206.99893615895436
206.99893615895436
206.99991324732164
206.99991324732164
206.99991324732164
206.99991324732164
206.99991324732164
206.99991324732164
206.99991324732164
206.99991324732164
206.99991324732164
206.99991324732164
206.99991324732164
206.99991324732164
206.99991324732164
207.00089033568892
207.00089033568892
207.00089033568892
207.00089033568892
207.00089033568892
207.00089033568892
207.00089033568892
207.00186742405617
207.00186742405617
207.00186742405617
207.00186742405617
207.00186742405617
207.00284451242345
206.35789901674903
206.35789901674903
206.35789901674903
206.35789901674903
206.35789901674903
206.35789901674903
206.35789901674903
206.35789901674903
206.35789901674903
206.35789901674903
206.35789901674903
206.35789901674903
206.35789901674903
206.35789901674903
206.35789901674903
206.35789901674903
206.35789901674903
206.35789901674903
206.35789901674903
206.35789901674903
206.35789901674903
206.35789901674903
206.35789901674903
206.35789901674903
206.35789901674903
206.35789901674903
206.35789901674903
206.35789901674903
206.35789901674903
206.35789901674903
206.35789901674903
206.35789901674903
206.35789901674903
206.35789901674903
206.35789901674903
206.35789901674903
206.35789901674903
206.35789901674903
206.35789901674903
206.35789901674903
206.35789901674903
206.35789901674903
206.35789901674903
206.35789901674903
206.3588673508007
206.3588673508007
206.3588673508007
206.3588673508007
206.3588673508007
206.3588673508007
206.3588673508007
206.3588673508007
206.3588673508007
206.3588673508007
206.3588673508007
206.3588673508007
206.3588673508007
206.3588673508007
206.3588673508007
206.3588673508007
206.3588673508007
206.3588673508007
206.3588673508007
206.3588673508007
206.3588673508007
206.3588673508007
206.3588673508007
206.3588673508007
206.35983568485238
206.35983568485238
206.35983568485238
206.35983568485238
206.35983568485238
206.35983568485238
206.35983568485238
206.35983568485238
206.35983568485238
206.36080401890405
206.36080401890405
206.36080401890405
206.36080401890405
206.36080401890405
206.3617723529557
206.3617723529557
206.3617723529557
205.7189341910581
205.7189341910581
205.7189341910581
205.7189341910581
205.7189341910581
205.7189341910581
205.7189341910581
205.7189341910581
205.7189341910581
205.7189341910581
205.7189341910581
205.7189341910581
205.7189341910581
205.7189341910581
205.7189341910581
205.7189341910581
205.7189341910581
205.7189341910581
205.7189341910581
205.7189341910581
205.7189341910581
205.7189341910581
205.7189341910581
205.7189341910581
205.7189341910581
205.7189341910581
205.7189341910581
205.7189341910581
205.71989504042003
205.71989504042003
205.71989504042003
205.71989504042003
205.71989504042003
205.71989504042003
205.71989504042003
205.71989504042003
205.71989504042003
205.71989504042003
205.71989504042003
205.71989504042003
205.71989504042003
205.71989504042003
205.71989504042003
205.71989504042003
205.71989504042003
205.71989504042003
205.71989504042003
205.71989504042003
205.71989504042003
205.71989504042003
205.71989504042003
205.71989504042003
205.71989504042003
205.71989504042003
205.71989504042003
205.71989504042003
205.71989504042003
205.71989504042003
205.71989504042003
205.71989504042003
205.71989504042003
205.71989504042003
205.71989504042003
205.71989504042003
205.71989504042003
205.71989504042003
205.71989504042003
205.72085588978197
205.72085588978197
205.72085588978197
205.72085588978197
205.72085588978197
205.72085588978197
205.72085588978197
205.72085588978197
205.72085588978197
205.72181673914392
205.72181673914392
205.72181673914392
205.72181673914392
205.72181673914392
205.72181673914392
205.7227775885059
205.7227775885059
205.7227775885059
205.08246003047418
205.08246003047418
205.08246003047418
205.08246003047418
205.08246003047418
205.08246003047418
205.08246003047418
205.08246003047418
205.08246003047418
205.08246003047418
205.08246003047418
205.08246003047418
205.08246003047418
205.08246003047418
205.08246003047418
205.08246003047418
205.08246003047418
205.08246003047418
205.08246003047418
205.08246003047418
205.08246003047418
205.08246003047418
205.08246003047418
205.08246003047418
205.08246003047418
205.08246003047418
205.08246003047418
205.08246003047418
205.08246003047418
205.08246003047418
205.08246003047418
205.08246003047418
205.08246003047418
205.08246003047418
205.08246003047418
205.08246003047418
205.08246003047418
205.08246003047418
205.08246003047418
205.08246003047418
205.08246003047418
205.08246003047418
205.08246003047418
205.08246003047418
205.08341283610378
205.08341283610378
205.08341283610378
205.08341283610378
205.08341283610378
205.08341283610378
205.08341283610378
205.08341283610378
205.08341283610378
205.08341283610378
205.08341283610378
205.08341283610378
205.08341283610378
205.08341283610378
205.08341283610378
205.08341283610378
205.08341283610378
205.08341283610378
205.08341283610378
205.08341283610378
205.08341283610378
205.08341283610378
205.08341283610378
205.08341283610378
205.08341283610378
205.0843656417334
205.0843656417334
205.0843656417334
205.0843656417334
205.0843656417334
205.0843656417334
205.0843656417334
205.0843656417334
205.0843656417334
205.08531844736302
205.08531844736302
205.08531844736302
205.08531844736302
205.08531844736302
205.08531844736302
205.08627125299265
204.4488661774842
204.4488661774842
204.4488661774842
204.4488661774842
204.4488661774842
204.4488661774842
204.4488661774842
204.4488661774842
204.4488661774842
204.4488661774842
204.4488661774842
204.4488661774842
204.4488661774842
204.4488661774842
204.4488661774842
204.4488661774842
204.4488661774842
204.4488661774842
204.4488661774842
204.4488661774842
204.4488661774842
204.4488661774842
204.4488661774842
204.4488661774842
204.4488661774842
204.4488661774842
204.4488661774842
204.4488661774842
204.4488661774842
204.4488661774842
204.4488661774842
204.4488661774842
204.4488661774842
204.4488661774842
204.4488661774842
204.4488661774842
204.4488661774842
204.4488661774842
204.4488661774842
204.4488661774842
204.4488661774842
204.4488661774842
204.4488661774842
204.4488661774842
204.4488661774842
204.4488661774842
204.4488661774842
204.4488661774842
204.4488661774842
204.4488661774842
204.4488661774842
204.4488661774842
204.4488661774842
204.4488661774842
204.4488661774842
204.4488661774842
204.4488661774842
204.4488661774842
204.4488661774842
204.4488661774842
204.4488661774842
204.4488661774842
204.4498104306183
204.4498104306183
204.4498104306183
204.4498104306183
204.4498104306183
204.4498104306183
204.4498104306183
204.4498104306183
204.4498104306183
204.4498104306183
204.4498104306183
204.4498104306183
204.4498104306183
204.45075468375242
204.45075468375242
204.45075468375242
204.45075468375242
204.45075468375242
204.45075468375242
204.45075468375242
204.45169893688654
204.45169893688654
204.45169893688654
203.81804865777065
203.81804865777065
203.81804865777065
203.81804865777065
203.81804865777065
203.81804865777065
203.81804865777065
203.81804865777065
203.81804865777065
203.81804865777065
203.81804865777065
203.81804865777065
203.81804865777065
203.81804865777065
203.81804865777065
203.81804865777065
203.81804865777065
203.81804865777065
203.81804865777065
203.81804865777065
203.81804865777065
203.81804865777065
203.81804865777065
203.81804865777065
203.81804865777065
203.81804865777065
203.81804865777065
203.81804865777065
203.81804865777065
203.81804865777065
203.81804865777065
203.81804865777065
203.81804865777065
203.81804865777065
203.81804865777065
203.81804865777065
203.81804865777065
203.81804865777065
203.81804865777065
203.81804865777065
203.81804865777065
203.81804865777065
203.81804865777065
203.81804865777065
203.81804865777065
203.81804865777065
203.81804865777065
203.81804865777065
203.81804865777065
203.81804865777065
203.81804865777065
203.81804865777065
203.81804865777065
203.81804865777065
203.81804865777065
203.81804865777065
203.81804865777065
203.81804865777065
203.81804865777065
203.8189832022443
203.8189832022443
203.8189832022443
203.8189832022443
203.8189832022443
203.8189832022443
203.8189832022443
203.8189832022443
203.8189832022443
203.8189832022443
203.8189832022443
203.8189832022443
203.8189832022443
203.8189832022443
203.8189832022443
203.8189832022443
203.81991774671795
203.81991774671795
203.81991774671795
203.81991774671795
203.81991774671795
203.81991774671795
203.81991774671795
203.82085229119158
203.82085229119158
203.82085229119158
203.19060289789067
203.19060289789067
203.19060289789067
203.19060289789067
203.19060289789067
203.19060289789067
203.19060289789067
203.19060289789067
203.19060289789067
203.19060289789067
203.19060289789067
203.19060289789067
203.19060289789067
203.19060289789067
203.19060289789067
203.19060289789067
203.19060289789067
203.19060289789067
203.19060289789067
203.19060289789067
203.19060289789067
203.19060289789067
203.19060289789067
203.19060289789067
203.19060289789067
203.19060289789067
203.19060289789067
203.19060289789067
203.19060289789067
203.19060289789067
203.19060289789067
203.19060289789067
203.19060289789067
203.19060289789067
203.19060289789067
203.19060289789067
203.19060289789067
203.19060289789067
203.19060289789067
203.19060289789067
203.19060289789067
203.19060289789067
203.19060289789067
203.19060289789067
203.19060289789067
203.19060289789067
203.19060289789067
203.19060289789067
203.19060289789067
203.19060289789067
203.19060289789067
203.19060289789067
203.19060289789067
203.19060289789067
203.19060289789067
203.19060289789067
203.19060289789067
203.19060289789067
203.19060289789067
203.19060289789067
203.19060289789067
203.19060289789067
203.19060289789067
203.19060289789067
203.19152833411468
203.19152833411468
203.19152833411468
203.19152833411468
203.19152833411468
203.19152833411468
203.19152833411468
203.19152833411468
203.19152833411468
203.19152833411468
203.19152833411468
203.19152833411468
203.19152833411468
203.19152833411468
203.1924537703387
203.1924537703387
203.1924537703387
203.1924537703387
203.1924537703387
203.1924537703387
203.1933792065627
202.56663323082196
202.56663323082196
202.56663323082196
202.56663323082196
202.56663323082196
202.56663323082196
202.56663323082196
202.56663323082196
202.56663323082196
202.56663323082196
202.56663323082196
202.56663323082196
202.56663323082196
202.56663323082196
202.56663323082196
202.56663323082196
202.56663323082196
202.56663323082196
202.56663323082196
202.56663323082196
202.56663323082196
202.56663323082196
202.56663323082196
202.56663323082196
202.56663323082196
202.56663323082196
202.56663323082196
202.56663323082196
202.56663323082196
202.56663323082196
202.56663323082196
202.56663323082196
202.56663323082196
202.56663323082196
202.56663323082196
202.56663323082196
202.56663323082196
202.56663323082196
202.56663323082196
202.56663323082196
202.56663323082196
202.56663323082196
202.56663323082196
202.56663323082196
202.56663323082196
202.56663323082196
202.56663323082196
202.56663323082196
202.56663323082196
202.56663323082196
202.56663323082196
202.56754814235725
202.56754814235725
202.56754814235725
202.56754814235725
202.56754814235725
202.56754814235725
202.56754814235725
202.56754814235725
202.56754814235725
202.56754814235725
202.56754814235725
202.56754814235725
202.56754814235725
202.56754814235725
202.56754814235725
202.56754814235725
202.56754814235725
202.56754814235725
202.56754814235725
202.56754814235725
202.56754814235725
202.56754814235725
202.56754814235725
202.56754814235725
202.56846305389257
202.56846305389257
202.56846305389257
202.56846305389257
202.56846305389257
202.56846305389257
202.56846305389257
202.56846305389257
202.56937796542783
202.56937796542783
201.94668098648705
201.94668098648705
201.94668098648705
201.94668098648705
201.94668098648705
201.94668098648705
201.94668098648705
201.94668098648705
201.94668098648705
201.94668098648705
201.94668098648705
201.94668098648705
201.94668098648705
201.94668098648705
201.94668098648705
201.94668098648705
201.94668098648705
201.94668098648705
201.94668098648705
201.94668098648705
201.94668098648705
201.94668098648705
201.94668098648705
201.94668098648705
201.94668098648705
201.94668098648705
201.94668098648705
201.94668098648705
201.94668098648705
201.94668098648705
201.94668098648705
201.94668098648705
201.94668098648705
201.94668098648705
201.94668098648705
201.94668098648705
201.94668098648705
201.94668098648705
201.94668098648705
201.94668098648705
201.94668098648705
201.94668098648705
201.94668098648705
201.94668098648705
201.94668098648705
201.94668098648705
201.94668098648705
201.94668098648705
201.94668098648705
201.94668098648705
201.94668098648705
201.9475860262598
201.9475860262598
201.9475860262598
201.9475860262598
201.9475860262598
201.9475860262598
201.9475860262598
201.9475860262598
201.9475860262598
201.9475860262598
201.9475860262598
201.9475860262598
201.9475860262598
201.9475860262598
201.9475860262598
201.9475860262598
201.9475860262598
201.9475860262598
201.9475860262598
201.9475860262598
201.9475860262598
201.9475860262598
201.9475860262598
201.9475860262598
201.9475860262598
201.94849106603257
201.94849106603257
201.94849106603257
201.94849106603257
201.94849106603257
201.94849106603257
201.94849106603257
201.94849106603257
201.94849106603257
201.3306007457935
201.3306007457935
201.3306007457935
201.3306007457935
201.3306007457935
201.3306007457935
201.3306007457935
201.3306007457935
201.3306007457935
201.3306007457935
201.3306007457935
201.3306007457935
201.3306007457935
201.3306007457935
201.3306007457935
201.3306007457935
201.3306007457935
201.3306007457935
201.3306007457935
201.3306007457935
201.3306007457935
201.3306007457935
201.3306007457935
201.3306007457935
201.3306007457935
201.3306007457935
201.3306007457935
201.3306007457935
201.3306007457935
201.3306007457935
201.3306007457935
201.3306007457935
201.3306007457935
201.3306007457935
201.3306007457935
201.3306007457935
201.3306007457935
201.3306007457935
201.3306007457935
201.3306007457935
201.3306007457935
201.3306007457935
201.3306007457935
201.3306007457935
201.3306007457935
201.3306007457935
201.3306007457935
201.3306007457935
201.3306007457935
201.3306007457935
201.3306007457935
201.3306007457935
201.3306007457935
201.3306007457935
201.3306007457935
201.3306007457935
201.3306007457935
201.3306007457935
201.3306007457935
201.3306007457935
201.3306007457935
201.3306007457935
201.3306007457935
201.3306007457935
201.3306007457935
201.3306007457935
201.3306007457935
201.33149621125963
201.33149621125963
201.33149621125963
201.33149621125963
201.33149621125963
201.33149621125963
201.33149621125963
201.33149621125963
201.33149621125963
201.33149621125963
201.33149621125963
201.33149621125963
201.33149621125963
201.33149621125963
201.33149621125963
201.33239167672576
201.33239167672576
201.33239167672576
200.71911172103572
200.71911172103572
200.71911172103572
200.71911172103572
200.71911172103572
200.71911172103572
200.71911172103572
200.71911172103572
200.71911172103572
200.71911172103572
200.71911172103572
200.71911172103572
200.71911172103572
200.71911172103572
200.71911172103572
200.71911172103572
200.71911172103572
200.71911172103572
200.71911172103572
200.71911172103572
200.71911172103572
200.71911172103572
200.71911172103572
200.71911172103572
200.71911172103572
200.71911172103572
200.71911172103572
200.71911172103572
200.71911172103572
200.71911172103572
200.71911172103572
200.71911172103572
200.71911172103572
200.71911172103572
200.71911172103572
200.71911172103572
200.71911172103572
200.71911172103572
200.71911172103572
200.71911172103572
200.71911172103572
200.71911172103572
200.71911172103572
200.71911172103572
200.71911172103572
200.71911172103572
200.71911172103572
200.71911172103572
200.71911172103572
200.71911172103572
200.71911172103572
200.71911172103572
200.71911172103572
200.71911172103572
200.71911172103572
200.71911172103572
200.71911172103572
200.71911172103572
200.71911172103572
200.71911172103572
200.71911172103572
200.71911172103572
200.71911172103572
200.71911172103572
200.7199953756958
200.7199953756958
200.7199953756958
200.7199953756958
200.7199953756958
200.7199953756958
200.7199953756958
200.7199953756958
200.7199953756958
200.7199953756958
200.7199953756958
200.7199953756958
200.7199953756958
200.7199953756958
200.7199953756958
200.7199953756958
200.7199953756958
200.7199953756958
200.72087903035583
200.72087903035583
200.72087903035583
200.11225747400667
200.11225747400667
200.11225747400667
200.11225747400667
200.11225747400667
200.11225747400667
200.11225747400667
200.11225747400667
200.11225747400667
200.11225747400667
200.11225747400667
200.11225747400667
200.11225747400667
200.11225747400667
200.11225747400667
200.11225747400667
200.11225747400667
200.11225747400667
200.11225747400667
200.11225747400667
200.11225747400667
200.11225747400667
200.11225747400667
200.11225747400667
200.11225747400667
200.11225747400667
200.11225747400667
200.11225747400667
200.11225747400667
200.11225747400667
200.11225747400667
200.11225747400667
200.11225747400667
200.11225747400667
200.11225747400667
200.11225747400667
200.11225747400667
200.11225747400667
200.11225747400667
200.11225747400667
200.11225747400667
200.11225747400667
200.11225747400667
200.11225747400667
200.11225747400667
200.11225747400667
200.11225747400667
200.11225747400667
200.11225747400667
200.11225747400667
200.11225747400667
200.11225747400667
200.11225747400667
200.11225747400667
200.11225747400667
200.11225747400667
200.11225747400667
200.11225747400667
200.11225747400667
200.11225747400667
200.11225747400667
200.11225747400667
200.11225747400667
200.11225747400667
200.11225747400667
200.11225747400667
200.11225747400667
200.11225747400667
200.11225747400667
200.11225747400667
200.11225747400667
200.11225747400667
200.11225747400667
200.11225747400667
200.11313064558513
200.11313064558513
200.11313064558513
200.11313064558513
200.11313064558513
200.11313064558513
200.11313064558513
200.11313064558513
200.11313064558513
200.11313064558513
200.11313064558513
199.51028622591414
199.51028622591414
199.51028622591414
199.51028622591414
199.51028622591414
199.51028622591414
199.51028622591414
199.51028622591414
199.51028622591414
199.51028622591414
199.51028622591414
199.51028622591414
199.51028622591414
199.51028622591414
199.51028622591414
199.51028622591414
199.51028622591414
199.51028622591414
199.51028622591414
199.51028622591414
199.51028622591414
199.51028622591414
199.51028622591414
199.51028622591414
199.51028622591414
199.51028622591414
199.51028622591414
199.51028622591414
199.51028622591414
199.51028622591414
199.51028622591414
199.51028622591414
199.51028622591414
199.51028622591414
199.51028622591414
199.51028622591414
199.51028622591414
199.51028622591414
199.51028622591414
199.51028622591414
199.51028622591414
199.51028622591414
199.51028622591414
199.51028622591414
199.51028622591414
199.51028622591414
199.51028622591414
199.51028622591414
199.51028622591414
199.51028622591414
199.51028622591414
199.51028622591414
199.51028622591414
199.51028622591414
199.51028622591414
199.51028622591414
199.51028622591414
199.51028622591414
199.51028622591414
199.51028622591414
199.51028622591414
199.51028622591414
199.51028622591414
199.51028622591414
199.51028622591414
199.51028622591414
199.51028622591414
199.51028622591414
199.51028622591414
199.51028622591414
199.51028622591414
199.51114741511026
199.51114741511026
199.51114741511026
199.51114741511026
199.51114741511026
199.51114741511026
199.51114741511026
199.51114741511026
199.51114741511026
199.51114741511026
199.51114741511026
199.51114741511026
199.51114741511026
199.51114741511026
198.91363343911658
198.91363343911658
198.91363343911658
198.91363343911658
198.91363343911658
198.91363343911658
198.91363343911658
198.91363343911658
198.91363343911658
198.91363343911658
198.91363343911658
198.91363343911658
198.91363343911658
198.91363343911658
198.91363343911658
198.91363343911658
198.91363343911658
198.91363343911658
198.91363343911658
198.91363343911658
198.91363343911658
198.91363343911658
198.91363343911658
198.91363343911658
198.91363343911658
198.91363343911658
198.91363343911658
198.91363343911658
198.91363343911658
198.91363343911658
198.91363343911658
198.91363343911658
198.91363343911658
198.91363343911658
198.91363343911658
198.91363343911658
198.91363343911658
198.91363343911658
198.91363343911658
198.91363343911658
198.91363343911658
198.91363343911658
198.91363343911658
198.91363343911658
198.91363343911658
198.91363343911658
198.91363343911658
198.91363343911658
198.91363343911658
198.91363343911658
198.91363343911658
198.91363343911658
198.91363343911658
198.91363343911658
198.91363343911658
198.91363343911658
198.91363343911658
198.91363343911658
198.91363343911658
198.91363343911658
198.91363343911658
198.91363343911658
198.91363343911658
198.91363343911658
198.91363343911658
198.91363343911658
198.91363343911658
198.91363343911658
198.91363343911658
198.91363343911658
198.91363343911658
198.91363343911658
198.91363343911658
198.91363343911658
198.91363343911658
198.91363343911658
198.91363343911658
198.91363343911658
198.91363343911658
198.91363343911658
198.91363343911658
198.91363343911658
198.9144833718613
198.9144833718613
198.9144833718613
198.32250847714477
198.32250847714477
198.32250847714477
198.32250847714477
198.32250847714477
198.32250847714477
198.32250847714477
198.32250847714477
198.32250847714477
198.32250847714477
198.32250847714477
198.32250847714477
198.32250847714477
198.32250847714477
198.32250847714477
198.32250847714477
198.32250847714477
198.32250847714477
198.32250847714477
198.32250847714477
198.32250847714477
198.32250847714477
198.32250847714477
198.32250847714477
198.32250847714477
198.32250847714477
198.32250847714477
198.32250847714477
198.32250847714477
198.32250847714477
198.32250847714477
198.32250847714477
198.32250847714477
198.32250847714477
198.32250847714477
198.32250847714477
198.32250847714477
198.32250847714477
198.32250847714477
198.32250847714477
198.32250847714477
198.32250847714477
198.32250847714477
198.32250847714477
198.32250847714477
198.32250847714477
198.32250847714477
198.32250847714477
198.32250847714477
198.32250847714477
198.32250847714477
198.32250847714477
198.32250847714477
198.32250847714477
198.32250847714477
198.32250847714477
198.32250847714477
198.32250847714477
198.32250847714477
198.32250847714477
198.32250847714477
198.32250847714477
198.32250847714477
198.32250847714477
198.32250847714477
198.32250847714477
198.32250847714477
198.32250847714477
198.32250847714477
198.32250847714477
198.32250847714477
198.32250847714477
198.32250847714477
198.32250847714477
198.32250847714477
198.32250847714477
198.32250847714477
198.32250847714477
198.32250847714477
198.32250847714477
198.32250847714477
198.3233457646263
198.3233457646263
198.3233457646263
198.3233457646263
197.7373041189201
197.7373041189201
197.7373041189201
197.7373041189201
197.7373041189201
197.7373041189201
197.7373041189201
197.7373041189201
197.7373041189201
197.7373041189201
197.7373041189201
197.7373041189201
197.7373041189201
197.7373041189201
197.7373041189201
197.7373041189201
197.7373041189201
197.7373041189201
197.7373041189201
197.7373041189201
197.7373041189201
197.7373041189201
197.7373041189201
197.7373041189201
197.7373041189201
197.7373041189201
197.7373041189201
197.7373041189201
197.7373041189201
197.7373041189201
197.7373041189201
197.7373041189201
197.7373041189201
197.7373041189201
197.7373041189201
197.7373041189201
197.7373041189201
197.7373041189201
197.7373041189201
197.7373041189201
197.7373041189201
197.7373041189201
197.7373041189201
197.7373041189201
197.7373041189201
197.7373041189201
197.7373041189201
197.7373041189201
197.7373041189201
197.7373041189201
197.7373041189201
197.7373041189201
197.7373041189201
197.7373041189201
197.7373041189201
197.7373041189201
197.7373041189201
197.7373041189201
197.7373041189201
197.7373041189201
197.7373041189201
197.7373041189201
197.7373041189201
197.7373041189201
197.7373041189201
197.7373041189201
197.7373041189201
197.7373041189201
197.7373041189201
197.7373041189201
197.7373041189201
197.7373041189201
197.7373041189201
197.7373041189201
197.7373041189201
197.7373041189201
197.7373041189201
197.7373041189201
197.7373041189201
197.7373041189201
197.7373041189201
197.7373041189201
197.7373041189201
197.7373041189201
197.7373041189201
197.15800427128568
197.15800427128568
197.15800427128568
197.15800427128568
197.15800427128568
197.15800427128568
197.15800427128568
197.15800427128568
197.15800427128568
197.15800427128568
197.15800427128568
197.15800427128568
197.15800427128568
197.15800427128568
197.15800427128568
197.15800427128568
197.15800427128568
197.15800427128568
197.15800427128568
197.15800427128568
197.15800427128568
197.15800427128568
197.15800427128568
197.15800427128568
197.15800427128568
197.15800427128568
197.15800427128568
197.15800427128568
197.15800427128568
197.15800427128568
197.15800427128568
197.15800427128568
197.15800427128568
197.15800427128568
197.15800427128568
197.15800427128568
197.15800427128568
197.15800427128568
197.15800427128568
197.15800427128568
197.15800427128568
197.15800427128568
197.15800427128568
197.15800427128568
197.15800427128568
197.15800427128568
197.15800427128568
197.15800427128568
197.15800427128568
197.15800427128568
197.15800427128568
197.15800427128568
197.15800427128568
197.15800427128568
197.15800427128568
197.15800427128568
197.15800427128568
197.15800427128568
197.15800427128568
197.15800427128568
197.15800427128568
197.15800427128568
197.15800427128568
197.15800427128568
197.15800427128568
197.15800427128568
197.15800427128568
197.15800427128568
197.15800427128568
197.15800427128568
197.15800427128568
197.15800427128568
197.15800427128568
197.15800427128568
197.15800427128568
197.15800427128568
197.15800427128568
197.15800427128568
197.15800427128568
197.15800427128568
197.15800427128568
197.15800427128568
197.15800427128568
197.15800427128568
197.15800427128568
196.58497394899055
196.58497394899055
196.58497394899055
196.58497394899055
196.58497394899055
196.58497394899055
196.58497394899055
196.58497394899055
196.58497394899055
196.58497394899055
196.58497394899055
196.58497394899055
196.58497394899055
196.58497394899055
196.58497394899055
196.58497394899055
196.58497394899055
196.58497394899055
196.58497394899055
196.58497394899055
196.58497394899055
196.58497394899055
196.58497394899055
196.58497394899055
196.58497394899055
196.58497394899055
196.58497394899055
196.58497394899055
196.58497394899055
196.58497394899055
196.58497394899055
196.58497394899055
196.58497394899055
196.58497394899055
196.58497394899055
196.58497394899055
196.58497394899055
196.58497394899055
196.58497394899055
196.58497394899055
196.58497394899055
196.58497394899055
196.58497394899055
196.58497394899055
196.58497394899055
196.58497394899055
196.58497394899055
196.58497394899055
196.58497394899055
196.58497394899055
196.58497394899055
196.58497394899055
196.58497394899055
196.58497394899055
196.58497394899055
196.58497394899055
196.58497394899055
196.58497394899055
196.58497394899055
196.58497394899055
196.58497394899055
196.58497394899055
196.58497394899055
196.58497394899055
196.58497394899055
196.58497394899055
196.58497394899055
196.58497394899055
196.58497394899055
196.58497394899055
196.58418751748962
196.58418751748962
196.58418751748962
196.58418751748962
196.58418751748962
196.58418751748962
196.58418751748962
196.58418751748962
196.58418751748962
196.58418751748962
196.58418751748962
196.58418751748962
196.58418751748962
196.58418751748962
196.58418751748962
196.0187432683252
196.0187432683252
196.0187432683252
196.0187432683252
196.0187432683252
196.0187432683252
196.0187432683252
196.0187432683252
196.0187432683252
196.0187432683252
196.0187432683252
196.0187432683252
196.0187432683252
196.0187432683252
196.0187432683252
196.0187432683252
196.0187432683252
196.0187432683252
196.0187432683252
196.0187432683252
196.0187432683252
196.0187432683252
196.0187432683252
196.0187432683252
196.0187432683252
196.0187432683252
196.0187432683252
196.0187432683252
196.0187432683252
196.0187432683252
196.0187432683252
196.0187432683252
196.0187432683252
196.0187432683252
196.0187432683252
196.0187432683252
196.0187432683252
196.0187432683252
196.0187432683252
196.0187432683252
196.0187432683252
196.0187432683252
196.0187432683252
196.0187432683252
196.0187432683252
196.0187432683252
196.0187432683252
196.0187432683252
196.0187432683252
196.0187432683252
196.0187432683252
196.0187432683252
196.0187432683252
196.0187432683252
196.0187432683252
196.0187432683252
196.0187432683252
196.0187432683252
196.0187432683252
196.0187432683252
196.0187432683252
196.0187432683252
196.0187432683252
196.0187432683252
196.0187432683252
196.0179707550378
196.0179707550378
196.0179707550378
196.0179707550378
196.0179707550378
196.0179707550378
196.0179707550378
196.0179707550378
196.0179707550378
196.0179707550378
196.0179707550378
196.0179707550378
196.0179707550378
196.0179707550378
196.0179707550378
196.0179707550378
196.0179707550378
196.0179707550378
196.0179707550378
196.0179707550378
195.45944364822267
195.45944364822267
195.45944364822267
195.45944364822267
195.45944364822267
195.45944364822267
195.45944364822267
195.45944364822267
195.45944364822267
195.45944364822267
195.45944364822267
195.45944364822267
195.45944364822267
195.45944364822267
195.45944364822267
195.45944364822267
195.45944364822267
195.45944364822267
195.45944364822267
195.45944364822267
195.45944364822267
195.45944364822267
195.45944364822267
195.45944364822267
195.45944364822267
195.45944364822267
195.45944364822267
195.45944364822267
195.45944364822267
195.45944364822267
195.45944364822267
195.45944364822267
195.45944364822267
195.45944364822267
195.45944364822267
195.45944364822267
195.45944364822267
195.45944364822267
195.45944364822267
195.45944364822267
195.45944364822267
195.45944364822267
195.45944364822267
195.45944364822267
195.45944364822267
195.45944364822267
195.45944364822267
195.45944364822267
195.45944364822267
195.45944364822267
195.45944364822267
195.45944364822267
195.45944364822267
195.45944364822267
195.45944364822267
195.45944364822267
195.45944364822267
195.45944364822267
195.45944364822267
195.45944364822267
195.45944364822267
195.45944364822267
195.45944364822267
195.45944364822267
195.45944364822267
195.45944364822267
195.45944364822267
195.45944364822267
195.45944364822267
195.45944364822267
195.45944364822267
195.45944364822267
195.45944364822267
195.45944364822267
195.45944364822267
195.45944364822267
195.45944364822267
195.45944364822267
195.4586840277863
195.4586840277863
195.4586840277863
195.4586840277863
195.4586840277863
195.4586840277863
195.4586840277863
194.9071995909832
194.9071995909832
194.9071995909832
194.9071995909832
194.9071995909832
194.9071995909832
194.9071995909832
194.9071995909832
194.9071995909832
194.9071995909832
194.9071995909832
194.9071995909832
194.9071995909832
194.9071995909832
194.9071995909832
194.9071995909832
194.9071995909832
194.9071995909832
194.9071995909832
194.9071995909832
194.9071995909832
194.9071995909832
194.9071995909832
194.9071995909832
194.9071995909832
194.9071995909832
194.9071995909832
194.9071995909832
194.9071995909832
194.9071995909832
194.9071995909832
194.9071995909832
194.9071995909832
194.9071995909832
194.9071995909832
194.9071995909832
194.9071995909832
194.9071995909832
194.9071995909832
194.9071995909832
194.9071995909832
194.9071995909832
194.9071995909832
194.9071995909832
194.9071995909832
194.9071995909832
194.9071995909832
194.9071995909832
194.9071995909832
194.9071995909832
194.9071995909832
194.9071995909832
194.9071995909832
194.9071995909832
194.9071995909832
194.9071995909832
194.9071995909832
194.9071995909832
194.9071995909832
194.9071995909832
194.9071995909832
194.9071995909832
194.9071995909832
194.9071995909832
194.9071995909832
194.9071995909832
194.9071995909832
194.9071995909832
194.9071995909832
194.90645418473653
194.90645418473653
194.90645418473653
194.90645418473653
194.90645418473653
194.90645418473653
194.90645418473653
194.90645418473653
194.90645418473653
194.90645418473653
194.90645418473653
194.90645418473653
194.90645418473653
194.90645418473653
194.90645418473653
194.90645418473653
194.3623076246594
194.3623076246594
194.3623076246594
194.3623076246594
194.3623076246594
194.3623076246594
194.3623076246594
194.3623076246594
194.3623076246594
194.3623076246594
194.3623076246594
194.3623076246594
194.3623076246594
194.3623076246594
194.3623076246594
194.3623076246594
194.3623076246594
194.3623076246594
194.3623076246594
194.3623076246594
194.3623076246594
194.3623076246594
194.3623076246594
194.3623076246594
194.3623076246594
194.3623076246594
194.3623076246594
194.3623076246594
194.3623076246594
194.3623076246594
194.3623076246594
194.3623076246594
194.3623076246594
194.3623076246594
194.3623076246594
194.3623076246594
194.3623076246594
194.3623076246594
194.3623076246594
194.3623076246594
194.3623076246594
194.3623076246594
194.3623076246594
194.3623076246594
194.3623076246594
194.3623076246594
194.3623076246594
194.3623076246594
194.3623076246594
194.3623076246594
194.3623076246594
194.3623076246594
194.3623076246594
194.3623076246594
194.3623076246594
194.3623076246594
194.3623076246594
194.3623076246594
194.3623076246594
194.3623076246594
194.3623076246594
194.3623076246594
194.3623076246594
194.3623076246594
194.3623076246594
194.3623076246594
194.3623076246594
194.3623076246594
194.3623076246594
194.3623076246594
194.3623076246594
194.36157590320855
194.36157590320855
194.36157590320855
194.36157590320855
194.36157590320855
194.36157590320855
194.36157590320855
194.36157590320855
194.36157590320855
194.36157590320855
194.36157590320855
194.36157590320855
194.36157590320855
194.36157590320855
193.82522407974005
193.82522407974005
193.82522407974005
193.82522407974005
193.82522407974005
193.82522407974005
193.82522407974005
193.82522407974005
193.82522407974005
193.82522407974005
193.82522407974005
193.82522407974005
193.82522407974005
193.82522407974005
193.82522407974005
193.82522407974005
193.82522407974005
193.82522407974005
193.82522407974005
193.82522407974005
193.82522407974005
193.82522407974005
193.82522407974005
193.82522407974005
193.82522407974005
193.82522407974005
193.82522407974005
193.82522407974005
193.82522407974005
193.82522407974005
193.82522407974005
193.82522407974005
193.82522407974005
193.82522407974005
193.82522407974005
193.82522407974005
193.82522407974005
193.82522407974005
193.82522407974005
193.82522407974005
193.82522407974005
193.82522407974005
193.82522407974005
193.82522407974005
193.82522407974005
193.82522407974005
193.82522407974005
193.8245079898455
193.8245079898455
193.8245079898455
193.8245079898455
193.8245079898455
193.8245079898455
193.8245079898455
193.8245079898455
193.8245079898455
193.8245079898455
193.8245079898455
193.8245079898455
193.8245079898455
193.8245079898455
193.8245079898455
193.8245079898455
193.8245079898455
193.8245079898455
193.8245079898455
193.8245079898455
193.8245079898455
193.8245079898455
193.8245079898455
193.8245079898455
193.8245079898455
193.8245079898455
193.8245079898455
193.8245079898455
193.8245079898455
193.8245079898455
193.82379189995095
193.82379189995095
193.82379189995095
193.82379189995095
193.82379189995095
193.82379189995095
193.82379189995095
193.82379189995095
193.29603364767058
193.29603364767058
193.29603364767058
193.29603364767058
193.29603364767058
193.29603364767058
193.29603364767058
193.29603364767058
193.29603364767058
193.29603364767058
193.29603364767058
193.29603364767058
193.29603364767058
193.29603364767058
193.29603364767058
193.29603364767058
193.29603364767058
193.29603364767058
193.29603364767058
193.29603364767058
193.29603364767058
193.29603364767058
193.29603364767058
193.29603364767058
193.29603364767058
193.29603364767058
193.29603364767058
193.29603364767058
193.29603364767058
193.29603364767058
193.29603364767058
193.29603364767058
193.29603364767058
193.29603364767058
193.29603364767058
193.29603364767058
193.29603364767058
193.29603364767058
193.29603364767058
193.29603364767058
193.29603364767058
193.29603364767058
193.29603364767058
193.29603364767058
193.29603364767058
193.29603364767058
193.29603364767058
193.29603364767058
193.29603364767058
193.29603364767058
193.29603364767058
193.29603364767058
193.29603364767058
193.29603364767058
193.29603364767058
193.29603364767058
193.29603364767058
193.29603364767058
193.29603364767058
193.29603364767058
193.29603364767058
193.29603364767058
193.29603364767058
193.29603364767058
193.29603364767058
193.29603364767058
193.29603364767058
193.29603364767058
193.29603364767058
193.29603364767058
193.29603364767058
193.29603364767058
193.29603364767058
193.2953307136553
193.2953307136553
193.2953307136553
193.2953307136553
193.2953307136553
193.2953307136553
193.2953307136553
193.2953307136553
193.2953307136553
193.2953307136553
193.29462777964
193.29462777964
192.77515954234107
192.77515954234107
192.77515954234107
192.77515954234107
192.77515954234107
192.77515954234107
192.77515954234107
192.77515954234107
192.77515954234107
192.77515954234107
192.77515954234107
192.77515954234107
192.77515954234107
192.77515954234107
192.77515954234107
192.77515954234107
192.77515954234107
192.77515954234107
192.77515954234107
192.77515954234107
192.77515954234107
192.77515954234107
192.77515954234107
192.77515954234107
192.77515954234107
192.77515954234107
192.77515954234107
192.77515954234107
192.77515954234107
192.77515954234107
192.77515954234107
192.77515954234107
192.77515954234107
192.77515954234107
192.77515954234107
192.77515954234107
192.77515954234107
192.77515954234107
192.77515954234107
192.77515954234107
192.77515954234107
192.77515954234107
192.77447277943804
192.77447277943804
192.77447277943804
192.77447277943804
192.77447277943804
192.77447277943804
192.77447277943804
192.77447277943804
192.77447277943804
192.77447277943804
192.77447277943804
192.77447277943804
192.77447277943804
192.77447277943804
192.77447277943804
192.77447277943804
192.77447277943804
192.77447277943804
192.77447277943804
192.77447277943804
192.77447277943804
192.77447277943804
192.77447277943804
192.77447277943804
192.77447277943804
192.77447277943804
192.77447277943804
192.77447277943804
192.77447277943804
192.77447277943804
192.77447277943804
192.77378601653498
192.77378601653498
192.77378601653498
192.77378601653498
192.77378601653498
192.77378601653498
192.77378601653498
192.77378601653498
192.77378601653498
192.77309925363193
192.77309925363193
192.77309925363193
192.2628344166661
192.2628344166661
192.2628344166661
192.2628344166661
192.2628344166661
192.2628344166661
192.2628344166661
192.2628344166661
192.2628344166661
192.2628344166661
192.2628344166661
192.2628344166661
192.2628344166661
192.2628344166661
192.2628344166661
192.2628344166661
192.2628344166661
192.2628344166661
192.2628344166661
192.2628344166661
192.2628344166661
192.2628344166661
192.2628344166661
192.2628344166661
192.2628344166661
192.2628344166661
192.2628344166661
192.2628344166661
192.2628344166661
192.2628344166661
192.2628344166661
192.2628344166661
192.2628344166661
192.2628344166661
192.2628344166661
192.2628344166661
192.2628344166661
192.2628344166661
192.2628344166661
192.2628344166661
192.2628344166661
192.2628344166661
192.2628344166661
192.2628344166661
192.2628344166661
192.2628344166661
192.2628344166661
192.2628344166661
192.2628344166661
192.2628344166661
192.2628344166661
192.2628344166661
192.2628344166661
192.2628344166661
192.2628344166661
192.2628344166661
192.2628344166661
192.2628344166661
192.2628344166661
192.2628344166661
192.2628344166661
192.2621618916903
192.2621618916903
192.2621618916903
192.2621618916903
192.2621618916903
192.2621618916903
192.2621618916903
192.2621618916903
192.2621618916903
192.2621618916903
192.2621618916903
192.2621618916903
192.2621618916903
192.2621618916903
192.2621618916903
192.2614893667145
192.2614893667145
192.2614893667145
192.2614893667145
192.2614893667145
192.2614893667145
192.2614893667145
192.2614893667145
192.2608168417387
191.75911320978747
191.75911320978747
191.75911320978747
191.75911320978747
191.75911320978747
191.75911320978747
191.75911320978747
191.75911320978747
191.75911320978747
191.75911320978747
191.75911320978747
191.75911320978747
191.75911320978747
191.75911320978747
191.75911320978747
191.75911320978747
191.75911320978747
191.75911320978747
191.75911320978747
191.75911320978747
191.75911320978747
191.75911320978747
191.75911320978747
191.75911320978747
191.75911320978747
191.75911320978747
191.75911320978747
191.75911320978747
191.75911320978747
191.75911320978747
191.75911320978747
191.75911320978747
191.75911320978747
191.75911320978747
191.75911320978747
191.75911320978747
191.75911320978747
191.75911320978747
191.75911320978747
191.75911320978747
191.75911320978747
191.75911320978747
191.75911320978747
191.75911320978747
191.75911320978747
191.75911320978747
191.75911320978747
191.75845640978685
191.75845640978685
191.75845640978685
191.75845640978685
191.75845640978685
191.75845640978685
191.75845640978685
191.75845640978685
191.75845640978685
191.75845640978685
191.75845640978685
191.75845640978685
191.75845640978685
191.75845640978685
191.75845640978685
191.75845640978685
191.75845640978685
191.75845640978685
191.75845640978685
191.75845640978685
191.75845640978685
191.75845640978685
191.75845640978685
191.75845640978685
191.75779960978622
191.75779960978622
191.75779960978622
191.75779960978622
191.75779960978622
191.75779960978622
191.75779960978622
191.75779960978622
191.75779960978622
191.7571428097856
191.7571428097856
191.7571428097856
191.7571428097856
191.7571428097856
191.2645428093167
191.2645428093167
191.2645428093167
191.2645428093167
191.2645428093167
191.2645428093167
191.2645428093167
191.2645428093167
191.2645428093167
191.2645428093167
191.2645428093167
191.2645428093167
191.2645428093167
191.2645428093167
191.2645428093167
191.2645428093167
191.2645428093167
191.2645428093167
191.2645428093167
191.2645428093167
191.2645428093167
191.2645428093167
191.2645428093167
191.2645428093167
191.2645428093167
191.2645428093167
191.2645428093167
191.2645428093167
191.2645428093167
191.2645428093167
191.2645428093167
191.2645428093167
191.2645428093167
191.2645428093167
191.2645428093167
191.2645428093167
191.2645428093167
191.2645428093167
191.2645428093167
191.2645428093167
191.2645428093167
191.26390182688579
191.26390182688579
191.26390182688579
191.26390182688579
191.26390182688579
191.26390182688579
191.26390182688579
191.26390182688579
191.26390182688579
191.26390182688579
191.26390182688579
191.26390182688579
191.26390182688579
191.26390182688579
191.26390182688579
191.26390182688579
191.26390182688579
191.26390182688579
191.26390182688579
191.26390182688579
191.26390182688579
191.26390182688579
191.26390182688579
191.26390182688579
191.26390182688579
191.26390182688579
191.26390182688579
191.26390182688579
191.2632608444549
191.2632608444549
191.2632608444549
191.2632608444549
191.2632608444549
191.2632608444549
191.2632608444549
191.2632608444549
191.2632608444549
191.2632608444549
191.26261986202397
191.26261986202397
191.26261986202397
191.26261986202397
191.26261986202397
191.26197887959307
190.77931910911943
190.77931910911943
190.77931910911943
190.77931910911943
190.77931910911943
190.77931910911943
190.77931910911943
190.77931910911943
190.77931910911943
190.77931910911943
190.77931910911943
190.77931910911943
190.77931910911943
190.77931910911943
190.77931910911943
190.77931910911943
190.77931910911943
190.77931910911943
190.77931910911943
190.77931910911943
190.77931910911943
190.77931910911943
190.77931910911943
190.77931910911943
190.77931910911943
190.77931910911943
190.77931910911943
190.77931910911943
190.77931910911943
190.77931910911943
190.77931910911943
190.77931910911943
190.77931910911943
190.77931910911943
190.77931910911943
190.77931910911943
190.77931910911943
190.77931910911943
190.77931910911943
190.77931910911943
190.77931910911943
190.77931910911943
190.77931910911943
190.77931910911943
190.77931910911943
190.77931910911943
190.77931910911943
190.77931910911943
190.77931910911943
190.778694025017
190.778694025017
190.778694025017
190.778694025017
190.778694025017
190.778694025017
190.778694025017
190.778694025017
190.778694025017
190.778694025017
190.778694025017
190.778694025017
190.778694025017
190.778694025017
190.778694025017
190.778694025017
190.778694025017
190.778694025017
190.778694025017
190.778694025017
190.778694025017
190.77806894091458
190.77806894091458
190.77806894091458
190.77806894091458
190.77806894091458
190.77806894091458
190.77806894091458
190.77806894091458
190.77744385681214
190.77744385681214
190.77744385681214
190.77744385681214
190.77744385681214
190.77744385681214
190.7768187727097
190.3036301071707
190.3036301071707
190.3036301071707
190.3036301071707
190.3036301071707
190.3036301071707
190.3036301071707
190.3036301071707
190.3036301071707
190.3036301071707
190.3036301071707
190.3036301071707
190.3036301071707
190.3036301071707
190.3036301071707
190.3036301071707
190.3036301071707
190.3036301071707
190.3036301071707
190.3036301071707
190.3036301071707
190.3036301071707
190.3036301071707
190.3036301071707
190.3036301071707
190.3036301071707
190.3036301071707
190.3036301071707
190.3036301071707
190.3036301071707
190.3036301071707
190.3036301071707
190.3036301071707
190.3036301071707
190.3036301071707
190.3036301071707
190.3036301071707
190.3036301071707
190.3036301071707
190.3036301071707
190.3036301071707
190.3036301071707
190.3036301071707
190.3036301071707
190.3036301071707
190.3036301071707
190.3036301071707
190.3036301071707
190.3036301071707
190.3036301071707
190.3036301071707
190.3036301071707
190.3036301071707
190.3036301071707
190.3036301071707
190.3036301071707
190.3036301071707
190.3036301071707
190.3036301071707
190.30302019433856
190.30302019433856
190.30302019433856
190.30302019433856
190.30302019433856
190.30302019433856
190.30302019433856
190.30302019433856
190.30302019433856
190.30302019433856
190.30302019433856
190.30302019433856
190.30302019433856
190.30302019433856
190.30241028150638
190.30241028150638
190.30241028150638
190.30241028150638
190.30241028150638
190.30241028150638
190.30241028150638
190.30180036867424
190.30180036867424
190.30180036867424
190.30180036867424
190.30119045584206
189.83765670340037
189.83765670340037
189.83765670340037
189.83765670340037
189.83765670340037
189.83765670340037
189.83765670340037
189.83765670340037
189.83765670340037
189.83765670340037
189.83765670340037
189.83765670340037
189.83765670340037
189.83765670340037
189.83765670340037
189.83765670340037
189.83765670340037
189.83765670340037
189.83765670340037
189.83765670340037
189.83765670340037
189.83765670340037
189.83765670340037
189.83765670340037
189.83765670340037
189.83765670340037
189.83765670340037
189.83765670340037
189.83765670340037
189.83765670340037
189.83765670340037
189.83765670340037
189.83765670340037
189.83765670340037
189.83765670340037
189.83765670340037
189.83765670340037
189.83765670340037
189.83765670340037
189.83765670340037
189.83765670340037
189.83706382107502
189.83706382107502
189.83706382107502
189.83706382107502
189.83706382107502
189.83706382107502
189.83706382107502
189.83706382107502
189.83706382107502
189.83706382107502
189.83706382107502
189.83706382107502
189.83706382107502
189.83706382107502
189.83706382107502
189.83706382107502
189.83706382107502
189.83706382107502
189.83706382107502
189.83706382107502
189.83706382107502
189.83706382107502
189.83706382107502
189.83706382107502
189.83706382107502
189.83706382107502
189.83647093874967
189.83647093874967
189.83647093874967
189.83647093874967
189.83647093874967
189.83647093874967
189.83647093874967
189.83647093874967
189.83647093874967
189.83587805642432
189.83587805642432
189.83587805642432
189.83587805642432
189.83587805642432
189.83528517409897
189.83528517409897
189.83528517409897
189.83528517409897
189.3817301952068
189.3817301952068
189.3817301952068
189.3817301952068
189.3817301952068
189.3817301952068
189.3817301952068
189.3817301952068
189.3817301952068
189.3817301952068
189.3817301952068
189.3817301952068
189.3817301952068
189.3817301952068
189.3817301952068
189.3817301952068
189.3817301952068
189.3817301952068
189.3817301952068
189.3817301952068
189.3817301952068
189.3817301952068
189.3817301952068
189.3817301952068
189.3817301952068
189.3817301952068
189.3817301952068
189.3817301952068
189.3817301952068
189.3817301952068
189.3817301952068
189.3817301952068
189.3817301952068
189.3817301952068
189.3817301952068
189.3817301952068
189.3817301952068
189.3817301952068
189.3817301952068
189.3817301952068
189.3817301952068
189.3817301952068
189.3817301952068
189.3817301952068
189.3817301952068
189.3817301952068
189.3817301952068
189.3817301952068
189.3817301952068
189.3817301952068
189.3817301952068
189.3817301952068
189.3817301952068
189.3817301952068
189.3817301952068
189.3817301952068
189.3817301952068
189.3817301952068
189.3817301952068
189.3817301952068
189.3817301952068
189.3817301952068
189.3811530436301
189.3811530436301
189.3811530436301
189.3811530436301
189.3811530436301
189.3811530436301
189.3811530436301
189.3811530436301
189.3811530436301
189.3811530436301
189.3811530436301
189.3805758920534
189.3805758920534
189.3805758920534
189.3805758920534
189.3805758920534
189.3805758920534
189.3799987404767
189.3799987404767
189.3799987404767
189.3799987404767
189.3799987404767
189.3794215889
188.9361691779912
188.9361691779912
188.9361691779912
188.9361691779912
188.9361691779912
188.9361691779912
188.9361691779912
188.9361691779912
188.9361691779912
188.9361691779912
188.9361691779912
188.9361691779912
188.9361691779912
188.9361691779912
188.9361691779912
188.9361691779912
188.9361691779912
188.9361691779912
188.9361691779912
188.9361691779912
188.9361691779912
188.9361691779912
188.9361691779912
188.9361691779912
188.9361691779912
188.9361691779912
188.9361691779912
188.9361691779912
188.9361691779912
188.9361691779912
188.9361691779912
188.9361691779912
188.9361691779912
188.9361691779912
188.9361691779912
188.9361691779912
188.9361691779912
188.9361691779912
188.9361691779912
188.9361691779912
188.9361691779912
188.9361691779912
188.9361691779912
188.9361691779912
188.9361691779912
188.9361691779912
188.9361691779912
188.9361691779912
188.9361691779912
188.9361691779912
188.9361691779912
188.9361691779912
188.9361691779912
188.9361691779912
188.9361691779912
188.9361691779912
188.9361691779912
188.9361691779912
188.93560875495376
188.93560875495376
188.93560875495376
188.93560875495376
188.93560875495376
188.93560875495376
188.93560875495376
188.93560875495376
188.93560875495376
188.93560875495376
188.93560875495376
188.93560875495376
188.93560875495376
188.93504833191633
188.93504833191633
188.93504833191633
188.93504833191633
188.93504833191633
188.93504833191633
188.93504833191633
188.9344879088789
188.9344879088789
188.9344879088789
188.9344879088789
188.9339274858415
188.9339274858415
188.9339274858415
188.50128090095257
188.50128090095257
188.50128090095257
188.50128090095257
188.50128090095257
188.50128090095257
188.50128090095257
188.50128090095257
188.50128090095257
188.50128090095257
188.50128090095257
188.50128090095257
188.50128090095257
188.50128090095257
188.50128090095257
188.50128090095257
188.50128090095257
188.50128090095257
188.50128090095257
188.50128090095257
188.50128090095257
188.50128090095257
188.50128090095257
188.50128090095257
188.50128090095257
188.50128090095257
188.50128090095257
188.50128090095257
188.50128090095257
188.50128090095257
188.50128090095257
188.50128090095257
188.50128090095257
188.50128090095257
188.50128090095257
188.50128090095257
188.50128090095257
188.50128090095257
188.50128090095257
188.50128090095257
188.50128090095257
188.50128090095257
188.50128090095257
188.50128090095257
188.50128090095257
188.50128090095257
188.50128090095257
188.50128090095257
188.50128090095257
188.50128090095257
188.50128090095257
188.50128090095257
188.50128090095257
188.50128090095257
188.50128090095257
188.50128090095257
188.50128090095257
188.5007370271506
188.5007370271506
188.5007370271506
188.5007370271506
188.5007370271506
188.5007370271506
188.5007370271506
188.5007370271506
188.5007370271506
188.5007370271506
188.5007370271506
188.5007370271506
188.5007370271506
188.5001931533486
188.5001931533486
188.5001931533486
188.5001931533486
188.5001931533486
188.5001931533486
188.5001931533486
188.49964927954662
188.49964927954662
188.49964927954662
188.49964927954662
188.49964927954662
188.49910540574464
188.49910540574464
188.49910540574464
188.0770593354058
188.0770593354058
188.0770593354058
188.0770593354058
188.0770593354058
188.0770593354058
188.0770593354058
188.0770593354058
188.0770593354058
188.0770593354058
188.0770593354058
188.0770593354058
188.0770593354058
188.0770593354058
188.0770593354058
188.0770593354058
188.0770593354058
188.0770593354058
188.0770593354058
188.0770593354058
188.0770593354058
188.0770593354058
188.0770593354058
188.0770593354058
188.0770593354058
188.0770593354058
188.0770593354058
188.0770593354058
188.0770593354058
188.0770593354058
188.0770593354058
188.0770593354058
188.0770593354058
188.0770593354058
188.0770593354058
188.0770593354058
188.0770593354058
188.0770593354058
188.0770593354058
188.0770593354058
188.0770593354058
188.0770593354058
188.0770593354058
188.0770593354058
188.0770593354058
188.0770593354058
188.0770593354058
188.0770593354058
188.0770593354058
188.0770593354058
188.0770593354058
188.0770593354058
188.0770593354058
188.0770593354058
188.0770593354058
188.0770593354058
188.0770593354058
188.07653241328464
188.07653241328464
188.07653241328464
188.07653241328464
188.07653241328464
188.07653241328464
188.07653241328464
188.07653241328464
188.07653241328464
188.07653241328464
188.07653241328464
188.07653241328464
188.07653241328464
188.07600549116344
188.07600549116344
188.07600549116344
188.07600549116344
188.07600549116344
188.07600549116344
188.07600549116344
188.07547856904228
188.07547856904228
188.07547856904228
188.07547856904228
188.0749516469211
188.0749516469211
188.0749516469211
188.0749516469211
187.6639523924036
187.6639523924036
187.6639523924036
187.6639523924036
187.6639523924036
187.6639523924036
187.6639523924036
187.6639523924036
187.6639523924036
187.6639523924036
187.6639523924036
187.6639523924036
187.6639523924036
187.6639523924036
187.6639523924036
187.6639523924036
187.6639523924036
187.6639523924036
187.6639523924036
187.6639523924036
187.6639523924036
187.6639523924036
187.6639523924036
187.6639523924036
187.6639523924036
187.6639523924036
187.6639523924036
187.6639523924036
187.6639523924036
187.6639523924036
187.6639523924036
187.6639523924036
187.6639523924036
187.6639523924036
187.6639523924036
187.6639523924036
187.6639523924036
187.6639523924036
187.6639523924036
187.6639523924036
187.6639523924036
187.6639523924036
187.6639523924036
187.6639523924036
187.6639523924036
187.6639523924036
187.6639523924036
187.6639523924036
187.6639523924036
187.6639523924036
187.6639523924036
187.6639523924036
187.6639523924036
187.6639523924036
187.6639523924036
187.6639523924036
187.6639523924036
187.6639523924036
187.6639523924036
187.6634419637751
187.6634419637751
187.6634419637751
187.6634419637751
187.6634419637751
187.6634419637751
187.6634419637751
187.6634419637751
187.6634419637751
187.6634419637751
187.6634419637751
187.6634419637751
187.66293153514664
187.66293153514664
187.66293153514664
187.66293153514664
187.66293153514664
187.66293153514664
187.66242110651817
187.66242110651817
187.66242110651817
187.66242110651817
187.6619106778897
187.6619106778897
187.6619106778897
187.6619106778897
187.2622450617929
187.2622450617929
187.2622450617929
187.2622450617929
187.2622450617929
187.2622450617929
187.2622450617929
187.2622450617929
187.2622450617929
187.2622450617929
187.2622450617929
187.2622450617929
187.2622450617929
187.2622450617929
187.2622450617929
187.2622450617929
187.2622450617929
187.2622450617929
187.2622450617929
187.2622450617929
187.2622450617929
187.2622450617929
187.26175260029467
187.26175260029467
187.26175260029467
187.26175260029467
187.26175260029467
187.26175260029467
187.26175260029467
187.26175260029467
187.26175260029467
187.26175260029467
187.26175260029467
187.26175260029467
187.26175260029467
187.26175260029467
187.26175260029467
187.26175260029467
187.26175260029467
187.26175260029467
187.26175260029467
187.26175260029467
187.26175260029467
187.26175260029467
187.26175260029467
187.26175260029467
187.26175260029467
187.26175260029467
187.26175260029467
187.26175260029467
187.26175260029467
187.26175260029467
187.26175260029467
187.26175260029467
187.26175260029467
187.26175260029467
187.26175260029467
187.26175260029467
187.26175260029467
187.26175260029467
187.26175260029467
187.26175260029467
187.26126013879644
187.26126013879644
187.26126013879644
187.26126013879644
187.26126013879644
187.26126013879644
187.26126013879644
187.26126013879644
187.26126013879644
187.26126013879644
187.26076767729822
187.26076767729822
187.26076767729822
187.26076767729822
187.26076767729822
187.26076767729822
187.2602752158
187.2602752158
187.2602752158
187.2602752158
187.2597827543018
187.2597827543018
187.2597827543018
186.8722155551998
186.8722155551998
186.8722155551998
186.8722155551998
186.8722155551998
186.8722155551998
186.8722155551998
186.8722155551998
186.8722155551998
186.8722155551998
186.8722155551998
186.8722155551998
186.8722155551998
186.8722155551998
186.8722155551998
186.8722155551998
186.8722155551998
186.8722155551998
186.8722155551998
186.8722155551998
186.8722155551998
186.8722155551998
186.8722155551998
186.8722155551998
186.8722155551998
186.8722155551998
186.8722155551998
186.8722155551998
186.8722155551998
186.8722155551998
186.8722155551998
186.8722155551998
186.8722155551998
186.8722155551998
186.8722155551998
186.8722155551998
186.8722155551998
186.8722155551998
186.8722155551998
186.8722155551998
186.8722155551998
186.8722155551998
186.8722155551998
186.8717402154268
186.8717402154268
186.8717402154268
186.8717402154268
186.8717402154268
186.8717402154268
186.8717402154268
186.8717402154268
186.8717402154268
186.8717402154268
186.8717402154268
186.8717402154268
186.8717402154268
186.8717402154268
186.8717402154268
186.8717402154268
186.8717402154268
186.8717402154268
186.8717402154268
186.8717402154268
186.8717402154268
186.8717402154268
186.87126487565376
186.87126487565376
186.87126487565376
186.87126487565376
186.87126487565376
186.87126487565376
186.87126487565376
186.87126487565376
186.87078953588076
186.87078953588076
186.87078953588076
186.87078953588076
186.87078953588076
186.87031419610773
186.87031419610773
186.87031419610773
186.87031419610773
186.86983885633472
186.86983885633472
186.86983885633472
186.49384509588006
186.49384509588006
186.49384509588006
186.49384509588006
186.49384509588006
186.49384509588006
186.49384509588006
186.49384509588006
186.49384509588006
186.49384509588006
186.49384509588006
186.49384509588006
186.49384509588006
186.49384509588006
186.49384509588006
186.49384509588006
186.49384509588006
186.49384509588006
186.49384509588006
186.49384509588006
186.49384509588006
186.49384509588006
186.49384509588006
186.49384509588006
186.49384509588006
186.49384509588006
186.49384509588006
186.49384509588006
186.49384509588006
186.49384509588006
186.49384509588006
186.49384509588006
186.49384509588006
186.49384509588006
186.49384509588006
186.49384509588006
186.49384509588006
186.49384509588006
186.49384509588006
186.49384509588006
186.49384509588006
186.49384509588006
186.49384509588006
186.49384509588006
186.49384509588006
186.49384509588006
186.49384509588006
186.49384509588006
186.49384509588006
186.49384509588006
186.49384509588006
186.49384509588006
186.4933874125518
186.4933874125518
186.4933874125518
186.4933874125518
186.4933874125518
186.4933874125518
186.4933874125518
186.4933874125518
186.4933874125518
186.4933874125518
186.4933874125518
186.4933874125518
186.4933874125518
186.4933874125518
186.4933874125518
186.49292972922356
186.49292972922356
186.49292972922356
186.49292972922356
186.49292972922356
186.49292972922356
186.49292972922356
186.4924720458953
186.4924720458953
186.4924720458953
186.4924720458953
186.4924720458953
186.49201436256706
186.49201436256706
186.49201436256706
186.49201436256706
186.49155667923878
186.49155667923878
186.12769843327848
186.12769843327848
186.12769843327848
186.12769843327848
186.12769843327848
186.12769843327848
186.12769843327848
186.12769843327848
186.12769843327848
186.12769843327848
186.12769843327848
186.12769843327848
186.12769843327848
186.12769843327848
186.12769843327848
186.12769843327848
186.12769843327848
186.12769843327848
186.12769843327848
186.12769843327848
186.12769843327848
186.12769843327848
186.12769843327848
186.12769843327848
186.12769843327848
186.12769843327848
186.12769843327848
186.12769843327848
186.12769843327848
186.12769843327848
186.12769843327848
186.12769843327848
186.12769843327848
186.12769843327848
186.12769843327848
186.12769843327848
186.12769843327848
186.12769843327848
186.12769843327848
186.12769843327848
186.12769843327848
186.12769843327848
186.12769843327848
186.12769843327848
186.12769843327848
186.12769843327848
186.12769843327848
186.12769843327848
186.12769843327848
186.12769843327848
186.12769843327848
186.12769843327848
186.12769843327848
186.12769843327848
186.12769843327848
186.12769843327848
186.12769843327848
186.12725765529373
186.12725765529373
186.12725765529373
186.12725765529373
186.12725765529373
186.12725765529373
186.12725765529373
186.12725765529373
186.12725765529373
186.12725765529373
186.12725765529373
186.12725765529373
186.12681687730895
186.12681687730895
186.12681687730895
186.12681687730895
186.12681687730895
186.12681687730895
186.12681687730895
186.1263760993242
186.1263760993242
186.1263760993242
186.1263760993242
186.12593532133945
186.12593532133945
186.12593532133945
186.12593532133945
186.12549454335468
185.77375371151635
185.77375371151635
185.77375371151635
185.77375371151635
185.77375371151635
185.77375371151635
185.77375371151635
185.77375371151635
185.77375371151635
185.77375371151635
185.77375371151635
185.77375371151635
185.77375371151635
185.77375371151635
185.77375371151635
185.7733314468634
185.7733314468634
185.7733314468634
185.7733314468634
185.7733314468634
185.7733314468634
185.7733314468634
185.7733314468634
185.7733314468634
185.7733314468634
185.7733314468634
185.7733314468634
185.7733314468634
185.7733314468634
185.7733314468634
185.7733314468634
185.7733314468634
185.7733314468634
185.7733314468634
185.7733314468634
185.7733314468634
185.7733314468634
185.7733314468634
185.7733314468634
185.7733314468634
185.7733314468634
185.7733314468634
185.7733314468634
185.7733314468634
185.7733314468634
185.7733314468634
185.7733314468634
185.7733314468634
185.7733314468634
185.7733314468634
185.7733314468634
185.7733314468634
185.7733314468634
185.7733314468634
185.7733314468634
185.7733314468634
185.7733314468634
185.7733314468634
185.7733314468634
185.7733314468634
185.7733314468634
185.77290918221047
185.77290918221047
185.77290918221047
185.77290918221047
185.77290918221047
185.77290918221047
185.77290918221047
185.77290918221047
185.77290918221047
185.77290918221047
185.77248691755753
185.77248691755753
185.77248691755753
185.77248691755753
185.77248691755753
185.77248691755753
185.7720646529046
185.7720646529046
185.7720646529046
185.7720646529046
185.77164238825165
185.77164238825165
185.77164238825165
185.77122012359868
185.43256387193975
185.43256387193975
185.43256387193975
185.43256387193975
185.43256387193975
185.43256387193975
185.43256387193975
185.43256387193975
185.43256387193975
185.43256387193975
185.43256387193975
185.43256387193975
185.43256387193975
185.43256387193975
185.43256387193975
185.43256387193975
185.43256387193975
185.43256387193975
185.43256387193975
185.43256387193975
185.43256387193975
185.43256387193975
185.43256387193975
185.43256387193975
185.43256387193975
185.43256387193975
185.43256387193975
185.43256387193975
185.43256387193975
185.43256387193975
185.43256387193975
185.43256387193975
185.43256387193975
185.43256387193975
185.43256387193975
185.43256387193975
185.43256387193975
185.43256387193975
185.43256387193975
185.43215936942374
185.43215936942374
185.43215936942374
185.43215936942374
185.43215936942374
185.43215936942374
185.43215936942374
185.43215936942374
185.43215936942374
185.43215936942374
185.43215936942374
185.43215936942374
185.43215936942374
185.43215936942374
185.43215936942374
185.43215936942374
185.43215936942374
185.43215936942374
185.43215936942374
185.43215936942374
185.43215936942374
185.43215936942374
185.43215936942374
185.43215936942374
185.4317548669077
185.4317548669077
185.4317548669077
185.4317548669077
185.4317548669077
185.4317548669077
185.4317548669077
185.4317548669077
185.4317548669077
185.4313503643917
185.4313503643917
185.4313503643917
185.4313503643917
185.4313503643917
185.4313503643917
185.43094586187567
185.43094586187567
185.43094586187567
185.43094586187567
185.43054135935967
185.43054135935967
185.43054135935967
185.10410782893507
185.10410782893507
185.10410782893507
185.10410782893507
185.10410782893507
185.10410782893507
185.10410782893507
185.10410782893507
185.10410782893507
185.10410782893507
185.10410782893507
185.10410782893507
185.10410782893507
185.10410782893507
185.10410782893507
185.10410782893507
185.10410782893507
185.10410782893507
185.10410782893507
185.10410782893507
185.10410782893507
185.10410782893507
185.10410782893507
185.10410782893507
185.10410782893507
185.10410782893507
185.10410782893507
185.10410782893507
185.10410782893507
185.10410782893507
185.10410782893507
185.10410782893507
185.10410782893507
185.10410782893507
185.10410782893507
185.10410782893507
185.10410782893507
185.10410782893507
185.10410782893507
185.10410782893507
185.10410782893507
185.10410782893507
185.10410782893507
185.10410782893507
185.10410782893507
185.10372124122895
185.10372124122895
185.10372124122895
185.10372124122895
185.10372124122895
185.10372124122895
185.10372124122895
185.10372124122895
185.10372124122895
185.10372124122895
185.10372124122895
185.10372124122895
185.10372124122895
185.10372124122895
185.10372124122895
185.10372124122895
185.10372124122895
185.10372124122895
185.10372124122895
185.10372124122895
185.1033346535228
185.1033346535228
185.1033346535228
185.1033346535228
185.1033346535228
185.1033346535228
185.1033346535228
185.1033346535228
185.1029480658167
185.1029480658167
185.1029480658167
185.1029480658167
185.1029480658167
185.10256147811057
185.10256147811057
185.10256147811057
185.10256147811057
185.10217489040446
185.10217489040446
185.10217489040446
184.78865226073762
184.78865226073762
184.78865226073762
184.78865226073762
184.78865226073762
184.78865226073762
184.78865226073762
184.78865226073762
184.78865226073762
184.78865226073762
184.78865226073762
184.78865226073762
184.78865226073762
184.78865226073762
184.78865226073762
184.78865226073762
184.78865226073762
184.78865226073762
184.78865226073762
184.78865226073762
184.78865226073762
184.78865226073762
184.78865226073762
184.78865226073762
184.78865226073762
184.78865226073762
184.78865226073762
184.78865226073762
184.78865226073762
184.78865226073762
184.78865226073762
184.78865226073762
184.78865226073762
184.78865226073762
184.78865226073762
184.78865226073762
184.78865226073762
184.78865226073762
184.78865226073762
184.78865226073762
184.78865226073762
184.78865226073762
184.78865226073762
184.78865226073762
184.78865226073762
184.78865226073762
184.78865226073762
184.78828407634632
184.78828407634632
184.78828407634632
184.78828407634632
184.78828407634632
184.78828407634632
184.78828407634632
184.78828407634632
184.78828407634632
184.78828407634632
184.78828407634632
184.78828407634632
184.78828407634632
184.78828407634632
184.78828407634632
184.78828407634632
184.78828407634632
184.78828407634632
184.78791589195498
184.78791589195498
184.78791589195498
184.78791589195498
184.78791589195498
184.78791589195498
184.78791589195498
184.78791589195498
184.78791589195498
184.78754770756365
184.78754770756365
184.78754770756365
184.78754770756365
184.78754770756365
184.7871795231723
184.7871795231723
184.7871795231723
184.7871795231723
184.786811338781
184.786811338781
184.48674105985177
184.48674105985177
184.48674105985177
184.48674105985177
184.48674105985177
184.48674105985177
184.48674105985177
184.48674105985177
184.48674105985177
184.48674105985177
184.48674105985177
184.48674105985177
184.48674105985177
184.48674105985177
184.48674105985177
184.48674105985177
184.48674105985177
184.48674105985177
184.48674105985177
184.48674105985177
184.48674105985177
184.48674105985177
184.48674105985177
184.48674105985177
184.48674105985177
184.48674105985177
184.48674105985177
184.48674105985177
184.48674105985177
184.48674105985177
184.48674105985177
184.48674105985177
184.48674105985177
184.48674105985177
184.48674105985177
184.48674105985177
184.48674105985177
184.48674105985177
184.48674105985177
184.48674105985177
184.48674105985177
184.48674105985177
184.48674105985177
184.48674105985177
184.48674105985177
184.48639108424072
184.48639108424072
184.48639108424072
184.48639108424072
184.48639108424072
184.48639108424072
184.48639108424072
184.48639108424072
184.48639108424072
184.48639108424072
184.48639108424072
184.48639108424072
184.48639108424072
184.48639108424072
184.48639108424072
184.48639108424072
184.48639108424072
184.48639108424072
184.48639108424072
184.48639108424072
184.48604110862965
184.48604110862965
184.48604110862965
184.48604110862965
184.48604110862965
184.48604110862965
184.48604110862965
184.48604110862965
184.4856911330186
184.4856911330186
184.4856911330186
184.4856911330186
184.4856911330186
184.4856911330186
184.48534115740756
184.48534115740756
184.48534115740756
184.48534115740756
184.4849911817965
184.4849911817965
184.1983611563431
184.1983611563431
184.1983611563431
184.1983611563431
184.1983611563431
184.1983611563431
184.1983611563431
184.1983611563431
184.1983611563431
184.1983611563431
184.1983611563431
184.1983611563431
184.1983611563431
184.1983611563431
184.1983611563431
184.1983611563431
184.1983611563431
184.1983611563431
184.1983611563431
184.1983611563431
184.1983611563431
184.1983611563431
184.1983611563431
184.1983611563431
184.1983611563431
184.1983611563431
184.1983611563431
184.1983611563431
184.1983611563431
184.1983611563431
184.1983611563431
184.1983611563431
184.1983611563431
184.19802994034112
184.19802994034112
184.19802994034112
184.19802994034112
184.19802994034112
184.19802994034112
184.19802994034112
184.19802994034112
184.19802994034112
184.19802994034112
184.19802994034112
184.19802994034112
184.19802994034112
184.19802994034112
184.19802994034112
184.19802994034112
184.19802994034112
184.19802994034112
184.19802994034112
184.19802994034112
184.19802994034112
184.19802994034112
184.19802994034112
184.19802994034112
184.19802994034112
184.19802994034112
184.19802994034112
184.19802994034112
184.19802994034112
184.19802994034112
184.19769872433915
184.19769872433915
184.19769872433915
184.19769872433915
184.19769872433915
184.19769872433915
184.19769872433915
184.19769872433915
184.19769872433915
184.19736750833715
184.19736750833715
184.19736750833715
184.19736750833715
184.19736750833715
184.19736750833715
184.19703629233516
184.19703629233516
184.19703629233516
184.19703629233516
184.19670507633316
184.19670507633316
184.19670507633316
183.9237830906941
183.9237830906941
183.9237830906941
183.9237830906941
183.9237830906941
183.9237830906941
183.9237830906941
183.9237830906941
183.9237830906941
183.9237830906941
183.9237830906941
183.9237830906941
183.9237830906941
183.9237830906941
183.9237830906941
183.9237830906941
183.9237830906941
183.9237830906941
183.9237830906941
183.9237830906941
183.9237830906941
183.9237830906941
183.9237830906941
183.9237830906941
183.9237830906941
183.9237830906941
183.9237830906941
183.9237830906941
183.9237830906941
183.9237830906941
183.9237830906941
183.9237830906941
183.9237830906941
183.9237830906941
183.9237830906941
183.9237830906941
183.9237830906941
183.9237830906941
183.9237830906941
183.9237830906941
183.9237830906941
183.9237830906941
183.9237830906941
183.9237830906941
183.9237830906941
183.9237830906941
183.9237830906941
183.9237830906941
183.9237830906941
183.9237830906941
183.9237830906941
183.9237830906941
183.9237830906941
183.9237830906941
183.9237830906941
183.9237830906941
183.9237830906941
183.9237830906941
183.92346998684351
183.92346998684351
183.92346998684351
183.92346998684351
183.92346998684351
183.92346998684351
183.92346998684351
183.92346998684351
183.92346998684351
183.92346998684351
183.92346998684351
183.92346998684351
183.92315688299297
183.92315688299297
183.92315688299297
183.92315688299297
183.92315688299297
183.92315688299297
183.92315688299297
183.9228437791424
183.9228437791424
183.9228437791424
183.9228437791424
183.92253067529185
183.92253067529185
183.92253067529185
183.92253067529185
183.66328068702794
183.66328068702794
183.66328068702794
183.66328068702794
183.66328068702794
183.66328068702794
183.66328068702794
183.66328068702794
183.66328068702794
183.66328068702794
183.66328068702794
183.66328068702794
183.66328068702794
183.66328068702794
183.66328068702794
183.66328068702794
183.66328068702794
183.66328068702794
183.66328068702794
183.66328068702794
183.66328068702794
183.66328068702794
183.66328068702794
183.66328068702794
183.66328068702794
183.66328068702794
183.66328068702794
183.66328068702794
183.66328068702794
183.66328068702794
183.66328068702794
183.66328068702794
183.66328068702794
183.66328068702794
183.66328068702794
183.66328068702794
183.66328068702794
183.66328068702794
183.66328068702794
183.66328068702794
183.66328068702794
183.66328068702794
183.66328068702794
183.66328068702794
183.66328068702794
183.66298660272395
183.66298660272395
183.66298660272395
183.66298660272395
183.66298660272395
183.66298660272395
183.66298660272395
183.66298660272395
183.66298660272395
183.66298660272395
183.66298660272395
183.66298660272395
183.66298660272395
183.66298660272395
183.66298660272395
183.66298660272395
183.66298660272395
183.66298660272395
183.66298660272395
183.66298660272395
183.66298660272395
183.66269251842
183.66269251842
183.66269251842
183.66269251842
183.66269251842
183.66269251842
183.66269251842
183.66269251842
183.662398434116
183.662398434116
183.662398434116
183.662398434116
183.662398434116
183.662398434116
183.662104349812
183.662104349812
183.662104349812
183.662104349812
183.66181026550802
183.4171321245951
183.4171321245951
183.4171321245951
183.4171321245951
183.4171321245951
183.4171321245951
183.4171321245951
183.4171321245951
183.4171321245951
183.4171321245951
183.4171321245951
183.4171321245951
183.4171321245951
183.4171321245951
183.4171321245951
183.4171321245951
183.4171321245951
183.4171321245951
183.4171321245951
183.4171321245951
183.4171321245951
183.4171321245951
183.4171321245951
183.4171321245951
183.4171321245951
183.4171321245951
183.4171321245951
183.4171321245951
183.4171321245951
183.4171321245951
183.4171321245951
183.4171321245951
183.4171321245951
183.4171321245951
183.4171321245951
183.4171321245951
183.4171321245951
183.4171321245951
183.4171321245951
183.4171321245951
183.4171321245951
183.4171321245951
183.4171321245951
183.4171321245951
183.4171321245951
183.4171321245951
183.4171321245951
183.4171321245951
183.4171321245951
183.4171321245951
183.4171321245951
183.4171321245951
183.4171321245951
183.4171321245951
183.4171321245951
183.4171321245951
183.41685684386104
183.41685684386104
183.41685684386104
183.41685684386104
183.41685684386104
183.41685684386104
183.41685684386104
183.41685684386104
183.41685684386104
183.41685684386104
183.41685684386104
183.41685684386104
183.41685684386104
183.41685684386104
183.41658156312695
183.41658156312695
183.41658156312695
183.41658156312695
183.41658156312695
183.41658156312695
183.41658156312695
183.4163062823929
183.4163062823929
183.4163062823929
183.4163062823929
183.4163062823929
183.4160310016588
183.4160310016588
183.4160310016588
183.18562102724178
183.18562102724178
183.18562102724178
183.18562102724178
183.18562102724178
183.18562102724178
183.18562102724178
183.18562102724178
183.18562102724178
183.18562102724178
183.18562102724178
183.18562102724178
183.18562102724178
183.18562102724178
183.18562102724178
183.18562102724178
183.18562102724178
183.18562102724178
183.18562102724178
183.18562102724178
183.18562102724178
183.18562102724178
183.18562102724178
183.18562102724178
183.18562102724178
183.18562102724178
183.18562102724178
183.18562102724178
183.18562102724178
183.18562102724178
183.18562102724178
183.18562102724178
183.18562102724178
183.18562102724178
183.18562102724178
183.18562102724178
183.18562102724178
183.18562102724178
183.18562102724178
183.18562102724178
183.18562102724178
183.18562102724178
183.18562102724178
183.18562102724178
183.18562102724178
183.18562102724178
183.18562102724178
183.18562102724178
183.18562102724178
183.18562102724178
183.18562102724178
183.18562102724178
183.18562102724178
183.18562102724178
183.18562102724178
183.18562102724178
183.18562102724178
183.18562102724178
183.18562102724178
183.18536455757544
183.18536455757544
183.18536455757544
183.18536455757544
183.18536455757544
183.18536455757544
183.18536455757544
183.18536455757544
183.18536455757544
183.18536455757544
183.18536455757544
183.18536455757544
183.18510808790907
183.18510808790907
183.18510808790907
183.18510808790907
183.18510808790907
183.18510808790907
183.18510808790907
183.18485161824273
183.18485161824273
183.18485161824273
183.18485161824273
183.18485161824273
183.18459514857636
183.18459514857636
182.96890415917449
182.96890415917449
182.96890415917449
182.96890415917449
182.96890415917449
182.96890415917449
182.96890415917449
182.96890415917449
182.96890415917449
182.96890415917449
182.96890415917449
182.96890415917449
182.96890415917449
182.96890415917449
182.96890415917449
182.96890415917449
182.96890415917449
182.96890415917449
182.96890415917449
182.96890415917449
182.96890415917449
182.96890415917449
182.96890415917449
182.96890415917449
182.96890415917449
182.96890415917449
182.96890415917449
182.96890415917449
182.96890415917449
182.96890415917449
182.96890415917449
182.96890415917449
182.96890415917449
182.96890415917449
182.96890415917449
182.96890415917449
182.96890415917449
182.96890415917449
182.96890415917449
182.96890415917449
182.96890415917449
182.96890415917449
182.96890415917449
182.96890415917449
182.96890415917449
182.96890415917449
182.96890415917449
182.96890415917449
182.96890415917449
182.96890415917449
182.96890415917449
182.96890415917449
182.96890415917449
182.96890415917449
182.96890415917449
182.96890415917449
182.96890415917449
182.96866667653188
182.96866667653188
182.96866667653188
182.96866667653188
182.96866667653188
182.96866667653188
182.96866667653188
182.96866667653188
182.96866667653188
182.96866667653188
182.96866667653188
182.96866667653188
182.96866667653188
182.96866667653188
182.96842919388928
182.96842919388928
182.96842919388928
182.96842919388928
182.96842919388928
182.96842919388928
182.96842919388928
182.9681917112467
182.9681917112467
182.9681917112467
182.9681917112467
182.9681917112467
182.9679542286041
182.9679542286041
182.76728139560848
182.76728139560848
182.76728139560848
182.76728139560848
182.76728139560848
182.76728139560848
182.76728139560848
182.76728139560848
182.76728139560848
182.76728139560848
182.76728139560848
182.76728139560848
182.76728139560848
182.76728139560848
182.76728139560848
182.76728139560848
182.76728139560848
182.76728139560848
182.76728139560848
182.76728139560848
182.76728139560848
182.76728139560848
182.76728139560848
182.76728139560848
182.76728139560848
182.76728139560848
182.76728139560848
182.76728139560848
182.76728139560848
182.76728139560848
182.76728139560848
182.76728139560848
182.76728139560848
182.76728139560848
182.76728139560848
182.76728139560848
182.76728139560848
182.76728139560848
182.76728139560848
182.76728139560848
182.76728139560848
182.76728139560848
182.76728139560848
182.76728139560848
182.76728139560848
182.76728139560848
182.76706333913418
182.76706333913418
182.76706333913418
182.76706333913418
182.76706333913418
182.76706333913418
182.76706333913418
182.76706333913418
182.76706333913418
182.76706333913418
182.76706333913418
182.76706333913418
182.76706333913418
182.76706333913418
182.76706333913418
182.76706333913418
182.76706333913418
182.76706333913418
182.76706333913418
182.76706333913418
182.76706333913418
182.76706333913418
182.7668452826599
182.7668452826599
182.7668452826599
182.7668452826599
182.7668452826599
182.7668452826599
182.7668452826599
182.7668452826599
182.7668452826599
182.7666272261856
182.7666272261856
182.7666272261856
182.7666272261856
182.7666272261856
182.7664091697113
182.7664091697113
182.7664091697113
182.5810611665609
182.5810611665609
182.5810611665609
182.5810611665609
182.5810611665609
182.5810611665609
182.5810611665609
182.5810611665609
182.5810611665609
182.5810611665609
182.5810611665609
182.5810611665609
182.5810611665609
182.5810611665609
182.5810611665609
182.5810611665609
182.5810611665609
182.5810611665609
182.5810611665609
182.5810611665609
182.5810611665609
182.5810611665609
182.5810611665609
182.5810611665609
182.5810611665609
182.5810611665609
182.5810611665609
182.5810611665609
182.5810611665609
182.5810611665609
182.5810611665609
182.5810611665609
182.5810611665609
182.5810611665609
182.5810611665609
182.5810611665609
182.5810611665609
182.5810611665609
182.5810611665609
182.5810611665609
182.5810611665609
182.5810611665609
182.5810611665609
182.5810611665609
182.5810611665609
182.5810611665609
182.5810611665609
182.5810611665609
182.5810611665609
182.5810611665609
182.5810611665609
182.5810611665609
182.5810611665609
182.5810611665609
182.5810611665609
182.5810611665609
182.5810611665609
182.5810611665609
182.5810611665609
182.58086244920793
182.58086244920793
182.58086244920793
182.58086244920793
182.58086244920793
182.58086244920793
182.58086244920793
182.58086244920793
182.58086244920793
182.58086244920793
182.58086244920793
182.58086244920793
182.58086244920793
182.58086244920793
182.58066373185494
182.58066373185494
182.58066373185494
182.58066373185494
182.58066373185494
182.58066373185494
182.58066373185494
182.58046501450198
182.58046501450198
182.58046501450198
182.58046501450198
182.58046501450198
182.4105616777116
182.4105616777116
182.4105616777116
182.4105616777116
182.4105616777116
182.4105616777116
182.4105616777116
182.4105616777116
182.4105616777116
182.4105616777116
182.4105616777116
182.4105616777116
182.4105616777116
182.4105616777116
182.4105616777116
182.4105616777116
182.4105616777116
182.4105616777116
182.4105616777116
182.4105616777116
182.4105616777116
182.4105616777116
182.4105616777116
182.4105616777116
182.4105616777116
182.4105616777116
182.4105616777116
182.4105616777116
182.4105616777116
182.4105616777116
182.4105616777116
182.4105616777116
182.4105616777116
182.4105616777116
182.4105616777116
182.4105616777116
182.4105616777116
182.4105616777116
182.4105616777116
182.4105616777116
182.4105616777116
182.4105616777116
182.4105616777116
182.4105616777116
182.4105616777116
182.4105616777116
182.4105616777116
182.4105616777116
182.4105616777116
182.4105616777116
182.4105616777116
182.4105616777116
182.4105616777116
182.4105616777116
182.4105616777116
182.4105616777116
182.4105616777116
182.4105616777116
182.4105616777116
182.4105616777116
182.4105616777116
182.4105616777116
182.41038219782283
182.41038219782283
182.41038219782283
182.41038219782283
182.41038219782283
182.41038219782283
182.41038219782283
182.41038219782283
182.41038219782283
182.41038219782283
182.41038219782283
182.41038219782283
182.41038219782283
182.41020271793403
182.41020271793403
182.41020271793403
182.41020271793403
182.41020271793403
182.41020271793403
182.41020271793403
182.41002323804523
182.41002323804523
182.41002323804523
182.2558500135763
182.2558500135763
182.2558500135763
182.2558500135763
182.2558500135763
182.2558500135763
182.2558500135763
182.2558500135763
182.2558500135763
182.2558500135763
182.2558500135763
182.2558500135763
182.2558500135763
182.2558500135763
182.2558500135763
182.2558500135763
182.2558500135763
182.2558500135763
182.2558500135763
182.2558500135763
182.2558500135763
182.2558500135763
182.2558500135763
182.2558500135763
182.2558500135763
182.2558500135763
182.2558500135763
182.2558500135763
182.2558500135763
182.2558500135763
182.2558500135763
182.2558500135763
182.2558500135763
182.2558500135763
182.2558500135763
182.2558500135763
182.2558500135763
182.2558500135763
182.2558500135763
182.2558500135763
182.2558500135763
182.2558500135763
182.2558500135763
182.2558500135763
182.2558500135763
182.2558500135763
182.2558500135763
182.2558500135763
182.2558500135763
182.2558500135763
182.2558500135763
182.2558500135763
182.2558500135763
182.2558500135763
182.2558500135763
182.2558500135763
182.2558500135763
182.2558500135763
182.2558500135763
182.25569002492244
182.25569002492244
182.25569002492244
182.25569002492244
182.25569002492244
182.25569002492244
182.25569002492244
182.25569002492244
182.25569002492244
182.25569002492244
182.25569002492244
182.25569002492244
182.25569002492244
182.25569002492244
182.25569002492244
182.25553003626857
182.25553003626857
182.25553003626857
182.25553003626857
182.25553003626857
182.25553003626857
182.25553003626857
182.25553003626857
182.25537004761472
182.25537004761472
182.25537004761472
182.1171398506843
182.1171398506843
182.1171398506843
182.1171398506843
182.1171398506843
182.1171398506843
182.1171398506843
182.1171398506843
182.1171398506843
182.1171398506843
182.1171398506843
182.1171398506843
182.1171398506843
182.1171398506843
182.1171398506843
182.1171398506843
182.1171398506843
182.1171398506843
182.1171398506843
182.1171398506843
182.1171398506843
182.1171398506843
182.1171398506843
182.1171398506843
182.1171398506843
182.1171398506843
182.1171398506843
182.1171398506843
182.1171398506843
182.1171398506843
182.1171398506843
182.1171398506843
182.1171398506843
182.1171398506843
182.1171398506843
182.1171398506843
182.1171398506843
182.1171398506843
182.1171398506843
182.1171398506843
182.1171398506843
182.1171398506843
182.1171398506843
182.1171398506843
182.1171398506843
182.1171398506843
182.1171398506843
182.1171398506843
182.1171398506843
182.1171398506843
182.1171398506843
182.1171398506843
182.1171398506843
182.1171398506843
182.1171398506843
182.1171398506843
182.1171398506843
182.1171398506843
182.1171398506843
182.1171398506843
182.1171398506843
182.1171398506843
182.1171398506843
182.1171398506843
182.1171398506843
182.1171398506843
182.1171398506843
182.1171398506843
182.1171398506843
182.1171398506843
182.11699951783478
182.11699951783478
182.11699951783478
182.11699951783478
182.11699951783478
182.11699951783478
182.11699951783478
182.11699951783478
182.11699951783478
182.11699951783478
182.11685918498523
182.11685918498523
182.11685918498523
182.11685918498523
182.11685918498523
181.99505027158895
181.99505027158895
181.99505027158895
181.99505027158895
181.99505027158895
181.99505027158895
181.99505027158895
181.99505027158895
181.99505027158895
181.99505027158895
181.99505027158895
181.99505027158895
181.99505027158895
181.99505027158895
181.99505027158895
181.99505027158895
181.99505027158895
181.99505027158895
181.99505027158895
181.99505027158895
181.99505027158895
181.99505027158895
181.99505027158895
181.99505027158895
181.99505027158895
181.99505027158895
181.99505027158895
181.99505027158895
181.99505027158895
181.99505027158895
181.99505027158895
181.99505027158895
181.99505027158895
181.99505027158895
181.99505027158895
181.99505027158895
181.99492970332537
181.99492970332537
181.99492970332537
181.99492970332537
181.99492970332537
181.99492970332537
181.99492970332537
181.99492970332537
181.99492970332537
181.99492970332537
181.99492970332537
181.99492970332537
181.99492970332537
181.99492970332537
181.99492970332537
181.99492970332537
181.99492970332537
181.99492970332537
181.99492970332537
181.99492970332537
181.99492970332537
181.99492970332537
181.99492970332537
181.99492970332537
181.99492970332537
181.99492970332537
181.99492970332537
181.99492970332537
181.99492970332537
181.99492970332537
181.99492970332537
181.99492970332537
181.99492970332537
181.99492970332537
181.99492970332537
181.99492970332537
181.99492970332537
181.99480913506176
181.99480913506176
181.99480913506176
181.99480913506176
181.99480913506176
181.99480913506176
181.99480913506176
181.99480913506176
181.99480913506176
181.99480913506176
181.99468856679817
181.99468856679817
181.8894324726837
181.8894324726837
181.8894324726837
181.8894324726837
181.8894324726837
181.8894324726837
181.8894324726837
181.8894324726837
181.8894324726837
181.8894324726837
181.8894324726837
181.8894324726837
181.8894324726837
181.8894324726837
181.8894324726837
181.8894324726837
181.8894324726837
181.8894324726837
181.8894324726837
181.8894324726837
181.8894324726837
181.8894324726837
181.8894324726837
181.8894324726837
181.8894324726837
181.8894324726837
181.8894324726837
181.8894324726837
181.8894324726837
181.8894324726837
181.8894324726837
181.8894324726837
181.8894324726837
181.8894324726837
181.8894324726837
181.8894324726837
181.8894324726837
181.8894324726837
181.8894324726837
181.8894324726837
181.8894324726837
181.8894324726837
181.8894324726837
181.8894324726837
181.8894324726837
181.8894324726837
181.8894324726837
181.8894324726837
181.8894324726837
181.8894324726837
181.8894324726837
181.8894324726837
181.8894324726837
181.8894324726837
181.8894324726837
181.8894324726837
181.8894324726837
181.8894324726837
181.8894324726837
181.8894324726837
181.8894324726837
181.8894324726837
181.8894324726837
181.8894324726837
181.8894324726837
181.8894324726837
181.8894324726837
181.8894324726837
181.8894324726837
181.8894324726837
181.8894324726837
181.88933179448387
181.88933179448387
181.88933179448387
181.88933179448387
181.88933179448387
181.88933179448387
181.88933179448387
181.88933179448387
181.88933179448387
181.88933179448387
181.88933179448387
181.88933179448387
181.88923111628404
181.88923111628404
181.80093633503938
181.80093633503938
181.80093633503938
181.80093633503938
181.80093633503938
181.80093633503938
181.80093633503938
181.80093633503938
181.80093633503938
181.80093633503938
181.80093633503938
181.80093633503938
181.80093633503938
181.80093633503938
181.80093633503938
181.80093633503938
181.80093633503938
181.80093633503938
181.80093633503938
181.80093633503938
181.80093633503938
181.80093633503938
181.80093633503938
181.80093633503938
181.80093633503938
181.80093633503938
181.80093633503938
181.80093633503938
181.80093633503938
181.80093633503938
181.80093633503938
181.80093633503938
181.80093633503938
181.80093633503938
181.80093633503938
181.80093633503938
181.80093633503938
181.80093633503938
181.80093633503938
181.80093633503938
181.80093633503938
181.80093633503938
181.80093633503938
181.80093633503938
181.80093633503938
181.80093633503938
181.80093633503938
181.80093633503938
181.80093633503938
181.80093633503938
181.80093633503938
181.80085546849614
181.80085546849614
181.80085546849614
181.80085546849614
181.80085546849614
181.80085546849614
181.80085546849614
181.80085546849614
181.80085546849614
181.80085546849614
181.80085546849614
181.80085546849614
181.80085546849614
181.80085546849614
181.80085546849614
181.80085546849614
181.80085546849614
181.80085546849614
181.80085546849614
181.80085546849614
181.80085546849614
181.80085546849614
181.80085546849614
181.80085546849614
181.80085546849614
181.80085546849614
181.80085546849614
181.80085546849614
181.8007746019529
181.8007746019529
181.8007746019529
181.8007746019529
181.8007746019529
181.8007746019529
181.7294503108143
181.7294503108143
181.7294503108143
181.7294503108143
181.7294503108143
181.7294503108143
181.7294503108143
181.7294503108143
181.7294503108143
181.7294503108143
181.7294503108143
181.7294503108143
181.7294503108143
181.7294503108143
181.7294503108143
181.7294503108143
181.7294503108143
181.7294503108143
181.7294503108143
181.7294503108143
181.7294503108143
181.7294503108143
181.7294503108143
181.7294503108143
181.7294503108143
181.7294503108143
181.7294503108143
181.7294503108143
181.7294503108143
181.7294503108143
181.7294503108143
181.7294503108143
181.7294503108143
181.7294503108143
181.7294503108143
181.7294503108143
181.7294503108143
181.7294503108143
181.7294503108143
181.7294503108143
181.7294503108143
181.7294503108143
181.7294503108143
181.7294503108143
181.7294503108143
181.7294503108143
181.7294503108143
181.7294503108143
181.7294503108143
181.7294503108143
181.72938965896884
181.72938965896884
181.72938965896884
181.72938965896884
181.72938965896884
181.72938965896884
181.72938965896884
181.72938965896884
181.72938965896884
181.72938965896884
181.72938965896884
181.72938965896884
181.72938965896884
181.72938965896884
181.72938965896884
181.72938965896884
181.72938965896884
181.72938965896884
181.72938965896884
181.72938965896884
181.72938965896884
181.72938965896884
181.72938965896884
181.72938965896884
181.72938965896884
181.72938965896884
181.72938965896884
181.72938965896884
181.72938965896884
181.72938965896884
181.72938965896884
181.72938965896884
181.7293290071234
181.7293290071234
181.7293290071234
181.67553082021414
181.67553082021414
181.67553082021414
181.67553082021414
181.67553082021414
181.67553082021414
181.67553082021414
181.67553082021414
181.67553082021414
181.67553082021414
181.67553082021414
181.67553082021414
181.67553082021414
181.67553082021414
181.67553082021414
181.67553082021414
181.67553082021414
181.67553082021414
181.67553082021414
181.67553082021414
181.67553082021414
181.67553082021414
181.67553082021414
181.67553082021414
181.67553082021414
181.67553082021414
181.67553082021414
181.67553082021414
181.67553082021414
181.67553082021414
181.67553082021414
181.67553082021414
181.67553082021414
181.67553082021414
181.67553082021414
181.67553082021414
181.67553082021414
181.67553082021414
181.67553082021414
181.67553082021414
181.67553082021414
181.67553082021414
181.67553082021414
181.67553082021414
181.67553082021414
181.67553082021414
181.67553082021414
181.67553082021414
181.67553082021414
181.67553082021414
181.67553082021414
181.67553082021414
181.67553082021414
181.67553082021414
181.67553082021414
181.67553082021414
181.67553082021414
181.67553082021414
181.67553082021414
181.67553082021414
181.67553082021414
181.67553082021414
181.67553082021414
181.67553082021414
181.67553082021414
181.67553082021414
181.67553082021414
181.67553082021414
181.67553082021414
181.67553082021414
181.67553082021414
181.67553082021414
181.67553082021414
181.67553082021414
181.67553082021414
181.67553082021414
181.67553082021414
181.67553082021414
181.67553082021414
181.67549017766032
181.67549017766032
181.67549017766032
181.67549017766032
181.67549017766032
181.67549017766032
181.63923701965027
181.63923701965027
181.63923701965027
181.63923701965027
181.63923701965027
181.63923701965027
181.63923701965027
181.63923701965027
181.63923701965027
181.63923701965027
181.63923701965027
181.63923701965027
181.63923701965027
181.63923701965027
181.63923701965027
181.63923701965027
181.63923701965027
181.63923701965027
181.63923701965027
181.63923701965027
181.63923701965027
181.63923701965027
181.63923701965027
181.63923701965027
181.63923701965027
181.63923701965027
181.63923701965027
181.63923701965027
181.63923701965027
181.63923701965027
181.63923701965027
181.63923701965027
181.63923701965027
181.63923701965027
181.63923701965027
181.63923701965027
181.63923701965027
181.63923701965027
181.63923701965027
181.63923701965027
181.63923701965027
181.63923701965027
181.63923701965027
181.63923701965027
181.63923701965027
181.63923701965027
181.63923701965027
181.63923701965027
181.63923701965027
181.63923701965027
181.63923701965027
181.63923701965027
181.63923701965027
181.63923701965027
181.63923701965027
181.63923701965027
181.63923701965027
181.63923701965027
181.63923701965027
181.63923701965027
181.63923701965027
181.63923701965027
181.63923701965027
181.63923701965027
181.63923701965027
181.63923701965027
181.63923701965027
181.63923701965027
181.63923701965027
181.63923701965027
181.63923701965027
181.63923701965027
181.63923701965027
181.63923701965027
181.63923701965027
181.63923701965027
181.63923701965027
181.63923701965027
181.63923701965027
181.63923701965027
181.63923701965027
181.63923701965027
181.63923701965027
181.63923701965027
181.63923701965027
181.62103778381356
181.62103778381356
181.62103778381356
181.62103778381356
181.62103778381356
181.62103778381356
181.62103778381356
181.62103778381356
181.62103778381356
181.62103778381356
181.62103778381356
181.62103778381356
181.62103778381356
181.62103778381356
181.62103778381356
181.62103778381356
181.62103778381356
181.62103778381356
181.62103778381356
181.62103778381356
181.62103778381356
181.62103778381356
181.62103778381356
181.62103778381356
181.62103778381356
181.62103778381356
181.62103778381356
181.62103778381356
181.62103778381356
181.62103778381356
181.62103778381356
181.62103778381356
181.62103778381356
181.62103778381356
181.62103778381356
181.62103778381356
181.62103778381356
181.62103778381356
181.62103778381356
181.62103778381356
181.62103778381356
181.62103778381356
181.62103778381356
181.62103778381356
181.62103778381356
181.62103778381356
181.62103778381356
181.62103778381356
181.62103778381356
181.62103778381356
181.62103778381356
181.62103778381356
181.62103778381356
181.62103778381356
181.62103778381356
181.62103778381356
181.62103778381356
181.62103778381356
181.62103778381356
181.62103778381356
181.62103778381356
181.62103778381356
181.62103778381356
181.62103778381356
181.62103778381356
181.62103778381356
181.62103778381356
181.62103778381356
181.62103778381356
181.62103778381356
181.62103778381356
181.62103778381356
181.62103778381356
181.62103778381356
181.62103778381356
181.62103778381356
181.62103778381356
181.62103778381356
181.62103778381356
181.62103778381356
181.62103778381356
181.62103778381356
181.62103778381356
181.62103778381356
181.62103778381356
);


























boundaryField
{
    inlet
    {
        type            totalTemperature;
        gamma           1.333;
        T0              uniform 273.16;
        value           uniform 273.16;
    }
    outlet
    {
        type            zeroGradient;
    }
    outerwall
    {
        type            zeroGradient;
    }
    longitudinal_symmetry
    {
        type            symmetryPlane;
    }
    lateral_sides
    {
        type            empty;
    }
}


// ************************************************************************* //