/*--------------------------------*- C++ -*----------------------------------*\
| =========                 |                                                 |
| \\      /  F ield         | OpenFOAM: The Open Source CFD Toolbox           |
|  \\    /   O peration     | Version:  v2012                                 |
|   \\  /    A nd           | Website:  www.openfoam.com                      |
|    \\/     M anipulation  |                                                 |
\*---------------------------------------------------------------------------*/
FoamFile
{
    version     2.0;
    format      ascii;
    class       volVectorField;
    location    "0";
    object      U;
}
// * * * * * * * * * * * * * * * * * * * * * * * * * * * * * * * * * * * * * //

dimensions      [0 1 -1 0 0 0 0];


internalField   nonuniform List<vector>
18190
(
(190.60368466050542 0 0)
(190.60368466050542 0 0)
(190.60368466050542 0 0)
(190.60368466050542 0 0)
(190.60368466050542 0 0)
(190.60368466050542 0 0)
(190.60368466050542 0 0)
(190.60368466050542 0 0)
(190.60368466050542 0 0)
(190.60368466050542 0 0)
(190.60368466050542 0 0)
(190.60368466050542 0 0)
(190.60368466050542 0 0)
(190.60368466050542 0 0)
(190.60368466050542 0 0)
(190.60368466050542 0 0)
(190.60368466050542 0 0)
(190.60368466050542 0 0)
(190.60368466050542 0 0)
(190.60368466050542 0 0)
(190.60368466050542 0 0)
(190.60368466050542 0 0)
(190.60368466050542 0 0)
(190.60368466050542 0 0)
(190.60368466050542 0 0)
(190.60368466050542 0 0)
(190.60368466050542 0 0)
(190.60368466050542 0 0)
(190.60368466050542 0 0)
(190.60368466050542 0 0)
(190.60368466050542 0 0)
(190.60368466050542 0 0)
(190.60368466050542 0 0)
(190.60368466050542 0 0)
(190.60368466050542 0 0)
(190.60368466050542 0 0)
(190.60368466050542 0 0)
(190.60368466050542 0 0)
(190.60368466050542 0 0)
(190.60368466050542 0 0)
(190.60368466050542 0 0)
(190.60368466050542 0 0)
(190.60368466050542 0 0)
(190.60368466050542 0 0)
(190.60368466050542 0 0)
(190.60368466050542 0 0)
(190.60368466050542 0 0)
(190.60368466050542 0 0)
(190.60368466050542 0 0)
(190.60368466050542 0 0)
(190.60368466050542 0 0)
(190.60368466050542 0 0)
(190.60368466050542 0 0)
(190.60368466050542 0 0)
(190.60368466050542 0 0)
(190.60368466050542 0 0)
(190.60368466050542 0 0)
(190.60368466050542 0 0)
(190.60368466050542 0 0)
(190.60368466050542 0 0)
(190.60368466050542 0 0)
(190.60368466050542 0 0)
(190.60368466050542 0 0)
(190.60368466050542 0 0)
(190.60368466050542 0 0)
(190.60368466050542 0 0)
(190.60368466050542 0 0)
(190.60368466050542 0 0)
(190.60368466050542 0 0)
(190.60368466050542 0 0)
(190.60368466050542 0 0)
(190.60368466050542 0 0)
(190.60368466050542 0 0)
(190.60368466050542 0 0)
(190.60368466050542 0 0)
(190.60368466050542 0 0)
(190.60368466050542 0 0)
(190.60368466050542 0 0)
(190.60368466050542 0 0)
(190.60368466050542 0 0)
(190.60368466050542 0 0)
(190.60368466050542 0 0)
(190.60368466050542 0 0)
(190.60368466050542 0 0)
(190.60368466050542 0 0)
(190.65390269801097 0 0)
(190.65390269801097 0 0)
(190.65390269801097 0 0)
(190.65390269801097 0 0)
(190.65390269801097 0 0)
(190.65390269801097 0 0)
(190.65390269801097 0 0)
(190.65390269801097 0 0)
(190.65390269801097 0 0)
(190.65390269801097 0 0)
(190.65390214280757 0 0)
(190.65390214280757 0 0)
(190.65390214280757 0 0)
(190.65390214280757 0 0)
(190.65390214280757 0 0)
(190.65390214280757 0 0)
(190.65390214280757 0 0)
(190.65390214280757 0 0)
(190.65390214280757 0 0)
(190.65390214280757 0 0)
(190.65390214280757 0 0)
(190.65390214280757 0 0)
(190.65390214280757 0 0)
(190.65390214280757 0 0)
(190.65390214280757 0 0)
(190.65390214280757 0 0)
(190.65390214280757 0 0)
(190.65390214280757 0 0)
(190.65390214280757 0 0)
(190.65390158760414 0 0)
(190.65390158760414 0 0)
(190.65390158760414 0 0)
(190.65390158760414 0 0)
(190.65390158760414 0 0)
(190.65390158760414 0 0)
(190.65390158760414 0 0)
(190.65390158760414 0 0)
(190.65390103240074 0 0)
(190.65390103240074 0 0)
(190.65390103240074 0 0)
(190.65390103240074 0 0)
(190.65390103240074 0 0)
(190.6539004771973 0 0)
(190.6539004771973 0 0)
(190.6539004771973 0 0)
(190.6539004771973 0 0)
(190.6538999219939 0 0)
(190.6538999219939 0 0)
(190.6538999219939 0 0)
(190.6538993667905 0 0)
(190.6538993667905 0 0)
(190.6538993667905 0 0)
(190.65389881158708 0 0)
(190.65389881158708 0 0)
(190.65389825638368 0 0)
(190.65389825638368 0 0)
(190.65389770118026 0 0)
(190.65389770118026 0 0)
(190.65389714597686 0 0)
(190.65389659077346 0 0)
(190.65389603557003 0 0)
(190.65389603557003 0 0)
(190.65389548036663 0 0)
(190.6538949251632 0 0)
(190.6538943699598 0 0)
(190.6538938147564 0 0)
(190.65389325955297 0 0)
(190.65389270434957 0 0)
(190.65389159394275 0 0)
(190.65389103873932 0 0)
(190.65388992833252 0 0)
(190.6538893731291 0 0)
(190.65388826272226 0 0)
(190.65388715231546 0 0)
(190.65388659711203 0 0)
(190.6538854867052 0 0)
(190.65388382109498 0 0)
(190.65388271068815 0 0)
(190.65388160028135 0 0)
(190.6538799346711 0 0)
(190.65387826906087 0 0)
(190.65387660345064 0 0)
(190.6538749378404 0 0)
(190.65387271702676 0 0)
(190.6538704962131 0 0)
(190.75408142023664 0 0)
(190.75408142023664 0 0)
(190.75408142023664 0 0)
(190.75408142023664 0 0)
(190.75408142023664 0 0)
(190.75408142023664 0 0)
(190.75408030710264 0 0)
(190.75408030710264 0 0)
(190.75408030710264 0 0)
(190.75408030710264 0 0)
(190.75408030710264 0 0)
(190.75408030710264 0 0)
(190.75408030710264 0 0)
(190.75408030710264 0 0)
(190.75408030710264 0 0)
(190.75408030710264 0 0)
(190.75408030710264 0 0)
(190.75408030710264 0 0)
(190.75408030710264 0 0)
(190.75408030710264 0 0)
(190.75408030710264 0 0)
(190.75408030710264 0 0)
(190.75408030710264 0 0)
(190.7540791939686 0 0)
(190.7540791939686 0 0)
(190.7540791939686 0 0)
(190.7540791939686 0 0)
(190.7540791939686 0 0)
(190.7540791939686 0 0)
(190.7540791939686 0 0)
(190.7540780808346 0 0)
(190.7540780808346 0 0)
(190.7540780808346 0 0)
(190.7540780808346 0 0)
(190.7540780808346 0 0)
(190.75407696770057 0 0)
(190.75407696770057 0 0)
(190.75407696770057 0 0)
(190.75407696770057 0 0)
(190.75407585456657 0 0)
(190.75407585456657 0 0)
(190.75407585456657 0 0)
(190.75407474143253 0 0)
(190.75407474143253 0 0)
(190.75407474143253 0 0)
(190.75407362829853 0 0)
(190.75407362829853 0 0)
(190.7540725151645 0 0)
(190.7540725151645 0 0)
(190.7540714020305 0 0)
(190.75407028889646 0 0)
(190.75407028889646 0 0)
(190.75406917576245 0 0)
(190.75406806262842 0 0)
(190.75406694949442 0 0)
(190.75406583636038 0 0)
(190.75406583636038 0 0)
(190.75406361009235 0 0)
(190.75406249695834 0 0)
(190.7540613838243 0 0)
(190.7540602706903 0 0)
(190.75405915755627 0 0)
(190.75405693128826 0 0)
(190.75405581815423 0 0)
(190.7540535918862 0 0)
(190.75405136561815 0 0)
(190.75405025248415 0 0)
(190.7540480262161 0 0)
(190.75404579994807 0 0)
(190.754042460546 0 0)
(190.75404023427797 0 0)
(190.75403689487592 0 0)
(190.7540346686079 0 0)
(190.75403132920584 0 0)
(190.75402687666977 0 0)
(190.7540235372677 0 0)
(190.75401908473162 0 0)
(190.75401574532958 0 0)
(190.75401017965947 0 0)
(190.75400572712343 0 0)
(190.75400016145332 0 0)
(190.75399459578324 0 0)
(190.75398903011313 0 0)
(190.75398235130905 0 0)
(190.75397567250494 0 0)
(190.9033509761756 0 0)
(190.9033509761756 0 0)
(190.9033509761756 0 0)
(190.9033509761756 0 0)
(190.9033509761756 0 0)
(190.9033509761756 0 0)
(190.9033509761756 0 0)
(190.9033509761756 0 0)
(190.9033509761756 0 0)
(190.9033509761756 0 0)
(190.9033509761756 0 0)
(190.9033509761756 0 0)
(190.9033509761756 0 0)
(190.90334930921608 0 0)
(190.90334930921608 0 0)
(190.90334930921608 0 0)
(190.90334930921608 0 0)
(190.90334930921608 0 0)
(190.90334930921608 0 0)
(190.90334930921608 0 0)
(190.90334930921608 0 0)
(190.90334930921608 0 0)
(190.90334930921608 0 0)
(190.9033476422566 0 0)
(190.9033476422566 0 0)
(190.9033476422566 0 0)
(190.9033476422566 0 0)
(190.9033476422566 0 0)
(190.9033476422566 0 0)
(190.90334597529707 0 0)
(190.90334597529707 0 0)
(190.90334597529707 0 0)
(190.90334597529707 0 0)
(190.90334430833758 0 0)
(190.90334430833758 0 0)
(190.90334430833758 0 0)
(190.90334264137806 0 0)
(190.90334264137806 0 0)
(190.90334264137806 0 0)
(190.90334097441857 0 0)
(190.90334097441857 0 0)
(190.90333930745905 0 0)
(190.90333930745905 0 0)
(190.90333764049956 0 0)
(190.90333764049956 0 0)
(190.90333597354004 0 0)
(190.90333430658055 0 0)
(190.90333430658055 0 0)
(190.90333263962103 0 0)
(190.90333097266154 0 0)
(190.90332930570202 0 0)
(190.90332763874252 0 0)
(190.903325971783 0 0)
(190.9033243048235 0 0)
(190.903322637864 0 0)
(190.9033209709045 0 0)
(190.9033176369855 0 0)
(190.90331597002597 0 0)
(190.90331430306648 0 0)
(190.90331096914744 0 0)
(190.90330763522843 0 0)
(190.90330430130942 0 0)
(190.9033009673904 0 0)
(190.9032976334714 0 0)
(190.90329429955239 0 0)
(190.90329096563337 0 0)
(190.90328596475487 0 0)
(190.90328096387634 0 0)
(190.90327762995733 0 0)
(190.9032709621193 0 0)
(190.90326596124078 0 0)
(190.90325929340275 0 0)
(190.90325429252425 0 0)
(190.90324762468623 0 0)
(190.9032392898887 0 0)
(190.90323095509115 0 0)
(190.90322262029363 0 0)
(190.9032142854961 0 0)
(190.90320428373906 0 0)
(190.90319428198202 0 0)
(190.903184280225 0 0)
(190.90317261150844 0 0)
(190.9031592758324 0 0)
(190.90314594015635 0 0)
(190.9031326044803 0 0)
(191.10092564291227 0 0)
(191.10092564291227 0 0)
(191.10092564291227 0 0)
(191.10092564291227 0 0)
(191.10092564291227 0 0)
(191.10092564291227 0 0)
(191.10092564291227 0 0)
(191.10092564291227 0 0)
(191.10092564291227 0 0)
(191.10092564291227 0 0)
(191.10092564291227 0 0)
(191.10092342541392 0 0)
(191.10092342541392 0 0)
(191.10092342541392 0 0)
(191.10092342541392 0 0)
(191.10092342541392 0 0)
(191.10092342541392 0 0)
(191.10092342541392 0 0)
(191.10092342541392 0 0)
(191.10092342541392 0 0)
(191.1009212079156 0 0)
(191.1009212079156 0 0)
(191.1009212079156 0 0)
(191.1009212079156 0 0)
(191.1009212079156 0 0)
(191.1009212079156 0 0)
(191.10091899041726 0 0)
(191.10091899041726 0 0)
(191.10091899041726 0 0)
(191.10091899041726 0 0)
(191.10091677291894 0 0)
(191.10091677291894 0 0)
(191.10091677291894 0 0)
(191.1009145554206 0 0)
(191.1009145554206 0 0)
(191.10091233792227 0 0)
(191.10091233792227 0 0)
(191.10091233792227 0 0)
(191.10091012042392 0 0)
(191.10091012042392 0 0)
(191.1009079029256 0 0)
(191.10090568542725 0 0)
(191.10090568542725 0 0)
(191.1009034679289 0 0)
(191.10090125043058 0 0)
(191.10089903293223 0 0)
(191.10089903293223 0 0)
(191.1008968154339 0 0)
(191.10089459793556 0 0)
(191.10089238043724 0 0)
(191.1008901629389 0 0)
(191.10088572794223 0 0)
(191.10088351044388 0 0)
(191.10088129294556 0 0)
(191.1008768579489 0 0)
(191.10087464045054 0 0)
(191.10087020545387 0 0)
(191.1008657704572 0 0)
(191.10086133546054 0 0)
(191.10085690046387 0 0)
(191.1008524654672 0 0)
(191.1008480304705 0 0)
(191.1008413779755 0 0)
(191.10083694297884 0 0)
(191.10083029048383 0 0)
(191.1008236379888 0 0)
(191.10081698549382 0 0)
(191.10080811550046 0 0)
(191.10079924550712 0 0)
(191.10079037551378 0 0)
(191.10078150552044 0 0)
(191.10077263552708 0 0)
(191.10076154803542 0 0)
(191.1007482430454 0 0)
(191.10073715555373 0 0)
(191.1007238505637 0 0)
(191.1007105455737 0 0)
(191.10069502308534 0 0)
(191.10067728309863 0 0)
(191.1006617606103 0 0)
(191.10064180312528 0 0)
(191.10062184564023 0 0)
(191.1006018881552 0 0)
(191.10057971317187 0 0)
(191.10055532069018 0 0)
(191.34645318056997 0 0)
(191.34645318056997 0 0)
(191.34645318056997 0 0)
(191.34645318056997 0 0)
(191.34645041100427 0 0)
(191.34645041100427 0 0)
(191.34645041100427 0 0)
(191.34645041100427 0 0)
(191.34645041100427 0 0)
(191.34645041100427 0 0)
(191.34645041100427 0 0)
(191.34645041100427 0 0)
(191.34645041100427 0 0)
(191.34645041100427 0 0)
(191.34645041100427 0 0)
(191.34644764143857 0 0)
(191.34644764143857 0 0)
(191.34644764143857 0 0)
(191.34644764143857 0 0)
(191.34644764143857 0 0)
(191.34644764143857 0 0)
(191.3464448718729 0 0)
(191.3464448718729 0 0)
(191.3464448718729 0 0)
(191.3464448718729 0 0)
(191.3464448718729 0 0)
(191.3464421023072 0 0)
(191.3464421023072 0 0)
(191.3464421023072 0 0)
(191.3464393327415 0 0)
(191.3464393327415 0 0)
(191.3464393327415 0 0)
(191.3464365631758 0 0)
(191.3464365631758 0 0)
(191.34643379361012 0 0)
(191.34643379361012 0 0)
(191.34643102404445 0 0)
(191.34643102404445 0 0)
(191.34642825447875 0 0)
(191.34642825447875 0 0)
(191.34642548491306 0 0)
(191.34642271534736 0 0)
(191.34641994578166 0 0)
(191.34641994578166 0 0)
(191.346417176216 0 0)
(191.3464144066503 0 0)
(191.3464116370846 0 0)
(191.3464088675189 0 0)
(191.34640332838754 0 0)
(191.34640055882184 0 0)
(191.34639778925614 0 0)
(191.34639225012475 0 0)
(191.34638948055908 0 0)
(191.3463839414277 0 0)
(191.3463784022963 0 0)
(191.3463756327306 0 0)
(191.34637009359923 0 0)
(191.34636178490214 0 0)
(191.34635624577078 0 0)
(191.34635070663938 0 0)
(191.34634239794232 0 0)
(191.34633408924523 0 0)
(191.34632578054817 0 0)
(191.3463174718511 0 0)
(191.34630639358832 0 0)
(191.34629808489126 0 0)
(191.3462870066285 0 0)
(191.34627592836574 0 0)
(191.3462620805373 0 0)
(191.3462482327088 0 0)
(191.34623438488035 0 0)
(191.3462205370519 0 0)
(191.34620391965777 0 0)
(191.34618453269792 0 0)
(191.34616791530377 0 0)
(191.34614852834395 0 0)
(191.3461263718184 0 0)
(191.34610421529288 0 0)
(191.34607928920164 0 0)
(191.34605159354473 0 0)
(191.34602389788782 0 0)
(191.34599343266524 0 0)
(191.34596296744263 0 0)
(191.34592973265433 0 0)
(191.34589095873466 0 0)
(191.6389499447609 0 0)
(191.6389499447609 0 0)
(191.6389499447609 0 0)
(191.6389499447609 0 0)
(191.6389499447609 0 0)
(191.6389499447609 0 0)
(191.6389499447609 0 0)
(191.63894662873423 0 0)
(191.63894662873423 0 0)
(191.63894662873423 0 0)
(191.63894662873423 0 0)
(191.63894662873423 0 0)
(191.63894662873423 0 0)
(191.63894662873423 0 0)
(191.63894662873423 0 0)
(191.63894331270757 0 0)
(191.63894331270757 0 0)
(191.63894331270757 0 0)
(191.63894331270757 0 0)
(191.63894331270757 0 0)
(191.63894331270757 0 0)
(191.6389399966809 0 0)
(191.6389399966809 0 0)
(191.6389399966809 0 0)
(191.6389399966809 0 0)
(191.63893668065424 0 0)
(191.63893668065424 0 0)
(191.63893668065424 0 0)
(191.63893336462758 0 0)
(191.63893336462758 0 0)
(191.63893004860088 0 0)
(191.63893004860088 0 0)
(191.63893004860088 0 0)
(191.63892673257422 0 0)
(191.63892673257422 0 0)
(191.63892341654756 0 0)
(191.6389201005209 0 0)
(191.6389201005209 0 0)
(191.63891678449423 0 0)
(191.63891346846756 0 0)
(191.6389101524409 0 0)
(191.6389101524409 0 0)
(191.63890683641424 0 0)
(191.63890352038757 0 0)
(191.6389002043609 0 0)
(191.63889688833422 0 0)
(191.6388902562809 0 0)
(191.63888694025422 0 0)
(191.63888362422756 0 0)
(191.63887699217423 0 0)
(191.63887367614757 0 0)
(191.63886704409424 0 0)
(191.63886041204088 0 0)
(191.63885377998756 0 0)
(191.63884714793423 0 0)
(191.6388405158809 0 0)
(191.63883388382757 0 0)
(191.63882393574755 0 0)
(191.63881730369422 0 0)
(191.63880735561423 0 0)
(191.6387974075342 0 0)
(191.63878414342756 0 0)
(191.63877419534757 0 0)
(191.63876093124088 0 0)
(191.63874766713423 0 0)
(191.63873440302757 0 0)
(191.63871782289422 0 0)
(191.6387012427609 0 0)
(191.63868466262755 0 0)
(191.63866476646757 0 0)
(191.63864487030756 0 0)
(191.63862497414755 0 0)
(191.6386017619609 0 0)
(191.63857854977422 0 0)
(191.63855202156088 0 0)
(191.63852549334754 0 0)
(191.63849564910757 0 0)
(191.6384624888409 0 0)
(191.63842932857423 0 0)
(191.6383928522809 0 0)
(191.63835305996088 0 0)
(191.63830995161422 0 0)
(191.63826684326756 0 0)
(191.63821710286754 0 0)
(191.63816736246756 0 0)
(191.97785527800065 0 0)
(191.97785527800065 0 0)
(191.97785527800065 0 0)
(191.97785527800065 0 0)
(191.97785527800065 0 0)
(191.9778514164917 0 0)
(191.9778514164917 0 0)
(191.9778514164917 0 0)
(191.9778514164917 0 0)
(191.9778514164917 0 0)
(191.9778514164917 0 0)
(191.9778514164917 0 0)
(191.9778514164917 0 0)
(191.9778514164917 0 0)
(191.97784755498273 0 0)
(191.97784755498273 0 0)
(191.97784755498273 0 0)
(191.97784755498273 0 0)
(191.97784755498273 0 0)
(191.9778436934738 0 0)
(191.9778436934738 0 0)
(191.9778436934738 0 0)
(191.9778436934738 0 0)
(191.97783983196484 0 0)
(191.97783983196484 0 0)
(191.97783983196484 0 0)
(191.97783597045589 0 0)
(191.97783597045589 0 0)
(191.97783597045589 0 0)
(191.97783210894693 0 0)
(191.97783210894693 0 0)
(191.97782824743797 0 0)
(191.97782824743797 0 0)
(191.977824385929 0 0)
(191.97782052442008 0 0)
(191.97782052442008 0 0)
(191.97781666291112 0 0)
(191.97781280140217 0 0)
(191.97781280140217 0 0)
(191.9778089398932 0 0)
(191.97780507838425 0 0)
(191.97780121687532 0 0)
(191.97779735536636 0 0)
(191.9777934938574 0 0)
(191.97778963234845 0 0)
(191.97778190933053 0 0)
(191.9777780478216 0 0)
(191.97777032480369 0 0)
(191.97776646329473 0 0)
(191.97775874027684 0 0)
(191.97775101725892 0 0)
(191.97774715574997 0 0)
(191.97773557122312 0 0)
(191.9777278482052 0 0)
(191.9777201251873 0 0)
(191.97770854066044 0 0)
(191.97770081764253 0 0)
(191.97768923311568 0 0)
(191.9776776485888 0 0)
(191.97766606406196 0 0)
(191.97765061802616 0 0)
(191.97763517199033 0 0)
(191.97761972595453 0 0)
(191.97760427991872 0 0)
(191.97758883388292 0 0)
(191.97756952633813 0 0)
(191.97755021879337 0 0)
(191.97752704973965 0 0)
(191.97750388068596 0 0)
(191.97748071163224 0 0)
(191.97745368106956 0 0)
(191.97742665050689 0 0)
(191.97739575843528 0 0)
(191.97736100485469 0 0)
(191.97732625127412 0 0)
(191.97729149769353 0 0)
(191.977252882604 0 0)
(191.97721040600553 0 0)
(191.9771640678981 0 0)
(191.97711772979068 0 0)
(191.97706366866532 0 0)
(191.97700960754 0 0)
(191.97695168490569 0 0)
(191.97688603925351 0 0)
(191.97682039360132 0 0)
(192.36267547356206 0 0)
(192.36267547356206 0 0)
(192.36267547356206 0 0)
(192.36267547356206 0 0)
(192.36267547356206 0 0)
(192.36267547356206 0 0)
(192.36267547356206 0 0)
(192.36267547356206 0 0)
(192.36267547356206 0 0)
(192.36267547356206 0 0)
(192.362671066753 0 0)
(192.362671066753 0 0)
(192.362671066753 0 0)
(192.362671066753 0 0)
(192.362671066753 0 0)
(192.362671066753 0 0)
(192.36266665994393 0 0)
(192.36266665994393 0 0)
(192.36266665994393 0 0)
(192.36266665994393 0 0)
(192.36266225313483 0 0)
(192.36266225313483 0 0)
(192.36266225313483 0 0)
(192.36266225313483 0 0)
(192.36265784632576 0 0)
(192.36265784632576 0 0)
(192.3626534395167 0 0)
(192.3626534395167 0 0)
(192.3626534395167 0 0)
(192.36264903270762 0 0)
(192.36264903270762 0 0)
(192.36264462589855 0 0)
(192.36264021908949 0 0)
(192.36264021908949 0 0)
(192.3626358122804 0 0)
(192.36263140547132 0 0)
(192.36263140547132 0 0)
(192.36262699866225 0 0)
(192.36262259185318 0 0)
(192.3626181850441 0 0)
(192.36261377823504 0 0)
(192.36260937142595 0 0)
(192.36260496461688 0 0)
(192.36259615099874 0 0)
(192.36259174418967 0 0)
(192.36258733738057 0 0)
(192.36257852376244 0 0)
(192.36257411695337 0 0)
(192.36256530333523 0 0)
(192.36255648971706 0 0)
(192.36254767609893 0 0)
(192.36253886248076 0 0)
(192.36253004886262 0 0)
(192.36251682843542 0 0)
(192.36250801481725 0 0)
(192.36249479439005 0 0)
(192.3624815739628 0 0)
(192.3624683535356 0 0)
(192.3624507262993 0 0)
(192.36243750587207 0 0)
(192.3624198786358 0 0)
(192.3624022513995 0 0)
(192.36238021735412 0 0)
(192.36235818330874 0 0)
(192.36233614926337 0 0)
(192.362314115218 0 0)
(192.36228767436356 0 0)
(192.36226123350912 0 0)
(192.3622303858456 0 0)
(192.3621995381821 0 0)
(192.3621686905186 0 0)
(192.36213343604598 0 0)
(192.36209377476433 0 0)
(192.36205411348266 0 0)
(192.3620100453919 0 0)
(192.3619615704921 0 0)
(192.36191309559229 0 0)
(192.36185580707433 0 0)
(192.36179851855638 0 0)
(192.3617412300384 0 0)
(192.36167512790232 0 0)
(192.36160461895713 0 0)
(192.36152970320288 0 0)
(192.36145038063955 0 0)
(192.36136224445806 0 0)
(192.79298047387383 0 0)
(192.79298047387383 0 0)
(192.79298047387383 0 0)
(192.79298047387383 0 0)
(192.79297552140682 0 0)
(192.79297552140682 0 0)
(192.79297552140682 0 0)
(192.79297552140682 0 0)
(192.79297552140682 0 0)
(192.79297552140682 0 0)
(192.79297552140682 0 0)
(192.79297552140682 0 0)
(192.79297056893984 0 0)
(192.79297056893984 0 0)
(192.79297056893984 0 0)
(192.79297056893984 0 0)
(192.79297056893984 0 0)
(192.79296561647283 0 0)
(192.79296561647283 0 0)
(192.79296561647283 0 0)
(192.79296561647283 0 0)
(192.79296066400582 0 0)
(192.79296066400582 0 0)
(192.79296066400582 0 0)
(192.7929557115388 0 0)
(192.7929557115388 0 0)
(192.79295075907183 0 0)
(192.79295075907183 0 0)
(192.79294580660482 0 0)
(192.79294580660482 0 0)
(192.7929408541378 0 0)
(192.7929408541378 0 0)
(192.79293590167083 0 0)
(192.79293094920382 0 0)
(192.79293094920382 0 0)
(192.7929259967368 0 0)
(192.7929210442698 0 0)
(192.79291609180282 0 0)
(192.7929111393358 0 0)
(192.7929061868688 0 0)
(192.79290123440182 0 0)
(192.79289628193482 0 0)
(192.7928863770008 0 0)
(192.79288142453382 0 0)
(192.7928764720668 0 0)
(192.7928665671328 0 0)
(192.7928566621988 0 0)
(192.7928517097318 0 0)
(192.7928418047978 0 0)
(192.79283189986378 0 0)
(192.7928219949298 0 0)
(192.7928071375288 0 0)
(192.79279723259478 0 0)
(192.79278237519378 0 0)
(192.79276751779278 0 0)
(192.79275266039178 0 0)
(192.79273780299079 0 0)
(192.7927229455898 0 0)
(192.79270313572178 0 0)
(192.79268332585377 0 0)
(192.79266351598577 0 0)
(192.79263875365075 0 0)
(192.79261399131576 0 0)
(192.79258922898075 0 0)
(192.79255951417875 0 0)
(192.79252979937675 0 0)
(192.79250008457473 0 0)
(192.79246541730572 0 0)
(192.79243075003671 0 0)
(192.7923911303007 0 0)
(192.7923515105647 0 0)
(192.7923069383617 0 0)
(192.7922574136917 0 0)
(192.79220788902168 0 0)
(192.79215341188467 0 0)
(192.79209893474766 0 0)
(192.79203455267665 0 0)
(192.79197017060562 0 0)
(192.7919008360676 0 0)
(192.7918215965956 0 0)
(192.79174235712358 0 0)
(192.79165816518457 0 0)
(192.79156406831154 0 0)
(192.79146501897154 0 0)
(192.79136101716452 0 0)
(193.26840089428356 0 0)
(193.26840089428356 0 0)
(193.26840089428356 0 0)
(193.26840089428356 0 0)
(193.26840089428356 0 0)
(193.26840089428356 0 0)
(193.2683953949149 0 0)
(193.2683953949149 0 0)
(193.2683953949149 0 0)
(193.2683953949149 0 0)
(193.2683953949149 0 0)
(193.2683953949149 0 0)
(193.26838989554625 0 0)
(193.26838989554625 0 0)
(193.26838989554625 0 0)
(193.26838989554625 0 0)
(193.26838989554625 0 0)
(193.2683843961776 0 0)
(193.2683843961776 0 0)
(193.2683843961776 0 0)
(193.26837889680894 0 0)
(193.26837889680894 0 0)
(193.26837889680894 0 0)
(193.26837339744029 0 0)
(193.26837339744029 0 0)
(193.26837339744029 0 0)
(193.26836789807163 0 0)
(193.26836789807163 0 0)
(193.26836239870295 0 0)
(193.2683568993343 0 0)
(193.2683568993343 0 0)
(193.26835139996564 0 0)
(193.26835139996564 0 0)
(193.26834590059698 0 0)
(193.26834040122833 0 0)
(193.26833490185967 0 0)
(193.26832940249102 0 0)
(193.26832390312236 0 0)
(193.2683184037537 0 0)
(193.26831290438506 0 0)
(193.2683074050164 0 0)
(193.26830190564772 0 0)
(193.2682909069104 0 0)
(193.26828540754175 0 0)
(193.26827440880444 0 0)
(193.26826341006714 0 0)
(193.26825791069848 0 0)
(193.26824691196117 0 0)
(193.26823591322383 0 0)
(193.26821941511787 0 0)
(193.26820841638056 0 0)
(193.26819741764325 0 0)
(193.2681809195373 0 0)
(193.2681644214313 0 0)
(193.26814792332533 0 0)
(193.26813142521937 0 0)
(193.26810942774472 0 0)
(193.2680874302701 0 0)
(193.26806543279548 0 0)
(193.26804343532083 0 0)
(193.26801593847756 0 0)
(193.26799394100294 0 0)
(193.26796094479099 0 0)
(193.2679334479477 0 0)
(193.26790045173576 0 0)
(193.26786195615517 0 0)
(193.26782346057456 0 0)
(193.26778496499395 0 0)
(193.2677409700447 0 0)
(193.26769697509545 0 0)
(193.26764748077753 0 0)
(193.26759248709095 0 0)
(193.26753749340438 0 0)
(193.26747700034915 0 0)
(193.26741100792526 0 0)
(193.26733951613272 0 0)
(193.26726802434018 0 0)
(193.26718553381033 0 0)
(193.26710304328049 0 0)
(193.2670095540133 0 0)
(193.26691606474614 0 0)
(193.26681157674165 0 0)
(193.2667015893685 0 0)
(193.26658060325803 0 0)
(193.26645411777892 0 0)
(193.78789490459607 0 0)
(193.78789490459607 0 0)
(193.78789490459607 0 0)
(193.78789490459607 0 0)
(193.78789490459607 0 0)
(193.78789490459607 0 0)
(193.78789490459607 0 0)
(193.78789490459607 0 0)
(193.78789490459607 0 0)
(193.78789490459607 0 0)
(193.78789490459607 0 0)
(193.78789490459607 0 0)
(193.78789490459607 0 0)
(193.78789490459607 0 0)
(193.78789490459607 0 0)
(193.78789490459607 0 0)
(193.78789490459607 0 0)
(193.78789490459607 0 0)
(193.78789490459607 0 0)
(193.78789490459607 0 0)
(193.78789490459607 0 0)
(193.78789490459607 0 0)
(193.78789490459607 0 0)
(193.78789490459607 0 0)
(193.78783450955208 0 0)
(193.78783450955208 0 0)
(193.78783450955208 0 0)
(193.78783450955208 0 0)
(193.78783450955208 0 0)
(193.78783450955208 0 0)
(193.78783450955208 0 0)
(193.78783450955208 0 0)
(193.78783450955208 0 0)
(193.78783450955208 0 0)
(193.78783450955208 0 0)
(193.78783450955208 0 0)
(193.78783450955208 0 0)
(193.78783450955208 0 0)
(193.7877741145081 0 0)
(193.7877741145081 0 0)
(193.7877741145081 0 0)
(193.7877741145081 0 0)
(193.7877741145081 0 0)
(193.7877741145081 0 0)
(193.7877741145081 0 0)
(193.78771371946414 0 0)
(193.78771371946414 0 0)
(193.78771371946414 0 0)
(193.78771371946414 0 0)
(193.78771371946414 0 0)
(193.78765332442015 0 0)
(193.78765332442015 0 0)
(193.78765332442015 0 0)
(193.78759292937616 0 0)
(193.78759292937616 0 0)
(193.78759292937616 0 0)
(193.78753253433217 0 0)
(193.78753253433217 0 0)
(193.78753253433217 0 0)
(193.7874721392882 0 0)
(193.7874721392882 0 0)
(193.78741174424422 0 0)
(193.78735134920024 0 0)
(193.78735134920024 0 0)
(193.78729095415625 0 0)
(193.78729095415625 0 0)
(193.7872305591123 0 0)
(193.7871701640683 0 0)
(193.7871097690243 0 0)
(193.78704937398032 0 0)
(193.78698897893634 0 0)
(193.78692858389238 0 0)
(193.7868681888484 0 0)
(193.7868077938044 0 0)
(193.7867473987604 0 0)
(193.78662660867246 0 0)
(193.78656621362848 0 0)
(193.7864454235405 0 0)
(193.78638502849654 0 0)
(193.78626423840856 0 0)
(193.78614344832062 0 0)
(193.78602265823264 0 0)
(193.7859018681447 0 0)
(193.78578107805671 0 0)
(193.78559989292478 0 0)
(194.35119138059386 0 0)
(194.35119138059386 0 0)
(194.35119138059386 0 0)
(194.35119138059386 0 0)
(194.35119138059386 0 0)
(194.35119138059386 0 0)
(194.35119138059386 0 0)
(194.35119138059386 0 0)
(194.35119138059386 0 0)
(194.35119138059386 0 0)
(194.35119138059386 0 0)
(194.35119138059386 0 0)
(194.35119138059386 0 0)
(194.35119138059386 0 0)
(194.35119138059386 0 0)
(194.35119138059386 0 0)
(194.35119138059386 0 0)
(194.35119138059386 0 0)
(194.35119138059386 0 0)
(194.35119138059386 0 0)
(194.35119138059386 0 0)
(194.35119138059386 0 0)
(194.35119138059386 0 0)
(194.35119138059386 0 0)
(194.35119138059386 0 0)
(194.35119138059386 0 0)
(194.35119138059386 0 0)
(194.35119138059386 0 0)
(194.35119138059386 0 0)
(194.35119138059386 0 0)
(194.35112555955203 0 0)
(194.35112555955203 0 0)
(194.35112555955203 0 0)
(194.35112555955203 0 0)
(194.35112555955203 0 0)
(194.35112555955203 0 0)
(194.35112555955203 0 0)
(194.35112555955203 0 0)
(194.35112555955203 0 0)
(194.35112555955203 0 0)
(194.3510597385102 0 0)
(194.3510597385102 0 0)
(194.3510597385102 0 0)
(194.3510597385102 0 0)
(194.3510597385102 0 0)
(194.3510597385102 0 0)
(194.35099391746837 0 0)
(194.35099391746837 0 0)
(194.35099391746837 0 0)
(194.35099391746837 0 0)
(194.35092809642654 0 0)
(194.35092809642654 0 0)
(194.35092809642654 0 0)
(194.35092809642654 0 0)
(194.3508622753847 0 0)
(194.3508622753847 0 0)
(194.35079645434286 0 0)
(194.35079645434286 0 0)
(194.35079645434286 0 0)
(194.35073063330103 0 0)
(194.35073063330103 0 0)
(194.3506648122592 0 0)
(194.35059899121737 0 0)
(194.35059899121737 0 0)
(194.35053317017554 0 0)
(194.3504673491337 0 0)
(194.3504673491337 0 0)
(194.35040152809188 0 0)
(194.35033570705005 0 0)
(194.35026988600822 0 0)
(194.3502040649664 0 0)
(194.35013824392456 0 0)
(194.3500724228827 0 0)
(194.34994078079905 0 0)
(194.34987495975722 0 0)
(194.3498091387154 0 0)
(194.34967749663173 0 0)
(194.34954585454807 0 0)
(194.34948003350624 0 0)
(194.34934839142255 0 0)
(194.3492167493389 0 0)
(194.34908510725523 0 0)
(194.34888764412975 0 0)
(194.3487560020461 0 0)
(194.34855853892057 0 0)
(194.95807005271638 0 0)
(194.95807005271638 0 0)
(194.95807005271638 0 0)
(194.95807005271638 0 0)
(194.95807005271638 0 0)
(194.95807005271638 0 0)
(194.95807005271638 0 0)
(194.95807005271638 0 0)
(194.95807005271638 0 0)
(194.95807005271638 0 0)
(194.95807005271638 0 0)
(194.95807005271638 0 0)
(194.95807005271638 0 0)
(194.95807005271638 0 0)
(194.95807005271638 0 0)
(194.95807005271638 0 0)
(194.95807005271638 0 0)
(194.9579987893683 0 0)
(194.9579987893683 0 0)
(194.9579987893683 0 0)
(194.9579987893683 0 0)
(194.9579987893683 0 0)
(194.9579987893683 0 0)
(194.9579987893683 0 0)
(194.9579987893683 0 0)
(194.9579987893683 0 0)
(194.9579987893683 0 0)
(194.9579987893683 0 0)
(194.9579987893683 0 0)
(194.9579987893683 0 0)
(194.9579987893683 0 0)
(194.9579987893683 0 0)
(194.9579987893683 0 0)
(194.9579987893683 0 0)
(194.95792752602026 0 0)
(194.95792752602026 0 0)
(194.95792752602026 0 0)
(194.95792752602026 0 0)
(194.95792752602026 0 0)
(194.95792752602026 0 0)
(194.95792752602026 0 0)
(194.95792752602026 0 0)
(194.95785626267218 0 0)
(194.95785626267218 0 0)
(194.95785626267218 0 0)
(194.95785626267218 0 0)
(194.95785626267218 0 0)
(194.95778499932413 0 0)
(194.95778499932413 0 0)
(194.95778499932413 0 0)
(194.95778499932413 0 0)
(194.95771373597606 0 0)
(194.95771373597606 0 0)
(194.95771373597606 0 0)
(194.95764247262798 0 0)
(194.95764247262798 0 0)
(194.95764247262798 0 0)
(194.95757120927993 0 0)
(194.95757120927993 0 0)
(194.95749994593186 0 0)
(194.95749994593186 0 0)
(194.95742868258378 0 0)
(194.95735741923573 0 0)
(194.95735741923573 0 0)
(194.95728615588766 0 0)
(194.9572148925396 0 0)
(194.95714362919153 0 0)
(194.95707236584346 0 0)
(194.95707236584346 0 0)
(194.95692983914734 0 0)
(194.95685857579926 0 0)
(194.9567873124512 0 0)
(194.95671604910314 0 0)
(194.9566447857551 0 0)
(194.95650225905894 0 0)
(194.9564309957109 0 0)
(194.95628846901477 0 0)
(194.9561459423186 0 0)
(194.95607467897057 0 0)
(194.9559321522744 0 0)
(194.9557896255783 0 0)
(194.9555758355341 0 0)
(194.95543330883797 0 0)
(194.95521951879377 0 0)
(194.95507699209764 0 0)
(195.607612504554 0 0)
(195.607612504554 0 0)
(195.607612504554 0 0)
(195.607612504554 0 0)
(195.607612504554 0 0)
(195.607612504554 0 0)
(195.607612504554 0 0)
(195.607612504554 0 0)
(195.607612504554 0 0)
(195.607612504554 0 0)
(195.607612504554 0 0)
(195.607612504554 0 0)
(195.607612504554 0 0)
(195.607612504554 0 0)
(195.607612504554 0 0)
(195.607612504554 0 0)
(195.607612504554 0 0)
(195.607612504554 0 0)
(195.607612504554 0 0)
(195.607612504554 0 0)
(195.607612504554 0 0)
(195.607612504554 0 0)
(195.607612504554 0 0)
(195.607612504554 0 0)
(195.607612504554 0 0)
(195.607612504554 0 0)
(195.607612504554 0 0)
(195.607612504554 0 0)
(195.607612504554 0 0)
(195.6075358352372 0 0)
(195.6075358352372 0 0)
(195.6075358352372 0 0)
(195.6075358352372 0 0)
(195.6075358352372 0 0)
(195.6075358352372 0 0)
(195.6075358352372 0 0)
(195.6075358352372 0 0)
(195.6075358352372 0 0)
(195.6075358352372 0 0)
(195.60745916592043 0 0)
(195.60745916592043 0 0)
(195.60745916592043 0 0)
(195.60745916592043 0 0)
(195.60745916592043 0 0)
(195.60745916592043 0 0)
(195.60738249660363 0 0)
(195.60738249660363 0 0)
(195.60738249660363 0 0)
(195.60738249660363 0 0)
(195.60730582728684 0 0)
(195.60730582728684 0 0)
(195.60730582728684 0 0)
(195.60722915797004 0 0)
(195.60722915797004 0 0)
(195.60722915797004 0 0)
(195.60715248865327 0 0)
(195.60715248865327 0 0)
(195.60707581933647 0 0)
(195.60707581933647 0 0)
(195.60699915001967 0 0)
(195.60699915001967 0 0)
(195.6069224807029 0 0)
(195.6068458113861 0 0)
(195.6068458113861 0 0)
(195.6067691420693 0 0)
(195.6066924727525 0 0)
(195.60661580343574 0 0)
(195.60653913411895 0 0)
(195.60646246480215 0 0)
(195.60638579548538 0 0)
(195.60630912616858 0 0)
(195.60623245685179 0 0)
(195.60615578753502 0 0)
(195.60600244890142 0 0)
(195.60592577958462 0 0)
(195.60577244095106 0 0)
(195.60569577163426 0 0)
(195.6055424330007 0 0)
(195.60538909436713 0 0)
(195.60523575573353 0 0)
(195.60508241709996 0 0)
(195.6048524091496 0 0)
(195.604699070516 0 0)
(195.60446906256564 0 0)
(195.60423905461528 0 0)
(196.3000519649388 0 0)
(196.3000519649388 0 0)
(196.3000519649388 0 0)
(196.3000519649388 0 0)
(196.3000519649388 0 0)
(196.3000519649388 0 0)
(196.3000519649388 0 0)
(196.3000519649388 0 0)
(196.3000519649388 0 0)
(196.3000519649388 0 0)
(196.3000519649388 0 0)
(196.3000519649388 0 0)
(196.3000519649388 0 0)
(196.3000519649388 0 0)
(196.3000519649388 0 0)
(196.3000519649388 0 0)
(196.3000519649388 0 0)
(196.3000519649388 0 0)
(196.3000519649388 0 0)
(196.3000519649388 0 0)
(196.3000519649388 0 0)
(196.3000519649388 0 0)
(196.3000519649388 0 0)
(196.3000519649388 0 0)
(196.3000519649388 0 0)
(196.3000519649388 0 0)
(196.3000519649388 0 0)
(196.3000519649388 0 0)
(196.3000519649388 0 0)
(196.29996982502655 0 0)
(196.29996982502655 0 0)
(196.29996982502655 0 0)
(196.29996982502655 0 0)
(196.29996982502655 0 0)
(196.29996982502655 0 0)
(196.29996982502655 0 0)
(196.29996982502655 0 0)
(196.29996982502655 0 0)
(196.29996982502655 0 0)
(196.29988768511427 0 0)
(196.29988768511427 0 0)
(196.29988768511427 0 0)
(196.29988768511427 0 0)
(196.29988768511427 0 0)
(196.29980554520202 0 0)
(196.29980554520202 0 0)
(196.29980554520202 0 0)
(196.29980554520202 0 0)
(196.29980554520202 0 0)
(196.29972340528974 0 0)
(196.29972340528974 0 0)
(196.29972340528974 0 0)
(196.2996412653775 0 0)
(196.2996412653775 0 0)
(196.2995591254652 0 0)
(196.2995591254652 0 0)
(196.2995591254652 0 0)
(196.29947698555296 0 0)
(196.29947698555296 0 0)
(196.29939484564068 0 0)
(196.29931270572843 0 0)
(196.29931270572843 0 0)
(196.29923056581617 0 0)
(196.2991484259039 0 0)
(196.2991484259039 0 0)
(196.29906628599164 0 0)
(196.29898414607936 0 0)
(196.2989020061671 0 0)
(196.29881986625483 0 0)
(196.29873772634258 0 0)
(196.29865558643033 0 0)
(196.2984913066058 0 0)
(196.29840916669352 0 0)
(196.29832702678127 0 0)
(196.29816274695673 0 0)
(196.29808060704448 0 0)
(196.29791632721995 0 0)
(196.29775204739542 0 0)
(196.2975877675709 0 0)
(196.29742348774636 0 0)
(196.29725920792183 0 0)
(196.29701278818504 0 0)
(196.2968485083605 0 0)
(196.29660208862373 0 0)
(196.29635566888692 0 0)
(197.03415769718998 0 0)
(197.03415769718998 0 0)
(197.03415769718998 0 0)
(197.03415769718998 0 0)
(197.03415769718998 0 0)
(197.03415769718998 0 0)
(197.03415769718998 0 0)
(197.03415769718998 0 0)
(197.03415769718998 0 0)
(197.03415769718998 0 0)
(197.03415769718998 0 0)
(197.03415769718998 0 0)
(197.03415769718998 0 0)
(197.03415769718998 0 0)
(197.03415769718998 0 0)
(197.03415769718998 0 0)
(197.03415769718998 0 0)
(197.03415769718998 0 0)
(197.03415769718998 0 0)
(197.03415769718998 0 0)
(197.03415769718998 0 0)
(197.03415769718998 0 0)
(197.03415769718998 0 0)
(197.0340701786239 0 0)
(197.0340701786239 0 0)
(197.0340701786239 0 0)
(197.0340701786239 0 0)
(197.0340701786239 0 0)
(197.0340701786239 0 0)
(197.0340701786239 0 0)
(197.0340701786239 0 0)
(197.0340701786239 0 0)
(197.0340701786239 0 0)
(197.0340701786239 0 0)
(197.0340701786239 0 0)
(197.03398266005783 0 0)
(197.03398266005783 0 0)
(197.03398266005783 0 0)
(197.03398266005783 0 0)
(197.03398266005783 0 0)
(197.03398266005783 0 0)
(197.03398266005783 0 0)
(197.03389514149174 0 0)
(197.03389514149174 0 0)
(197.03389514149174 0 0)
(197.03389514149174 0 0)
(197.03389514149174 0 0)
(197.03380762292568 0 0)
(197.03380762292568 0 0)
(197.03380762292568 0 0)
(197.0337201043596 0 0)
(197.0337201043596 0 0)
(197.0337201043596 0 0)
(197.03363258579353 0 0)
(197.03363258579353 0 0)
(197.03363258579353 0 0)
(197.03354506722744 0 0)
(197.03354506722744 0 0)
(197.03345754866137 0 0)
(197.03337003009528 0 0)
(197.03337003009528 0 0)
(197.03328251152922 0 0)
(197.03319499296313 0 0)
(197.03319499296313 0 0)
(197.03310747439707 0 0)
(197.03301995583098 0 0)
(197.03293243726492 0 0)
(197.03284491869883 0 0)
(197.03275740013277 0 0)
(197.03266988156668 0 0)
(197.0325823630006 0 0)
(197.03249484443452 0 0)
(197.03231980730237 0 0)
(197.03223228873628 0 0)
(197.03205725160413 0 0)
(197.03188221447198 0 0)
(197.03179469590592 0 0)
(197.03161965877376 0 0)
(197.0314446216416 0 0)
(197.03126958450946 0 0)
(197.03100702881122 0 0)
(197.03083199167907 0 0)
(197.03056943598085 0 0)
(197.0303068802826 0 0)
(197.03004432458437 0 0)
(197.81023302906536 0 0)
(197.81023302906536 0 0)
(197.81023302906536 0 0)
(197.81014004136682 0 0)
(197.81014004136682 0 0)
(197.81014004136682 0 0)
(197.81014004136682 0 0)
(197.81014004136682 0 0)
(197.81014004136682 0 0)
(197.81014004136682 0 0)
(197.81014004136682 0 0)
(197.81014004136682 0 0)
(197.81014004136682 0 0)
(197.81014004136682 0 0)
(197.81014004136682 0 0)
(197.81014004136682 0 0)
(197.81014004136682 0 0)
(197.81014004136682 0 0)
(197.81014004136682 0 0)
(197.81014004136682 0 0)
(197.81014004136682 0 0)
(197.81014004136682 0 0)
(197.81014004136682 0 0)
(197.81014004136682 0 0)
(197.81014004136682 0 0)
(197.81014004136682 0 0)
(197.81014004136682 0 0)
(197.81014004136682 0 0)
(197.81014004136682 0 0)
(197.81014004136682 0 0)
(197.8100470536683 0 0)
(197.8100470536683 0 0)
(197.8100470536683 0 0)
(197.8100470536683 0 0)
(197.8100470536683 0 0)
(197.8100470536683 0 0)
(197.8100470536683 0 0)
(197.8100470536683 0 0)
(197.8100470536683 0 0)
(197.80995406596978 0 0)
(197.80995406596978 0 0)
(197.80995406596978 0 0)
(197.80995406596978 0 0)
(197.80995406596978 0 0)
(197.80986107827127 0 0)
(197.80986107827127 0 0)
(197.80986107827127 0 0)
(197.80986107827127 0 0)
(197.80976809057273 0 0)
(197.80976809057273 0 0)
(197.80976809057273 0 0)
(197.80967510287422 0 0)
(197.80967510287422 0 0)
(197.80967510287422 0 0)
(197.8095821151757 0 0)
(197.8095821151757 0 0)
(197.80948912747718 0 0)
(197.80948912747718 0 0)
(197.80939613977864 0 0)
(197.80939613977864 0 0)
(197.80930315208013 0 0)
(197.8092101643816 0 0)
(197.8092101643816 0 0)
(197.8091171766831 0 0)
(197.80902418898455 0 0)
(197.80893120128604 0 0)
(197.8088382135875 0 0)
(197.808745225889 0 0)
(197.80865223819046 0 0)
(197.80855925049195 0 0)
(197.80846626279342 0 0)
(197.80837327509488 0 0)
(197.80818729969783 0 0)
(197.80809431199933 0 0)
(197.80790833660228 0 0)
(197.80772236120524 0 0)
(197.8075363858082 0 0)
(197.80735041041115 0 0)
(197.8071644350141 0 0)
(197.80697845961706 0 0)
(197.80679248421998 0 0)
(197.80651352112443 0 0)
(197.80623455802885 0 0)
(197.8059555949333 0 0)
(197.8056766318377 0 0)
(198.62708358424754 0 0)
(198.62708358424754 0 0)
(198.62708358424754 0 0)
(198.62708358424754 0 0)
(198.62708358424754 0 0)
(198.62708358424754 0 0)
(198.62708358424754 0 0)
(198.62708358424754 0 0)
(198.62708358424754 0 0)
(198.62708358424754 0 0)
(198.62708358424754 0 0)
(198.62708358424754 0 0)
(198.62708358424754 0 0)
(198.62708358424754 0 0)
(198.62708358424754 0 0)
(198.62708358424754 0 0)
(198.62708358424754 0 0)
(198.62708358424754 0 0)
(198.62708358424754 0 0)
(198.62708358424754 0 0)
(198.62708358424754 0 0)
(198.6269852040771 0 0)
(198.6269852040771 0 0)
(198.6269852040771 0 0)
(198.6269852040771 0 0)
(198.6269852040771 0 0)
(198.6269852040771 0 0)
(198.6269852040771 0 0)
(198.6269852040771 0 0)
(198.6269852040771 0 0)
(198.6269852040771 0 0)
(198.6269852040771 0 0)
(198.6269852040771 0 0)
(198.6269852040771 0 0)
(198.62688682390666 0 0)
(198.62688682390666 0 0)
(198.62688682390666 0 0)
(198.62688682390666 0 0)
(198.62688682390666 0 0)
(198.62688682390666 0 0)
(198.62688682390666 0 0)
(198.62678844373622 0 0)
(198.62678844373622 0 0)
(198.62678844373622 0 0)
(198.62678844373622 0 0)
(198.62678844373622 0 0)
(198.62669006356577 0 0)
(198.62669006356577 0 0)
(198.62669006356577 0 0)
(198.62669006356577 0 0)
(198.62659168339533 0 0)
(198.62659168339533 0 0)
(198.6264933032249 0 0)
(198.6264933032249 0 0)
(198.6264933032249 0 0)
(198.62639492305445 0 0)
(198.62639492305445 0 0)
(198.626296542884 0 0)
(198.626296542884 0 0)
(198.62619816271356 0 0)
(198.62609978254312 0 0)
(198.62609978254312 0 0)
(198.62600140237268 0 0)
(198.62590302220224 0 0)
(198.6258046420318 0 0)
(198.62570626186135 0 0)
(198.62570626186135 0 0)
(198.62550950152047 0 0)
(198.62541112135003 0 0)
(198.62531274117958 0 0)
(198.62521436100914 0 0)
(198.6251159808387 0 0)
(198.62491922049782 0 0)
(198.62482084032737 0 0)
(198.6246240799865 0 0)
(198.6244273196456 0 0)
(198.62423055930472 0 0)
(198.62403379896384 0 0)
(198.62383703862295 0 0)
(198.62364027828207 0 0)
(198.62344351794118 0 0)
(198.62314837742986 0 0)
(198.62285323691853 0 0)
(198.6225580964072 0 0)
(198.62226295589588 0 0)
(199.48507006907855 0 0)
(199.48507006907855 0 0)
(199.48507006907855 0 0)
(199.48507006907855 0 0)
(199.48507006907855 0 0)
(199.48507006907855 0 0)
(199.48507006907855 0 0)
(199.48507006907855 0 0)
(199.48507006907855 0 0)
(199.48507006907855 0 0)
(199.48507006907855 0 0)
(199.48507006907855 0 0)
(199.48507006907855 0 0)
(199.48507006907855 0 0)
(199.4849662217674 0 0)
(199.4849662217674 0 0)
(199.4849662217674 0 0)
(199.4849662217674 0 0)
(199.4849662217674 0 0)
(199.4849662217674 0 0)
(199.4849662217674 0 0)
(199.4849662217674 0 0)
(199.4849662217674 0 0)
(199.4849662217674 0 0)
(199.4849662217674 0 0)
(199.4849662217674 0 0)
(199.4849662217674 0 0)
(199.4849662217674 0 0)
(199.4849662217674 0 0)
(199.4849662217674 0 0)
(199.4849662217674 0 0)
(199.4849662217674 0 0)
(199.4848623744562 0 0)
(199.4848623744562 0 0)
(199.4848623744562 0 0)
(199.4848623744562 0 0)
(199.4848623744562 0 0)
(199.4848623744562 0 0)
(199.4848623744562 0 0)
(199.4848623744562 0 0)
(199.48475852714506 0 0)
(199.48475852714506 0 0)
(199.48475852714506 0 0)
(199.48475852714506 0 0)
(199.48475852714506 0 0)
(199.48465467983388 0 0)
(199.48465467983388 0 0)
(199.48465467983388 0 0)
(199.48465467983388 0 0)
(199.48455083252273 0 0)
(199.48455083252273 0 0)
(199.48455083252273 0 0)
(199.48444698521158 0 0)
(199.48444698521158 0 0)
(199.4843431379004 0 0)
(199.4843431379004 0 0)
(199.48423929058924 0 0)
(199.48423929058924 0 0)
(199.48413544327806 0 0)
(199.48413544327806 0 0)
(199.4840315959669 0 0)
(199.48392774865576 0 0)
(199.48392774865576 0 0)
(199.48382390134458 0 0)
(199.48372005403343 0 0)
(199.48361620672227 0 0)
(199.4835123594111 0 0)
(199.48340851209994 0 0)
(199.48330466478876 0 0)
(199.4832008174776 0 0)
(199.48299312285528 0 0)
(199.48288927554412 0 0)
(199.48278542823294 0 0)
(199.48257773361064 0 0)
(199.4823700389883 0 0)
(199.48226619167713 0 0)
(199.48205849705482 0 0)
(199.4818508024325 0 0)
(199.48164310781016 0 0)
(199.48133156587667 0 0)
(199.48112387125434 0 0)
(199.48081232932086 0 0)
(199.48050078738737 0 0)
(199.4801892454539 0 0)
(199.47987770352037 0 0)
(200.38341443261388 0 0)
(200.38341443261388 0 0)
(200.38341443261388 0 0)
(200.38341443261388 0 0)
(200.38341443261388 0 0)
(200.38341443261388 0 0)
(200.38341443261388 0 0)
(200.38341443261388 0 0)
(200.38341443261388 0 0)
(200.38341443261388 0 0)
(200.38341443261388 0 0)
(200.38341443261388 0 0)
(200.38341443261388 0 0)
(200.38341443261388 0 0)
(200.38341443261388 0 0)
(200.38341443261388 0 0)
(200.38341443261388 0 0)
(200.38341443261388 0 0)
(200.38341443261388 0 0)
(200.3833051449784 0 0)
(200.3833051449784 0 0)
(200.3833051449784 0 0)
(200.3833051449784 0 0)
(200.3833051449784 0 0)
(200.3833051449784 0 0)
(200.3833051449784 0 0)
(200.3833051449784 0 0)
(200.3833051449784 0 0)
(200.3833051449784 0 0)
(200.3833051449784 0 0)
(200.3833051449784 0 0)
(200.3833051449784 0 0)
(200.3833051449784 0 0)
(200.38319585734294 0 0)
(200.38319585734294 0 0)
(200.38319585734294 0 0)
(200.38319585734294 0 0)
(200.38319585734294 0 0)
(200.38319585734294 0 0)
(200.38319585734294 0 0)
(200.38319585734294 0 0)
(200.38308656970747 0 0)
(200.38308656970747 0 0)
(200.38308656970747 0 0)
(200.38308656970747 0 0)
(200.382977282072 0 0)
(200.382977282072 0 0)
(200.382977282072 0 0)
(200.382977282072 0 0)
(200.38286799443654 0 0)
(200.38286799443654 0 0)
(200.38286799443654 0 0)
(200.38275870680107 0 0)
(200.38275870680107 0 0)
(200.3826494191656 0 0)
(200.3826494191656 0 0)
(200.38254013153013 0 0)
(200.38254013153013 0 0)
(200.38243084389467 0 0)
(200.38243084389467 0 0)
(200.3823215562592 0 0)
(200.38221226862373 0 0)
(200.38221226862373 0 0)
(200.38210298098826 0 0)
(200.3819936933528 0 0)
(200.38188440571733 0 0)
(200.38177511808186 0 0)
(200.38166583044642 0 0)
(200.38155654281096 0 0)
(200.3814472551755 0 0)
(200.38122867990455 0 0)
(200.38111939226908 0 0)
(200.38101010463362 0 0)
(200.38079152936268 0 0)
(200.38057295409175 0 0)
(200.38046366645628 0 0)
(200.38024509118534 0 0)
(200.3800265159144 0 0)
(200.37980794064347 0 0)
(200.37948007773707 0 0)
(200.37926150246614 0 0)
(200.37893363955973 0 0)
(200.37860577665333 0 0)
(200.37827791374696 0 0)
(200.37795005084055 0 0)
(201.32213552330936 0 0)
(201.32213552330936 0 0)
(201.32213552330936 0 0)
(201.32213552330936 0 0)
(201.32213552330936 0 0)
(201.32213552330936 0 0)
(201.32213552330936 0 0)
(201.32213552330936 0 0)
(201.32213552330936 0 0)
(201.32213552330936 0 0)
(201.32213552330936 0 0)
(201.32213552330936 0 0)
(201.32213552330936 0 0)
(201.32213552330936 0 0)
(201.32213552330936 0 0)
(201.32202075119898 0 0)
(201.32202075119898 0 0)
(201.32202075119898 0 0)
(201.32202075119898 0 0)
(201.32202075119898 0 0)
(201.32202075119898 0 0)
(201.32202075119898 0 0)
(201.32202075119898 0 0)
(201.32202075119898 0 0)
(201.32202075119898 0 0)
(201.32202075119898 0 0)
(201.32202075119898 0 0)
(201.32202075119898 0 0)
(201.32202075119898 0 0)
(201.32202075119898 0 0)
(201.32202075119898 0 0)
(201.32202075119898 0 0)
(201.32190597908863 0 0)
(201.32190597908863 0 0)
(201.32190597908863 0 0)
(201.32190597908863 0 0)
(201.32190597908863 0 0)
(201.32190597908863 0 0)
(201.32190597908863 0 0)
(201.32190597908863 0 0)
(201.32179120697825 0 0)
(201.32179120697825 0 0)
(201.32179120697825 0 0)
(201.32179120697825 0 0)
(201.32179120697825 0 0)
(201.3216764348679 0 0)
(201.3216764348679 0 0)
(201.3216764348679 0 0)
(201.32156166275752 0 0)
(201.32156166275752 0 0)
(201.32156166275752 0 0)
(201.32144689064714 0 0)
(201.32144689064714 0 0)
(201.32144689064714 0 0)
(201.3213321185368 0 0)
(201.3213321185368 0 0)
(201.3212173464264 0 0)
(201.3212173464264 0 0)
(201.32110257431606 0 0)
(201.32110257431606 0 0)
(201.32098780220568 0 0)
(201.32087303009533 0 0)
(201.32075825798495 0 0)
(201.32075825798495 0 0)
(201.32064348587457 0 0)
(201.32052871376422 0 0)
(201.32041394165384 0 0)
(201.3202991695435 0 0)
(201.3201843974331 0 0)
(201.32006962532273 0 0)
(201.319840081102 0 0)
(201.31972530899165 0 0)
(201.3194957647709 0 0)
(201.31938099266054 0 0)
(201.3191514484398 0 0)
(201.31892190421905 0 0)
(201.31869235999832 0 0)
(201.3184628157776 0 0)
(201.31823327155686 0 0)
(201.31800372733613 0 0)
(201.31765941100502 0 0)
(201.3174298667843 0 0)
(201.31708555045319 0 0)
(201.31674123412208 0 0)
(201.31628214568062 0 0)
(202.30046972521777 0 0)
(202.30034950720326 0 0)
(202.30034950720326 0 0)
(202.30034950720326 0 0)
(202.30034950720326 0 0)
(202.30034950720326 0 0)
(202.30034950720326 0 0)
(202.30034950720326 0 0)
(202.30034950720326 0 0)
(202.30034950720326 0 0)
(202.30034950720326 0 0)
(202.30034950720326 0 0)
(202.30034950720326 0 0)
(202.30034950720326 0 0)
(202.30034950720326 0 0)
(202.30034950720326 0 0)
(202.30034950720326 0 0)
(202.30034950720326 0 0)
(202.30034950720326 0 0)
(202.30034950720326 0 0)
(202.30034950720326 0 0)
(202.30034950720326 0 0)
(202.30034950720326 0 0)
(202.30034950720326 0 0)
(202.30034950720326 0 0)
(202.30034950720326 0 0)
(202.30034950720326 0 0)
(202.30034950720326 0 0)
(202.30034950720326 0 0)
(202.3002292891888 0 0)
(202.3002292891888 0 0)
(202.3002292891888 0 0)
(202.3002292891888 0 0)
(202.3002292891888 0 0)
(202.3002292891888 0 0)
(202.3002292891888 0 0)
(202.3002292891888 0 0)
(202.3002292891888 0 0)
(202.3001090711743 0 0)
(202.3001090711743 0 0)
(202.3001090711743 0 0)
(202.3001090711743 0 0)
(202.3001090711743 0 0)
(202.29998885315982 0 0)
(202.29998885315982 0 0)
(202.29998885315982 0 0)
(202.29998885315982 0 0)
(202.29986863514532 0 0)
(202.29986863514532 0 0)
(202.29986863514532 0 0)
(202.29986863514532 0 0)
(202.29974841713084 0 0)
(202.29974841713084 0 0)
(202.29962819911634 0 0)
(202.29962819911634 0 0)
(202.29962819911634 0 0)
(202.29950798110187 0 0)
(202.29938776308737 0 0)
(202.29938776308737 0 0)
(202.29926754507287 0 0)
(202.29926754507287 0 0)
(202.2991473270584 0 0)
(202.2990271090439 0 0)
(202.29890689102942 0 0)
(202.29890689102942 0 0)
(202.29878667301492 0 0)
(202.29866645500044 0 0)
(202.29854623698594 0 0)
(202.29830580095697 0 0)
(202.2981855829425 0 0)
(202.298065364928 0 0)
(202.29794514691352 0 0)
(202.29770471088452 0 0)
(202.29758449287004 0 0)
(202.29734405684107 0 0)
(202.2971036208121 0 0)
(202.29686318478312 0 0)
(202.29662274875412 0 0)
(202.29638231272514 0 0)
(202.29614187669617 0 0)
(202.29578122265272 0 0)
(202.29542056860925 0 0)
(202.29518013258027 0 0)
(202.2948194785368 0 0)
(202.29433860647885 0 0)
(203.31805061481657 0 0)
(203.31805061481657 0 0)
(203.31805061481657 0 0)
(203.31805061481657 0 0)
(203.31805061481657 0 0)
(203.31805061481657 0 0)
(203.31805061481657 0 0)
(203.31805061481657 0 0)
(203.31805061481657 0 0)
(203.31805061481657 0 0)
(203.31805061481657 0 0)
(203.31805061481657 0 0)
(203.31805061481657 0 0)
(203.31805061481657 0 0)
(203.31805061481657 0 0)
(203.31805061481657 0 0)
(203.31805061481657 0 0)
(203.31805061481657 0 0)
(203.31805061481657 0 0)
(203.31805061481657 0 0)
(203.31805061481657 0 0)
(203.31805061481657 0 0)
(203.31805061481657 0 0)
(203.31805061481657 0 0)
(203.31805061481657 0 0)
(203.31805061481657 0 0)
(203.31792492547743 0 0)
(203.31792492547743 0 0)
(203.31792492547743 0 0)
(203.31792492547743 0 0)
(203.31792492547743 0 0)
(203.31792492547743 0 0)
(203.31792492547743 0 0)
(203.31792492547743 0 0)
(203.31792492547743 0 0)
(203.31792492547743 0 0)
(203.3177992361383 0 0)
(203.3177992361383 0 0)
(203.3177992361383 0 0)
(203.3177992361383 0 0)
(203.3177992361383 0 0)
(203.3177992361383 0 0)
(203.31767354679917 0 0)
(203.31767354679917 0 0)
(203.31767354679917 0 0)
(203.31767354679917 0 0)
(203.31767354679917 0 0)
(203.31754785746006 0 0)
(203.31754785746006 0 0)
(203.31754785746006 0 0)
(203.3174221681209 0 0)
(203.3174221681209 0 0)
(203.3174221681209 0 0)
(203.3172964787818 0 0)
(203.3172964787818 0 0)
(203.31717078944266 0 0)
(203.31717078944266 0 0)
(203.31704510010354 0 0)
(203.31704510010354 0 0)
(203.3169194107644 0 0)
(203.31679372142526 0 0)
(203.31679372142526 0 0)
(203.31666803208614 0 0)
(203.316542342747 0 0)
(203.31641665340788 0 0)
(203.31629096406874 0 0)
(203.31629096406874 0 0)
(203.31603958539048 0 0)
(203.31591389605137 0 0)
(203.31578820671223 0 0)
(203.31566251737308 0 0)
(203.31553682803397 0 0)
(203.3152854493557 0 0)
(203.31515976001657 0 0)
(203.3149083813383 0 0)
(203.31465700266006 0 0)
(203.3144056239818 0 0)
(203.31415424530354 0 0)
(203.31390286662528 0 0)
(203.313651487947 0 0)
(203.31327441992963 0 0)
(203.31289735191223 0 0)
(203.31264597323397 0 0)
(203.31226890521657 0 0)
(203.31176614786006 0 0)
(204.3745136379899 0 0)
(204.3745136379899 0 0)
(204.3745136379899 0 0)
(204.3745136379899 0 0)
(204.3745136379899 0 0)
(204.3745136379899 0 0)
(204.3745136379899 0 0)
(204.3745136379899 0 0)
(204.3745136379899 0 0)
(204.3745136379899 0 0)
(204.3745136379899 0 0)
(204.3745136379899 0 0)
(204.3745136379899 0 0)
(204.3745136379899 0 0)
(204.3745136379899 0 0)
(204.3745136379899 0 0)
(204.3745136379899 0 0)
(204.3745136379899 0 0)
(204.3745136379899 0 0)
(204.3745136379899 0 0)
(204.3745136379899 0 0)
(204.3745136379899 0 0)
(204.3745136379899 0 0)
(204.3745136379899 0 0)
(204.3745136379899 0 0)
(204.3745136379899 0 0)
(204.3745136379899 0 0)
(204.3743824980913 0 0)
(204.3743824980913 0 0)
(204.3743824980913 0 0)
(204.3743824980913 0 0)
(204.3743824980913 0 0)
(204.3743824980913 0 0)
(204.3743824980913 0 0)
(204.3743824980913 0 0)
(204.3743824980913 0 0)
(204.3743824980913 0 0)
(204.37425135819268 0 0)
(204.37425135819268 0 0)
(204.37425135819268 0 0)
(204.37425135819268 0 0)
(204.37425135819268 0 0)
(204.37425135819268 0 0)
(204.37412021829408 0 0)
(204.37412021829408 0 0)
(204.37412021829408 0 0)
(204.37412021829408 0 0)
(204.37398907839548 0 0)
(204.37398907839548 0 0)
(204.37398907839548 0 0)
(204.37385793849688 0 0)
(204.37385793849688 0 0)
(204.37385793849688 0 0)
(204.37372679859826 0 0)
(204.37372679859826 0 0)
(204.37359565869966 0 0)
(204.37359565869966 0 0)
(204.37346451880106 0 0)
(204.37346451880106 0 0)
(204.37333337890246 0 0)
(204.37333337890246 0 0)
(204.37320223900383 0 0)
(204.37307109910523 0 0)
(204.37293995920663 0 0)
(204.37293995920663 0 0)
(204.37280881930803 0 0)
(204.3726776794094 0 0)
(204.3725465395108 0 0)
(204.3724153996122 0 0)
(204.37215311981498 0 0)
(204.37202197991638 0 0)
(204.37189084001778 0 0)
(204.37162856022056 0 0)
(204.37149742032196 0 0)
(204.37123514052476 0 0)
(204.37097286072753 0 0)
(204.37084172082893 0 0)
(204.3705794410317 0 0)
(204.37018602133588 0 0)
(204.36992374153868 0 0)
(204.36966146174146 0 0)
(204.36926804204566 0 0)
(204.36887462234984 0 0)
(204.368481202654 0 0)
(204.36808778295818 0 0)
(205.4699135791189 0 0)
(205.4699135791189 0 0)
(205.4699135791189 0 0)
(205.4699135791189 0 0)
(205.4699135791189 0 0)
(205.4699135791189 0 0)
(205.4699135791189 0 0)
(205.4699135791189 0 0)
(205.4699135791189 0 0)
(205.4699135791189 0 0)
(205.4699135791189 0 0)
(205.4699135791189 0 0)
(205.4699135791189 0 0)
(205.4699135791189 0 0)
(205.4699135791189 0 0)
(205.4699135791189 0 0)
(205.4699135791189 0 0)
(205.4699135791189 0 0)
(205.4699135791189 0 0)
(205.46977692742962 0 0)
(205.46977692742962 0 0)
(205.46977692742962 0 0)
(205.46977692742962 0 0)
(205.46977692742962 0 0)
(205.46977692742962 0 0)
(205.46977692742962 0 0)
(205.46977692742962 0 0)
(205.46977692742962 0 0)
(205.46977692742962 0 0)
(205.46977692742962 0 0)
(205.46977692742962 0 0)
(205.46977692742962 0 0)
(205.46977692742962 0 0)
(205.46977692742962 0 0)
(205.46964027574037 0 0)
(205.46964027574037 0 0)
(205.46964027574037 0 0)
(205.46964027574037 0 0)
(205.46964027574037 0 0)
(205.46964027574037 0 0)
(205.46964027574037 0 0)
(205.4695036240511 0 0)
(205.4695036240511 0 0)
(205.4695036240511 0 0)
(205.4695036240511 0 0)
(205.4695036240511 0 0)
(205.46936697236185 0 0)
(205.46936697236185 0 0)
(205.46936697236185 0 0)
(205.46923032067258 0 0)
(205.46923032067258 0 0)
(205.46923032067258 0 0)
(205.4690936689833 0 0)
(205.4690936689833 0 0)
(205.4690936689833 0 0)
(205.46895701729406 0 0)
(205.46895701729406 0 0)
(205.46882036560478 0 0)
(205.46882036560478 0 0)
(205.46868371391554 0 0)
(205.46854706222626 0 0)
(205.46854706222626 0 0)
(205.46841041053702 0 0)
(205.46827375884774 0 0)
(205.46813710715847 0 0)
(205.46800045546922 0 0)
(205.46800045546922 0 0)
(205.46786380377995 0 0)
(205.46759050040143 0 0)
(205.46745384871218 0 0)
(205.4673171970229 0 0)
(205.46718054533363 0 0)
(205.4669072419551 0 0)
(205.46677059026587 0 0)
(205.46649728688732 0 0)
(205.4662239835088 0 0)
(205.46608733181955 0 0)
(205.46581402844103 0 0)
(205.46540407337324 0 0)
(205.46513076999472 0 0)
(205.46485746661617 0 0)
(205.4644475115484 0 0)
(205.4640375564806 0 0)
(205.4636276014128 0 0)
(205.46321764634502 0 0)
(206.6034687544976 0 0)
(206.6034687544976 0 0)
(206.6034687544976 0 0)
(206.6034687544976 0 0)
(206.6034687544976 0 0)
(206.6034687544976 0 0)
(206.6034687544976 0 0)
(206.6034687544976 0 0)
(206.6034687544976 0 0)
(206.6034687544976 0 0)
(206.6034687544976 0 0)
(206.6034687544976 0 0)
(206.6034687544976 0 0)
(206.6034687544976 0 0)
(206.6034687544976 0 0)
(206.6034687544976 0 0)
(206.6034687544976 0 0)
(206.6034687544976 0 0)
(206.6034687544976 0 0)
(206.6034687544976 0 0)
(206.6034687544976 0 0)
(206.6034687544976 0 0)
(206.6034687544976 0 0)
(206.6034687544976 0 0)
(206.60332661591764 0 0)
(206.60332661591764 0 0)
(206.60332661591764 0 0)
(206.60332661591764 0 0)
(206.60332661591764 0 0)
(206.60332661591764 0 0)
(206.60332661591764 0 0)
(206.60332661591764 0 0)
(206.60332661591764 0 0)
(206.60332661591764 0 0)
(206.60332661591764 0 0)
(206.60332661591764 0 0)
(206.60318447733763 0 0)
(206.60318447733763 0 0)
(206.60318447733763 0 0)
(206.60318447733763 0 0)
(206.60318447733763 0 0)
(206.60318447733763 0 0)
(206.60304233875766 0 0)
(206.60304233875766 0 0)
(206.60304233875766 0 0)
(206.60304233875766 0 0)
(206.60304233875766 0 0)
(206.6029002001777 0 0)
(206.6029002001777 0 0)
(206.6029002001777 0 0)
(206.60275806159768 0 0)
(206.60275806159768 0 0)
(206.60275806159768 0 0)
(206.6026159230177 0 0)
(206.6026159230177 0 0)
(206.6026159230177 0 0)
(206.6024737844377 0 0)
(206.6024737844377 0 0)
(206.60233164585773 0 0)
(206.60218950727776 0 0)
(206.60218950727776 0 0)
(206.60204736869775 0 0)
(206.60190523011778 0 0)
(206.60190523011778 0 0)
(206.6017630915378 0 0)
(206.6016209529578 0 0)
(206.60147881437783 0 0)
(206.60133667579782 0 0)
(206.60119453721785 0 0)
(206.60105239863788 0 0)
(206.60091026005787 0 0)
(206.60062598289792 0 0)
(206.60048384431792 0 0)
(206.60019956715797 0 0)
(206.60005742857797 0 0)
(206.59977315141802 0 0)
(206.59948887425804 0 0)
(206.59920459709807 0 0)
(206.5989203199381 0 0)
(206.59863604277814 0 0)
(206.59835176561816 0 0)
(206.5979253498782 0 0)
(206.59749893413826 0 0)
(206.59721465697828 0 0)
(206.59664610265835 0 0)
(207.77479824000585 0 0)
(207.77479824000585 0 0)
(207.77479824000585 0 0)
(207.77479824000585 0 0)
(207.77479824000585 0 0)
(207.77479824000585 0 0)
(207.77479824000585 0 0)
(207.77479824000585 0 0)
(207.77479824000585 0 0)
(207.77479824000585 0 0)
(207.77479824000585 0 0)
(207.77479824000585 0 0)
(207.77479824000585 0 0)
(207.77479824000585 0 0)
(207.77479824000585 0 0)
(207.77479824000585 0 0)
(207.77479824000585 0 0)
(207.77479824000585 0 0)
(207.77479824000585 0 0)
(207.77479824000585 0 0)
(207.77479824000585 0 0)
(207.77479824000585 0 0)
(207.77479824000585 0 0)
(207.77479824000585 0 0)
(207.77479824000585 0 0)
(207.77479824000585 0 0)
(207.77479824000585 0 0)
(207.77465062444372 0 0)
(207.77465062444372 0 0)
(207.77465062444372 0 0)
(207.77465062444372 0 0)
(207.77465062444372 0 0)
(207.77465062444372 0 0)
(207.77465062444372 0 0)
(207.77465062444372 0 0)
(207.77465062444372 0 0)
(207.77465062444372 0 0)
(207.77465062444372 0 0)
(207.7745030088816 0 0)
(207.7745030088816 0 0)
(207.7745030088816 0 0)
(207.7745030088816 0 0)
(207.7745030088816 0 0)
(207.7745030088816 0 0)
(207.77435539331947 0 0)
(207.77435539331947 0 0)
(207.77435539331947 0 0)
(207.77435539331947 0 0)
(207.77420777775734 0 0)
(207.77420777775734 0 0)
(207.77420777775734 0 0)
(207.77406016219518 0 0)
(207.77406016219518 0 0)
(207.77406016219518 0 0)
(207.77391254663306 0 0)
(207.77391254663306 0 0)
(207.77376493107093 0 0)
(207.77376493107093 0 0)
(207.7736173155088 0 0)
(207.7736173155088 0 0)
(207.77346969994667 0 0)
(207.77346969994667 0 0)
(207.77332208438455 0 0)
(207.77317446882242 0 0)
(207.7730268532603 0 0)
(207.77287923769813 0 0)
(207.77287923769813 0 0)
(207.772731622136 0 0)
(207.77258400657388 0 0)
(207.77228877544962 0 0)
(207.7721411598875 0 0)
(207.77199354432537 0 0)
(207.77184592876324 0 0)
(207.771550697639 0 0)
(207.77140308207683 0 0)
(207.77110785095257 0 0)
(207.77081261982832 0 0)
(207.77051738870406 0 0)
(207.77022215757978 0 0)
(207.76992692645553 0 0)
(207.76963169533127 0 0)
(207.7691888486449 0 0)
(207.7688936175206 0 0)
(207.76845077083422 0 0)
(207.76800792414784 0 0)
(208.98394676859004 0 0)
(208.98394676859004 0 0)
(208.98394676859004 0 0)
(208.98394676859004 0 0)
(208.98394676859004 0 0)
(208.98394676859004 0 0)
(208.98394676859004 0 0)
(208.98394676859004 0 0)
(208.98394676859004 0 0)
(208.9837936342779 0 0)
(208.9837936342779 0 0)
(208.9837936342779 0 0)
(208.9837936342779 0 0)
(208.9837936342779 0 0)
(208.9837936342779 0 0)
(208.9837936342779 0 0)
(208.9837936342779 0 0)
(208.9837936342779 0 0)
(208.9837936342779 0 0)
(208.9837936342779 0 0)
(208.9837936342779 0 0)
(208.9837936342779 0 0)
(208.9837936342779 0 0)
(208.9837936342779 0 0)
(208.9837936342779 0 0)
(208.9837936342779 0 0)
(208.9837936342779 0 0)
(208.9837936342779 0 0)
(208.9837936342779 0 0)
(208.9837936342779 0 0)
(208.9837936342779 0 0)
(208.9836404999658 0 0)
(208.9836404999658 0 0)
(208.9836404999658 0 0)
(208.9836404999658 0 0)
(208.9836404999658 0 0)
(208.9836404999658 0 0)
(208.9836404999658 0 0)
(208.9836404999658 0 0)
(208.9836404999658 0 0)
(208.98348736565364 0 0)
(208.98348736565364 0 0)
(208.98348736565364 0 0)
(208.98348736565364 0 0)
(208.98348736565364 0 0)
(208.98333423134153 0 0)
(208.98333423134153 0 0)
(208.98333423134153 0 0)
(208.98333423134153 0 0)
(208.9831810970294 0 0)
(208.9831810970294 0 0)
(208.9831810970294 0 0)
(208.9831810970294 0 0)
(208.98302796271727 0 0)
(208.98302796271727 0 0)
(208.98287482840513 0 0)
(208.98287482840513 0 0)
(208.98272169409302 0 0)
(208.98272169409302 0 0)
(208.98256855978087 0 0)
(208.98256855978087 0 0)
(208.98241542546873 0 0)
(208.98226229115662 0 0)
(208.98226229115662 0 0)
(208.98210915684447 0 0)
(208.98195602253236 0 0)
(208.98180288822022 0 0)
(208.98164975390807 0 0)
(208.98149661959596 0 0)
(208.98134348528382 0 0)
(208.9811903509717 0 0)
(208.98103721665956 0 0)
(208.98088408234744 0 0)
(208.98057781372316 0 0)
(208.98042467941104 0 0)
(208.9801184107868 0 0)
(208.9798121421625 0 0)
(208.97950587353824 0 0)
(208.979199604914 0 0)
(208.97889333628973 0 0)
(208.97858706766547 0 0)
(208.97828079904122 0 0)
(208.97782139610482 0 0)
(208.97736199316842 0 0)
(208.97690259023204 0 0)
(210.23052151827446 0 0)
(210.23052151827446 0 0)
(210.23052151827446 0 0)
(210.23052151827446 0 0)
(210.23052151827446 0 0)
(210.23052151827446 0 0)
(210.23052151827446 0 0)
(210.23052151827446 0 0)
(210.23052151827446 0 0)
(210.23052151827446 0 0)
(210.23052151827446 0 0)
(210.23052151827446 0 0)
(210.23052151827446 0 0)
(210.23052151827446 0 0)
(210.23052151827446 0 0)
(210.23052151827446 0 0)
(210.23052151827446 0 0)
(210.23052151827446 0 0)
(210.23052151827446 0 0)
(210.23052151827446 0 0)
(210.23052151827446 0 0)
(210.23052151827446 0 0)
(210.23052151827446 0 0)
(210.23052151827446 0 0)
(210.23052151827446 0 0)
(210.23052151827446 0 0)
(210.23036282002496 0 0)
(210.23036282002496 0 0)
(210.23036282002496 0 0)
(210.23036282002496 0 0)
(210.23036282002496 0 0)
(210.23036282002496 0 0)
(210.23036282002496 0 0)
(210.23036282002496 0 0)
(210.23036282002496 0 0)
(210.23036282002496 0 0)
(210.23036282002496 0 0)
(210.23036282002496 0 0)
(210.2302041217755 0 0)
(210.2302041217755 0 0)
(210.2302041217755 0 0)
(210.2302041217755 0 0)
(210.2302041217755 0 0)
(210.2302041217755 0 0)
(210.230045423526 0 0)
(210.230045423526 0 0)
(210.230045423526 0 0)
(210.230045423526 0 0)
(210.22988672527651 0 0)
(210.22988672527651 0 0)
(210.22988672527651 0 0)
(210.22988672527651 0 0)
(210.22972802702705 0 0)
(210.22972802702705 0 0)
(210.22972802702705 0 0)
(210.22956932877756 0 0)
(210.22956932877756 0 0)
(210.2294106305281 0 0)
(210.2294106305281 0 0)
(210.2292519322786 0 0)
(210.2292519322786 0 0)
(210.2290932340291 0 0)
(210.22893453577964 0 0)
(210.22893453577964 0 0)
(210.22877583753015 0 0)
(210.22861713928066 0 0)
(210.2284584410312 0 0)
(210.2282997427817 0 0)
(210.22814104453224 0 0)
(210.22798234628274 0 0)
(210.22782364803325 0 0)
(210.2276649497838 0 0)
(210.2275062515343 0 0)
(210.22718885503534 0 0)
(210.22703015678584 0 0)
(210.2267127602869 0 0)
(210.2265540620374 0 0)
(210.22623666553844 0 0)
(210.22591926903948 0 0)
(210.2256018725405 0 0)
(210.22528447604154 0 0)
(210.22496707954258 0 0)
(210.22449098479413 0 0)
(210.22401489004568 0 0)
(210.22369749354672 0 0)
(211.51410887701834 0 0)
(211.51410887701834 0 0)
(211.51410887701834 0 0)
(211.51410887701834 0 0)
(211.51410887701834 0 0)
(211.51410887701834 0 0)
(211.51410887701834 0 0)
(211.51410887701834 0 0)
(211.51410887701834 0 0)
(211.51410887701834 0 0)
(211.51410887701834 0 0)
(211.51410887701834 0 0)
(211.51410887701834 0 0)
(211.51410887701834 0 0)
(211.51410887701834 0 0)
(211.51410887701834 0 0)
(211.51410887701834 0 0)
(211.51410887701834 0 0)
(211.51410887701834 0 0)
(211.51410887701834 0 0)
(211.51410887701834 0 0)
(211.51410887701834 0 0)
(211.51410887701834 0 0)
(211.51410887701834 0 0)
(211.51410887701834 0 0)
(211.51410887701834 0 0)
(211.51410887701834 0 0)
(211.51410887701834 0 0)
(211.51410887701834 0 0)
(211.5139446514095 0 0)
(211.5139446514095 0 0)
(211.5139446514095 0 0)
(211.5139446514095 0 0)
(211.5139446514095 0 0)
(211.5139446514095 0 0)
(211.5139446514095 0 0)
(211.5139446514095 0 0)
(211.5139446514095 0 0)
(211.5139446514095 0 0)
(211.51378042580066 0 0)
(211.51378042580066 0 0)
(211.51378042580066 0 0)
(211.51378042580066 0 0)
(211.51378042580066 0 0)
(211.51378042580066 0 0)
(211.51361620019182 0 0)
(211.51361620019182 0 0)
(211.51361620019182 0 0)
(211.51361620019182 0 0)
(211.51361620019182 0 0)
(211.51345197458295 0 0)
(211.51345197458295 0 0)
(211.51345197458295 0 0)
(211.5132877489741 0 0)
(211.5132877489741 0 0)
(211.5132877489741 0 0)
(211.51312352336527 0 0)
(211.51312352336527 0 0)
(211.51295929775642 0 0)
(211.51295929775642 0 0)
(211.51279507214758 0 0)
(211.51279507214758 0 0)
(211.51263084653874 0 0)
(211.5124666209299 0 0)
(211.5124666209299 0 0)
(211.51230239532103 0 0)
(211.5121381697122 0 0)
(211.51197394410335 0 0)
(211.5118097184945 0 0)
(211.51164549288566 0 0)
(211.51148126727682 0 0)
(211.51131704166795 0 0)
(211.5111528160591 0 0)
(211.51082436484143 0 0)
(211.51066013923258 0 0)
(211.5104959136237 0 0)
(211.51016746240603 0 0)
(211.50983901118835 0 0)
(211.50951055997064 0 0)
(211.50918210875295 0 0)
(211.50885365753527 0 0)
(211.50852520631756 0 0)
(211.50819675509987 0 0)
(211.50770407827335 0 0)
(211.5072114014468 0 0)
(212.8338096843841 0 0)
(212.8338096843841 0 0)
(212.8338096843841 0 0)
(212.8338096843841 0 0)
(212.8338096843841 0 0)
(212.8338096843841 0 0)
(212.8338096843841 0 0)
(212.8338096843841 0 0)
(212.8338096843841 0 0)
(212.8338096843841 0 0)
(212.8338096843841 0 0)
(212.8338096843841 0 0)
(212.8338096843841 0 0)
(212.8338096843841 0 0)
(212.8338096843841 0 0)
(212.8338096843841 0 0)
(212.8338096843841 0 0)
(212.8338096843841 0 0)
(212.8338096843841 0 0)
(212.8338096843841 0 0)
(212.8338096843841 0 0)
(212.8338096843841 0 0)
(212.8338096843841 0 0)
(212.8338096843841 0 0)
(212.8338096843841 0 0)
(212.8338096843841 0 0)
(212.8338096843841 0 0)
(212.83363999159673 0 0)
(212.83363999159673 0 0)
(212.83363999159673 0 0)
(212.83363999159673 0 0)
(212.83363999159673 0 0)
(212.83363999159673 0 0)
(212.83363999159673 0 0)
(212.83363999159673 0 0)
(212.83363999159673 0 0)
(212.83363999159673 0 0)
(212.83363999159673 0 0)
(212.83363999159673 0 0)
(212.83347029880937 0 0)
(212.83347029880937 0 0)
(212.83347029880937 0 0)
(212.83347029880937 0 0)
(212.83347029880937 0 0)
(212.83347029880937 0 0)
(212.833300606022 0 0)
(212.833300606022 0 0)
(212.833300606022 0 0)
(212.833300606022 0 0)
(212.833300606022 0 0)
(212.83313091323464 0 0)
(212.83313091323464 0 0)
(212.83313091323464 0 0)
(212.83296122044726 0 0)
(212.83296122044726 0 0)
(212.83296122044726 0 0)
(212.8327915276599 0 0)
(212.8327915276599 0 0)
(212.83262183487253 0 0)
(212.83262183487253 0 0)
(212.83245214208515 0 0)
(212.83245214208515 0 0)
(212.8322824492978 0 0)
(212.8322824492978 0 0)
(212.8321127565104 0 0)
(212.83194306372306 0 0)
(212.83177337093568 0 0)
(212.83177337093568 0 0)
(212.8316036781483 0 0)
(212.83143398536095 0 0)
(212.8312642925736 0 0)
(212.8310945997862 0 0)
(212.83075521421148 0 0)
(212.8305855214241 0 0)
(212.83041582863675 0 0)
(212.83007644306198 0 0)
(212.82990675027463 0 0)
(212.8295673646999 0 0)
(212.82939767191252 0 0)
(212.82905828633778 0 0)
(212.82871890076305 0 0)
(212.82837951518832 0 0)
(212.8278704368262 0 0)
(212.82753105125147 0 0)
(212.82702197288936 0 0)
(214.19006723462184 0 0)
(214.19006723462184 0 0)
(214.19006723462184 0 0)
(214.19006723462184 0 0)
(214.19006723462184 0 0)
(214.19006723462184 0 0)
(214.19006723462184 0 0)
(214.19006723462184 0 0)
(214.19006723462184 0 0)
(214.19006723462184 0 0)
(214.19006723462184 0 0)
(214.19006723462184 0 0)
(214.19006723462184 0 0)
(214.19006723462184 0 0)
(214.19006723462184 0 0)
(214.19006723462184 0 0)
(214.19006723462184 0 0)
(214.19006723462184 0 0)
(214.19006723462184 0 0)
(214.19006723462184 0 0)
(214.19006723462184 0 0)
(214.19006723462184 0 0)
(214.19006723462184 0 0)
(214.19006723462184 0 0)
(214.18989196225814 0 0)
(214.18989196225814 0 0)
(214.18989196225814 0 0)
(214.18989196225814 0 0)
(214.18989196225814 0 0)
(214.18989196225814 0 0)
(214.18989196225814 0 0)
(214.18989196225814 0 0)
(214.18989196225814 0 0)
(214.18989196225814 0 0)
(214.18989196225814 0 0)
(214.18989196225814 0 0)
(214.18989196225814 0 0)
(214.18989196225814 0 0)
(214.18971668989445 0 0)
(214.18971668989445 0 0)
(214.18971668989445 0 0)
(214.18971668989445 0 0)
(214.18971668989445 0 0)
(214.18971668989445 0 0)
(214.18971668989445 0 0)
(214.18954141753076 0 0)
(214.18954141753076 0 0)
(214.18954141753076 0 0)
(214.18954141753076 0 0)
(214.18954141753076 0 0)
(214.18936614516707 0 0)
(214.18936614516707 0 0)
(214.18936614516707 0 0)
(214.18919087280338 0 0)
(214.18919087280338 0 0)
(214.18919087280338 0 0)
(214.1890156004397 0 0)
(214.1890156004397 0 0)
(214.1890156004397 0 0)
(214.188840328076 0 0)
(214.188840328076 0 0)
(214.1886650557123 0 0)
(214.1886650557123 0 0)
(214.18848978334861 0 0)
(214.18831451098492 0 0)
(214.18831451098492 0 0)
(214.18813923862123 0 0)
(214.18796396625757 0 0)
(214.18778869389385 0 0)
(214.1876134215302 0 0)
(214.18743814916647 0 0)
(214.1872628768028 0 0)
(214.18708760443909 0 0)
(214.18691233207542 0 0)
(214.1867370597117 0 0)
(214.18638651498432 0 0)
(214.18621124262066 0 0)
(214.18586069789328 0 0)
(214.18568542552958 0 0)
(214.1853348808022 0 0)
(214.18498433607482 0 0)
(214.18463379134744 0 0)
(214.18428324662005 0 0)
(214.18393270189267 0 0)
(214.1834068848016 0 0)
(215.58239908501176 0 0)
(215.58239908501176 0 0)
(215.58239908501176 0 0)
(215.58239908501176 0 0)
(215.58239908501176 0 0)
(215.58239908501176 0 0)
(215.58239908501176 0 0)
(215.58239908501176 0 0)
(215.58239908501176 0 0)
(215.58239908501176 0 0)
(215.58239908501176 0 0)
(215.58239908501176 0 0)
(215.58239908501176 0 0)
(215.58239908501176 0 0)
(215.58239908501176 0 0)
(215.58239908501176 0 0)
(215.58239908501176 0 0)
(215.58239908501176 0 0)
(215.58239908501176 0 0)
(215.58239908501176 0 0)
(215.58239908501176 0 0)
(215.58239908501176 0 0)
(215.58239908501176 0 0)
(215.58239908501176 0 0)
(215.58221823920707 0 0)
(215.58221823920707 0 0)
(215.58221823920707 0 0)
(215.58221823920707 0 0)
(215.58221823920707 0 0)
(215.58221823920707 0 0)
(215.58221823920707 0 0)
(215.58221823920707 0 0)
(215.58221823920707 0 0)
(215.58221823920707 0 0)
(215.58221823920707 0 0)
(215.58221823920707 0 0)
(215.58221823920707 0 0)
(215.58221823920707 0 0)
(215.58221823920707 0 0)
(215.58203739340235 0 0)
(215.58203739340235 0 0)
(215.58203739340235 0 0)
(215.58203739340235 0 0)
(215.58203739340235 0 0)
(215.58203739340235 0 0)
(215.58203739340235 0 0)
(215.58185654759765 0 0)
(215.58185654759765 0 0)
(215.58185654759765 0 0)
(215.58185654759765 0 0)
(215.58167570179296 0 0)
(215.58167570179296 0 0)
(215.58167570179296 0 0)
(215.58167570179296 0 0)
(215.58149485598827 0 0)
(215.58149485598827 0 0)
(215.58149485598827 0 0)
(215.58131401018355 0 0)
(215.58131401018355 0 0)
(215.58113316437885 0 0)
(215.58113316437885 0 0)
(215.58095231857416 0 0)
(215.58095231857416 0 0)
(215.58077147276947 0 0)
(215.58077147276947 0 0)
(215.58059062696475 0 0)
(215.58040978116006 0 0)
(215.58040978116006 0 0)
(215.58022893535534 0 0)
(215.58004808955064 0 0)
(215.57986724374595 0 0)
(215.57968639794126 0 0)
(215.57950555213654 0 0)
(215.57932470633185 0 0)
(215.57914386052715 0 0)
(215.57896301472246 0 0)
(215.57860132311305 0 0)
(215.57842047730836 0 0)
(215.57805878569894 0 0)
(215.57787793989425 0 0)
(215.57751624828484 0 0)
(215.57715455667545 0 0)
(215.57679286506604 0 0)
(215.57643117345663 0 0)
(215.57588863604255 0 0)
(217.01028363195744 0 0)
(217.01028363195744 0 0)
(217.01028363195744 0 0)
(217.01028363195744 0 0)
(217.01028363195744 0 0)
(217.01028363195744 0 0)
(217.01028363195744 0 0)
(217.01028363195744 0 0)
(217.01028363195744 0 0)
(217.01028363195744 0 0)
(217.01028363195744 0 0)
(217.01028363195744 0 0)
(217.01028363195744 0 0)
(217.01028363195744 0 0)
(217.01028363195744 0 0)
(217.01028363195744 0 0)
(217.01028363195744 0 0)
(217.01028363195744 0 0)
(217.01028363195744 0 0)
(217.01028363195744 0 0)
(217.01028363195744 0 0)
(217.01028363195744 0 0)
(217.01028363195744 0 0)
(217.01028363195744 0 0)
(217.01028363195744 0 0)
(217.01028363195744 0 0)
(217.01028363195744 0 0)
(217.01028363195744 0 0)
(217.01028363195744 0 0)
(217.01028363195744 0 0)
(217.01028363195744 0 0)
(217.01009722405314 0 0)
(217.01009722405314 0 0)
(217.01009722405314 0 0)
(217.01009722405314 0 0)
(217.01009722405314 0 0)
(217.01009722405314 0 0)
(217.01009722405314 0 0)
(217.01009722405314 0 0)
(217.01009722405314 0 0)
(217.01009722405314 0 0)
(217.01009722405314 0 0)
(217.00991081614885 0 0)
(217.00991081614885 0 0)
(217.00991081614885 0 0)
(217.00991081614885 0 0)
(217.00991081614885 0 0)
(217.00991081614885 0 0)
(217.00972440824452 0 0)
(217.00972440824452 0 0)
(217.00972440824452 0 0)
(217.00972440824452 0 0)
(217.00972440824452 0 0)
(217.00953800034023 0 0)
(217.00953800034023 0 0)
(217.00953800034023 0 0)
(217.00935159243593 0 0)
(217.00935159243593 0 0)
(217.00935159243593 0 0)
(217.00916518453164 0 0)
(217.00916518453164 0 0)
(217.00897877662734 0 0)
(217.00897877662734 0 0)
(217.00879236872302 0 0)
(217.00879236872302 0 0)
(217.00860596081873 0 0)
(217.00841955291443 0 0)
(217.00841955291443 0 0)
(217.00823314501014 0 0)
(217.00804673710581 0 0)
(217.00786032920152 0 0)
(217.00767392129723 0 0)
(217.00767392129723 0 0)
(217.0073011054886 0 0)
(217.0071146975843 0 0)
(217.00692828968002 0 0)
(217.00674188177572 0 0)
(217.0065554738714 0 0)
(217.0061826580628 0 0)
(217.00599625015852 0 0)
(217.0056234343499 0 0)
(217.0052506185413 0 0)
(217.0048778027327 0 0)
(217.0045049869241 0 0)
(217.00413217111551 0 0)
(218.47364638779584 0 0)
(218.47364638779584 0 0)
(218.47364638779584 0 0)
(218.47364638779584 0 0)
(218.47364638779584 0 0)
(218.47364638779584 0 0)
(218.47364638779584 0 0)
(218.47364638779584 0 0)
(218.47364638779584 0 0)
(218.47364638779584 0 0)
(218.47364638779584 0 0)
(218.47364638779584 0 0)
(218.47364638779584 0 0)
(218.47364638779584 0 0)
(218.47364638779584 0 0)
(218.47364638779584 0 0)
(218.47364638779584 0 0)
(218.47364638779584 0 0)
(218.47364638779584 0 0)
(218.47364638779584 0 0)
(218.47364638779584 0 0)
(218.47364638779584 0 0)
(218.47364638779584 0 0)
(218.47364638779584 0 0)
(218.47364638779584 0 0)
(218.47364638779584 0 0)
(218.47364638779584 0 0)
(218.47364638779584 0 0)
(218.47364638779584 0 0)
(218.47364638779584 0 0)
(218.47345439583103 0 0)
(218.47345439583103 0 0)
(218.47345439583103 0 0)
(218.47345439583103 0 0)
(218.47345439583103 0 0)
(218.47345439583103 0 0)
(218.47345439583103 0 0)
(218.47345439583103 0 0)
(218.47345439583103 0 0)
(218.47345439583103 0 0)
(218.47345439583103 0 0)
(218.47345439583103 0 0)
(218.47326240386622 0 0)
(218.47326240386622 0 0)
(218.47326240386622 0 0)
(218.47326240386622 0 0)
(218.47326240386622 0 0)
(218.47326240386622 0 0)
(218.47326240386622 0 0)
(218.47307041190138 0 0)
(218.47307041190138 0 0)
(218.47307041190138 0 0)
(218.47307041190138 0 0)
(218.47287841993656 0 0)
(218.47287841993656 0 0)
(218.47287841993656 0 0)
(218.47287841993656 0 0)
(218.47268642797175 0 0)
(218.47268642797175 0 0)
(218.47268642797175 0 0)
(218.47249443600694 0 0)
(218.47249443600694 0 0)
(218.4723024440421 0 0)
(218.4723024440421 0 0)
(218.4721104520773 0 0)
(218.4721104520773 0 0)
(218.47191846011248 0 0)
(218.47172646814766 0 0)
(218.47172646814766 0 0)
(218.47153447618285 0 0)
(218.471342484218 0 0)
(218.4711504922532 0 0)
(218.4709585002884 0 0)
(218.4709585002884 0 0)
(218.47076650832358 0 0)
(218.47038252439395 0 0)
(218.47019053242911 0 0)
(218.4699985404643 0 0)
(218.4698065484995 0 0)
(218.46942256456984 0 0)
(218.46923057260503 0 0)
(218.4688465886754 0 0)
(218.46846260474578 0 0)
(218.46807862081613 0 0)
(218.4676946368865 0 0)
(219.97139531994932 0 0)
(219.97139531994932 0 0)
(219.97139531994932 0 0)
(219.97139531994932 0 0)
(219.97139531994932 0 0)
(219.97139531994932 0 0)
(219.97139531994932 0 0)
(219.97139531994932 0 0)
(219.97139531994932 0 0)
(219.97139531994932 0 0)
(219.97139531994932 0 0)
(219.97139531994932 0 0)
(219.97139531994932 0 0)
(219.97139531994932 0 0)
(219.97139531994932 0 0)
(219.97139531994932 0 0)
(219.97139531994932 0 0)
(219.97139531994932 0 0)
(219.97139531994932 0 0)
(219.97139531994932 0 0)
(219.97139531994932 0 0)
(219.97139531994932 0 0)
(219.97119783195723 0 0)
(219.97119783195723 0 0)
(219.97119783195723 0 0)
(219.97119783195723 0 0)
(219.97119783195723 0 0)
(219.97119783195723 0 0)
(219.97119783195723 0 0)
(219.97119783195723 0 0)
(219.97119783195723 0 0)
(219.97119783195723 0 0)
(219.97119783195723 0 0)
(219.97119783195723 0 0)
(219.97119783195723 0 0)
(219.97119783195723 0 0)
(219.97119783195723 0 0)
(219.97119783195723 0 0)
(219.97119783195723 0 0)
(219.97119783195723 0 0)
(219.9710003439651 0 0)
(219.9710003439651 0 0)
(219.9710003439651 0 0)
(219.9710003439651 0 0)
(219.9710003439651 0 0)
(219.9710003439651 0 0)
(219.9710003439651 0 0)
(219.9710003439651 0 0)
(219.970802855973 0 0)
(219.970802855973 0 0)
(219.970802855973 0 0)
(219.970802855973 0 0)
(219.970802855973 0 0)
(219.97060536798088 0 0)
(219.97060536798088 0 0)
(219.97060536798088 0 0)
(219.97060536798088 0 0)
(219.97040787998878 0 0)
(219.97040787998878 0 0)
(219.97040787998878 0 0)
(219.97021039199666 0 0)
(219.97021039199666 0 0)
(219.97001290400456 0 0)
(219.97001290400456 0 0)
(219.97001290400456 0 0)
(219.96981541601244 0 0)
(219.96961792802034 0 0)
(219.96961792802034 0 0)
(219.96942044002824 0 0)
(219.96942044002824 0 0)
(219.96922295203612 0 0)
(219.96902546404402 0 0)
(219.9688279760519 0 0)
(219.9686304880598 0 0)
(219.9684330000677 0 0)
(219.96823551207558 0 0)
(219.96803802408348 0 0)
(219.96784053609136 0 0)
(219.96764304809926 0 0)
(219.96744556010717 0 0)
(219.96705058412294 0 0)
(219.96685309613082 0 0)
(219.9664581201466 0 0)
(219.96606314416238 0 0)
(219.96586565617028 0 0)
(221.50387630340006 0 0)
(221.50387630340006 0 0)
(221.50387630340006 0 0)
(221.50387630340006 0 0)
(221.50387630340006 0 0)
(221.50387630340006 0 0)
(221.50387630340006 0 0)
(221.50387630340006 0 0)
(221.50387630340006 0 0)
(221.50387630340006 0 0)
(221.50387630340006 0 0)
(221.50387630340006 0 0)
(221.50387630340006 0 0)
(221.50387630340006 0 0)
(221.50387630340006 0 0)
(221.50387630340006 0 0)
(221.50387630340006 0 0)
(221.50387630340006 0 0)
(221.50387630340006 0 0)
(221.50387630340006 0 0)
(221.50387630340006 0 0)
(221.50387630340006 0 0)
(221.50387630340006 0 0)
(221.50387630340006 0 0)
(221.50387630340006 0 0)
(221.50387630340006 0 0)
(221.50387630340006 0 0)
(221.50387630340006 0 0)
(221.50387630340006 0 0)
(221.50387630340006 0 0)
(221.50387630340006 0 0)
(221.50387630340006 0 0)
(221.50387630340006 0 0)
(221.50387630340006 0 0)
(221.50387630340006 0 0)
(221.50387630340006 0 0)
(221.50387630340006 0 0)
(221.50367319127503 0 0)
(221.50367319127503 0 0)
(221.50367319127503 0 0)
(221.50367319127503 0 0)
(221.50367319127503 0 0)
(221.50367319127503 0 0)
(221.50367319127503 0 0)
(221.50367319127503 0 0)
(221.50367319127503 0 0)
(221.50367319127503 0 0)
(221.50347007914996 0 0)
(221.50347007914996 0 0)
(221.50347007914996 0 0)
(221.50347007914996 0 0)
(221.50347007914996 0 0)
(221.50347007914996 0 0)
(221.50326696702493 0 0)
(221.50326696702493 0 0)
(221.50326696702493 0 0)
(221.50326696702493 0 0)
(221.5030638548999 0 0)
(221.5030638548999 0 0)
(221.5030638548999 0 0)
(221.50286074277483 0 0)
(221.50286074277483 0 0)
(221.50286074277483 0 0)
(221.5026576306498 0 0)
(221.5026576306498 0 0)
(221.50245451852476 0 0)
(221.50245451852476 0 0)
(221.50225140639972 0 0)
(221.50225140639972 0 0)
(221.50204829427466 0 0)
(221.50204829427466 0 0)
(221.50184518214962 0 0)
(221.5016420700246 0 0)
(221.50143895789955 0 0)
(221.5012358457745 0 0)
(221.5012358457745 0 0)
(221.50103273364945 0 0)
(221.50082962152442 0 0)
(221.50042339727432 0 0)
(221.50022028514928 0 0)
(221.50001717302425 0 0)
(221.49981406089918 0 0)
(221.4994078366491 0 0)
(221.49920472452408 0 0)
(221.49879850027398 0 0)
(223.0704077239337 0 0)
(223.0704077239337 0 0)
(223.0704077239337 0 0)
(223.0704077239337 0 0)
(223.0704077239337 0 0)
(223.0704077239337 0 0)
(223.0704077239337 0 0)
(223.0704077239337 0 0)
(223.0704077239337 0 0)
(223.0704077239337 0 0)
(223.0704077239337 0 0)
(223.0704077239337 0 0)
(223.0704077239337 0 0)
(223.0704077239337 0 0)
(223.0704077239337 0 0)
(223.0704077239337 0 0)
(223.0704077239337 0 0)
(223.0704077239337 0 0)
(223.0704077239337 0 0)
(223.0704077239337 0 0)
(223.0704077239337 0 0)
(223.0704077239337 0 0)
(223.0704077239337 0 0)
(223.0704077239337 0 0)
(223.0704077239337 0 0)
(223.0704077239337 0 0)
(223.0704077239337 0 0)
(223.0704077239337 0 0)
(223.0704077239337 0 0)
(223.0704077239337 0 0)
(223.0704077239337 0 0)
(223.0704077239337 0 0)
(223.0704077239337 0 0)
(223.0704077239337 0 0)
(223.0704077239337 0 0)
(223.07019907563583 0 0)
(223.07019907563583 0 0)
(223.07019907563583 0 0)
(223.07019907563583 0 0)
(223.07019907563583 0 0)
(223.07019907563583 0 0)
(223.07019907563583 0 0)
(223.07019907563583 0 0)
(223.07019907563583 0 0)
(223.07019907563583 0 0)
(223.07019907563583 0 0)
(223.07019907563583 0 0)
(223.06999042733793 0 0)
(223.06999042733793 0 0)
(223.06999042733793 0 0)
(223.06999042733793 0 0)
(223.06999042733793 0 0)
(223.06999042733793 0 0)
(223.06978177904006 0 0)
(223.06978177904006 0 0)
(223.06978177904006 0 0)
(223.06978177904006 0 0)
(223.06978177904006 0 0)
(223.06957313074216 0 0)
(223.06957313074216 0 0)
(223.06957313074216 0 0)
(223.06936448244426 0 0)
(223.06936448244426 0 0)
(223.06936448244426 0 0)
(223.0691558341464 0 0)
(223.0691558341464 0 0)
(223.0689471858485 0 0)
(223.0689471858485 0 0)
(223.0689471858485 0 0)
(223.06873853755062 0 0)
(223.06852988925272 0 0)
(223.06852988925272 0 0)
(223.06832124095484 0 0)
(223.06811259265695 0 0)
(223.06811259265695 0 0)
(223.06790394435907 0 0)
(223.06769529606117 0 0)
(223.0674866477633 0 0)
(223.0672779994654 0 0)
(223.06706935116753 0 0)
(223.06686070286963 0 0)
(223.06665205457173 0 0)
(223.06623475797596 0 0)
(223.0660261096781 0 0)
(223.0656088130823 0 0)
(224.67076984114132 0 0)
(224.67076984114132 0 0)
(224.67076984114132 0 0)
(224.67076984114132 0 0)
(224.67076984114132 0 0)
(224.67076984114132 0 0)
(224.67076984114132 0 0)
(224.67076984114132 0 0)
(224.67076984114132 0 0)
(224.67076984114132 0 0)
(224.67076984114132 0 0)
(224.67076984114132 0 0)
(224.67076984114132 0 0)
(224.67076984114132 0 0)
(224.67076984114132 0 0)
(224.67076984114132 0 0)
(224.67076984114132 0 0)
(224.67076984114132 0 0)
(224.67076984114132 0 0)
(224.67076984114132 0 0)
(224.67076984114132 0 0)
(224.67076984114132 0 0)
(224.67076984114132 0 0)
(224.67076984114132 0 0)
(224.67076984114132 0 0)
(224.67076984114132 0 0)
(224.67076984114132 0 0)
(224.67076984114132 0 0)
(224.67076984114132 0 0)
(224.67076984114132 0 0)
(224.67076984114132 0 0)
(224.67076984114132 0 0)
(224.67076984114132 0 0)
(224.67076984114132 0 0)
(224.67076984114132 0 0)
(224.67076984114132 0 0)
(224.67076984114132 0 0)
(224.67076984114132 0 0)
(224.67076984114132 0 0)
(224.6705556025714 0 0)
(224.6705556025714 0 0)
(224.6705556025714 0 0)
(224.6705556025714 0 0)
(224.6705556025714 0 0)
(224.6705556025714 0 0)
(224.6705556025714 0 0)
(224.6705556025714 0 0)
(224.6705556025714 0 0)
(224.6705556025714 0 0)
(224.6705556025714 0 0)
(224.6703413640015 0 0)
(224.6703413640015 0 0)
(224.6703413640015 0 0)
(224.6703413640015 0 0)
(224.6703413640015 0 0)
(224.6703413640015 0 0)
(224.6701271254316 0 0)
(224.6701271254316 0 0)
(224.6701271254316 0 0)
(224.6701271254316 0 0)
(224.66991288686168 0 0)
(224.66991288686168 0 0)
(224.66991288686168 0 0)
(224.66991288686168 0 0)
(224.66969864829179 0 0)
(224.66969864829179 0 0)
(224.6694844097219 0 0)
(224.6694844097219 0 0)
(224.6694844097219 0 0)
(224.66927017115196 0 0)
(224.66927017115196 0 0)
(224.66905593258207 0 0)
(224.66905593258207 0 0)
(224.66884169401217 0 0)
(224.66862745544225 0 0)
(224.66862745544225 0 0)
(224.66841321687235 0 0)
(224.66819897830243 0 0)
(224.66798473973253 0 0)
(224.6677705011626 0 0)
(224.6675562625927 0 0)
(224.66734202402282 0 0)
(224.6671277854529 0 0)
(224.666913546883 0 0)
(224.66669930831307 0 0)
(226.30470870093308 0 0)
(226.30470870093308 0 0)
(226.30470870093308 0 0)
(226.30470870093308 0 0)
(226.30470870093308 0 0)
(226.30470870093308 0 0)
(226.30470870093308 0 0)
(226.30470870093308 0 0)
(226.30470870093308 0 0)
(226.30470870093308 0 0)
(226.30470870093308 0 0)
(226.30470870093308 0 0)
(226.30470870093308 0 0)
(226.30470870093308 0 0)
(226.30470870093308 0 0)
(226.30470870093308 0 0)
(226.30470870093308 0 0)
(226.30470870093308 0 0)
(226.30470870093308 0 0)
(226.30470870093308 0 0)
(226.30470870093308 0 0)
(226.30470870093308 0 0)
(226.30470870093308 0 0)
(226.30470870093308 0 0)
(226.30470870093308 0 0)
(226.30470870093308 0 0)
(226.30470870093308 0 0)
(226.30470870093308 0 0)
(226.30470870093308 0 0)
(226.30470870093308 0 0)
(226.30470870093308 0 0)
(226.30470870093308 0 0)
(226.30470870093308 0 0)
(226.30470870093308 0 0)
(226.30470870093308 0 0)
(226.30470870093308 0 0)
(226.3044888786729 0 0)
(226.3044888786729 0 0)
(226.3044888786729 0 0)
(226.3044888786729 0 0)
(226.3044888786729 0 0)
(226.3044888786729 0 0)
(226.3044888786729 0 0)
(226.3044888786729 0 0)
(226.3044888786729 0 0)
(226.3044888786729 0 0)
(226.3044888786729 0 0)
(226.3044888786729 0 0)
(226.3044888786729 0 0)
(226.3044888786729 0 0)
(226.30426905641275 0 0)
(226.30426905641275 0 0)
(226.30426905641275 0 0)
(226.30426905641275 0 0)
(226.30426905641275 0 0)
(226.30426905641275 0 0)
(226.30426905641275 0 0)
(226.3040492341526 0 0)
(226.3040492341526 0 0)
(226.3040492341526 0 0)
(226.3040492341526 0 0)
(226.3040492341526 0 0)
(226.30382941189242 0 0)
(226.30382941189242 0 0)
(226.30382941189242 0 0)
(226.30360958963226 0 0)
(226.30360958963226 0 0)
(226.30360958963226 0 0)
(226.3033897673721 0 0)
(226.3033897673721 0 0)
(226.3033897673721 0 0)
(226.30316994511193 0 0)
(226.30316994511193 0 0)
(226.30295012285177 0 0)
(226.3027303005916 0 0)
(226.3027303005916 0 0)
(226.30251047833147 0 0)
(226.30251047833147 0 0)
(226.30229065607128 0 0)
(226.30207083381114 0 0)
(226.30185101155095 0 0)
(226.30163118929082 0 0)
(226.30141136703062 0 0)
(226.3011915447705 0 0)
(226.3009717225103 0 0)
(227.9719317748401 0 0)
(227.9719317748401 0 0)
(227.9719317748401 0 0)
(227.9719317748401 0 0)
(227.9719317748401 0 0)
(227.9719317748401 0 0)
(227.9719317748401 0 0)
(227.9719317748401 0 0)
(227.9719317748401 0 0)
(227.9719317748401 0 0)
(227.9719317748401 0 0)
(227.9719317748401 0 0)
(227.9719317748401 0 0)
(227.97170635257484 0 0)
(227.97170635257484 0 0)
(227.97170635257484 0 0)
(227.97170635257484 0 0)
(227.97170635257484 0 0)
(227.97170635257484 0 0)
(227.97170635257484 0 0)
(227.97170635257484 0 0)
(227.97170635257484 0 0)
(227.97170635257484 0 0)
(227.97170635257484 0 0)
(227.97170635257484 0 0)
(227.97170635257484 0 0)
(227.97170635257484 0 0)
(227.97170635257484 0 0)
(227.97170635257484 0 0)
(227.97170635257484 0 0)
(227.97170635257484 0 0)
(227.97170635257484 0 0)
(227.97170635257484 0 0)
(227.97170635257484 0 0)
(227.97170635257484 0 0)
(227.97170635257484 0 0)
(227.97170635257484 0 0)
(227.97170635257484 0 0)
(227.97170635257484 0 0)
(227.97170635257484 0 0)
(227.97170635257484 0 0)
(227.97170635257484 0 0)
(227.97170635257484 0 0)
(227.97170635257484 0 0)
(227.97170635257484 0 0)
(227.97170635257484 0 0)
(227.97170635257484 0 0)
(227.97148093030958 0 0)
(227.97148093030958 0 0)
(227.97148093030958 0 0)
(227.97148093030958 0 0)
(227.97148093030958 0 0)
(227.97148093030958 0 0)
(227.97148093030958 0 0)
(227.97148093030958 0 0)
(227.97148093030958 0 0)
(227.97125550804432 0 0)
(227.97125550804432 0 0)
(227.97125550804432 0 0)
(227.97125550804432 0 0)
(227.97125550804432 0 0)
(227.97125550804432 0 0)
(227.97103008577903 0 0)
(227.97103008577903 0 0)
(227.97103008577903 0 0)
(227.97103008577903 0 0)
(227.97080466351377 0 0)
(227.97080466351377 0 0)
(227.97080466351377 0 0)
(227.97080466351377 0 0)
(227.97057924124852 0 0)
(227.97057924124852 0 0)
(227.97035381898326 0 0)
(227.97035381898326 0 0)
(227.97012839671797 0 0)
(227.97012839671797 0 0)
(227.9699029744527 0 0)
(227.9699029744527 0 0)
(227.96967755218745 0 0)
(227.96967755218745 0 0)
(227.9694521299222 0 0)
(227.9692267076569 0 0)
(227.96900128539164 0 0)
(227.96900128539164 0 0)
(227.96877586312638 0 0)
(229.67097968738983 0 0)
(229.67097968738983 0 0)
(229.67097968738983 0 0)
(229.67097968738983 0 0)
(229.67097968738983 0 0)
(229.67097968738983 0 0)
(229.67097968738983 0 0)
(229.67097968738983 0 0)
(229.67097968738983 0 0)
(229.67097968738983 0 0)
(229.67097968738983 0 0)
(229.67097968738983 0 0)
(229.67097968738983 0 0)
(229.67097968738983 0 0)
(229.67097968738983 0 0)
(229.67097968738983 0 0)
(229.67097968738983 0 0)
(229.67097968738983 0 0)
(229.67097968738983 0 0)
(229.67097968738983 0 0)
(229.67097968738983 0 0)
(229.67097968738983 0 0)
(229.67097968738983 0 0)
(229.67097968738983 0 0)
(229.67097968738983 0 0)
(229.67097968738983 0 0)
(229.67097968738983 0 0)
(229.67097968738983 0 0)
(229.67097968738983 0 0)
(229.67097968738983 0 0)
(229.67097968738983 0 0)
(229.67097968738983 0 0)
(229.67097968738983 0 0)
(229.67097968738983 0 0)
(229.67097968738983 0 0)
(229.67097968738983 0 0)
(229.67097968738983 0 0)
(229.67097968738983 0 0)
(229.67097968738983 0 0)
(229.67097968738983 0 0)
(229.67074877574095 0 0)
(229.67074877574095 0 0)
(229.67074877574095 0 0)
(229.67074877574095 0 0)
(229.67074877574095 0 0)
(229.67074877574095 0 0)
(229.67074877574095 0 0)
(229.67074877574095 0 0)
(229.67074877574095 0 0)
(229.67074877574095 0 0)
(229.67074877574095 0 0)
(229.67074877574095 0 0)
(229.67074877574095 0 0)
(229.67074877574095 0 0)
(229.67074877574095 0 0)
(229.67074877574095 0 0)
(229.67051786409203 0 0)
(229.67051786409203 0 0)
(229.67051786409203 0 0)
(229.67051786409203 0 0)
(229.67051786409203 0 0)
(229.67051786409203 0 0)
(229.67051786409203 0 0)
(229.67028695244315 0 0)
(229.67028695244315 0 0)
(229.67028695244315 0 0)
(229.67028695244315 0 0)
(229.67028695244315 0 0)
(229.67005604079426 0 0)
(229.67005604079426 0 0)
(229.67005604079426 0 0)
(229.66982512914535 0 0)
(229.66982512914535 0 0)
(229.66982512914535 0 0)
(229.66959421749647 0 0)
(229.66959421749647 0 0)
(229.66959421749647 0 0)
(229.66936330584758 0 0)
(229.66936330584758 0 0)
(229.6691323941987 0 0)
(229.6691323941987 0 0)
(229.66890148254978 0 0)
(229.6686705709009 0 0)
(229.6686705709009 0 0)
(229.66843965925202 0 0)
(231.40254529786012 0 0)
(231.40254529786012 0 0)
(231.40254529786012 0 0)
(231.40254529786012 0 0)
(231.40254529786012 0 0)
(231.40254529786012 0 0)
(231.40254529786012 0 0)
(231.40254529786012 0 0)
(231.40254529786012 0 0)
(231.40254529786012 0 0)
(231.40254529786012 0 0)
(231.40254529786012 0 0)
(231.40254529786012 0 0)
(231.40254529786012 0 0)
(231.40254529786012 0 0)
(231.40254529786012 0 0)
(231.40254529786012 0 0)
(231.40254529786012 0 0)
(231.40254529786012 0 0)
(231.40254529786012 0 0)
(231.40254529786012 0 0)
(231.40254529786012 0 0)
(231.40254529786012 0 0)
(231.40254529786012 0 0)
(231.40254529786012 0 0)
(231.40254529786012 0 0)
(231.40254529786012 0 0)
(231.40254529786012 0 0)
(231.4023088097953 0 0)
(231.4023088097953 0 0)
(231.4023088097953 0 0)
(231.4023088097953 0 0)
(231.4023088097953 0 0)
(231.4023088097953 0 0)
(231.4023088097953 0 0)
(231.4023088097953 0 0)
(231.4023088097953 0 0)
(231.4023088097953 0 0)
(231.4023088097953 0 0)
(231.4023088097953 0 0)
(231.4023088097953 0 0)
(231.4023088097953 0 0)
(231.4023088097953 0 0)
(231.4023088097953 0 0)
(231.4023088097953 0 0)
(231.4023088097953 0 0)
(231.4023088097953 0 0)
(231.4023088097953 0 0)
(231.4023088097953 0 0)
(231.4023088097953 0 0)
(231.4023088097953 0 0)
(231.4023088097953 0 0)
(231.4023088097953 0 0)
(231.4023088097953 0 0)
(231.4023088097953 0 0)
(231.4023088097953 0 0)
(231.40207232173051 0 0)
(231.40207232173051 0 0)
(231.40207232173051 0 0)
(231.40207232173051 0 0)
(231.40207232173051 0 0)
(231.40207232173051 0 0)
(231.40207232173051 0 0)
(231.40207232173051 0 0)
(231.40207232173051 0 0)
(231.4018358336657 0 0)
(231.4018358336657 0 0)
(231.4018358336657 0 0)
(231.4018358336657 0 0)
(231.4018358336657 0 0)
(231.4018358336657 0 0)
(231.4015993456009 0 0)
(231.4015993456009 0 0)
(231.4015993456009 0 0)
(231.4015993456009 0 0)
(231.4013628575361 0 0)
(231.4013628575361 0 0)
(231.4013628575361 0 0)
(231.4011263694713 0 0)
(231.4011263694713 0 0)
(231.4011263694713 0 0)
(231.4008898814065 0 0)
(231.4008898814065 0 0)
(231.4006533933417 0 0)
(231.4006533933417 0 0)
(233.16618763013832 0 0)
(233.16618763013832 0 0)
(233.16618763013832 0 0)
(233.16618763013832 0 0)
(233.16618763013832 0 0)
(233.16618763013832 0 0)
(233.16618763013832 0 0)
(233.16618763013832 0 0)
(233.16618763013832 0 0)
(233.16618763013832 0 0)
(233.16618763013832 0 0)
(233.16618763013832 0 0)
(233.16618763013832 0 0)
(233.16618763013832 0 0)
(233.16618763013832 0 0)
(233.16618763013832 0 0)
(233.16618763013832 0 0)
(233.16618763013832 0 0)
(233.16618763013832 0 0)
(233.16618763013832 0 0)
(233.16618763013832 0 0)
(233.16618763013832 0 0)
(233.16618763013832 0 0)
(233.16618763013832 0 0)
(233.16618763013832 0 0)
(233.16618763013832 0 0)
(233.16618763013832 0 0)
(233.16618763013832 0 0)
(233.16618763013832 0 0)
(233.16618763013832 0 0)
(233.16618763013832 0 0)
(233.16618763013832 0 0)
(233.16618763013832 0 0)
(233.1659455378484 0 0)
(233.1659455378484 0 0)
(233.1659455378484 0 0)
(233.1659455378484 0 0)
(233.1659455378484 0 0)
(233.1659455378484 0 0)
(233.1659455378484 0 0)
(233.1659455378484 0 0)
(233.1659455378484 0 0)
(233.1659455378484 0 0)
(233.1659455378484 0 0)
(233.1659455378484 0 0)
(233.1659455378484 0 0)
(233.1659455378484 0 0)
(233.1659455378484 0 0)
(233.1659455378484 0 0)
(233.1659455378484 0 0)
(233.1659455378484 0 0)
(233.1659455378484 0 0)
(233.1659455378484 0 0)
(233.1659455378484 0 0)
(233.1659455378484 0 0)
(233.1659455378484 0 0)
(233.1659455378484 0 0)
(233.1659455378484 0 0)
(233.1659455378484 0 0)
(233.1659455378484 0 0)
(233.1659455378484 0 0)
(233.1659455378484 0 0)
(233.1659455378484 0 0)
(233.16570344555842 0 0)
(233.16570344555842 0 0)
(233.16570344555842 0 0)
(233.16570344555842 0 0)
(233.16570344555842 0 0)
(233.16570344555842 0 0)
(233.16570344555842 0 0)
(233.16570344555842 0 0)
(233.16570344555842 0 0)
(233.16546135326848 0 0)
(233.16546135326848 0 0)
(233.16546135326848 0 0)
(233.16546135326848 0 0)
(233.16546135326848 0 0)
(233.16546135326848 0 0)
(233.16521926097852 0 0)
(233.16521926097852 0 0)
(233.16521926097852 0 0)
(233.16521926097852 0 0)
(233.16497716868858 0 0)
(233.16497716868858 0 0)
(233.16497716868858 0 0)
(234.96080753759438 0 0)
(234.96080753759438 0 0)
(234.96080753759438 0 0)
(234.96080753759438 0 0)
(234.96080753759438 0 0)
(234.96080753759438 0 0)
(234.96080753759438 0 0)
(234.96080753759438 0 0)
(234.96080753759438 0 0)
(234.96080753759438 0 0)
(234.96080753759438 0 0)
(234.96080753759438 0 0)
(234.96080753759438 0 0)
(234.96080753759438 0 0)
(234.96080753759438 0 0)
(234.96080753759438 0 0)
(234.96080753759438 0 0)
(234.96080753759438 0 0)
(234.96080753759438 0 0)
(234.96080753759438 0 0)
(234.96080753759438 0 0)
(234.96080753759438 0 0)
(234.96080753759438 0 0)
(234.96080753759438 0 0)
(234.96080753759438 0 0)
(234.96080753759438 0 0)
(234.96080753759438 0 0)
(234.96080753759438 0 0)
(234.96080753759438 0 0)
(234.96080753759438 0 0)
(234.96080753759438 0 0)
(234.96080753759438 0 0)
(234.96080753759438 0 0)
(234.96080753759438 0 0)
(234.96080753759438 0 0)
(234.96080753759438 0 0)
(234.96080753759438 0 0)
(234.96080753759438 0 0)
(234.96080753759438 0 0)
(234.96080753759438 0 0)
(234.96080753759438 0 0)
(234.96080753759438 0 0)
(234.96080753759438 0 0)
(234.96080753759438 0 0)
(234.96080753759438 0 0)
(234.96080753759438 0 0)
(234.96080753759438 0 0)
(234.96080753759438 0 0)
(234.96080753759438 0 0)
(234.96080753759438 0 0)
(234.96080753759438 0 0)
(234.96080753759438 0 0)
(234.96080753759438 0 0)
(234.96080753759438 0 0)
(234.96080753759438 0 0)
(234.96080753759438 0 0)
(234.96080753759438 0 0)
(234.96080753759438 0 0)
(234.96080753759438 0 0)
(234.96080753759438 0 0)
(234.96080753759438 0 0)
(234.96080753759438 0 0)
(234.96080753759438 0 0)
(234.96080753759438 0 0)
(234.96080753759438 0 0)
(234.96080753759438 0 0)
(234.96080753759438 0 0)
(234.96080753759438 0 0)
(234.96080753759438 0 0)
(234.96080753759438 0 0)
(234.96055993551002 0 0)
(234.96055993551002 0 0)
(234.96055993551002 0 0)
(234.96055993551002 0 0)
(234.96055993551002 0 0)
(234.96055993551002 0 0)
(234.96055993551002 0 0)
(234.96055993551002 0 0)
(234.96055993551002 0 0)
(234.96055993551002 0 0)
(234.96055993551002 0 0)
(234.96055993551002 0 0)
(234.96055993551002 0 0)
(234.96055993551002 0 0)
(234.96031233342566 0 0)
(236.7870201498938 0 0)
(236.7870201498938 0 0)
(236.7870201498938 0 0)
(236.7870201498938 0 0)
(236.7870201498938 0 0)
(236.7870201498938 0 0)
(236.7870201498938 0 0)
(236.7870201498938 0 0)
(236.7870201498938 0 0)
(236.7870201498938 0 0)
(236.7870201498938 0 0)
(236.7870201498938 0 0)
(236.7870201498938 0 0)
(236.7870201498938 0 0)
(236.7870201498938 0 0)
(236.7870201498938 0 0)
(236.7870201498938 0 0)
(236.7870201498938 0 0)
(236.7870201498938 0 0)
(236.7870201498938 0 0)
(236.7870201498938 0 0)
(236.7870201498938 0 0)
(236.7870201498938 0 0)
(236.7870201498938 0 0)
(236.7870201498938 0 0)
(236.7870201498938 0 0)
(236.7870201498938 0 0)
(236.7870201498938 0 0)
(236.7870201498938 0 0)
(236.7870201498938 0 0)
(236.7870201498938 0 0)
(236.7870201498938 0 0)
(236.78727874727426 0 0)
(236.78727874727426 0 0)
(236.78727874727426 0 0)
(236.78727874727426 0 0)
(236.78727874727426 0 0)
(236.78727874727426 0 0)
(236.78727874727426 0 0)
(236.78727874727426 0 0)
(236.78727874727426 0 0)
(236.78727874727426 0 0)
(236.78727874727426 0 0)
(236.78727874727426 0 0)
(236.78727874727426 0 0)
(236.78727874727426 0 0)
(236.78727874727426 0 0)
(236.78727874727426 0 0)
(236.78727874727426 0 0)
(236.78727874727426 0 0)
(236.78727874727426 0 0)
(236.78727874727426 0 0)
(236.78727874727426 0 0)
(236.78727874727426 0 0)
(236.78727874727426 0 0)
(236.78727874727426 0 0)
(236.78727874727426 0 0)
(236.78727874727426 0 0)
(236.78727874727426 0 0)
(236.78727874727426 0 0)
(236.78727874727426 0 0)
(236.78727874727426 0 0)
(236.78727874727426 0 0)
(236.78727874727426 0 0)
(236.78727874727426 0 0)
(236.78727874727426 0 0)
(236.78727874727426 0 0)
(236.78727874727426 0 0)
(236.78727874727426 0 0)
(236.78727874727426 0 0)
(236.78727874727426 0 0)
(236.78727874727426 0 0)
(236.78727874727426 0 0)
(236.78727874727426 0 0)
(236.78727874727426 0 0)
(236.78727874727426 0 0)
(236.78727874727426 0 0)
(236.78727874727426 0 0)
(236.78727874727426 0 0)
(236.78727874727426 0 0)
(236.78727874727426 0 0)
(236.78753734465468 0 0)
(236.78753734465468 0 0)
(236.78753734465468 0 0)
(236.78753734465468 0 0)
(238.64297354935198 0 0)
(238.64297354935198 0 0)
(238.64297354935198 0 0)
(238.64297354935198 0 0)
(238.64297354935198 0 0)
(238.64297354935198 0 0)
(238.64297354935198 0 0)
(238.64297354935198 0 0)
(238.64297354935198 0 0)
(238.64297354935198 0 0)
(238.64297354935198 0 0)
(238.64297354935198 0 0)
(238.64297354935198 0 0)
(238.64297354935198 0 0)
(238.64297354935198 0 0)
(238.64297354935198 0 0)
(238.64297354935198 0 0)
(238.64297354935198 0 0)
(238.64297354935198 0 0)
(238.64297354935198 0 0)
(238.64297354935198 0 0)
(238.64297354935198 0 0)
(238.64297354935198 0 0)
(238.64297354935198 0 0)
(238.64297354935198 0 0)
(238.64297354935198 0 0)
(238.64297354935198 0 0)
(238.64297354935198 0 0)
(238.64297354935198 0 0)
(238.64297354935198 0 0)
(238.64297354935198 0 0)
(238.64297354935198 0 0)
(238.64297354935198 0 0)
(238.64297354935198 0 0)
(238.64297354935198 0 0)
(238.64297354935198 0 0)
(238.64297354935198 0 0)
(238.64297354935198 0 0)
(238.64297354935198 0 0)
(238.64297354935198 0 0)
(238.64297354935198 0 0)
(238.64297354935198 0 0)
(238.64297354935198 0 0)
(238.64297354935198 0 0)
(238.64297354935198 0 0)
(238.64297354935198 0 0)
(238.64297354935198 0 0)
(238.64297354935198 0 0)
(238.64297354935198 0 0)
(238.64297354935198 0 0)
(238.64297354935198 0 0)
(238.64297354935198 0 0)
(238.64297354935198 0 0)
(238.64297354935198 0 0)
(238.64297354935198 0 0)
(238.64297354935198 0 0)
(238.64297354935198 0 0)
(238.64297354935198 0 0)
(238.64297354935198 0 0)
(238.6432377238433 0 0)
(238.6432377238433 0 0)
(238.6432377238433 0 0)
(238.6432377238433 0 0)
(238.6432377238433 0 0)
(238.6432377238433 0 0)
(238.6432377238433 0 0)
(238.6432377238433 0 0)
(238.6432377238433 0 0)
(238.6432377238433 0 0)
(238.6432377238433 0 0)
(238.6432377238433 0 0)
(238.64350189833462 0 0)
(238.64350189833462 0 0)
(238.64350189833462 0 0)
(238.64350189833462 0 0)
(238.64350189833462 0 0)
(238.64350189833462 0 0)
(238.64350189833462 0 0)
(238.64376607282594 0 0)
(238.64376607282594 0 0)
(238.64376607282594 0 0)
(238.64376607282594 0 0)
(238.64403024731726 0 0)
(238.64403024731726 0 0)
(238.64403024731726 0 0)
(240.5291794173853 0 0)
(240.5291794173853 0 0)
(240.5291794173853 0 0)
(240.5291794173853 0 0)
(240.5291794173853 0 0)
(240.5291794173853 0 0)
(240.5291794173853 0 0)
(240.5291794173853 0 0)
(240.5291794173853 0 0)
(240.5291794173853 0 0)
(240.5291794173853 0 0)
(240.5291794173853 0 0)
(240.5291794173853 0 0)
(240.5291794173853 0 0)
(240.5291794173853 0 0)
(240.5291794173853 0 0)
(240.5291794173853 0 0)
(240.5291794173853 0 0)
(240.5291794173853 0 0)
(240.5291794173853 0 0)
(240.5291794173853 0 0)
(240.5291794173853 0 0)
(240.5291794173853 0 0)
(240.5291794173853 0 0)
(240.5291794173853 0 0)
(240.5291794173853 0 0)
(240.5291794173853 0 0)
(240.5291794173853 0 0)
(240.5291794173853 0 0)
(240.5291794173853 0 0)
(240.5291794173853 0 0)
(240.5291794173853 0 0)
(240.5291794173853 0 0)
(240.5291794173853 0 0)
(240.5291794173853 0 0)
(240.5291794173853 0 0)
(240.5291794173853 0 0)
(240.5291794173853 0 0)
(240.5291794173853 0 0)
(240.5291794173853 0 0)
(240.5291794173853 0 0)
(240.5291794173853 0 0)
(240.5291794173853 0 0)
(240.52944904256387 0 0)
(240.52944904256387 0 0)
(240.52944904256387 0 0)
(240.52944904256387 0 0)
(240.52944904256387 0 0)
(240.52944904256387 0 0)
(240.52944904256387 0 0)
(240.52944904256387 0 0)
(240.52944904256387 0 0)
(240.52944904256387 0 0)
(240.52944904256387 0 0)
(240.52944904256387 0 0)
(240.52944904256387 0 0)
(240.52944904256387 0 0)
(240.52944904256387 0 0)
(240.52944904256387 0 0)
(240.52944904256387 0 0)
(240.5297186677424 0 0)
(240.5297186677424 0 0)
(240.5297186677424 0 0)
(240.5297186677424 0 0)
(240.5297186677424 0 0)
(240.5297186677424 0 0)
(240.5297186677424 0 0)
(240.5297186677424 0 0)
(240.52998829292093 0 0)
(240.52998829292093 0 0)
(240.52998829292093 0 0)
(240.52998829292093 0 0)
(240.52998829292093 0 0)
(240.53025791809947 0 0)
(240.53025791809947 0 0)
(240.53025791809947 0 0)
(240.53025791809947 0 0)
(240.530527543278 0 0)
(240.530527543278 0 0)
(240.530527543278 0 0)
(240.53079716845656 0 0)
(240.53079716845656 0 0)
(240.5310667936351 0 0)
(240.5310667936351 0 0)
(240.5310667936351 0 0)
(242.4448663109086 0 0)
(242.4448663109086 0 0)
(242.4448663109086 0 0)
(242.4448663109086 0 0)
(242.4448663109086 0 0)
(242.4448663109086 0 0)
(242.4448663109086 0 0)
(242.4448663109086 0 0)
(242.4448663109086 0 0)
(242.4448663109086 0 0)
(242.4448663109086 0 0)
(242.4448663109086 0 0)
(242.4448663109086 0 0)
(242.4448663109086 0 0)
(242.4448663109086 0 0)
(242.4448663109086 0 0)
(242.4448663109086 0 0)
(242.4448663109086 0 0)
(242.4448663109086 0 0)
(242.4448663109086 0 0)
(242.4448663109086 0 0)
(242.4448663109086 0 0)
(242.4448663109086 0 0)
(242.4448663109086 0 0)
(242.4448663109086 0 0)
(242.4448663109086 0 0)
(242.4448663109086 0 0)
(242.4448663109086 0 0)
(242.4448663109086 0 0)
(242.4448663109086 0 0)
(242.4448663109086 0 0)
(242.4448663109086 0 0)
(242.4448663109086 0 0)
(242.4448663109086 0 0)
(242.4448663109086 0 0)
(242.4448663109086 0 0)
(242.4448663109086 0 0)
(242.4448663109086 0 0)
(242.4448663109086 0 0)
(242.4448663109086 0 0)
(242.4448663109086 0 0)
(242.4448663109086 0 0)
(242.4448663109086 0 0)
(242.4448663109086 0 0)
(242.4448663109086 0 0)
(242.4448663109086 0 0)
(242.44514145153272 0 0)
(242.44514145153272 0 0)
(242.44514145153272 0 0)
(242.44514145153272 0 0)
(242.44514145153272 0 0)
(242.44514145153272 0 0)
(242.44514145153272 0 0)
(242.44514145153272 0 0)
(242.44514145153272 0 0)
(242.44514145153272 0 0)
(242.44514145153272 0 0)
(242.44514145153272 0 0)
(242.44541659215685 0 0)
(242.44541659215685 0 0)
(242.44541659215685 0 0)
(242.44541659215685 0 0)
(242.44541659215685 0 0)
(242.44541659215685 0 0)
(242.44541659215685 0 0)
(242.44569173278097 0 0)
(242.44569173278097 0 0)
(242.44569173278097 0 0)
(242.44569173278097 0 0)
(242.4459668734051 0 0)
(242.4459668734051 0 0)
(242.4459668734051 0 0)
(242.4459668734051 0 0)
(242.44624201402922 0 0)
(242.44624201402922 0 0)
(242.44624201402922 0 0)
(242.44651715465335 0 0)
(242.44651715465335 0 0)
(242.44679229527748 0 0)
(242.44679229527748 0 0)
(242.4470674359016 0 0)
(242.4470674359016 0 0)
(242.44734257652573 0 0)
(242.44734257652573 0 0)
(242.44761771714985 0 0)
(244.3898353828626 0 0)
(244.3898353828626 0 0)
(244.3898353828626 0 0)
(244.3898353828626 0 0)
(244.3898353828626 0 0)
(244.3898353828626 0 0)
(244.3898353828626 0 0)
(244.3898353828626 0 0)
(244.3898353828626 0 0)
(244.3898353828626 0 0)
(244.3898353828626 0 0)
(244.3898353828626 0 0)
(244.3898353828626 0 0)
(244.3898353828626 0 0)
(244.3898353828626 0 0)
(244.3898353828626 0 0)
(244.3898353828626 0 0)
(244.3898353828626 0 0)
(244.3898353828626 0 0)
(244.3898353828626 0 0)
(244.3898353828626 0 0)
(244.3898353828626 0 0)
(244.3898353828626 0 0)
(244.3898353828626 0 0)
(244.3898353828626 0 0)
(244.3898353828626 0 0)
(244.3898353828626 0 0)
(244.3898353828626 0 0)
(244.3898353828626 0 0)
(244.3898353828626 0 0)
(244.3898353828626 0 0)
(244.3898353828626 0 0)
(244.3898353828626 0 0)
(244.3898353828626 0 0)
(244.3898353828626 0 0)
(244.3898353828626 0 0)
(244.3898353828626 0 0)
(244.3901159238245 0 0)
(244.3901159238245 0 0)
(244.3901159238245 0 0)
(244.3901159238245 0 0)
(244.3901159238245 0 0)
(244.3901159238245 0 0)
(244.3901159238245 0 0)
(244.3901159238245 0 0)
(244.3901159238245 0 0)
(244.3901159238245 0 0)
(244.3901159238245 0 0)
(244.3901159238245 0 0)
(244.3901159238245 0 0)
(244.3901159238245 0 0)
(244.3901159238245 0 0)
(244.3901159238245 0 0)
(244.39039646478645 0 0)
(244.39039646478645 0 0)
(244.39039646478645 0 0)
(244.39039646478645 0 0)
(244.39039646478645 0 0)
(244.39039646478645 0 0)
(244.39039646478645 0 0)
(244.39067700574836 0 0)
(244.39067700574836 0 0)
(244.39067700574836 0 0)
(244.39067700574836 0 0)
(244.39067700574836 0 0)
(244.3909575467103 0 0)
(244.3909575467103 0 0)
(244.3909575467103 0 0)
(244.3909575467103 0 0)
(244.3912380876722 0 0)
(244.3912380876722 0 0)
(244.39151862863412 0 0)
(244.39151862863412 0 0)
(244.39151862863412 0 0)
(244.39179916959603 0 0)
(244.39179916959603 0 0)
(244.39207971055797 0 0)
(244.39207971055797 0 0)
(244.39236025151988 0 0)
(244.39236025151988 0 0)
(244.3926407924818 0 0)
(244.39292133344372 0 0)
(244.39320187440563 0 0)
(244.39320187440563 0 0)
(244.39348241536757 0 0)
(246.36316050901362 0 0)
(246.36316050901362 0 0)
(246.36316050901362 0 0)
(246.36316050901362 0 0)
(246.36316050901362 0 0)
(246.36316050901362 0 0)
(246.36316050901362 0 0)
(246.36316050901362 0 0)
(246.36316050901362 0 0)
(246.36316050901362 0 0)
(246.36316050901362 0 0)
(246.36316050901362 0 0)
(246.36316050901362 0 0)
(246.36316050901362 0 0)
(246.36316050901362 0 0)
(246.36316050901362 0 0)
(246.36316050901362 0 0)
(246.36316050901362 0 0)
(246.36316050901362 0 0)
(246.36316050901362 0 0)
(246.36316050901362 0 0)
(246.36316050901362 0 0)
(246.36316050901362 0 0)
(246.36316050901362 0 0)
(246.36316050901362 0 0)
(246.36316050901362 0 0)
(246.36316050901362 0 0)
(246.36316050901362 0 0)
(246.36316050901362 0 0)
(246.36316050901362 0 0)
(246.36316050901362 0 0)
(246.36316050901362 0 0)
(246.36316050901362 0 0)
(246.36316050901362 0 0)
(246.36316050901362 0 0)
(246.36316050901362 0 0)
(246.36316050901362 0 0)
(246.36344645601366 0 0)
(246.36344645601366 0 0)
(246.36344645601366 0 0)
(246.36344645601366 0 0)
(246.36344645601366 0 0)
(246.36344645601366 0 0)
(246.36344645601366 0 0)
(246.36344645601366 0 0)
(246.36344645601366 0 0)
(246.36344645601366 0 0)
(246.36344645601366 0 0)
(246.36344645601366 0 0)
(246.36344645601366 0 0)
(246.36344645601366 0 0)
(246.3637324030137 0 0)
(246.3637324030137 0 0)
(246.3637324030137 0 0)
(246.3637324030137 0 0)
(246.3637324030137 0 0)
(246.3637324030137 0 0)
(246.3637324030137 0 0)
(246.36401835001374 0 0)
(246.36401835001374 0 0)
(246.36401835001374 0 0)
(246.36401835001374 0 0)
(246.36430429701377 0 0)
(246.36430429701377 0 0)
(246.36430429701377 0 0)
(246.36430429701377 0 0)
(246.3645902440138 0 0)
(246.3645902440138 0 0)
(246.3645902440138 0 0)
(246.36487619101388 0 0)
(246.36487619101388 0 0)
(246.3651621380139 0 0)
(246.3651621380139 0 0)
(246.36544808501395 0 0)
(246.36544808501395 0 0)
(246.36573403201396 0 0)
(246.36573403201396 0 0)
(246.36601997901403 0 0)
(246.36630592601406 0 0)
(246.36630592601406 0 0)
(246.3665918730141 0 0)
(246.36687782001414 0 0)
(246.36716376701418 0 0)
(246.3674497140142 0 0)
(246.36773566101425 0 0)
(248.36450356229 0 0)
(248.36450356229 0 0)
(248.36450356229 0 0)
(248.36450356229 0 0)
(248.36450356229 0 0)
(248.36450356229 0 0)
(248.36450356229 0 0)
(248.36450356229 0 0)
(248.36450356229 0 0)
(248.36450356229 0 0)
(248.36450356229 0 0)
(248.36450356229 0 0)
(248.36450356229 0 0)
(248.36450356229 0 0)
(248.36450356229 0 0)
(248.36450356229 0 0)
(248.36450356229 0 0)
(248.36450356229 0 0)
(248.36450356229 0 0)
(248.36450356229 0 0)
(248.36450356229 0 0)
(248.36450356229 0 0)
(248.36450356229 0 0)
(248.36450356229 0 0)
(248.36450356229 0 0)
(248.36450356229 0 0)
(248.36450356229 0 0)
(248.36450356229 0 0)
(248.36450356229 0 0)
(248.36450356229 0 0)
(248.36450356229 0 0)
(248.36450356229 0 0)
(248.36450356229 0 0)
(248.36450356229 0 0)
(248.36450356229 0 0)
(248.36450356229 0 0)
(248.36450356229 0 0)
(248.36450356229 0 0)
(248.36479480987276 0 0)
(248.36479480987276 0 0)
(248.36479480987276 0 0)
(248.36479480987276 0 0)
(248.36479480987276 0 0)
(248.36479480987276 0 0)
(248.36479480987276 0 0)
(248.36479480987276 0 0)
(248.36479480987276 0 0)
(248.36479480987276 0 0)
(248.36479480987276 0 0)
(248.36479480987276 0 0)
(248.3650860574555 0 0)
(248.3650860574555 0 0)
(248.3650860574555 0 0)
(248.3650860574555 0 0)
(248.3650860574555 0 0)
(248.3650860574555 0 0)
(248.36537730503827 0 0)
(248.36537730503827 0 0)
(248.36537730503827 0 0)
(248.36537730503827 0 0)
(248.36537730503827 0 0)
(248.365668552621 0 0)
(248.365668552621 0 0)
(248.365668552621 0 0)
(248.36595980020377 0 0)
(248.36595980020377 0 0)
(248.36595980020377 0 0)
(248.3662510477865 0 0)
(248.3662510477865 0 0)
(248.36654229536924 0 0)
(248.36654229536924 0 0)
(248.366833542952 0 0)
(248.366833542952 0 0)
(248.36712479053475 0 0)
(248.36712479053475 0 0)
(248.36741603811748 0 0)
(248.36770728570025 0 0)
(248.367998533283 0 0)
(248.367998533283 0 0)
(248.36828978086575 0 0)
(248.3685810284485 0 0)
(248.36887227603125 0 0)
(248.369163523614 0 0)
(248.36945477119676 0 0)
(248.37003726636226 0 0)
(250.39275172855852 0 0)
(250.39275172855852 0 0)
(250.39275172855852 0 0)
(250.39275172855852 0 0)
(250.39275172855852 0 0)
(250.39275172855852 0 0)
(250.39275172855852 0 0)
(250.39275172855852 0 0)
(250.39275172855852 0 0)
(250.39275172855852 0 0)
(250.39275172855852 0 0)
(250.39275172855852 0 0)
(250.39275172855852 0 0)
(250.39275172855852 0 0)
(250.39275172855852 0 0)
(250.39275172855852 0 0)
(250.39275172855852 0 0)
(250.39275172855852 0 0)
(250.39275172855852 0 0)
(250.39275172855852 0 0)
(250.39275172855852 0 0)
(250.39275172855852 0 0)
(250.39275172855852 0 0)
(250.39275172855852 0 0)
(250.39275172855852 0 0)
(250.39275172855852 0 0)
(250.39275172855852 0 0)
(250.39275172855852 0 0)
(250.39275172855852 0 0)
(250.39275172855852 0 0)
(250.39275172855852 0 0)
(250.39275172855852 0 0)
(250.39275172855852 0 0)
(250.39275172855852 0 0)
(250.39275172855852 0 0)
(250.39275172855852 0 0)
(250.39275172855852 0 0)
(250.39275172855852 0 0)
(250.39275172855852 0 0)
(250.3930484692905 0 0)
(250.3930484692905 0 0)
(250.3930484692905 0 0)
(250.3930484692905 0 0)
(250.3930484692905 0 0)
(250.3930484692905 0 0)
(250.3930484692905 0 0)
(250.3930484692905 0 0)
(250.3930484692905 0 0)
(250.3930484692905 0 0)
(250.39334521002252 0 0)
(250.39334521002252 0 0)
(250.39334521002252 0 0)
(250.39334521002252 0 0)
(250.39334521002252 0 0)
(250.39334521002252 0 0)
(250.3936419507545 0 0)
(250.3936419507545 0 0)
(250.3936419507545 0 0)
(250.3936419507545 0 0)
(250.3939386914865 0 0)
(250.3939386914865 0 0)
(250.3939386914865 0 0)
(250.3939386914865 0 0)
(250.39423543221852 0 0)
(250.39423543221852 0 0)
(250.3945321729505 0 0)
(250.3945321729505 0 0)
(250.3945321729505 0 0)
(250.39482891368252 0 0)
(250.39482891368252 0 0)
(250.3951256544145 0 0)
(250.3954223951465 0 0)
(250.3954223951465 0 0)
(250.39571913587852 0 0)
(250.3960158766105 0 0)
(250.3960158766105 0 0)
(250.39631261734252 0 0)
(250.3966093580745 0 0)
(250.3969060988065 0 0)
(250.3972028395385 0 0)
(250.3974995802705 0 0)
(250.3977963210025 0 0)
(250.39838980246648 0 0)
(250.3986865431985 0 0)
(250.39898328393048 0 0)
(252.44886826057646 0 0)
(252.44886826057646 0 0)
(252.44886826057646 0 0)
(252.44886826057646 0 0)
(252.44886826057646 0 0)
(252.44886826057646 0 0)
(252.44886826057646 0 0)
(252.44886826057646 0 0)
(252.44886826057646 0 0)
(252.44886826057646 0 0)
(252.44886826057646 0 0)
(252.44886826057646 0 0)
(252.44886826057646 0 0)
(252.44886826057646 0 0)
(252.44886826057646 0 0)
(252.44886826057646 0 0)
(252.44886826057646 0 0)
(252.44886826057646 0 0)
(252.44886826057646 0 0)
(252.44886826057646 0 0)
(252.44886826057646 0 0)
(252.44886826057646 0 0)
(252.44886826057646 0 0)
(252.44886826057646 0 0)
(252.44886826057646 0 0)
(252.44886826057646 0 0)
(252.44886826057646 0 0)
(252.44886826057646 0 0)
(252.44886826057646 0 0)
(252.44886826057646 0 0)
(252.44886826057646 0 0)
(252.44886826057646 0 0)
(252.44886826057646 0 0)
(252.44886826057646 0 0)
(252.44886826057646 0 0)
(252.44917026286512 0 0)
(252.44917026286512 0 0)
(252.44917026286512 0 0)
(252.44917026286512 0 0)
(252.44917026286512 0 0)
(252.44917026286512 0 0)
(252.44917026286512 0 0)
(252.44917026286512 0 0)
(252.44917026286512 0 0)
(252.44917026286512 0 0)
(252.44917026286512 0 0)
(252.44947226515384 0 0)
(252.44947226515384 0 0)
(252.44947226515384 0 0)
(252.44947226515384 0 0)
(252.44947226515384 0 0)
(252.44947226515384 0 0)
(252.44947226515384 0 0)
(252.4497742674425 0 0)
(252.4497742674425 0 0)
(252.4497742674425 0 0)
(252.4497742674425 0 0)
(252.4500762697312 0 0)
(252.4500762697312 0 0)
(252.4500762697312 0 0)
(252.4503782720199 0 0)
(252.4503782720199 0 0)
(252.4503782720199 0 0)
(252.45068027430855 0 0)
(252.45068027430855 0 0)
(252.45068027430855 0 0)
(252.45098227659724 0 0)
(252.45098227659724 0 0)
(252.45128427888594 0 0)
(252.45158628117463 0 0)
(252.45158628117463 0 0)
(252.4518882834633 0 0)
(252.45219028575198 0 0)
(252.45219028575198 0 0)
(252.45249228804067 0 0)
(252.45279429032936 0 0)
(252.45309629261803 0 0)
(252.45339829490672 0 0)
(252.4537002971954 0 0)
(252.4540022994841 0 0)
(252.45430430177277 0 0)
(252.45490830635015 0 0)
(252.45521030863884 0 0)
(252.4555123109275 0 0)
(252.4561163155049 0 0)
(254.53087203876797 0 0)
(254.53087203876797 0 0)
(254.53087203876797 0 0)
(254.53087203876797 0 0)
(254.53087203876797 0 0)
(254.53087203876797 0 0)
(254.53087203876797 0 0)
(254.53087203876797 0 0)
(254.53087203876797 0 0)
(254.53087203876797 0 0)
(254.53087203876797 0 0)
(254.53087203876797 0 0)
(254.53087203876797 0 0)
(254.53087203876797 0 0)
(254.53087203876797 0 0)
(254.53087203876797 0 0)
(254.53087203876797 0 0)
(254.53087203876797 0 0)
(254.53117932849824 0 0)
(254.53117932849824 0 0)
(254.53117932849824 0 0)
(254.53117932849824 0 0)
(254.53117932849824 0 0)
(254.53117932849824 0 0)
(254.53117932849824 0 0)
(254.53117932849824 0 0)
(254.53117932849824 0 0)
(254.53117932849824 0 0)
(254.53117932849824 0 0)
(254.53117932849824 0 0)
(254.53117932849824 0 0)
(254.53117932849824 0 0)
(254.53117932849824 0 0)
(254.53117932849824 0 0)
(254.53117932849824 0 0)
(254.53117932849824 0 0)
(254.53117932849824 0 0)
(254.53117932849824 0 0)
(254.53117932849824 0 0)
(254.5314866182285 0 0)
(254.5314866182285 0 0)
(254.5314866182285 0 0)
(254.5314866182285 0 0)
(254.5314866182285 0 0)
(254.5314866182285 0 0)
(254.5314866182285 0 0)
(254.5314866182285 0 0)
(254.5314866182285 0 0)
(254.5317939079588 0 0)
(254.5317939079588 0 0)
(254.5317939079588 0 0)
(254.5317939079588 0 0)
(254.5317939079588 0 0)
(254.53210119768903 0 0)
(254.53210119768903 0 0)
(254.53210119768903 0 0)
(254.53210119768903 0 0)
(254.53240848741933 0 0)
(254.53240848741933 0 0)
(254.53240848741933 0 0)
(254.53271577714958 0 0)
(254.53271577714958 0 0)
(254.53271577714958 0 0)
(254.53302306687985 0 0)
(254.53302306687985 0 0)
(254.53333035661012 0 0)
(254.53333035661012 0 0)
(254.5336376463404 0 0)
(254.5336376463404 0 0)
(254.53394493607067 0 0)
(254.53425222580094 0 0)
(254.53425222580094 0 0)
(254.53455951553119 0 0)
(254.5348668052615 0 0)
(254.53517409499173 0 0)
(254.535481384722 0 0)
(254.53578867445228 0 0)
(254.53609596418255 0 0)
(254.53640325391282 0 0)
(254.5367105436431 0 0)
(254.5373251231036 0 0)
(254.5376324128339 0 0)
(254.53824699229443 0 0)
(254.53855428202468 0 0)
(254.53916886148522 0 0)
(256.638879588412 0 0)
(256.638879588412 0 0)
(256.638879588412 0 0)
(256.63919211780956 0 0)
(256.63919211780956 0 0)
(256.63919211780956 0 0)
(256.63919211780956 0 0)
(256.63919211780956 0 0)
(256.63919211780956 0 0)
(256.63919211780956 0 0)
(256.63919211780956 0 0)
(256.63919211780956 0 0)
(256.63919211780956 0 0)
(256.63919211780956 0 0)
(256.63919211780956 0 0)
(256.63919211780956 0 0)
(256.63919211780956 0 0)
(256.63919211780956 0 0)
(256.63919211780956 0 0)
(256.63919211780956 0 0)
(256.63919211780956 0 0)
(256.63919211780956 0 0)
(256.63919211780956 0 0)
(256.63919211780956 0 0)
(256.63919211780956 0 0)
(256.63919211780956 0 0)
(256.63919211780956 0 0)
(256.63919211780956 0 0)
(256.63919211780956 0 0)
(256.63919211780956 0 0)
(256.63919211780956 0 0)
(256.63919211780956 0 0)
(256.63919211780956 0 0)
(256.63919211780956 0 0)
(256.63919211780956 0 0)
(256.63919211780956 0 0)
(256.63950464720716 0 0)
(256.63950464720716 0 0)
(256.63950464720716 0 0)
(256.63950464720716 0 0)
(256.63950464720716 0 0)
(256.63950464720716 0 0)
(256.63950464720716 0 0)
(256.63950464720716 0 0)
(256.63950464720716 0 0)
(256.63981717660477 0 0)
(256.63981717660477 0 0)
(256.63981717660477 0 0)
(256.63981717660477 0 0)
(256.63981717660477 0 0)
(256.63981717660477 0 0)
(256.6401297060023 0 0)
(256.6401297060023 0 0)
(256.6401297060023 0 0)
(256.6401297060023 0 0)
(256.6404422353999 0 0)
(256.6404422353999 0 0)
(256.6404422353999 0 0)
(256.64075476479746 0 0)
(256.64075476479746 0 0)
(256.64075476479746 0 0)
(256.64106729419507 0 0)
(256.64106729419507 0 0)
(256.6413798235926 0 0)
(256.6413798235926 0 0)
(256.6416923529902 0 0)
(256.6416923529902 0 0)
(256.6420048823878 0 0)
(256.6420048823878 0 0)
(256.64231741178537 0 0)
(256.642629941183 0 0)
(256.6429424705805 0 0)
(256.6432549999781 0 0)
(256.6432549999781 0 0)
(256.6435675293757 0 0)
(256.6438800587733 0 0)
(256.64450511756843 0 0)
(256.644817646966 0 0)
(256.6451301763636 0 0)
(256.6454427057612 0 0)
(256.64606776455634 0 0)
(256.6463802939539 0 0)
(256.64700535274903 0 0)
(256.6476304115442 0 0)
(256.64825547033934 0 0)
(258.7722052562844 0 0)
(258.7722052562844 0 0)
(258.7722052562844 0 0)
(258.7722052562844 0 0)
(258.7725229632496 0 0)
(258.7725229632496 0 0)
(258.7725229632496 0 0)
(258.7725229632496 0 0)
(258.7725229632496 0 0)
(258.7725229632496 0 0)
(258.7725229632496 0 0)
(258.7725229632496 0 0)
(258.7725229632496 0 0)
(258.7725229632496 0 0)
(258.7725229632496 0 0)
(258.7725229632496 0 0)
(258.7725229632496 0 0)
(258.7725229632496 0 0)
(258.7725229632496 0 0)
(258.7725229632496 0 0)
(258.7725229632496 0 0)
(258.7725229632496 0 0)
(258.7725229632496 0 0)
(258.7725229632496 0 0)
(258.7725229632496 0 0)
(258.7725229632496 0 0)
(258.7725229632496 0 0)
(258.7725229632496 0 0)
(258.7725229632496 0 0)
(258.7725229632496 0 0)
(258.7725229632496 0 0)
(258.7725229632496 0 0)
(258.7725229632496 0 0)
(258.7725229632496 0 0)
(258.7725229632496 0 0)
(258.7728406702149 0 0)
(258.7728406702149 0 0)
(258.7728406702149 0 0)
(258.7728406702149 0 0)
(258.7728406702149 0 0)
(258.7728406702149 0 0)
(258.7728406702149 0 0)
(258.7728406702149 0 0)
(258.7728406702149 0 0)
(258.7731583771802 0 0)
(258.7731583771802 0 0)
(258.7731583771802 0 0)
(258.7731583771802 0 0)
(258.7731583771802 0 0)
(258.7731583771802 0 0)
(258.77347608414544 0 0)
(258.77347608414544 0 0)
(258.77347608414544 0 0)
(258.77347608414544 0 0)
(258.77379379111073 0 0)
(258.77379379111073 0 0)
(258.77379379111073 0 0)
(258.774111498076 0 0)
(258.774111498076 0 0)
(258.774111498076 0 0)
(258.77442920504126 0 0)
(258.77442920504126 0 0)
(258.77474691200655 0 0)
(258.77474691200655 0 0)
(258.7750646189718 0 0)
(258.7750646189718 0 0)
(258.7753823259371 0 0)
(258.7757000329023 0 0)
(258.7757000329023 0 0)
(258.7760177398676 0 0)
(258.7763354468329 0 0)
(258.7766531537981 0 0)
(258.7769708607634 0 0)
(258.77728856772865 0 0)
(258.77760627469394 0 0)
(258.7779239816592 0 0)
(258.77824168862446 0 0)
(258.7785593955897 0 0)
(258.7791948095203 0 0)
(258.7795125164855 0 0)
(258.7801479304161 0 0)
(258.7804656373813 0 0)
(258.78110105131185 0 0)
(258.7817364652424 0 0)
(258.78237187917296 0 0)
(260.930070964378 0 0)
(260.930070964378 0 0)
(260.930070964378 0 0)
(260.930070964378 0 0)
(260.930070964378 0 0)
(260.930070964378 0 0)
(260.930070964378 0 0)
(260.9303938471238 0 0)
(260.9303938471238 0 0)
(260.9303938471238 0 0)
(260.9303938471238 0 0)
(260.9303938471238 0 0)
(260.9303938471238 0 0)
(260.9303938471238 0 0)
(260.9303938471238 0 0)
(260.9303938471238 0 0)
(260.9303938471238 0 0)
(260.9303938471238 0 0)
(260.9303938471238 0 0)
(260.9303938471238 0 0)
(260.9303938471238 0 0)
(260.9303938471238 0 0)
(260.9303938471238 0 0)
(260.9303938471238 0 0)
(260.9303938471238 0 0)
(260.9303938471238 0 0)
(260.9303938471238 0 0)
(260.9303938471238 0 0)
(260.9303938471238 0 0)
(260.9303938471238 0 0)
(260.9303938471238 0 0)
(260.9303938471238 0 0)
(260.9303938471238 0 0)
(260.9303938471238 0 0)
(260.9303938471238 0 0)
(260.93071672986963 0 0)
(260.93071672986963 0 0)
(260.93071672986963 0 0)
(260.93071672986963 0 0)
(260.93071672986963 0 0)
(260.93071672986963 0 0)
(260.93071672986963 0 0)
(260.93071672986963 0 0)
(260.93071672986963 0 0)
(260.9310396126154 0 0)
(260.9310396126154 0 0)
(260.9310396126154 0 0)
(260.9310396126154 0 0)
(260.9310396126154 0 0)
(260.9313624953612 0 0)
(260.9313624953612 0 0)
(260.9313624953612 0 0)
(260.9313624953612 0 0)
(260.93168537810703 0 0)
(260.93168537810703 0 0)
(260.93168537810703 0 0)
(260.93200826085285 0 0)
(260.93200826085285 0 0)
(260.93200826085285 0 0)
(260.9323311435986 0 0)
(260.9323311435986 0 0)
(260.93265402634444 0 0)
(260.93265402634444 0 0)
(260.93297690909026 0 0)
(260.93297690909026 0 0)
(260.9332997918361 0 0)
(260.9332997918361 0 0)
(260.9336226745819 0 0)
(260.93394555732766 0 0)
(260.9342684400735 0 0)
(260.9345913228193 0 0)
(260.9349142055651 0 0)
(260.9352370883109 0 0)
(260.9355599710567 0 0)
(260.9358828538025 0 0)
(260.93620573654835 0 0)
(260.9365286192941 0 0)
(260.93717438478575 0 0)
(260.93749726753157 0 0)
(260.93814303302315 0 0)
(260.938465915769 0 0)
(260.93911168126056 0 0)
(260.9397574467522 0 0)
(260.9404032122438 0 0)
(260.9410489777354 0 0)
(263.1124354432824 0 0)
(263.1124354432824 0 0)
(263.1124354432824 0 0)
(263.1124354432824 0 0)
(263.1124354432824 0 0)
(263.1124354432824 0 0)
(263.1124354432824 0 0)
(263.1124354432824 0 0)
(263.1124354432824 0 0)
(263.1124354432824 0 0)
(263.1124354432824 0 0)
(263.1124354432824 0 0)
(263.1124354432824 0 0)
(263.1124354432824 0 0)
(263.1124354432824 0 0)
(263.1124354432824 0 0)
(263.1124354432824 0 0)
(263.1124354432824 0 0)
(263.1124354432824 0 0)
(263.1124354432824 0 0)
(263.1124354432824 0 0)
(263.1124354432824 0 0)
(263.1124354432824 0 0)
(263.1124354432824 0 0)
(263.1124354432824 0 0)
(263.1124354432824 0 0)
(263.1124354432824 0 0)
(263.1124354432824 0 0)
(263.1124354432824 0 0)
(263.1124354432824 0 0)
(263.1124354432824 0 0)
(263.1124354432824 0 0)
(263.11276338450295 0 0)
(263.11276338450295 0 0)
(263.11276338450295 0 0)
(263.11276338450295 0 0)
(263.11276338450295 0 0)
(263.11276338450295 0 0)
(263.11276338450295 0 0)
(263.11276338450295 0 0)
(263.11276338450295 0 0)
(263.11276338450295 0 0)
(263.1130913257236 0 0)
(263.1130913257236 0 0)
(263.1130913257236 0 0)
(263.1130913257236 0 0)
(263.1130913257236 0 0)
(263.1130913257236 0 0)
(263.11341926694416 0 0)
(263.11341926694416 0 0)
(263.11341926694416 0 0)
(263.11341926694416 0 0)
(263.11374720816474 0 0)
(263.11374720816474 0 0)
(263.11374720816474 0 0)
(263.1140751493853 0 0)
(263.1140751493853 0 0)
(263.1140751493853 0 0)
(263.11440309060595 0 0)
(263.11440309060595 0 0)
(263.1147310318265 0 0)
(263.1147310318265 0 0)
(263.1150589730471 0 0)
(263.1150589730471 0 0)
(263.1153869142677 0 0)
(263.1157148554883 0 0)
(263.1157148554883 0 0)
(263.1160427967089 0 0)
(263.11637073792946 0 0)
(263.11669867915003 0 0)
(263.11702662037067 0 0)
(263.11735456159124 0 0)
(263.1176825028118 0 0)
(263.1180104440324 0 0)
(263.118338385253 0 0)
(263.1186663264736 0 0)
(263.11932220891475 0 0)
(263.1196501501354 0 0)
(263.12030603257654 0 0)
(263.1206339737971 0 0)
(263.1212898562383 0 0)
(263.12194573867947 0 0)
(263.1226016211207 0 0)
(263.12325750356183 0 0)
(263.1242413272236 0 0)
(265.31751221052747 0 0)
(265.31751221052747 0 0)
(265.31751221052747 0 0)
(265.31751221052747 0 0)
(265.31751221052747 0 0)
(265.31751221052747 0 0)
(265.31751221052747 0 0)
(265.31751221052747 0 0)
(265.31751221052747 0 0)
(265.31751221052747 0 0)
(265.31751221052747 0 0)
(265.31751221052747 0 0)
(265.31751221052747 0 0)
(265.31751221052747 0 0)
(265.31751221052747 0 0)
(265.31751221052747 0 0)
(265.31751221052747 0 0)
(265.31751221052747 0 0)
(265.31751221052747 0 0)
(265.31751221052747 0 0)
(265.31751221052747 0 0)
(265.31751221052747 0 0)
(265.31751221052747 0 0)
(265.31751221052747 0 0)
(265.31784526180485 0 0)
(265.31784526180485 0 0)
(265.31784526180485 0 0)
(265.31784526180485 0 0)
(265.31784526180485 0 0)
(265.31784526180485 0 0)
(265.31784526180485 0 0)
(265.31784526180485 0 0)
(265.31784526180485 0 0)
(265.31784526180485 0 0)
(265.31784526180485 0 0)
(265.31784526180485 0 0)
(265.31784526180485 0 0)
(265.31784526180485 0 0)
(265.3181783130822 0 0)
(265.3181783130822 0 0)
(265.3181783130822 0 0)
(265.3181783130822 0 0)
(265.3181783130822 0 0)
(265.3181783130822 0 0)
(265.3181783130822 0 0)
(265.3185113643596 0 0)
(265.3185113643596 0 0)
(265.3185113643596 0 0)
(265.3185113643596 0 0)
(265.3185113643596 0 0)
(265.318844415637 0 0)
(265.318844415637 0 0)
(265.318844415637 0 0)
(265.3191774669143 0 0)
(265.3191774669143 0 0)
(265.3191774669143 0 0)
(265.3195105181917 0 0)
(265.3195105181917 0 0)
(265.31984356946907 0 0)
(265.31984356946907 0 0)
(265.31984356946907 0 0)
(265.32017662074645 0 0)
(265.32050967202383 0 0)
(265.32050967202383 0 0)
(265.3208427233012 0 0)
(265.3211757745786 0 0)
(265.3211757745786 0 0)
(265.321508825856 0 0)
(265.32184187713335 0 0)
(265.32217492841073 0 0)
(265.32250797968806 0 0)
(265.32284103096544 0 0)
(265.3231740822428 0 0)
(265.3235071335202 0 0)
(265.3238401847976 0 0)
(265.32450628735234 0 0)
(265.3248393386297 0 0)
(265.3255054411845 0 0)
(265.3258384924618 0 0)
(265.32650459501656 0 0)
(265.3271706975713 0 0)
(265.3278368001261 0 0)
(265.32850290268084 0 0)
(265.3295020565129 0 0)
(265.3301681590677 0 0)
(267.54595830743926 0 0)
(267.54595830743926 0 0)
(267.54595830743926 0 0)
(267.54595830743926 0 0)
(267.54595830743926 0 0)
(267.54595830743926 0 0)
(267.54595830743926 0 0)
(267.54595830743926 0 0)
(267.54595830743926 0 0)
(267.54595830743926 0 0)
(267.54595830743926 0 0)
(267.54595830743926 0 0)
(267.54595830743926 0 0)
(267.54595830743926 0 0)
(267.54595830743926 0 0)
(267.54595830743926 0 0)
(267.54595830743926 0 0)
(267.54595830743926 0 0)
(267.54595830743926 0 0)
(267.54595830743926 0 0)
(267.54595830743926 0 0)
(267.54595830743926 0 0)
(267.54595830743926 0 0)
(267.54595830743926 0 0)
(267.54629621665373 0 0)
(267.54629621665373 0 0)
(267.54629621665373 0 0)
(267.54629621665373 0 0)
(267.54629621665373 0 0)
(267.54629621665373 0 0)
(267.54629621665373 0 0)
(267.54629621665373 0 0)
(267.54629621665373 0 0)
(267.54629621665373 0 0)
(267.54629621665373 0 0)
(267.54629621665373 0 0)
(267.54629621665373 0 0)
(267.5466341258682 0 0)
(267.5466341258682 0 0)
(267.5466341258682 0 0)
(267.5466341258682 0 0)
(267.5466341258682 0 0)
(267.5466341258682 0 0)
(267.5466341258682 0 0)
(267.54697203508266 0 0)
(267.54697203508266 0 0)
(267.54697203508266 0 0)
(267.54697203508266 0 0)
(267.54697203508266 0 0)
(267.5473099442971 0 0)
(267.5473099442971 0 0)
(267.5473099442971 0 0)
(267.5473099442971 0 0)
(267.5476478535116 0 0)
(267.5476478535116 0 0)
(267.54798576272606 0 0)
(267.54798576272606 0 0)
(267.54798576272606 0 0)
(267.5483236719405 0 0)
(267.5483236719405 0 0)
(267.548661581155 0 0)
(267.548661581155 0 0)
(267.54899949036945 0 0)
(267.5493373995839 0 0)
(267.5493373995839 0 0)
(267.5496753087984 0 0)
(267.55001321801285 0 0)
(267.5503511272273 0 0)
(267.5503511272273 0 0)
(267.5506890364418 0 0)
(267.55102694565625 0 0)
(267.5517027640852 0 0)
(267.55204067329964 0 0)
(267.5523785825141 0 0)
(267.5527164917286 0 0)
(267.5533923101575 0 0)
(267.55373021937197 0 0)
(267.5544060378009 0 0)
(267.55508185622983 0 0)
(267.5554197654443 0 0)
(267.55609558387323 0 0)
(267.5571093115166 0 0)
(267.55778512994556 0 0)
(267.5584609483745 0 0)
(267.5594746760179 0 0)
(269.7957578573531 0 0)
(269.7957578573531 0 0)
(269.7957578573531 0 0)
(269.7957578573531 0 0)
(269.7957578573531 0 0)
(269.7957578573531 0 0)
(269.7957578573531 0 0)
(269.7957578573531 0 0)
(269.7957578573531 0 0)
(269.7957578573531 0 0)
(269.7957578573531 0 0)
(269.7957578573531 0 0)
(269.7957578573531 0 0)
(269.7957578573531 0 0)
(269.7957578573531 0 0)
(269.7957578573531 0 0)
(269.7957578573531 0 0)
(269.7957578573531 0 0)
(269.7957578573531 0 0)
(269.7957578573531 0 0)
(269.7957578573531 0 0)
(269.7957578573531 0 0)
(269.7957578573531 0 0)
(269.7957578573531 0 0)
(269.7957578573531 0 0)
(269.7957578573531 0 0)
(269.7957578573531 0 0)
(269.7957578573531 0 0)
(269.7957578573531 0 0)
(269.7957578573531 0 0)
(269.796100808216 0 0)
(269.796100808216 0 0)
(269.796100808216 0 0)
(269.796100808216 0 0)
(269.796100808216 0 0)
(269.796100808216 0 0)
(269.796100808216 0 0)
(269.796100808216 0 0)
(269.796100808216 0 0)
(269.796100808216 0 0)
(269.79644375907884 0 0)
(269.79644375907884 0 0)
(269.79644375907884 0 0)
(269.79644375907884 0 0)
(269.79644375907884 0 0)
(269.79644375907884 0 0)
(269.7967867099417 0 0)
(269.7967867099417 0 0)
(269.7967867099417 0 0)
(269.7967867099417 0 0)
(269.7971296608046 0 0)
(269.7971296608046 0 0)
(269.7971296608046 0 0)
(269.79747261166744 0 0)
(269.79747261166744 0 0)
(269.79747261166744 0 0)
(269.79781556253033 0 0)
(269.79781556253033 0 0)
(269.79815851339316 0 0)
(269.79815851339316 0 0)
(269.79850146425605 0 0)
(269.79850146425605 0 0)
(269.79884441511894 0 0)
(269.79918736598177 0 0)
(269.79918736598177 0 0)
(269.79953031684465 0 0)
(269.79987326770754 0 0)
(269.80021621857037 0 0)
(269.80055916943326 0 0)
(269.8009021202961 0 0)
(269.801245071159 0 0)
(269.80158802202186 0 0)
(269.80193097288475 0 0)
(269.8022739237476 0 0)
(269.8029598254733 0 0)
(269.8033027763362 0 0)
(269.8039886780619 0 0)
(269.8046745797877 0 0)
(269.8050175306505 0 0)
(269.8057034323762 0 0)
(269.806389334102 0 0)
(269.80741818669054 0 0)
(269.8081040884163 0 0)
(269.80878999014203 0 0)
(269.80981884273064 0 0)
(272.06746437297846 0 0)
(272.06746437297846 0 0)
(272.06746437297846 0 0)
(272.06746437297846 0 0)
(272.06746437297846 0 0)
(272.06746437297846 0 0)
(272.06746437297846 0 0)
(272.06746437297846 0 0)
(272.06746437297846 0 0)
(272.06746437297846 0 0)
(272.06746437297846 0 0)
(272.06746437297846 0 0)
(272.06746437297846 0 0)
(272.06746437297846 0 0)
(272.06746437297846 0 0)
(272.06746437297846 0 0)
(272.06746437297846 0 0)
(272.06746437297846 0 0)
(272.06746437297846 0 0)
(272.06746437297846 0 0)
(272.06746437297846 0 0)
(272.0678122581015 0 0)
(272.0678122581015 0 0)
(272.0678122581015 0 0)
(272.0678122581015 0 0)
(272.0678122581015 0 0)
(272.0678122581015 0 0)
(272.0678122581015 0 0)
(272.0678122581015 0 0)
(272.0678122581015 0 0)
(272.0678122581015 0 0)
(272.0678122581015 0 0)
(272.0678122581015 0 0)
(272.0678122581015 0 0)
(272.0678122581015 0 0)
(272.0678122581015 0 0)
(272.06816014322465 0 0)
(272.06816014322465 0 0)
(272.06816014322465 0 0)
(272.06816014322465 0 0)
(272.06816014322465 0 0)
(272.06816014322465 0 0)
(272.06816014322465 0 0)
(272.0685080283477 0 0)
(272.0685080283477 0 0)
(272.0685080283477 0 0)
(272.0685080283477 0 0)
(272.0685080283477 0 0)
(272.0688559134708 0 0)
(272.0688559134708 0 0)
(272.0688559134708 0 0)
(272.0692037985939 0 0)
(272.0692037985939 0 0)
(272.0692037985939 0 0)
(272.06955168371695 0 0)
(272.06955168371695 0 0)
(272.06955168371695 0 0)
(272.06989956884007 0 0)
(272.06989956884007 0 0)
(272.07024745396313 0 0)
(272.0705953390862 0 0)
(272.0705953390862 0 0)
(272.0709432242093 0 0)
(272.0709432242093 0 0)
(272.0712911093324 0 0)
(272.0716389944555 0 0)
(272.07198687957856 0 0)
(272.0723347647016 0 0)
(272.07268264982474 0 0)
(272.0730305349478 0 0)
(272.07337842007087 0 0)
(272.073726305194 0 0)
(272.07407419031705 0 0)
(272.07476996056323 0 0)
(272.0751178456863 0 0)
(272.0758136159325 0 0)
(272.07616150105554 0 0)
(272.0768572713017 0 0)
(272.0775530415479 0 0)
(272.0782488117941 0 0)
(272.07894458204026 0 0)
(272.0796403522864 0 0)
(272.08068400765563 0 0)
(272.0813797779018 0 0)
(272.08242343327106 0 0)
(274.36072310434866 0 0)
(274.36072310434866 0 0)
(274.36072310434866 0 0)
(274.36072310434866 0 0)
(274.36072310434866 0 0)
(274.36072310434866 0 0)
(274.36072310434866 0 0)
(274.36072310434866 0 0)
(274.36072310434866 0 0)
(274.36072310434866 0 0)
(274.36072310434866 0 0)
(274.36072310434866 0 0)
(274.36072310434866 0 0)
(274.36072310434866 0 0)
(274.36072310434866 0 0)
(274.36072310434866 0 0)
(274.36072310434866 0 0)
(274.36072310434866 0 0)
(274.36072310434866 0 0)
(274.36072310434866 0 0)
(274.36072310434866 0 0)
(274.36072310434866 0 0)
(274.36072310434866 0 0)
(274.36072310434866 0 0)
(274.36072310434866 0 0)
(274.36072310434866 0 0)
(274.36072310434866 0 0)
(274.36072310434866 0 0)
(274.36072310434866 0 0)
(274.36072310434866 0 0)
(274.36107571366585 0 0)
(274.36107571366585 0 0)
(274.36107571366585 0 0)
(274.36107571366585 0 0)
(274.36107571366585 0 0)
(274.36107571366585 0 0)
(274.36107571366585 0 0)
(274.36107571366585 0 0)
(274.36107571366585 0 0)
(274.3614283229831 0 0)
(274.3614283229831 0 0)
(274.3614283229831 0 0)
(274.3614283229831 0 0)
(274.3614283229831 0 0)
(274.3614283229831 0 0)
(274.3617809323003 0 0)
(274.3617809323003 0 0)
(274.3617809323003 0 0)
(274.3617809323003 0 0)
(274.3621335416174 0 0)
(274.3621335416174 0 0)
(274.3621335416174 0 0)
(274.36248615093467 0 0)
(274.36248615093467 0 0)
(274.36248615093467 0 0)
(274.36283876025186 0 0)
(274.36283876025186 0 0)
(274.36319136956905 0 0)
(274.36319136956905 0 0)
(274.36354397888624 0 0)
(274.36354397888624 0 0)
(274.36389658820343 0 0)
(274.3642491975206 0 0)
(274.3642491975206 0 0)
(274.36460180683787 0 0)
(274.364954416155 0 0)
(274.3653070254722 0 0)
(274.36565963478944 0 0)
(274.3660122441066 0 0)
(274.36636485342376 0 0)
(274.366717462741 0 0)
(274.3670700720582 0 0)
(274.3674226813754 0 0)
(274.36812790000977 0 0)
(274.36848050932696 0 0)
(274.36918572796134 0 0)
(274.3698909465958 0 0)
(274.3702435559129 0 0)
(274.37094877454734 0 0)
(274.3716539931817 0 0)
(274.3727118211333 0 0)
(274.3734170397677 0 0)
(274.37447486771924 0 0)
(274.3751800863537 0 0)
(274.37623791430525 0 0)
(276.6731350065119 0 0)
(276.6731350065119 0 0)
(276.6731350065119 0 0)
(276.6731350065119 0 0)
(276.6731350065119 0 0)
(276.6731350065119 0 0)
(276.6731350065119 0 0)
(276.6731350065119 0 0)
(276.6731350065119 0 0)
(276.6731350065119 0 0)
(276.6731350065119 0 0)
(276.6731350065119 0 0)
(276.6731350065119 0 0)
(276.6731350065119 0 0)
(276.6731350065119 0 0)
(276.6731350065119 0 0)
(276.6731350065119 0 0)
(276.6734923380153 0 0)
(276.6734923380153 0 0)
(276.6734923380153 0 0)
(276.6734923380153 0 0)
(276.6734923380153 0 0)
(276.6734923380153 0 0)
(276.6734923380153 0 0)
(276.6734923380153 0 0)
(276.6734923380153 0 0)
(276.6734923380153 0 0)
(276.6734923380153 0 0)
(276.6734923380153 0 0)
(276.6734923380153 0 0)
(276.6734923380153 0 0)
(276.6734923380153 0 0)
(276.6734923380153 0 0)
(276.6738496695187 0 0)
(276.6738496695187 0 0)
(276.6738496695187 0 0)
(276.6738496695187 0 0)
(276.6738496695187 0 0)
(276.6738496695187 0 0)
(276.6738496695187 0 0)
(276.6738496695187 0 0)
(276.67420700102207 0 0)
(276.67420700102207 0 0)
(276.67420700102207 0 0)
(276.67420700102207 0 0)
(276.67420700102207 0 0)
(276.67456433252545 0 0)
(276.67456433252545 0 0)
(276.67456433252545 0 0)
(276.67456433252545 0 0)
(276.67492166402883 0 0)
(276.67492166402883 0 0)
(276.67492166402883 0 0)
(276.67527899553215 0 0)
(276.67527899553215 0 0)
(276.67563632703553 0 0)
(276.67563632703553 0 0)
(276.6759936585389 0 0)
(276.6759936585389 0 0)
(276.67635099004235 0 0)
(276.67635099004235 0 0)
(276.6767083215457 0 0)
(276.67706565304906 0 0)
(276.67706565304906 0 0)
(276.67742298455244 0 0)
(276.6777803160558 0 0)
(276.6781376475592 0 0)
(276.6784949790626 0 0)
(276.67885231056596 0 0)
(276.67920964206934 0 0)
(276.6795669735727 0 0)
(276.6799243050761 0 0)
(276.6806389680828 0 0)
(276.6809962995862 0 0)
(276.68171096259294 0 0)
(276.6820682940963 0 0)
(276.6827829571031 0 0)
(276.68349762010985 0 0)
(276.6842122831166 0 0)
(276.6849269461233 0 0)
(276.68564160913013 0 0)
(276.6867136036402 0 0)
(276.687428266647 0 0)
(276.6885002611571 0 0)
(276.68957225566726 0 0)
(279.0050803975468 0 0)
(279.0050803975468 0 0)
(279.0050803975468 0 0)
(279.0050803975468 0 0)
(279.0050803975468 0 0)
(279.0050803975468 0 0)
(279.0050803975468 0 0)
(279.0050803975468 0 0)
(279.0050803975468 0 0)
(279.0050803975468 0 0)
(279.0050803975468 0 0)
(279.0050803975468 0 0)
(279.0050803975468 0 0)
(279.0050803975468 0 0)
(279.0050803975468 0 0)
(279.0050803975468 0 0)
(279.0050803975468 0 0)
(279.0054424005064 0 0)
(279.0054424005064 0 0)
(279.0054424005064 0 0)
(279.0054424005064 0 0)
(279.0054424005064 0 0)
(279.0054424005064 0 0)
(279.0054424005064 0 0)
(279.0054424005064 0 0)
(279.0054424005064 0 0)
(279.0054424005064 0 0)
(279.0054424005064 0 0)
(279.0054424005064 0 0)
(279.0054424005064 0 0)
(279.0054424005064 0 0)
(279.0054424005064 0 0)
(279.0054424005064 0 0)
(279.0058044034661 0 0)
(279.0058044034661 0 0)
(279.0058044034661 0 0)
(279.0058044034661 0 0)
(279.0058044034661 0 0)
(279.0058044034661 0 0)
(279.0058044034661 0 0)
(279.0058044034661 0 0)
(279.00616640642573 0 0)
(279.00616640642573 0 0)
(279.00616640642573 0 0)
(279.00616640642573 0 0)
(279.00616640642573 0 0)
(279.0065284093854 0 0)
(279.0065284093854 0 0)
(279.0065284093854 0 0)
(279.006890412345 0 0)
(279.006890412345 0 0)
(279.006890412345 0 0)
(279.00725241530466 0 0)
(279.00725241530466 0 0)
(279.00725241530466 0 0)
(279.0076144182643 0 0)
(279.0076144182643 0 0)
(279.007976421224 0 0)
(279.007976421224 0 0)
(279.0083384241836 0 0)
(279.0083384241836 0 0)
(279.00870042714325 0 0)
(279.0090624301029 0 0)
(279.0094244330626 0 0)
(279.0094244330626 0 0)
(279.0097864360222 0 0)
(279.01014843898184 0 0)
(279.0105104419415 0 0)
(279.0108724449011 0 0)
(279.0112344478608 0 0)
(279.01159645082043 0 0)
(279.01232045673976 0 0)
(279.01268245969936 0 0)
(279.0134064656187 0 0)
(279.01376846857835 0 0)
(279.0144924744976 0 0)
(279.01521648041694 0 0)
(279.01594048633626 0 0)
(279.01666449225553 0 0)
(279.01738849817485 0 0)
(279.0181125040941 0 0)
(279.0191985129731 0 0)
(279.0199225188924 0 0)
(279.0210085277713 0 0)
(279.02209453665023 0 0)
(281.3559276175008 0 0)
(281.3559276175008 0 0)
(281.3559276175008 0 0)
(281.3559276175008 0 0)
(281.3559276175008 0 0)
(281.3559276175008 0 0)
(281.3559276175008 0 0)
(281.3559276175008 0 0)
(281.3559276175008 0 0)
(281.3559276175008 0 0)
(281.3559276175008 0 0)
(281.3559276175008 0 0)
(281.3559276175008 0 0)
(281.3559276175008 0 0)
(281.3559276175008 0 0)
(281.3559276175008 0 0)
(281.3559276175008 0 0)
(281.3559276175008 0 0)
(281.3559276175008 0 0)
(281.3559276175008 0 0)
(281.3559276175008 0 0)
(281.3559276175008 0 0)
(281.3559276175008 0 0)
(281.3559276175008 0 0)
(281.3559276175008 0 0)
(281.3559276175008 0 0)
(281.3562942845804 0 0)
(281.3562942845804 0 0)
(281.3562942845804 0 0)
(281.3562942845804 0 0)
(281.3562942845804 0 0)
(281.3562942845804 0 0)
(281.3562942845804 0 0)
(281.3562942845804 0 0)
(281.3562942845804 0 0)
(281.3562942845804 0 0)
(281.3562942845804 0 0)
(281.35666095165993 0 0)
(281.35666095165993 0 0)
(281.35666095165993 0 0)
(281.35666095165993 0 0)
(281.35666095165993 0 0)
(281.35666095165993 0 0)
(281.35702761873955 0 0)
(281.35702761873955 0 0)
(281.35702761873955 0 0)
(281.35702761873955 0 0)
(281.3573942858191 0 0)
(281.3573942858191 0 0)
(281.3573942858191 0 0)
(281.3573942858191 0 0)
(281.3577609528987 0 0)
(281.3577609528987 0 0)
(281.35812761997823 0 0)
(281.35812761997823 0 0)
(281.35812761997823 0 0)
(281.35849428705785 0 0)
(281.35849428705785 0 0)
(281.3588609541374 0 0)
(281.359227621217 0 0)
(281.359227621217 0 0)
(281.35959428829653 0 0)
(281.35996095537615 0 0)
(281.35996095537615 0 0)
(281.3603276224557 0 0)
(281.3606942895353 0 0)
(281.36106095661484 0 0)
(281.36142762369445 0 0)
(281.36179429077396 0 0)
(281.3621609578536 0 0)
(281.36252762493314 0 0)
(281.36326095909226 0 0)
(281.3636276261719 0 0)
(281.36436096033106 0 0)
(281.36472762741056 0 0)
(281.36546096156974 0 0)
(281.36619429572886 0 0)
(281.36692762988804 0 0)
(281.36766096404716 0 0)
(281.36839429820634 0 0)
(281.36912763236546 0 0)
(281.37022763360426 0 0)
(281.37132763484294 0 0)
(281.3724276360817 0 0)
(281.37352763732036 0 0)
(283.72496361863386 0 0)
(283.72496361863386 0 0)
(283.72496361863386 0 0)
(283.72496361863386 0 0)
(283.72496361863386 0 0)
(283.72496361863386 0 0)
(283.72496361863386 0 0)
(283.72496361863386 0 0)
(283.72496361863386 0 0)
(283.72496361863386 0 0)
(283.72496361863386 0 0)
(283.72496361863386 0 0)
(283.72496361863386 0 0)
(283.72496361863386 0 0)
(283.72496361863386 0 0)
(283.72496361863386 0 0)
(283.72496361863386 0 0)
(283.72496361863386 0 0)
(283.72496361863386 0 0)
(283.72496361863386 0 0)
(283.72496361863386 0 0)
(283.72496361863386 0 0)
(283.72496361863386 0 0)
(283.7253348148243 0 0)
(283.7253348148243 0 0)
(283.7253348148243 0 0)
(283.7253348148243 0 0)
(283.7253348148243 0 0)
(283.7253348148243 0 0)
(283.7253348148243 0 0)
(283.7253348148243 0 0)
(283.7253348148243 0 0)
(283.7253348148243 0 0)
(283.7253348148243 0 0)
(283.7253348148243 0 0)
(283.72570601101467 0 0)
(283.72570601101467 0 0)
(283.72570601101467 0 0)
(283.72570601101467 0 0)
(283.72570601101467 0 0)
(283.72570601101467 0 0)
(283.72570601101467 0 0)
(283.72607720720504 0 0)
(283.72607720720504 0 0)
(283.72607720720504 0 0)
(283.72607720720504 0 0)
(283.72644840339547 0 0)
(283.72644840339547 0 0)
(283.72644840339547 0 0)
(283.72644840339547 0 0)
(283.72681959958584 0 0)
(283.72681959958584 0 0)
(283.72681959958584 0 0)
(283.72719079577627 0 0)
(283.72719079577627 0 0)
(283.72756199196664 0 0)
(283.72756199196664 0 0)
(283.727933188157 0 0)
(283.727933188157 0 0)
(283.72830438434744 0 0)
(283.72867558053787 0 0)
(283.72867558053787 0 0)
(283.7290467767282 0 0)
(283.7294179729186 0 0)
(283.72978916910904 0 0)
(283.72978916910904 0 0)
(283.7301603652994 0 0)
(283.7305315614898 0 0)
(283.7312739538706 0 0)
(283.731645150061 0 0)
(283.7320163462514 0 0)
(283.7323875424418 0 0)
(283.73312993482256 0 0)
(283.733501131013 0 0)
(283.7342435233938 0 0)
(283.73498591577453 0 0)
(283.73535711196496 0 0)
(283.7360995043457 0 0)
(283.73721309291693 0 0)
(283.73795548529773 0 0)
(283.73869787767853 0 0)
(283.7398114662497 0 0)
(283.7409250548209 0 0)
(283.74203864339205 0 0)
(283.7431522319632 0 0)
(286.11138392668755 0 0)
(286.11138392668755 0 0)
(286.11138392668755 0 0)
(286.11138392668755 0 0)
(286.11138392668755 0 0)
(286.11138392668755 0 0)
(286.11138392668755 0 0)
(286.11138392668755 0 0)
(286.11138392668755 0 0)
(286.11138392668755 0 0)
(286.11138392668755 0 0)
(286.11138392668755 0 0)
(286.11138392668755 0 0)
(286.11138392668755 0 0)
(286.11138392668755 0 0)
(286.11138392668755 0 0)
(286.11138392668755 0 0)
(286.11138392668755 0 0)
(286.11138392668755 0 0)
(286.11138392668755 0 0)
(286.11138392668755 0 0)
(286.11138392668755 0 0)
(286.1117595554265 0 0)
(286.1117595554265 0 0)
(286.1117595554265 0 0)
(286.1117595554265 0 0)
(286.1117595554265 0 0)
(286.1117595554265 0 0)
(286.1117595554265 0 0)
(286.1117595554265 0 0)
(286.1117595554265 0 0)
(286.1117595554265 0 0)
(286.1117595554265 0 0)
(286.1117595554265 0 0)
(286.1117595554265 0 0)
(286.11213518416537 0 0)
(286.11213518416537 0 0)
(286.11213518416537 0 0)
(286.11213518416537 0 0)
(286.11213518416537 0 0)
(286.11213518416537 0 0)
(286.1125108129043 0 0)
(286.1125108129043 0 0)
(286.1125108129043 0 0)
(286.1125108129043 0 0)
(286.1125108129043 0 0)
(286.11288644164324 0 0)
(286.11288644164324 0 0)
(286.11288644164324 0 0)
(286.1132620703822 0 0)
(286.1132620703822 0 0)
(286.1132620703822 0 0)
(286.1136376991211 0 0)
(286.1136376991211 0 0)
(286.1136376991211 0 0)
(286.11401332786005 0 0)
(286.11401332786005 0 0)
(286.114388956599 0 0)
(286.114388956599 0 0)
(286.1147645853379 0 0)
(286.1151402140768 0 0)
(286.1151402140768 0 0)
(286.11551584281574 0 0)
(286.1158914715547 0 0)
(286.1162671002936 0 0)
(286.1166427290325 0 0)
(286.1170183577714 0 0)
(286.11739398651036 0 0)
(286.11776961524936 0 0)
(286.11814524398824 0 0)
(286.1185208727272 0 0)
(286.11927213020505 0 0)
(286.1196477589439 0 0)
(286.1203990164218 0 0)
(286.12077464516074 0 0)
(286.1215259026386 0 0)
(286.1222771601164 0 0)
(286.1230284175943 0 0)
(286.1237796750721 0 0)
(286.12453093255 0 0)
(286.1256578187668 0 0)
(286.12678470498355 0 0)
(286.1275359624614 0 0)
(286.1290384774171 0 0)
(286.1301653636339 0 0)
(288.51428096960484 0 0)
(288.51428096960484 0 0)
(288.51428096960484 0 0)
(288.51428096960484 0 0)
(288.51428096960484 0 0)
(288.51428096960484 0 0)
(288.51428096960484 0 0)
(288.51428096960484 0 0)
(288.51428096960484 0 0)
(288.51428096960484 0 0)
(288.51428096960484 0 0)
(288.51428096960484 0 0)
(288.51428096960484 0 0)
(288.51428096960484 0 0)
(288.51428096960484 0 0)
(288.51428096960484 0 0)
(288.51428096960484 0 0)
(288.51428096960484 0 0)
(288.51428096960484 0 0)
(288.51428096960484 0 0)
(288.51428096960484 0 0)
(288.5146609145355 0 0)
(288.5146609145355 0 0)
(288.5146609145355 0 0)
(288.5146609145355 0 0)
(288.5146609145355 0 0)
(288.5146609145355 0 0)
(288.5146609145355 0 0)
(288.5146609145355 0 0)
(288.5146609145355 0 0)
(288.5146609145355 0 0)
(288.5146609145355 0 0)
(288.5146609145355 0 0)
(288.5146609145355 0 0)
(288.5150408594661 0 0)
(288.5150408594661 0 0)
(288.5150408594661 0 0)
(288.5150408594661 0 0)
(288.5150408594661 0 0)
(288.5150408594661 0 0)
(288.5150408594661 0 0)
(288.51542080439674 0 0)
(288.51542080439674 0 0)
(288.51542080439674 0 0)
(288.51542080439674 0 0)
(288.51542080439674 0 0)
(288.5158007493274 0 0)
(288.5158007493274 0 0)
(288.5158007493274 0 0)
(288.516180694258 0 0)
(288.516180694258 0 0)
(288.516180694258 0 0)
(288.5165606391887 0 0)
(288.5165606391887 0 0)
(288.5169405841193 0 0)
(288.5169405841193 0 0)
(288.51732052905 0 0)
(288.51732052905 0 0)
(288.5177004739806 0 0)
(288.5177004739806 0 0)
(288.51808041891127 0 0)
(288.5184603638419 0 0)
(288.5184603638419 0 0)
(288.5188403087725 0 0)
(288.51922025370317 0 0)
(288.51960019863384 0 0)
(288.51998014356445 0 0)
(288.52036008849507 0 0)
(288.52074003342574 0 0)
(288.52111997835635 0 0)
(288.52187986821764 0 0)
(288.5222598131483 0 0)
(288.5226397580789 0 0)
(288.5233996479402 0 0)
(288.52415953780144 0 0)
(288.5245394827321 0 0)
(288.5252993725934 0 0)
(288.5260592624547 0 0)
(288.5271990972466 0 0)
(288.52795898710787 0 0)
(288.52871887696915 0 0)
(288.5298587117611 0 0)
(288.530998546553 0 0)
(288.5321383813449 0 0)
(288.5332782161368 0 0)
(290.9326304531277 0 0)
(290.9326304531277 0 0)
(290.9326304531277 0 0)
(290.9326304531277 0 0)
(290.9326304531277 0 0)
(290.9326304531277 0 0)
(290.9326304531277 0 0)
(290.9326304531277 0 0)
(290.9326304531277 0 0)
(290.9326304531277 0 0)
(290.9326304531277 0 0)
(290.9326304531277 0 0)
(290.9326304531277 0 0)
(290.9326304531277 0 0)
(290.9326304531277 0 0)
(290.9326304531277 0 0)
(290.93301471221923 0 0)
(290.93301471221923 0 0)
(290.93301471221923 0 0)
(290.93301471221923 0 0)
(290.93301471221923 0 0)
(290.93301471221923 0 0)
(290.93301471221923 0 0)
(290.93301471221923 0 0)
(290.93301471221923 0 0)
(290.93301471221923 0 0)
(290.93301471221923 0 0)
(290.93301471221923 0 0)
(290.93301471221923 0 0)
(290.93301471221923 0 0)
(290.93301471221923 0 0)
(290.93301471221923 0 0)
(290.93339897131085 0 0)
(290.93339897131085 0 0)
(290.93339897131085 0 0)
(290.93339897131085 0 0)
(290.93339897131085 0 0)
(290.93339897131085 0 0)
(290.93339897131085 0 0)
(290.93339897131085 0 0)
(290.93378323040247 0 0)
(290.93378323040247 0 0)
(290.93378323040247 0 0)
(290.93378323040247 0 0)
(290.93378323040247 0 0)
(290.9341674894941 0 0)
(290.9341674894941 0 0)
(290.9341674894941 0 0)
(290.93455174858565 0 0)
(290.93455174858565 0 0)
(290.93455174858565 0 0)
(290.93493600767727 0 0)
(290.93493600767727 0 0)
(290.93493600767727 0 0)
(290.9353202667689 0 0)
(290.9353202667689 0 0)
(290.93570452586044 0 0)
(290.93570452586044 0 0)
(290.93608878495206 0 0)
(290.9364730440437 0 0)
(290.9364730440437 0 0)
(290.9368573031353 0 0)
(290.93724156222686 0 0)
(290.93724156222686 0 0)
(290.9376258213185 0 0)
(290.9380100804101 0 0)
(290.9383943395017 0 0)
(290.9387785985933 0 0)
(290.9391628576849 0 0)
(290.9399313758681 0 0)
(290.9403156349597 0 0)
(290.9406998940513 0 0)
(290.94146841223454 0 0)
(290.94185267132616 0 0)
(290.94262118950934 0 0)
(290.9433897076926 0 0)
(290.94415822587575 0 0)
(290.944926744059 0 0)
(290.9456952622422 0 0)
(290.9464637804254 0 0)
(290.9476165577002 0 0)
(290.94876933497505 0 0)
(290.94992211224985 0 0)
(290.95107488952465 0 0)
(290.95222766679944 0 0)
(293.3665275393469 0 0)
(293.3665275393469 0 0)
(293.3665275393469 0 0)
(293.3665275393469 0 0)
(293.3665275393469 0 0)
(293.3665275393469 0 0)
(293.3665275393469 0 0)
(293.3665275393469 0 0)
(293.3665275393469 0 0)
(293.3665275393469 0 0)
(293.3665275393469 0 0)
(293.3665275393469 0 0)
(293.3665275393469 0 0)
(293.3665275393469 0 0)
(293.3665275393469 0 0)
(293.3665275393469 0 0)
(293.3665275393469 0 0)
(293.3665275393469 0 0)
(293.3665275393469 0 0)
(293.3665275393469 0 0)
(293.3665275393469 0 0)
(293.3665275393469 0 0)
(293.3665275393469 0 0)
(293.3665275393469 0 0)
(293.3665275393469 0 0)
(293.3665275393469 0 0)
(293.3669158247515 0 0)
(293.3669158247515 0 0)
(293.3669158247515 0 0)
(293.3669158247515 0 0)
(293.3669158247515 0 0)
(293.3669158247515 0 0)
(293.3669158247515 0 0)
(293.3669158247515 0 0)
(293.3669158247515 0 0)
(293.3669158247515 0 0)
(293.3673041101561 0 0)
(293.3673041101561 0 0)
(293.3673041101561 0 0)
(293.3673041101561 0 0)
(293.3673041101561 0 0)
(293.3673041101561 0 0)
(293.3676923955607 0 0)
(293.3676923955607 0 0)
(293.3676923955607 0 0)
(293.3676923955607 0 0)
(293.3680806809653 0 0)
(293.3680806809653 0 0)
(293.3680806809653 0 0)
(293.3680806809653 0 0)
(293.36846896636996 0 0)
(293.36846896636996 0 0)
(293.3688572517745 0 0)
(293.3688572517745 0 0)
(293.3688572517745 0 0)
(293.36924553717915 0 0)
(293.36924553717915 0 0)
(293.36963382258375 0 0)
(293.36963382258375 0 0)
(293.37002210798835 0 0)
(293.37041039339294 0 0)
(293.37041039339294 0 0)
(293.37079867879754 0 0)
(293.37118696420214 0 0)
(293.3715752496068 0 0)
(293.37196353501133 0 0)
(293.37235182041593 0 0)
(293.3727401058206 0 0)
(293.3731283912252 0 0)
(293.3735166766298 0 0)
(293.37429324743897 0 0)
(293.37468153284357 0 0)
(293.37506981824816 0 0)
(293.3758463890574 0 0)
(293.37662295986655 0 0)
(293.3773995306758 0 0)
(293.378176101485 0 0)
(293.3789526722942 0 0)
(293.3797292431034 0 0)
(293.38050581391263 0 0)
(293.3816706701264 0 0)
(293.3828355263402 0 0)
(293.38361209714947 0 0)
(293.38516523876785 0 0)
(293.38633009498164 0 0)
(295.8135021591532 0 0)
(295.8135021591532 0 0)
(295.8135021591532 0 0)
(295.8135021591532 0 0)
(295.8135021591532 0 0)
(295.8135021591532 0 0)
(295.8135021591532 0 0)
(295.8135021591532 0 0)
(295.8135021591532 0 0)
(295.8135021591532 0 0)
(295.8135021591532 0 0)
(295.8135021591532 0 0)
(295.8135021591532 0 0)
(295.8135021591532 0 0)
(295.8135021591532 0 0)
(295.8135021591532 0 0)
(295.8135021591532 0 0)
(295.8135021591532 0 0)
(295.8135021591532 0 0)
(295.8135021591532 0 0)
(295.8135021591532 0 0)
(295.8135021591532 0 0)
(295.8135021591532 0 0)
(295.8135021591532 0 0)
(295.8135021591532 0 0)
(295.813894706101 0 0)
(295.813894706101 0 0)
(295.813894706101 0 0)
(295.813894706101 0 0)
(295.813894706101 0 0)
(295.813894706101 0 0)
(295.813894706101 0 0)
(295.813894706101 0 0)
(295.813894706101 0 0)
(295.813894706101 0 0)
(295.813894706101 0 0)
(295.8142872530488 0 0)
(295.8142872530488 0 0)
(295.8142872530488 0 0)
(295.8142872530488 0 0)
(295.8142872530488 0 0)
(295.8142872530488 0 0)
(295.81467979999667 0 0)
(295.81467979999667 0 0)
(295.81467979999667 0 0)
(295.81467979999667 0 0)
(295.8150723469445 0 0)
(295.8150723469445 0 0)
(295.8150723469445 0 0)
(295.8150723469445 0 0)
(295.8154648938923 0 0)
(295.8154648938923 0 0)
(295.8158574408401 0 0)
(295.8158574408401 0 0)
(295.8158574408401 0 0)
(295.8162499877879 0 0)
(295.8162499877879 0 0)
(295.81664253473576 0 0)
(295.81703508168357 0 0)
(295.81703508168357 0 0)
(295.8174276286314 0 0)
(295.8178201755792 0 0)
(295.8178201755792 0 0)
(295.81821272252705 0 0)
(295.8186052694748 0 0)
(295.81899781642267 0 0)
(295.8193903633705 0 0)
(295.81978291031834 0 0)
(295.8201754572661 0 0)
(295.82056800421395 0 0)
(295.8213530981096 0 0)
(295.8217456450574 0 0)
(295.82253073895305 0 0)
(295.8229232859009 0 0)
(295.8237083797965 0 0)
(295.82449347369214 0 0)
(295.8252785675878 0 0)
(295.82606366148343 0 0)
(295.8268487553791 0 0)
(295.8276338492747 0 0)
(295.8288114901182 0 0)
(295.8299891309616 0 0)
(295.8311667718051 0 0)
(295.8323444126485 0 0)
(295.83352205349206 0 0)
(298.2747715219884 0 0)
(298.2747715219884 0 0)
(298.2747715219884 0 0)
(298.2747715219884 0 0)
(298.2747715219884 0 0)
(298.2747715219884 0 0)
(298.2747715219884 0 0)
(298.2747715219884 0 0)
(298.2747715219884 0 0)
(298.2747715219884 0 0)
(298.275168028074 0 0)
(298.275168028074 0 0)
(298.275168028074 0 0)
(298.275168028074 0 0)
(298.275168028074 0 0)
(298.275168028074 0 0)
(298.275168028074 0 0)
(298.275168028074 0 0)
(298.275168028074 0 0)
(298.275168028074 0 0)
(298.275168028074 0 0)
(298.275168028074 0 0)
(298.275168028074 0 0)
(298.275168028074 0 0)
(298.275168028074 0 0)
(298.275168028074 0 0)
(298.275168028074 0 0)
(298.275168028074 0 0)
(298.275168028074 0 0)
(298.275168028074 0 0)
(298.2755645341597 0 0)
(298.2755645341597 0 0)
(298.2755645341597 0 0)
(298.2755645341597 0 0)
(298.2755645341597 0 0)
(298.2755645341597 0 0)
(298.2755645341597 0 0)
(298.2755645341597 0 0)
(298.27596104024536 0 0)
(298.27596104024536 0 0)
(298.27596104024536 0 0)
(298.27596104024536 0 0)
(298.27596104024536 0 0)
(298.27596104024536 0 0)
(298.27635754633104 0 0)
(298.27635754633104 0 0)
(298.27635754633104 0 0)
(298.27635754633104 0 0)
(298.27675405241666 0 0)
(298.27675405241666 0 0)
(298.27675405241666 0 0)
(298.27715055850234 0 0)
(298.27715055850234 0 0)
(298.277547064588 0 0)
(298.277547064588 0 0)
(298.2779435706737 0 0)
(298.2779435706737 0 0)
(298.2783400767593 0 0)
(298.2783400767593 0 0)
(298.278736582845 0 0)
(298.278736582845 0 0)
(298.2791330889307 0 0)
(298.27952959501636 0 0)
(298.279926101102 0 0)
(298.28032260718766 0 0)
(298.28071911327334 0 0)
(298.281115619359 0 0)
(298.28151212544464 0 0)
(298.2819086315303 0 0)
(298.282305137616 0 0)
(298.2827016437016 0 0)
(298.2834946558729 0 0)
(298.2838911619586 0 0)
(298.2846841741299 0 0)
(298.2850806802156 0 0)
(298.2858736923869 0 0)
(298.28666670455823 0 0)
(298.28745971672953 0 0)
(298.28864923498656 0 0)
(298.28944224715787 0 0)
(298.29063176541484 0 0)
(298.2914247775862 0 0)
(298.2926142958432 0 0)
(298.29380381410016 0 0)
(298.2953898384428 0 0)
(300.74896949652134 0 0)
(300.74896949652134 0 0)
(300.74896949652134 0 0)
(300.74896949652134 0 0)
(300.74896949652134 0 0)
(300.74896949652134 0 0)
(300.74896949652134 0 0)
(300.74896949652134 0 0)
(300.74896949652134 0 0)
(300.74896949652134 0 0)
(300.74896949652134 0 0)
(300.74896949652134 0 0)
(300.74896949652134 0 0)
(300.74896949652134 0 0)
(300.74896949652134 0 0)
(300.74896949652134 0 0)
(300.74896949652134 0 0)
(300.74896949652134 0 0)
(300.74896949652134 0 0)
(300.74896949652134 0 0)
(300.74896949652134 0 0)
(300.74896949652134 0 0)
(300.74896949652134 0 0)
(300.74896949652134 0 0)
(300.74936987828903 0 0)
(300.74936987828903 0 0)
(300.74936987828903 0 0)
(300.74936987828903 0 0)
(300.74936987828903 0 0)
(300.74936987828903 0 0)
(300.74936987828903 0 0)
(300.74936987828903 0 0)
(300.74936987828903 0 0)
(300.74936987828903 0 0)
(300.74936987828903 0 0)
(300.7497702600568 0 0)
(300.7497702600568 0 0)
(300.7497702600568 0 0)
(300.7497702600568 0 0)
(300.7497702600568 0 0)
(300.7497702600568 0 0)
(300.7497702600568 0 0)
(300.7501706418245 0 0)
(300.7501706418245 0 0)
(300.7501706418245 0 0)
(300.7501706418245 0 0)
(300.7505710235922 0 0)
(300.7505710235922 0 0)
(300.7505710235922 0 0)
(300.7505710235922 0 0)
(300.75097140535996 0 0)
(300.75097140535996 0 0)
(300.7513717871277 0 0)
(300.7513717871277 0 0)
(300.7513717871277 0 0)
(300.75177216889546 0 0)
(300.75177216889546 0 0)
(300.75217255066315 0 0)
(300.7525729324309 0 0)
(300.7525729324309 0 0)
(300.75297331419864 0 0)
(300.7533736959664 0 0)
(300.7533736959664 0 0)
(300.7537740777341 0 0)
(300.7541744595018 0 0)
(300.7545748412696 0 0)
(300.7549752230373 0 0)
(300.755375604805 0 0)
(300.75577598657276 0 0)
(300.7561763683405 0 0)
(300.75697713187594 0 0)
(300.7573775136437 0 0)
(300.7581782771792 0 0)
(300.7585786589469 0 0)
(300.75937942248237 0 0)
(300.7601801860178 0 0)
(300.7609809495533 0 0)
(300.76178171308874 0 0)
(300.76258247662423 0 0)
(300.76338324015967 0 0)
(300.76458438546285 0 0)
(300.7657855307661 0 0)
(300.7669866760693 0 0)
(300.76818782137246 0 0)
(300.76938896667565 0 0)
(303.2345395106001 0 0)
(303.2345395106001 0 0)
(303.2345395106001 0 0)
(303.2345395106001 0 0)
(303.2345395106001 0 0)
(303.2345395106001 0 0)
(303.2345395106001 0 0)
(303.2345395106001 0 0)
(303.2345395106001 0 0)
(303.2345395106001 0 0)
(303.2345395106001 0 0)
(303.2345395106001 0 0)
(303.2345395106001 0 0)
(303.2345395106001 0 0)
(303.2345395106001 0 0)
(303.2345395106001 0 0)
(303.2345395106001 0 0)
(303.2349436338397 0 0)
(303.2349436338397 0 0)
(303.2349436338397 0 0)
(303.2349436338397 0 0)
(303.2349436338397 0 0)
(303.2349436338397 0 0)
(303.2349436338397 0 0)
(303.2349436338397 0 0)
(303.2349436338397 0 0)
(303.2349436338397 0 0)
(303.2349436338397 0 0)
(303.2349436338397 0 0)
(303.2349436338397 0 0)
(303.2349436338397 0 0)
(303.2349436338397 0 0)
(303.2353477570793 0 0)
(303.2353477570793 0 0)
(303.2353477570793 0 0)
(303.2353477570793 0 0)
(303.2353477570793 0 0)
(303.2353477570793 0 0)
(303.2353477570793 0 0)
(303.2353477570793 0 0)
(303.2357518803189 0 0)
(303.2357518803189 0 0)
(303.2357518803189 0 0)
(303.2357518803189 0 0)
(303.2357518803189 0 0)
(303.2361560035585 0 0)
(303.2361560035585 0 0)
(303.2361560035585 0 0)
(303.2365601267981 0 0)
(303.2365601267981 0 0)
(303.2365601267981 0 0)
(303.2369642500377 0 0)
(303.2369642500377 0 0)
(303.2369642500377 0 0)
(303.2373683732774 0 0)
(303.2373683732774 0 0)
(303.237772496517 0 0)
(303.237772496517 0 0)
(303.2381766197566 0 0)
(303.2385807429962 0 0)
(303.2385807429962 0 0)
(303.2389848662358 0 0)
(303.2393889894754 0 0)
(303.2393889894754 0 0)
(303.239793112715 0 0)
(303.2401972359546 0 0)
(303.2406013591943 0 0)
(303.2410054824338 0 0)
(303.2414096056735 0 0)
(303.2422178521527 0 0)
(303.2426219753923 0 0)
(303.2430260986319 0 0)
(303.24383434511117 0 0)
(303.2442384683507 0 0)
(303.24504671483 0 0)
(303.2458549613092 0 0)
(303.2466632077884 0 0)
(303.2474714542676 0 0)
(303.2482797007469 0 0)
(303.2494920704657 0 0)
(303.25030031694496 0 0)
(303.2515126866638 0 0)
(303.2527250563826 0 0)
(303.2539374261014 0 0)
(303.2551497958202 0 0)
(305.73121288491967 0 0)
(305.73121288491967 0 0)
(305.73121288491967 0 0)
(305.73121288491967 0 0)
(305.73121288491967 0 0)
(305.73121288491967 0 0)
(305.73121288491967 0 0)
(305.73121288491967 0 0)
(305.73121288491967 0 0)
(305.73121288491967 0 0)
(305.73121288491967 0 0)
(305.73121288491967 0 0)
(305.73121288491967 0 0)
(305.73121288491967 0 0)
(305.73121288491967 0 0)
(305.73121288491967 0 0)
(305.73121288491967 0 0)
(305.73121288491967 0 0)
(305.73121288491967 0 0)
(305.73121288491967 0 0)
(305.73121288491967 0 0)
(305.73121288491967 0 0)
(305.73121288491967 0 0)
(305.73121288491967 0 0)
(305.73121288491967 0 0)
(305.73121288491967 0 0)
(305.73121288491967 0 0)
(305.73162087353694 0 0)
(305.73162087353694 0 0)
(305.73162087353694 0 0)
(305.73162087353694 0 0)
(305.73162087353694 0 0)
(305.73162087353694 0 0)
(305.73162087353694 0 0)
(305.73162087353694 0 0)
(305.73162087353694 0 0)
(305.73162087353694 0 0)
(305.7320288621542 0 0)
(305.7320288621542 0 0)
(305.7320288621542 0 0)
(305.7320288621542 0 0)
(305.7320288621542 0 0)
(305.7320288621542 0 0)
(305.7324368507714 0 0)
(305.7324368507714 0 0)
(305.7324368507714 0 0)
(305.7324368507714 0 0)
(305.73284483938863 0 0)
(305.73284483938863 0 0)
(305.73284483938863 0 0)
(305.7332528280059 0 0)
(305.7332528280059 0 0)
(305.7332528280059 0 0)
(305.73366081662317 0 0)
(305.73366081662317 0 0)
(305.73406880524044 0 0)
(305.73406880524044 0 0)
(305.73447679385765 0 0)
(305.73447679385765 0 0)
(305.7348847824749 0 0)
(305.73529277109213 0 0)
(305.73529277109213 0 0)
(305.7357007597094 0 0)
(305.7361087483266 0 0)
(305.7365167369439 0 0)
(305.73692472556115 0 0)
(305.7373327141784 0 0)
(305.73774070279563 0 0)
(305.73814869141285 0 0)
(305.7385566800301 0 0)
(305.7389646686474 0 0)
(305.73978064588186 0 0)
(305.74018863449913 0 0)
(305.74100461173356 0 0)
(305.7414126003508 0 0)
(305.7422285775853 0 0)
(305.74304455481985 0 0)
(305.74386053205427 0 0)
(305.7446765092888 0 0)
(305.74590047514056 0 0)
(305.74671645237504 0 0)
(305.7479404182268 0 0)
(305.7491643840785 0 0)
(305.75038834993023 0 0)
(305.751612315782 0 0)
(308.2387109265122 0 0)
(308.2387109265122 0 0)
(308.2387109265122 0 0)
(308.2387109265122 0 0)
(308.2387109265122 0 0)
(308.2387109265122 0 0)
(308.2387109265122 0 0)
(308.2387109265122 0 0)
(308.2387109265122 0 0)
(308.2387109265122 0 0)
(308.2391226389727 0 0)
(308.2391226389727 0 0)
(308.2391226389727 0 0)
(308.2391226389727 0 0)
(308.2391226389727 0 0)
(308.2391226389727 0 0)
(308.2391226389727 0 0)
(308.2391226389727 0 0)
(308.2391226389727 0 0)
(308.2391226389727 0 0)
(308.2391226389727 0 0)
(308.2391226389727 0 0)
(308.2391226389727 0 0)
(308.2391226389727 0 0)
(308.2391226389727 0 0)
(308.2391226389727 0 0)
(308.2391226389727 0 0)
(308.2391226389727 0 0)
(308.2391226389727 0 0)
(308.2391226389727 0 0)
(308.2391226389727 0 0)
(308.2395343514332 0 0)
(308.2395343514332 0 0)
(308.2395343514332 0 0)
(308.2395343514332 0 0)
(308.2395343514332 0 0)
(308.2395343514332 0 0)
(308.2395343514332 0 0)
(308.2395343514332 0 0)
(308.2399460638937 0 0)
(308.2399460638937 0 0)
(308.2399460638937 0 0)
(308.2399460638937 0 0)
(308.2399460638937 0 0)
(308.2403577763542 0 0)
(308.2403577763542 0 0)
(308.2403577763542 0 0)
(308.2403577763542 0 0)
(308.24076948881464 0 0)
(308.24076948881464 0 0)
(308.24076948881464 0 0)
(308.24118120127514 0 0)
(308.24118120127514 0 0)
(308.24118120127514 0 0)
(308.24159291373564 0 0)
(308.24159291373564 0 0)
(308.24200462619615 0 0)
(308.24200462619615 0 0)
(308.24241633865665 0 0)
(308.24282805111716 0 0)
(308.24282805111716 0 0)
(308.24323976357766 0 0)
(308.2436514760381 0 0)
(308.2436514760381 0 0)
(308.2440631884986 0 0)
(308.2444749009591 0 0)
(308.2448866134196 0 0)
(308.24529832588007 0 0)
(308.2457100383406 0 0)
(308.2465334632616 0 0)
(308.24694517572203 0 0)
(308.24735688818254 0 0)
(308.24818031310355 0 0)
(308.248592025564 0 0)
(308.249415450485 0 0)
(308.250238875406 0 0)
(308.251062300327 0 0)
(308.251885725248 0 0)
(308.252709150169 0 0)
(308.25353257508993 0 0)
(308.2547677124714 0 0)
(308.2555911373924 0 0)
(308.25682627477386 0 0)
(308.2580614121553 0 0)
(308.2592965495368 0 0)
(310.7567443348852 0 0)
(310.7567443348852 0 0)
(310.7567443348852 0 0)
(310.7571591962094 0 0)
(310.7571591962094 0 0)
(310.7571591962094 0 0)
(310.7571591962094 0 0)
(310.7571591962094 0 0)
(310.7571591962094 0 0)
(310.7571591962094 0 0)
(310.7571591962094 0 0)
(310.7571591962094 0 0)
(310.7571591962094 0 0)
(310.7571591962094 0 0)
(310.7571591962094 0 0)
(310.7571591962094 0 0)
(310.7571591962094 0 0)
(310.7571591962094 0 0)
(310.7571591962094 0 0)
(310.7571591962094 0 0)
(310.7571591962094 0 0)
(310.7571591962094 0 0)
(310.7571591962094 0 0)
(310.7571591962094 0 0)
(310.7571591962094 0 0)
(310.7571591962094 0 0)
(310.7571591962094 0 0)
(310.7571591962094 0 0)
(310.7571591962094 0 0)
(310.75757405753365 0 0)
(310.75757405753365 0 0)
(310.75757405753365 0 0)
(310.75757405753365 0 0)
(310.75757405753365 0 0)
(310.75757405753365 0 0)
(310.75757405753365 0 0)
(310.75757405753365 0 0)
(310.75757405753365 0 0)
(310.7579889188579 0 0)
(310.7579889188579 0 0)
(310.7579889188579 0 0)
(310.7579889188579 0 0)
(310.7579889188579 0 0)
(310.7579889188579 0 0)
(310.75840378018205 0 0)
(310.75840378018205 0 0)
(310.75840378018205 0 0)
(310.75840378018205 0 0)
(310.7588186415063 0 0)
(310.7588186415063 0 0)
(310.7588186415063 0 0)
(310.75923350283057 0 0)
(310.75923350283057 0 0)
(310.75923350283057 0 0)
(310.7596483641548 0 0)
(310.7596483641548 0 0)
(310.76006322547903 0 0)
(310.76006322547903 0 0)
(310.7604780868033 0 0)
(310.7608929481275 0 0)
(310.7608929481275 0 0)
(310.76130780945175 0 0)
(310.76172267077595 0 0)
(310.76172267077595 0 0)
(310.7621375321002 0 0)
(310.76255239342447 0 0)
(310.7629672547487 0 0)
(310.7633821160729 0 0)
(310.76379697739713 0 0)
(310.7642118387214 0 0)
(310.76504156136986 0 0)
(310.76545642269406 0 0)
(310.7658712840183 0 0)
(310.7667010066668 0 0)
(310.76753072931524 0 0)
(310.7679455906395 0 0)
(310.76877531328796 0 0)
(310.7696050359364 0 0)
(310.7704347585849 0 0)
(310.7716793425576 0 0)
(310.77250906520607 0 0)
(310.7737536491788 0 0)
(310.77499823315145 0 0)
(310.77624281712417 0 0)
(310.7774874010969 0 0)
(313.28159035417616 0 0)
(313.28159035417616 0 0)
(313.28159035417616 0 0)
(313.28159035417616 0 0)
(313.28159035417616 0 0)
(313.28159035417616 0 0)
(313.28159035417616 0 0)
(313.28159035417616 0 0)
(313.28159035417616 0 0)
(313.28159035417616 0 0)
(313.28159035417616 0 0)
(313.28159035417616 0 0)
(313.28159035417616 0 0)
(313.28159035417616 0 0)
(313.28159035417616 0 0)
(313.28159035417616 0 0)
(313.28159035417616 0 0)
(313.28200885755496 0 0)
(313.28200885755496 0 0)
(313.28200885755496 0 0)
(313.28200885755496 0 0)
(313.28200885755496 0 0)
(313.28200885755496 0 0)
(313.28200885755496 0 0)
(313.28200885755496 0 0)
(313.28200885755496 0 0)
(313.28200885755496 0 0)
(313.28200885755496 0 0)
(313.28200885755496 0 0)
(313.28200885755496 0 0)
(313.28200885755496 0 0)
(313.28200885755496 0 0)
(313.28200885755496 0 0)
(313.28242736093375 0 0)
(313.28242736093375 0 0)
(313.28242736093375 0 0)
(313.28242736093375 0 0)
(313.28242736093375 0 0)
(313.28242736093375 0 0)
(313.28242736093375 0 0)
(313.2828458643125 0 0)
(313.2828458643125 0 0)
(313.2828458643125 0 0)
(313.2828458643125 0 0)
(313.2828458643125 0 0)
(313.2832643676913 0 0)
(313.2832643676913 0 0)
(313.2832643676913 0 0)
(313.2832643676913 0 0)
(313.2836828710701 0 0)
(313.2836828710701 0 0)
(313.2836828710701 0 0)
(313.2841013744489 0 0)
(313.2841013744489 0 0)
(313.2841013744489 0 0)
(313.2845198778276 0 0)
(313.2845198778276 0 0)
(313.2849383812064 0 0)
(313.2849383812064 0 0)
(313.2853568845852 0 0)
(313.285775387964 0 0)
(313.285775387964 0 0)
(313.28619389134275 0 0)
(313.28661239472154 0 0)
(313.28703089810034 0 0)
(313.28744940147914 0 0)
(313.2878679048579 0 0)
(313.2882864082367 0 0)
(313.28870491161547 0 0)
(313.28912341499426 0 0)
(313.289541918373 0 0)
(313.2899604217518 0 0)
(313.29079742850934 0 0)
(313.29121593188813 0 0)
(313.2920529386457 0 0)
(313.29288994540326 0 0)
(313.29372695216085 0 0)
(313.2945639589184 0 0)
(313.295400965676 0 0)
(313.2962379724335 0 0)
(313.2970749791911 0 0)
(313.29833048932744 0 0)
(313.2995859994638 0 0)
(313.3008415096001 0 0)
(313.30209701973644 0 0)
(315.81604681607416 0 0)
(315.81604681607416 0 0)
(315.81604681607416 0 0)
(315.81604681607416 0 0)
(315.81604681607416 0 0)
(315.81604681607416 0 0)
(315.81604681607416 0 0)
(315.81604681607416 0 0)
(315.81604681607416 0 0)
(315.81604681607416 0 0)
(315.81604681607416 0 0)
(315.81604681607416 0 0)
(315.81604681607416 0 0)
(315.81604681607416 0 0)
(315.81604681607416 0 0)
(315.81604681607416 0 0)
(315.81604681607416 0 0)
(315.81604681607416 0 0)
(315.81604681607416 0 0)
(315.81604681607416 0 0)
(315.81604681607416 0 0)
(315.81604681607416 0 0)
(315.81604681607416 0 0)
(315.81604681607416 0 0)
(315.81604681607416 0 0)
(315.81604681607416 0 0)
(315.81604681607416 0 0)
(315.81604681607416 0 0)
(315.81604681607416 0 0)
(315.8164683854759 0 0)
(315.8164683854759 0 0)
(315.8164683854759 0 0)
(315.8164683854759 0 0)
(315.8164683854759 0 0)
(315.8164683854759 0 0)
(315.8164683854759 0 0)
(315.8164683854759 0 0)
(315.8164683854759 0 0)
(315.8168899548777 0 0)
(315.8168899548777 0 0)
(315.8168899548777 0 0)
(315.8168899548777 0 0)
(315.8168899548777 0 0)
(315.8168899548777 0 0)
(315.8173115242795 0 0)
(315.8173115242795 0 0)
(315.8173115242795 0 0)
(315.8173115242795 0 0)
(315.8177330936813 0 0)
(315.8177330936813 0 0)
(315.8177330936813 0 0)
(315.818154663083 0 0)
(315.818154663083 0 0)
(315.818154663083 0 0)
(315.8185762324848 0 0)
(315.8185762324848 0 0)
(315.8189978018866 0 0)
(315.8189978018866 0 0)
(315.81941937128835 0 0)
(315.81941937128835 0 0)
(315.81984094069014 0 0)
(315.8202625100919 0 0)
(315.8202625100919 0 0)
(315.8206840794937 0 0)
(315.82110564889547 0 0)
(315.8215272182972 0 0)
(315.821948787699 0 0)
(315.8223703571008 0 0)
(315.82279192650253 0 0)
(315.8232134959043 0 0)
(315.8236350653061 0 0)
(315.8240566347079 0 0)
(315.82489977351145 0 0)
(315.82532134291324 0 0)
(315.8261644817168 0 0)
(315.8270076205203 0 0)
(315.8274291899221 0 0)
(315.82827232872563 0 0)
(315.8291154675292 0 0)
(315.83038017573455 0 0)
(315.8312233145381 0 0)
(315.8324880227434 0 0)
(315.83333116154694 0 0)
(315.83459586975226 0 0)
(315.8358605779576 0 0)
(318.35600246177347 0 0)
(318.35600246177347 0 0)
(318.35600246177347 0 0)
(318.35600246177347 0 0)
(318.35600246177347 0 0)
(318.35600246177347 0 0)
(318.35600246177347 0 0)
(318.35600246177347 0 0)
(318.35600246177347 0 0)
(318.35600246177347 0 0)
(318.35600246177347 0 0)
(318.35600246177347 0 0)
(318.35600246177347 0 0)
(318.35600246177347 0 0)
(318.35600246177347 0 0)
(318.35600246177347 0 0)
(318.35600246177347 0 0)
(318.35600246177347 0 0)
(318.35600246177347 0 0)
(318.35600246177347 0 0)
(318.35600246177347 0 0)
(318.35600246177347 0 0)
(318.35600246177347 0 0)
(318.35600246177347 0 0)
(318.35600246177347 0 0)
(318.35600246177347 0 0)
(318.35642722959597 0 0)
(318.35642722959597 0 0)
(318.35642722959597 0 0)
(318.35642722959597 0 0)
(318.35642722959597 0 0)
(318.35642722959597 0 0)
(318.35642722959597 0 0)
(318.35642722959597 0 0)
(318.35642722959597 0 0)
(318.35642722959597 0 0)
(318.35642722959597 0 0)
(318.35685199741846 0 0)
(318.35685199741846 0 0)
(318.35685199741846 0 0)
(318.35685199741846 0 0)
(318.35685199741846 0 0)
(318.35685199741846 0 0)
(318.3572767652409 0 0)
(318.3572767652409 0 0)
(318.3572767652409 0 0)
(318.3572767652409 0 0)
(318.3572767652409 0 0)
(318.35770153306345 0 0)
(318.35770153306345 0 0)
(318.35770153306345 0 0)
(318.35812630088594 0 0)
(318.35812630088594 0 0)
(318.35812630088594 0 0)
(318.35855106870844 0 0)
(318.35855106870844 0 0)
(318.3589758365309 0 0)
(318.3589758365309 0 0)
(318.35940060435337 0 0)
(318.35940060435337 0 0)
(318.35982537217586 0 0)
(318.36025013999836 0 0)
(318.36025013999836 0 0)
(318.36067490782085 0 0)
(318.36109967564335 0 0)
(318.36152444346584 0 0)
(318.3619492112883 0 0)
(318.36237397911077 0 0)
(318.36279874693327 0 0)
(318.36322351475576 0 0)
(318.36364828257825 0 0)
(318.36407305040075 0 0)
(318.36492258604574 0 0)
(318.3653473538682 0 0)
(318.36619688951316 0 0)
(318.36662165733566 0 0)
(318.36747119298064 0 0)
(318.36832072862563 0 0)
(318.36917026427056 0 0)
(318.3700197999156 0 0)
(318.37086933556054 0 0)
(318.37214363902797 0 0)
(318.37341794249545 0 0)
(318.37469224596293 0 0)
(318.3759665494304 0 0)
(320.9024855575863 0 0)
(320.9024855575863 0 0)
(320.9024855575863 0 0)
(320.9024855575863 0 0)
(320.9024855575863 0 0)
(320.9024855575863 0 0)
(320.9024855575863 0 0)
(320.9024855575863 0 0)
(320.9024855575863 0 0)
(320.9024855575863 0 0)
(320.9024855575863 0 0)
(320.9024855575863 0 0)
(320.9024855575863 0 0)
(320.9024855575863 0 0)
(320.9024855575863 0 0)
(320.9024855575863 0 0)
(320.9024855575863 0 0)
(320.9024855575863 0 0)
(320.9024855575863 0 0)
(320.9024855575863 0 0)
(320.9024855575863 0 0)
(320.9024855575863 0 0)
(320.9024855575863 0 0)
(320.90291377423415 0 0)
(320.90291377423415 0 0)
(320.90291377423415 0 0)
(320.90291377423415 0 0)
(320.90291377423415 0 0)
(320.90291377423415 0 0)
(320.90291377423415 0 0)
(320.90291377423415 0 0)
(320.90291377423415 0 0)
(320.90291377423415 0 0)
(320.90291377423415 0 0)
(320.90291377423415 0 0)
(320.90291377423415 0 0)
(320.90334199088204 0 0)
(320.90334199088204 0 0)
(320.90334199088204 0 0)
(320.90334199088204 0 0)
(320.90334199088204 0 0)
(320.90334199088204 0 0)
(320.9037702075299 0 0)
(320.9037702075299 0 0)
(320.9037702075299 0 0)
(320.9037702075299 0 0)
(320.9037702075299 0 0)
(320.9041984241777 0 0)
(320.9041984241777 0 0)
(320.9041984241777 0 0)
(320.9041984241777 0 0)
(320.90462664082554 0 0)
(320.90462664082554 0 0)
(320.9050548574734 0 0)
(320.9050548574734 0 0)
(320.9050548574734 0 0)
(320.90548307412126 0 0)
(320.90548307412126 0 0)
(320.90591129076904 0 0)
(320.90591129076904 0 0)
(320.9063395074169 0 0)
(320.90676772406476 0 0)
(320.90676772406476 0 0)
(320.9071959407126 0 0)
(320.90762415736043 0 0)
(320.90805237400826 0 0)
(320.90805237400826 0 0)
(320.9084805906561 0 0)
(320.90890880730393 0 0)
(320.9097652405996 0 0)
(320.9101934572475 0 0)
(320.91062167389526 0 0)
(320.91104989054315 0 0)
(320.9119063238388 0 0)
(320.91233454048665 0 0)
(320.9131909737823 0 0)
(320.914047407078 0 0)
(320.9144756237259 0 0)
(320.91533205702154 0 0)
(320.91661670696504 0 0)
(320.9174731402607 0 0)
(320.91832957355643 0 0)
(320.91961422349993 0 0)
(320.92089887344343 0 0)
(320.92218352338693 0 0)
(323.4567978619521 0 0)
(323.4567978619521 0 0)
(323.4567978619521 0 0)
(323.4567978619521 0 0)
(323.4567978619521 0 0)
(323.4567978619521 0 0)
(323.4567978619521 0 0)
(323.4567978619521 0 0)
(323.4567978619521 0 0)
(323.4567978619521 0 0)
(323.4567978619521 0 0)
(323.4567978619521 0 0)
(323.45722866789964 0 0)
(323.45722866789964 0 0)
(323.45722866789964 0 0)
(323.45722866789964 0 0)
(323.45722866789964 0 0)
(323.45722866789964 0 0)
(323.45722866789964 0 0)
(323.45722866789964 0 0)
(323.45722866789964 0 0)
(323.45722866789964 0 0)
(323.45722866789964 0 0)
(323.45722866789964 0 0)
(323.45722866789964 0 0)
(323.45722866789964 0 0)
(323.45722866789964 0 0)
(323.45722866789964 0 0)
(323.45722866789964 0 0)
(323.45722866789964 0 0)
(323.45722866789964 0 0)
(323.45722866789964 0 0)
(323.4576594738471 0 0)
(323.4576594738471 0 0)
(323.4576594738471 0 0)
(323.4576594738471 0 0)
(323.4576594738471 0 0)
(323.4576594738471 0 0)
(323.4576594738471 0 0)
(323.4576594738471 0 0)
(323.4576594738471 0 0)
(323.45809027979465 0 0)
(323.45809027979465 0 0)
(323.45809027979465 0 0)
(323.45809027979465 0 0)
(323.45809027979465 0 0)
(323.4585210857421 0 0)
(323.4585210857421 0 0)
(323.4585210857421 0 0)
(323.4585210857421 0 0)
(323.4589518916896 0 0)
(323.4589518916896 0 0)
(323.4589518916896 0 0)
(323.4593826976371 0 0)
(323.4593826976371 0 0)
(323.4598135035846 0 0)
(323.4598135035846 0 0)
(323.4598135035846 0 0)
(323.4602443095321 0 0)
(323.4602443095321 0 0)
(323.4606751154796 0 0)
(323.4611059214271 0 0)
(323.4611059214271 0 0)
(323.4615367273746 0 0)
(323.4619675333221 0 0)
(323.46239833926955 0 0)
(323.46239833926955 0 0)
(323.4628291452171 0 0)
(323.46325995116456 0 0)
(323.46369075711203 0 0)
(323.46455236900704 0 0)
(323.4649831749545 0 0)
(323.46541398090204 0 0)
(323.4658447868495 0 0)
(323.4667063987445 0 0)
(323.4675680106395 0 0)
(323.46799881658706 0 0)
(323.468860428482 0 0)
(323.469722040377 0 0)
(323.47058365227196 0 0)
(323.471445264167 0 0)
(323.4727376820095 0 0)
(323.47359929390444 0 0)
(323.4748917117469 0 0)
(323.47618412958946 0 0)
(326.014061966285 0 0)
(326.014061966285 0 0)
(326.014061966285 0 0)
(326.014061966285 0 0)
(326.014061966285 0 0)
(326.014061966285 0 0)
(326.014061966285 0 0)
(326.014061966285 0 0)
(326.014061966285 0 0)
(326.014061966285 0 0)
(326.014061966285 0 0)
(326.014061966285 0 0)
(326.014061966285 0 0)
(326.014061966285 0 0)
(326.014061966285 0 0)
(326.014061966285 0 0)
(326.014061966285 0 0)
(326.014061966285 0 0)
(326.014061966285 0 0)
(326.014061966285 0 0)
(326.014061966285 0 0)
(326.014061966285 0 0)
(326.014061966285 0 0)
(326.01449562745273 0 0)
(326.01449562745273 0 0)
(326.01449562745273 0 0)
(326.01449562745273 0 0)
(326.01449562745273 0 0)
(326.01449562745273 0 0)
(326.01449562745273 0 0)
(326.01449562745273 0 0)
(326.01449562745273 0 0)
(326.01449562745273 0 0)
(326.01449562745273 0 0)
(326.01449562745273 0 0)
(326.01449562745273 0 0)
(326.0149292886204 0 0)
(326.0149292886204 0 0)
(326.0149292886204 0 0)
(326.0149292886204 0 0)
(326.0149292886204 0 0)
(326.0149292886204 0 0)
(326.0149292886204 0 0)
(326.01536294978814 0 0)
(326.01536294978814 0 0)
(326.01536294978814 0 0)
(326.01536294978814 0 0)
(326.01536294978814 0 0)
(326.0157966109559 0 0)
(326.0157966109559 0 0)
(326.0157966109559 0 0)
(326.0162302721236 0 0)
(326.0162302721236 0 0)
(326.0162302721236 0 0)
(326.0166639332913 0 0)
(326.0166639332913 0 0)
(326.0166639332913 0 0)
(326.01709759445896 0 0)
(326.01709759445896 0 0)
(326.0175312556267 0 0)
(326.0175312556267 0 0)
(326.0179649167944 0 0)
(326.0183985779621 0 0)
(326.0183985779621 0 0)
(326.01883223912984 0 0)
(326.01926590029757 0 0)
(326.0196995614653 0 0)
(326.020133222633 0 0)
(326.0205668838007 0 0)
(326.02100054496844 0 0)
(326.0214342061361 0 0)
(326.02186786730385 0 0)
(326.02230152847153 0 0)
(326.02273518963926 0 0)
(326.0236025119747 0 0)
(326.0240361731424 0 0)
(326.0249034954778 0 0)
(326.0257708178133 0 0)
(326.0266381401487 0 0)
(326.0275054624841 0 0)
(326.0283727848195 0 0)
(326.029240107155 0 0)
(326.0305410906581 0 0)
(326.0314084129936 0 0)
(326.03270939649667 0 0)
(328.5752648228025 0 0)
(328.5752648228025 0 0)
(328.5752648228025 0 0)
(328.5752648228025 0 0)
(328.5752648228025 0 0)
(328.5752648228025 0 0)
(328.5752648228025 0 0)
(328.5752648228025 0 0)
(328.5752648228025 0 0)
(328.5752648228025 0 0)
(328.5752648228025 0 0)
(328.5752648228025 0 0)
(328.5752648228025 0 0)
(328.5752648228025 0 0)
(328.5752648228025 0 0)
(328.5752648228025 0 0)
(328.5752648228025 0 0)
(328.5752648228025 0 0)
(328.5752648228025 0 0)
(328.5752648228025 0 0)
(328.5752648228025 0 0)
(328.5752648228025 0 0)
(328.5757011022809 0 0)
(328.5757011022809 0 0)
(328.5757011022809 0 0)
(328.5757011022809 0 0)
(328.5757011022809 0 0)
(328.5757011022809 0 0)
(328.5757011022809 0 0)
(328.5757011022809 0 0)
(328.5757011022809 0 0)
(328.5757011022809 0 0)
(328.5757011022809 0 0)
(328.5757011022809 0 0)
(328.5757011022809 0 0)
(328.5757011022809 0 0)
(328.5761373817592 0 0)
(328.5761373817592 0 0)
(328.5761373817592 0 0)
(328.5761373817592 0 0)
(328.5761373817592 0 0)
(328.5761373817592 0 0)
(328.5761373817592 0 0)
(328.57657366123755 0 0)
(328.57657366123755 0 0)
(328.57657366123755 0 0)
(328.57657366123755 0 0)
(328.57657366123755 0 0)
(328.5770099407159 0 0)
(328.5770099407159 0 0)
(328.5770099407159 0 0)
(328.5770099407159 0 0)
(328.57744622019425 0 0)
(328.57744622019425 0 0)
(328.57744622019425 0 0)
(328.5778824996726 0 0)
(328.5778824996726 0 0)
(328.57831877915095 0 0)
(328.57831877915095 0 0)
(328.5787550586293 0 0)
(328.5787550586293 0 0)
(328.57919133810765 0 0)
(328.57919133810765 0 0)
(328.579627617586 0 0)
(328.58006389706435 0 0)
(328.58050017654267 0 0)
(328.58050017654267 0 0)
(328.58093645602105 0 0)
(328.58137273549943 0 0)
(328.5818090149777 0 0)
(328.5822452944561 0 0)
(328.58268157393445 0 0)
(328.5835541328911 0 0)
(328.5839904123695 0 0)
(328.5844266918478 0 0)
(328.5852992508045 0 0)
(328.5857355302829 0 0)
(328.5866080892395 0 0)
(328.5874806481962 0 0)
(328.5883532071529 0 0)
(328.5892257661096 0 0)
(328.59009832506626 0 0)
(328.59140716350134 0 0)
(328.59227972245804 0 0)
(328.59358856089307 0 0)
(331.13927931704416 0 0)
(331.13927931704416 0 0)
(331.13927931704416 0 0)
(331.13927931704416 0 0)
(331.13927931704416 0 0)
(331.13927931704416 0 0)
(331.13927931704416 0 0)
(331.13927931704416 0 0)
(331.13927931704416 0 0)
(331.13927931704416 0 0)
(331.13927931704416 0 0)
(331.13927931704416 0 0)
(331.13927931704416 0 0)
(331.13927931704416 0 0)
(331.13927931704416 0 0)
(331.13927931704416 0 0)
(331.13927931704416 0 0)
(331.13927931704416 0 0)
(331.13927931704416 0 0)
(331.13927931704416 0 0)
(331.13927931704416 0 0)
(331.13927931704416 0 0)
(331.13927931704416 0 0)
(331.13927931704416 0 0)
(331.13927931704416 0 0)
(331.13927931704416 0 0)
(331.13927931704416 0 0)
(331.13927931704416 0 0)
(331.13927931704416 0 0)
(331.1397185302744 0 0)
(331.1397185302744 0 0)
(331.1397185302744 0 0)
(331.1397185302744 0 0)
(331.1397185302744 0 0)
(331.1397185302744 0 0)
(331.1397185302744 0 0)
(331.1397185302744 0 0)
(331.1397185302744 0 0)
(331.1397185302744 0 0)
(331.1397185302744 0 0)
(331.14015774350463 0 0)
(331.14015774350463 0 0)
(331.14015774350463 0 0)
(331.14015774350463 0 0)
(331.14015774350463 0 0)
(331.14015774350463 0 0)
(331.14059695673484 0 0)
(331.14059695673484 0 0)
(331.14059695673484 0 0)
(331.14059695673484 0 0)
(331.1410361699651 0 0)
(331.1410361699651 0 0)
(331.1410361699651 0 0)
(331.14147538319537 0 0)
(331.14147538319537 0 0)
(331.14147538319537 0 0)
(331.1419145964255 0 0)
(331.1419145964255 0 0)
(331.1423538096558 0 0)
(331.1423538096558 0 0)
(331.14279302288605 0 0)
(331.14279302288605 0 0)
(331.14323223611626 0 0)
(331.14323223611626 0 0)
(331.14367144934647 0 0)
(331.14411066257674 0 0)
(331.144549875807 0 0)
(331.144549875807 0 0)
(331.1449890890372 0 0)
(331.1454283022674 0 0)
(331.1458675154977 0 0)
(331.14630672872795 0 0)
(331.14718515518837 0 0)
(331.14762436841863 0 0)
(331.14806358164884 0 0)
(331.1489420081093 0 0)
(331.1493812213396 0 0)
(331.15025964780006 0 0)
(331.1511380742605 0 0)
(331.15157728749074 0 0)
(331.1524557139512 0 0)
(331.1537733536419 0 0)
(331.15465178010237 0 0)
(331.15553020656284 0 0)
(331.1568478462536 0 0)
(333.70735907422784 0 0)
(333.70735907422784 0 0)
(333.70735907422784 0 0)
(333.70735907422784 0 0)
(333.70735907422784 0 0)
(333.70735907422784 0 0)
(333.70735907422784 0 0)
(333.70735907422784 0 0)
(333.70735907422784 0 0)
(333.70735907422784 0 0)
(333.70735907422784 0 0)
(333.70735907422784 0 0)
(333.70735907422784 0 0)
(333.70735907422784 0 0)
(333.70735907422784 0 0)
(333.70735907422784 0 0)
(333.70735907422784 0 0)
(333.70735907422784 0 0)
(333.70735907422784 0 0)
(333.70735907422784 0 0)
(333.70735907422784 0 0)
(333.70735907422784 0 0)
(333.70735907422784 0 0)
(333.70780052127566 0 0)
(333.70780052127566 0 0)
(333.70780052127566 0 0)
(333.70780052127566 0 0)
(333.70780052127566 0 0)
(333.70780052127566 0 0)
(333.70780052127566 0 0)
(333.70780052127566 0 0)
(333.70780052127566 0 0)
(333.70780052127566 0 0)
(333.70780052127566 0 0)
(333.70780052127566 0 0)
(333.70780052127566 0 0)
(333.70780052127566 0 0)
(333.70824196832353 0 0)
(333.70824196832353 0 0)
(333.70824196832353 0 0)
(333.70824196832353 0 0)
(333.70824196832353 0 0)
(333.70824196832353 0 0)
(333.70824196832353 0 0)
(333.7086834153714 0 0)
(333.7086834153714 0 0)
(333.7086834153714 0 0)
(333.7086834153714 0 0)
(333.7086834153714 0 0)
(333.70912486241923 0 0)
(333.70912486241923 0 0)
(333.70912486241923 0 0)
(333.70912486241923 0 0)
(333.70956630946705 0 0)
(333.70956630946705 0 0)
(333.70956630946705 0 0)
(333.7100077565149 0 0)
(333.7100077565149 0 0)
(333.7104492035628 0 0)
(333.7104492035628 0 0)
(333.7108906506107 0 0)
(333.7108906506107 0 0)
(333.7113320976585 0 0)
(333.7113320976585 0 0)
(333.7117735447063 0 0)
(333.7122149917542 0 0)
(333.7122149917542 0 0)
(333.712656438802 0 0)
(333.7130978858499 0 0)
(333.71353933289777 0 0)
(333.71398077994564 0 0)
(333.7144222269934 0 0)
(333.7148636740413 0 0)
(333.71530512108916 0 0)
(333.71618801518485 0 0)
(333.71662946223273 0 0)
(333.7175123563284 0 0)
(333.71795380337625 0 0)
(333.718836697472 0 0)
(333.7197195915677 0 0)
(333.7206024856634 0 0)
(333.7214853797591 0 0)
(333.7223682738548 0 0)
(333.7232511679505 0 0)
(333.72457550909405 0 0)
(336.27569799863295 0 0)
(336.27569799863295 0 0)
(336.27569799863295 0 0)
(336.27569799863295 0 0)
(336.27569799863295 0 0)
(336.27569799863295 0 0)
(336.27569799863295 0 0)
(336.27569799863295 0 0)
(336.27569799863295 0 0)
(336.27569799863295 0 0)
(336.27569799863295 0 0)
(336.27569799863295 0 0)
(336.27569799863295 0 0)
(336.27569799863295 0 0)
(336.27569799863295 0 0)
(336.27569799863295 0 0)
(336.27569799863295 0 0)
(336.27614189130514 0 0)
(336.27614189130514 0 0)
(336.27614189130514 0 0)
(336.27614189130514 0 0)
(336.27614189130514 0 0)
(336.27614189130514 0 0)
(336.27614189130514 0 0)
(336.27614189130514 0 0)
(336.27614189130514 0 0)
(336.27614189130514 0 0)
(336.27614189130514 0 0)
(336.27614189130514 0 0)
(336.27614189130514 0 0)
(336.27614189130514 0 0)
(336.27614189130514 0 0)
(336.27614189130514 0 0)
(336.27614189130514 0 0)
(336.27614189130514 0 0)
(336.27614189130514 0 0)
(336.27658578397734 0 0)
(336.27658578397734 0 0)
(336.27658578397734 0 0)
(336.27658578397734 0 0)
(336.27658578397734 0 0)
(336.27658578397734 0 0)
(336.27658578397734 0 0)
(336.27658578397734 0 0)
(336.2770296766496 0 0)
(336.2770296766496 0 0)
(336.2770296766496 0 0)
(336.2770296766496 0 0)
(336.2770296766496 0 0)
(336.27747356932184 0 0)
(336.27747356932184 0 0)
(336.27747356932184 0 0)
(336.27747356932184 0 0)
(336.27791746199404 0 0)
(336.27791746199404 0 0)
(336.27791746199404 0 0)
(336.27836135466623 0 0)
(336.27836135466623 0 0)
(336.2788052473385 0 0)
(336.2788052473385 0 0)
(336.2788052473385 0 0)
(336.27924914001073 0 0)
(336.27969303268287 0 0)
(336.27969303268287 0 0)
(336.2801369253551 0 0)
(336.2801369253551 0 0)
(336.2805808180274 0 0)
(336.28102471069957 0 0)
(336.28146860337176 0 0)
(336.281912496044 0 0)
(336.28235638871627 0 0)
(336.28280028138846 0 0)
(336.28324417406066 0 0)
(336.2836880667329 0 0)
(336.2841319594051 0 0)
(336.2845758520773 0 0)
(336.2854636374218 0 0)
(336.285907530094 0 0)
(336.28679531543844 0 0)
(336.2876831007829 0 0)
(336.2881269934551 0 0)
(336.2890147787995 0 0)
(336.29034645681617 0 0)
(336.29123424216067 0 0)
(336.29212202750506 0 0)
(338.84539267811505 0 0)
(338.84539267811505 0 0)
(338.84539267811505 0 0)
(338.84539267811505 0 0)
(338.84539267811505 0 0)
(338.84539267811505 0 0)
(338.84539267811505 0 0)
(338.84583868458213 0 0)
(338.84583868458213 0 0)
(338.84583868458213 0 0)
(338.84583868458213 0 0)
(338.84583868458213 0 0)
(338.84583868458213 0 0)
(338.84583868458213 0 0)
(338.84583868458213 0 0)
(338.84583868458213 0 0)
(338.84583868458213 0 0)
(338.84583868458213 0 0)
(338.84583868458213 0 0)
(338.84583868458213 0 0)
(338.84583868458213 0 0)
(338.84583868458213 0 0)
(338.84583868458213 0 0)
(338.84583868458213 0 0)
(338.84583868458213 0 0)
(338.84583868458213 0 0)
(338.84583868458213 0 0)
(338.84583868458213 0 0)
(338.84583868458213 0 0)
(338.84583868458213 0 0)
(338.84583868458213 0 0)
(338.84583868458213 0 0)
(338.84583868458213 0 0)
(338.84583868458213 0 0)
(338.8462846910493 0 0)
(338.8462846910493 0 0)
(338.8462846910493 0 0)
(338.8462846910493 0 0)
(338.8462846910493 0 0)
(338.8462846910493 0 0)
(338.8462846910493 0 0)
(338.8462846910493 0 0)
(338.8462846910493 0 0)
(338.84673069751636 0 0)
(338.84673069751636 0 0)
(338.84673069751636 0 0)
(338.84673069751636 0 0)
(338.84673069751636 0 0)
(338.84673069751636 0 0)
(338.84717670398345 0 0)
(338.84717670398345 0 0)
(338.84717670398345 0 0)
(338.84717670398345 0 0)
(338.84762271045054 0 0)
(338.84762271045054 0 0)
(338.84762271045054 0 0)
(338.8480687169177 0 0)
(338.8480687169177 0 0)
(338.8480687169177 0 0)
(338.84851472338477 0 0)
(338.84851472338477 0 0)
(338.84896072985185 0 0)
(338.84896072985185 0 0)
(338.84940673631894 0 0)
(338.8498527427861 0 0)
(338.8498527427861 0 0)
(338.8502987492531 0 0)
(338.85074475572026 0 0)
(338.85074475572026 0 0)
(338.85119076218734 0 0)
(338.8516367686545 0 0)
(338.8520827751215 0 0)
(338.85252878158866 0 0)
(338.85297478805575 0 0)
(338.8534207945229 0 0)
(338.85431280745706 0 0)
(338.85475881392415 0 0)
(338.8552048203913 0 0)
(338.85609683332547 0 0)
(338.8569888462597 0 0)
(338.8574348527267 0 0)
(338.85832686566096 0 0)
(338.85921887859513 0 0)
(338.86011089152936 0 0)
(338.8614489109307 0 0)
(341.4148359350791 0 0)
(341.4148359350791 0 0)
(341.4148359350791 0 0)
(341.4148359350791 0 0)
(341.4148359350791 0 0)
(341.4148359350791 0 0)
(341.4148359350791 0 0)
(341.4148359350791 0 0)
(341.4148359350791 0 0)
(341.4148359350791 0 0)
(341.4148359350791 0 0)
(341.4148359350791 0 0)
(341.4148359350791 0 0)
(341.4148359350791 0 0)
(341.4148359350791 0 0)
(341.4148359350791 0 0)
(341.4148359350791 0 0)
(341.4148359350791 0 0)
(341.4148359350791 0 0)
(341.4148359350791 0 0)
(341.4148359350791 0 0)
(341.4148359350791 0 0)
(341.4148359350791 0 0)
(341.4148359350791 0 0)
(341.4148359350791 0 0)
(341.4148359350791 0 0)
(341.4148359350791 0 0)
(341.4148359350791 0 0)
(341.4148359350791 0 0)
(341.4148359350791 0 0)
(341.4152844730766 0 0)
(341.4152844730766 0 0)
(341.4152844730766 0 0)
(341.4152844730766 0 0)
(341.4152844730766 0 0)
(341.4152844730766 0 0)
(341.4152844730766 0 0)
(341.4152844730766 0 0)
(341.4152844730766 0 0)
(341.4152844730766 0 0)
(341.4152844730766 0 0)
(341.41573301107417 0 0)
(341.41573301107417 0 0)
(341.41573301107417 0 0)
(341.41573301107417 0 0)
(341.41573301107417 0 0)
(341.41573301107417 0 0)
(341.41573301107417 0 0)
(341.4161815490716 0 0)
(341.4161815490716 0 0)
(341.4161815490716 0 0)
(341.4161815490716 0 0)
(341.4166300870691 0 0)
(341.4166300870691 0 0)
(341.4166300870691 0 0)
(341.4166300870691 0 0)
(341.41707862506667 0 0)
(341.41707862506667 0 0)
(341.41752716306416 0 0)
(341.41752716306416 0 0)
(341.41752716306416 0 0)
(341.41797570106166 0 0)
(341.41797570106166 0 0)
(341.41842423905916 0 0)
(341.41842423905916 0 0)
(341.41887277705666 0 0)
(341.4193213150542 0 0)
(341.4193213150542 0 0)
(341.41976985305166 0 0)
(341.42021839104916 0 0)
(341.4206669290467 0 0)
(341.4211154670442 0 0)
(341.4215640050417 0 0)
(341.4220125430392 0 0)
(341.4224610810367 0 0)
(341.4229096190342 0 0)
(341.4233581570317 0 0)
(341.42425523302677 0 0)
(341.4247037710242 0 0)
(341.42560084701927 0 0)
(341.42604938501677 0 0)
(341.42694646101177 0 0)
(341.4278435370068 0 0)
(341.42874061300176 0 0)
(341.4296376889968 0 0)
(343.98540719878383 0 0)
(343.98540719878383 0 0)
(343.98540719878383 0 0)
(343.98540719878383 0 0)
(343.98540719878383 0 0)
(343.98540719878383 0 0)
(343.98540719878383 0 0)
(343.98540719878383 0 0)
(343.98540719878383 0 0)
(343.98540719878383 0 0)
(343.9858572032214 0 0)
(343.9858572032214 0 0)
(343.9858572032214 0 0)
(343.9858572032214 0 0)
(343.9858572032214 0 0)
(343.9858572032214 0 0)
(343.9858572032214 0 0)
(343.9858572032214 0 0)
(343.9858572032214 0 0)
(343.9858572032214 0 0)
(343.9858572032214 0 0)
(343.9858572032214 0 0)
(343.9858572032214 0 0)
(343.9858572032214 0 0)
(343.9858572032214 0 0)
(343.9858572032214 0 0)
(343.9858572032214 0 0)
(343.9858572032214 0 0)
(343.9858572032214 0 0)
(343.9858572032214 0 0)
(343.9858572032214 0 0)
(343.9858572032214 0 0)
(343.9858572032214 0 0)
(343.9858572032214 0 0)
(343.9858572032214 0 0)
(343.9858572032214 0 0)
(343.986307207659 0 0)
(343.986307207659 0 0)
(343.986307207659 0 0)
(343.986307207659 0 0)
(343.986307207659 0 0)
(343.986307207659 0 0)
(343.986307207659 0 0)
(343.986307207659 0 0)
(343.986307207659 0 0)
(343.9867572120966 0 0)
(343.9867572120966 0 0)
(343.9867572120966 0 0)
(343.9867572120966 0 0)
(343.9867572120966 0 0)
(343.9872072165342 0 0)
(343.9872072165342 0 0)
(343.9872072165342 0 0)
(343.9872072165342 0 0)
(343.9876572209718 0 0)
(343.9876572209718 0 0)
(343.9876572209718 0 0)
(343.9876572209718 0 0)
(343.9881072254094 0 0)
(343.9881072254094 0 0)
(343.988557229847 0 0)
(343.988557229847 0 0)
(343.98900723428466 0 0)
(343.98900723428466 0 0)
(343.9894572387222 0 0)
(343.9894572387222 0 0)
(343.9899072431598 0 0)
(343.9899072431598 0 0)
(343.9903572475974 0 0)
(343.99080725203504 0 0)
(343.9912572564726 0 0)
(343.9912572564726 0 0)
(343.9917072609102 0 0)
(343.9921572653478 0 0)
(343.9926072697854 0 0)
(343.9935072786606 0 0)
(343.9939572830982 0 0)
(343.9944072875358 0 0)
(343.9948572919734 0 0)
(343.9957573008486 0 0)
(343.99620730528625 0 0)
(343.9971073141614 0 0)
(343.99800732303663 0 0)
(343.9989073319118 0 0)
(343.99980734078696 0 0)
(346.5517825064119 0 0)
(346.5517825064119 0 0)
(346.5517825064119 0 0)
(346.5517825064119 0 0)
(346.5517825064119 0 0)
(346.5517825064119 0 0)
(346.5517825064119 0 0)
(346.5522348386155 0 0)
(346.5522348386155 0 0)
(346.5522348386155 0 0)
(346.5522348386155 0 0)
(346.5522348386155 0 0)
(346.5522348386155 0 0)
(346.5522348386155 0 0)
(346.5522348386155 0 0)
(346.5522348386155 0 0)
(346.5522348386155 0 0)
(346.5522348386155 0 0)
(346.5522348386155 0 0)
(346.5522348386155 0 0)
(346.5522348386155 0 0)
(346.5522348386155 0 0)
(346.5522348386155 0 0)
(346.5522348386155 0 0)
(346.5522348386155 0 0)
(346.5522348386155 0 0)
(346.5522348386155 0 0)
(346.5522348386155 0 0)
(346.5522348386155 0 0)
(346.5522348386155 0 0)
(346.5522348386155 0 0)
(346.5522348386155 0 0)
(346.5522348386155 0 0)
(346.5522348386155 0 0)
(346.5522348386155 0 0)
(346.5522348386155 0 0)
(346.55268717081924 0 0)
(346.55268717081924 0 0)
(346.55268717081924 0 0)
(346.55268717081924 0 0)
(346.55268717081924 0 0)
(346.55268717081924 0 0)
(346.55268717081924 0 0)
(346.55268717081924 0 0)
(346.55268717081924 0 0)
(346.55268717081924 0 0)
(346.5531395030229 0 0)
(346.5531395030229 0 0)
(346.5531395030229 0 0)
(346.5531395030229 0 0)
(346.5531395030229 0 0)
(346.5535918352266 0 0)
(346.5535918352266 0 0)
(346.5535918352266 0 0)
(346.5535918352266 0 0)
(346.5540441674302 0 0)
(346.5540441674302 0 0)
(346.5540441674302 0 0)
(346.55449649963396 0 0)
(346.55449649963396 0 0)
(346.55449649963396 0 0)
(346.55494883183763 0 0)
(346.55494883183763 0 0)
(346.5554011640413 0 0)
(346.5554011640413 0 0)
(346.555853496245 0 0)
(346.555853496245 0 0)
(346.55630582844867 0 0)
(346.55630582844867 0 0)
(346.55675816065235 0 0)
(346.55721049285603 0 0)
(346.5576628250597 0 0)
(346.5581151572634 0 0)
(346.55856748946707 0 0)
(346.55856748946707 0 0)
(346.5594721538744 0 0)
(346.5599244860781 0 0)
(346.5603768182818 0 0)
(346.56082915048546 0 0)
(346.5617338148928 0 0)
(346.56218614709655 0 0)
(346.56309081150386 0 0)
(346.56354314370753 0 0)
(346.5644478081149 0 0)
(346.5653524725223 0 0)
(349.11876776229724 0 0)
(349.11876776229724 0 0)
(349.11876776229724 0 0)
(349.11876776229724 0 0)
(349.11876776229724 0 0)
(349.11876776229724 0 0)
(349.11876776229724 0 0)
(349.11876776229724 0 0)
(349.11876776229724 0 0)
(349.11876776229724 0 0)
(349.11876776229724 0 0)
(349.11876776229724 0 0)
(349.11876776229724 0 0)
(349.11876776229724 0 0)
(349.11876776229724 0 0)
(349.11876776229724 0 0)
(349.11876776229724 0 0)
(349.11876776229724 0 0)
(349.11876776229724 0 0)
(349.11876776229724 0 0)
(349.11876776229724 0 0)
(349.11876776229724 0 0)
(349.11876776229724 0 0)
(349.11876776229724 0 0)
(349.11876776229724 0 0)
(349.11876776229724 0 0)
(349.11876776229724 0 0)
(349.1192214266527 0 0)
(349.1192214266527 0 0)
(349.1192214266527 0 0)
(349.1192214266527 0 0)
(349.1192214266527 0 0)
(349.1192214266527 0 0)
(349.1192214266527 0 0)
(349.1192214266527 0 0)
(349.1192214266527 0 0)
(349.1192214266527 0 0)
(349.1192214266527 0 0)
(349.1192214266527 0 0)
(349.1192214266527 0 0)
(349.1192214266527 0 0)
(349.1192214266527 0 0)
(349.1196750910081 0 0)
(349.1196750910081 0 0)
(349.1196750910081 0 0)
(349.1196750910081 0 0)
(349.1196750910081 0 0)
(349.1196750910081 0 0)
(349.1196750910081 0 0)
(349.12012875536357 0 0)
(349.12012875536357 0 0)
(349.12012875536357 0 0)
(349.12012875536357 0 0)
(349.12012875536357 0 0)
(349.120582419719 0 0)
(349.120582419719 0 0)
(349.120582419719 0 0)
(349.120582419719 0 0)
(349.1210360840745 0 0)
(349.1210360840745 0 0)
(349.1210360840745 0 0)
(349.12148974842995 0 0)
(349.12148974842995 0 0)
(349.1219434127854 0 0)
(349.1219434127854 0 0)
(349.1223970771409 0 0)
(349.1223970771409 0 0)
(349.1228507414963 0 0)
(349.1228507414963 0 0)
(349.12330440585174 0 0)
(349.1237580702072 0 0)
(349.1237580702072 0 0)
(349.12421173456266 0 0)
(349.1246653989181 0 0)
(349.1251190632736 0 0)
(349.12557272762905 0 0)
(349.1260263919845 0 0)
(349.1264800563399 0 0)
(349.1269337206954 0 0)
(349.1278410494063 0 0)
(349.12829471376176 0 0)
(349.1292020424727 0 0)
(349.12965570682815 0 0)
(349.130563035539 0 0)
(349.13147036424994 0 0)
(351.68015671319023 0 0)
(351.68015671319023 0 0)
(351.68015671319023 0 0)
(351.68015671319023 0 0)
(351.68015671319023 0 0)
(351.68015671319023 0 0)
(351.68015671319023 0 0)
(351.68015671319023 0 0)
(351.68015671319023 0 0)
(351.68015671319023 0 0)
(351.68015671319023 0 0)
(351.68015671319023 0 0)
(351.68015671319023 0 0)
(351.68015671319023 0 0)
(351.68015671319023 0 0)
(351.68015671319023 0 0)
(351.68015671319023 0 0)
(351.68015671319023 0 0)
(351.6806126591673 0 0)
(351.6806126591673 0 0)
(351.6806126591673 0 0)
(351.6806126591673 0 0)
(351.6806126591673 0 0)
(351.6806126591673 0 0)
(351.6806126591673 0 0)
(351.6806126591673 0 0)
(351.6806126591673 0 0)
(351.6806126591673 0 0)
(351.6806126591673 0 0)
(351.6806126591673 0 0)
(351.6806126591673 0 0)
(351.6806126591673 0 0)
(351.6806126591673 0 0)
(351.6806126591673 0 0)
(351.6806126591673 0 0)
(351.6806126591673 0 0)
(351.6806126591673 0 0)
(351.6806126591673 0 0)
(351.6806126591673 0 0)
(351.6806126591673 0 0)
(351.68106860514445 0 0)
(351.68106860514445 0 0)
(351.68106860514445 0 0)
(351.68106860514445 0 0)
(351.68106860514445 0 0)
(351.68106860514445 0 0)
(351.68106860514445 0 0)
(351.68106860514445 0 0)
(351.68106860514445 0 0)
(351.6815245511215 0 0)
(351.6815245511215 0 0)
(351.6815245511215 0 0)
(351.6815245511215 0 0)
(351.6815245511215 0 0)
(351.6819804970986 0 0)
(351.6819804970986 0 0)
(351.6819804970986 0 0)
(351.6819804970986 0 0)
(351.6824364430757 0 0)
(351.6824364430757 0 0)
(351.6824364430757 0 0)
(351.6828923890528 0 0)
(351.6828923890528 0 0)
(351.6828923890528 0 0)
(351.6833483350299 0 0)
(351.6833483350299 0 0)
(351.683804281007 0 0)
(351.683804281007 0 0)
(351.68426022698407 0 0)
(351.6847161729612 0 0)
(351.6847161729612 0 0)
(351.6851721189383 0 0)
(351.68562806491536 0 0)
(351.68562806491536 0 0)
(351.68608401089244 0 0)
(351.6865399568696 0 0)
(351.68699590284666 0 0)
(351.68745184882374 0 0)
(351.6879077948008 0 0)
(351.688819686755 0 0)
(351.68927563273206 0 0)
(351.6897315787092 0 0)
(351.69064347066336 0 0)
(351.69109941664044 0 0)
(351.69201130859466 0 0)
(354.2416612124953 0 0)
(354.2416612124953 0 0)
(354.2416612124953 0 0)
(354.2416612124953 0 0)
(354.2416612124953 0 0)
(354.2416612124953 0 0)
(354.2416612124953 0 0)
(354.2416612124953 0 0)
(354.2416612124953 0 0)
(354.2416612124953 0 0)
(354.2416612124953 0 0)
(354.2416612124953 0 0)
(354.2421181259421 0 0)
(354.2421181259421 0 0)
(354.2421181259421 0 0)
(354.2421181259421 0 0)
(354.2421181259421 0 0)
(354.2421181259421 0 0)
(354.2421181259421 0 0)
(354.2421181259421 0 0)
(354.2421181259421 0 0)
(354.2421181259421 0 0)
(354.2421181259421 0 0)
(354.2421181259421 0 0)
(354.2421181259421 0 0)
(354.2421181259421 0 0)
(354.2421181259421 0 0)
(354.2421181259421 0 0)
(354.2421181259421 0 0)
(354.2421181259421 0 0)
(354.2421181259421 0 0)
(354.2421181259421 0 0)
(354.2421181259421 0 0)
(354.2421181259421 0 0)
(354.2421181259421 0 0)
(354.2421181259421 0 0)
(354.2421181259421 0 0)
(354.2421181259421 0 0)
(354.2421181259421 0 0)
(354.2421181259421 0 0)
(354.2425750393889 0 0)
(354.2425750393889 0 0)
(354.2425750393889 0 0)
(354.2425750393889 0 0)
(354.2425750393889 0 0)
(354.2425750393889 0 0)
(354.2425750393889 0 0)
(354.2425750393889 0 0)
(354.2425750393889 0 0)
(354.24303195283574 0 0)
(354.24303195283574 0 0)
(354.24303195283574 0 0)
(354.24303195283574 0 0)
(354.24303195283574 0 0)
(354.24303195283574 0 0)
(354.2434888662825 0 0)
(354.2434888662825 0 0)
(354.2434888662825 0 0)
(354.2434888662825 0 0)
(354.2439457797293 0 0)
(354.2439457797293 0 0)
(354.2439457797293 0 0)
(354.24440269317614 0 0)
(354.24440269317614 0 0)
(354.24440269317614 0 0)
(354.2448596066229 0 0)
(354.2448596066229 0 0)
(354.24531652006976 0 0)
(354.24531652006976 0 0)
(354.24577343351655 0 0)
(354.24577343351655 0 0)
(354.2462303469634 0 0)
(354.24668726041017 0 0)
(354.24714417385695 0 0)
(354.24714417385695 0 0)
(354.2476010873038 0 0)
(354.24805800075063 0 0)
(354.2485149141974 0 0)
(354.2489718276442 0 0)
(354.24942874109104 0 0)
(354.2498856545379 0 0)
(354.25079948143144 0 0)
(354.2512563948783 0 0)
(354.25171330832507 0 0)
(354.2526271352187 0 0)
(356.7958073801534 0 0)
(356.7958073801534 0 0)
(356.7958073801534 0 0)
(356.7958073801534 0 0)
(356.7958073801534 0 0)
(356.7958073801534 0 0)
(356.7958073801534 0 0)
(356.7962653502257 0 0)
(356.7962653502257 0 0)
(356.7962653502257 0 0)
(356.7962653502257 0 0)
(356.7962653502257 0 0)
(356.7962653502257 0 0)
(356.7962653502257 0 0)
(356.7962653502257 0 0)
(356.7962653502257 0 0)
(356.7962653502257 0 0)
(356.7962653502257 0 0)
(356.7962653502257 0 0)
(356.7962653502257 0 0)
(356.7962653502257 0 0)
(356.7962653502257 0 0)
(356.7962653502257 0 0)
(356.7962653502257 0 0)
(356.7962653502257 0 0)
(356.7962653502257 0 0)
(356.7962653502257 0 0)
(356.7962653502257 0 0)
(356.7962653502257 0 0)
(356.7962653502257 0 0)
(356.7962653502257 0 0)
(356.7962653502257 0 0)
(356.7962653502257 0 0)
(356.7962653502257 0 0)
(356.7962653502257 0 0)
(356.7962653502257 0 0)
(356.7962653502257 0 0)
(356.7962653502257 0 0)
(356.7962653502257 0 0)
(356.7962653502257 0 0)
(356.7962653502257 0 0)
(356.796723320298 0 0)
(356.796723320298 0 0)
(356.796723320298 0 0)
(356.796723320298 0 0)
(356.796723320298 0 0)
(356.796723320298 0 0)
(356.796723320298 0 0)
(356.796723320298 0 0)
(356.796723320298 0 0)
(356.7971812903703 0 0)
(356.7971812903703 0 0)
(356.7971812903703 0 0)
(356.7971812903703 0 0)
(356.7971812903703 0 0)
(356.7971812903703 0 0)
(356.7976392604425 0 0)
(356.7976392604425 0 0)
(356.7976392604425 0 0)
(356.7976392604425 0 0)
(356.7980972305148 0 0)
(356.7980972305148 0 0)
(356.7980972305148 0 0)
(356.79855520058715 0 0)
(356.79855520058715 0 0)
(356.79855520058715 0 0)
(356.7990131706594 0 0)
(356.7990131706594 0 0)
(356.79947114073167 0 0)
(356.79947114073167 0 0)
(356.79992911080393 0 0)
(356.79992911080393 0 0)
(356.80038708087625 0 0)
(356.80084505094857 0 0)
(356.80084505094857 0 0)
(356.8013030210208 0 0)
(356.8017609910931 0 0)
(356.80221896116535 0 0)
(356.80267693123767 0 0)
(356.80313490130993 0 0)
(356.8035928713822 0 0)
(356.8040508414545 0 0)
(356.8045088115268 0 0)
(356.80496678159903 0 0)
(356.8058827217436 0 0)
(359.34349489225247 0 0)
(359.34349489225247 0 0)
(359.34349489225247 0 0)
(359.34349489225247 0 0)
(359.34349489225247 0 0)
(359.34349489225247 0 0)
(359.34349489225247 0 0)
(359.34349489225247 0 0)
(359.34349489225247 0 0)
(359.34349489225247 0 0)
(359.34349489225247 0 0)
(359.34349489225247 0 0)
(359.34349489225247 0 0)
(359.34349489225247 0 0)
(359.34349489225247 0 0)
(359.34349489225247 0 0)
(359.34349489225247 0 0)
(359.34349489225247 0 0)
(359.34349489225247 0 0)
(359.34349489225247 0 0)
(359.34349489225247 0 0)
(359.34349489225247 0 0)
(359.34349489225247 0 0)
(359.34349489225247 0 0)
(359.34349489225247 0 0)
(359.34349489225247 0 0)
(359.34349489225247 0 0)
(359.34349489225247 0 0)
(359.34349489225247 0 0)
(359.34349489225247 0 0)
(359.34349489225247 0 0)
(359.34349489225247 0 0)
(359.34349489225247 0 0)
(359.34349489225247 0 0)
(359.34349489225247 0 0)
(359.34349489225247 0 0)
(359.34349489225247 0 0)
(359.34349489225247 0 0)
(359.34349489225247 0 0)
(359.34349489225247 0 0)
(359.3439543984244 0 0)
(359.3439543984244 0 0)
(359.3439543984244 0 0)
(359.3439543984244 0 0)
(359.3439543984244 0 0)
(359.3439543984244 0 0)
(359.3439543984244 0 0)
(359.3439543984244 0 0)
(359.3439543984244 0 0)
(359.3439543984244 0 0)
(359.3439543984244 0 0)
(359.34441390459637 0 0)
(359.34441390459637 0 0)
(359.34441390459637 0 0)
(359.34441390459637 0 0)
(359.34441390459637 0 0)
(359.34441390459637 0 0)
(359.3448734107684 0 0)
(359.3448734107684 0 0)
(359.3448734107684 0 0)
(359.3448734107684 0 0)
(359.3453329169404 0 0)
(359.3453329169404 0 0)
(359.3453329169404 0 0)
(359.3457924231123 0 0)
(359.3457924231123 0 0)
(359.3457924231123 0 0)
(359.3462519292843 0 0)
(359.3462519292843 0 0)
(359.34671143545626 0 0)
(359.34671143545626 0 0)
(359.3471709416283 0 0)
(359.3471709416283 0 0)
(359.3476304478002 0 0)
(359.3476304478002 0 0)
(359.3480899539722 0 0)
(359.34854946014417 0 0)
(359.34900896631615 0 0)
(359.34900896631615 0 0)
(359.3494684724881 0 0)
(359.3499279786601 0 0)
(359.3503874848321 0 0)
(359.350846991004 0 0)
(359.35130649717604 0 0)
(359.35222550952 0 0)
(361.8864020479645 0 0)
(361.8864020479645 0 0)
(361.8864020479645 0 0)
(361.8864020479645 0 0)
(361.8864020479645 0 0)
(361.8864020479645 0 0)
(361.8864020479645 0 0)
(361.8864020479645 0 0)
(361.8864020479645 0 0)
(361.8864020479645 0 0)
(361.8864020479645 0 0)
(361.8864020479645 0 0)
(361.8864020479645 0 0)
(361.8864020479645 0 0)
(361.8864020479645 0 0)
(361.8864020479645 0 0)
(361.8864020479645 0 0)
(361.8864020479645 0 0)
(361.8864020479645 0 0)
(361.8864020479645 0 0)
(361.8864020479645 0 0)
(361.8864020479645 0 0)
(361.8864020479645 0 0)
(361.8864020479645 0 0)
(361.8864020479645 0 0)
(361.8864020479645 0 0)
(361.8864020479645 0 0)
(361.8864020479645 0 0)
(361.8864020479645 0 0)
(361.8864020479645 0 0)
(361.8864020479645 0 0)
(361.8864020479645 0 0)
(361.8864020479645 0 0)
(361.8864020479645 0 0)
(361.88686350129564 0 0)
(361.88686350129564 0 0)
(361.88686350129564 0 0)
(361.88686350129564 0 0)
(361.88686350129564 0 0)
(361.88686350129564 0 0)
(361.88686350129564 0 0)
(361.88686350129564 0 0)
(361.88686350129564 0 0)
(361.88686350129564 0 0)
(361.88686350129564 0 0)
(361.88686350129564 0 0)
(361.88686350129564 0 0)
(361.88686350129564 0 0)
(361.88686350129564 0 0)
(361.8873249546267 0 0)
(361.8873249546267 0 0)
(361.8873249546267 0 0)
(361.8873249546267 0 0)
(361.8873249546267 0 0)
(361.8873249546267 0 0)
(361.8873249546267 0 0)
(361.8877864079578 0 0)
(361.8877864079578 0 0)
(361.8877864079578 0 0)
(361.8877864079578 0 0)
(361.8877864079578 0 0)
(361.8882478612889 0 0)
(361.8882478612889 0 0)
(361.8882478612889 0 0)
(361.8882478612889 0 0)
(361.88870931462 0 0)
(361.88870931462 0 0)
(361.88870931462 0 0)
(361.8891707679511 0 0)
(361.8891707679511 0 0)
(361.88963222128217 0 0)
(361.88963222128217 0 0)
(361.8900936746133 0 0)
(361.8900936746133 0 0)
(361.89055512794437 0 0)
(361.89055512794437 0 0)
(361.8910165812755 0 0)
(361.89147803460656 0 0)
(361.89147803460656 0 0)
(361.89193948793763 0 0)
(361.89240094126876 0 0)
(361.8928623945999 0 0)
(361.8933238479309 0 0)
(361.893785301262 0 0)
(361.89424675459315 0 0)
(364.4276255423028 0 0)
(364.4276255423028 0 0)
(364.4276255423028 0 0)
(364.4276255423028 0 0)
(364.4276255423028 0 0)
(364.4276255423028 0 0)
(364.4276255423028 0 0)
(364.4276255423028 0 0)
(364.4276255423028 0 0)
(364.4276255423028 0 0)
(364.4276255423028 0 0)
(364.4276255423028 0 0)
(364.4276255423028 0 0)
(364.4276255423028 0 0)
(364.4276255423028 0 0)
(364.4276255423028 0 0)
(364.4276255423028 0 0)
(364.4276255423028 0 0)
(364.4276255423028 0 0)
(364.4276255423028 0 0)
(364.4276255423028 0 0)
(364.4276255423028 0 0)
(364.4276255423028 0 0)
(364.4276255423028 0 0)
(364.4276255423028 0 0)
(364.4276255423028 0 0)
(364.4276255423028 0 0)
(364.4276255423028 0 0)
(364.4276255423028 0 0)
(364.4276255423028 0 0)
(364.4276255423028 0 0)
(364.4276255423028 0 0)
(364.4276255423028 0 0)
(364.4276255423028 0 0)
(364.4276255423028 0 0)
(364.4276255423028 0 0)
(364.4276255423028 0 0)
(364.4276255423028 0 0)
(364.4276255423028 0 0)
(364.4276255423028 0 0)
(364.4276255423028 0 0)
(364.42808657537626 0 0)
(364.42808657537626 0 0)
(364.42808657537626 0 0)
(364.42808657537626 0 0)
(364.42808657537626 0 0)
(364.42808657537626 0 0)
(364.42808657537626 0 0)
(364.42808657537626 0 0)
(364.42808657537626 0 0)
(364.42808657537626 0 0)
(364.42808657537626 0 0)
(364.42808657537626 0 0)
(364.42854760844966 0 0)
(364.42854760844966 0 0)
(364.42854760844966 0 0)
(364.42854760844966 0 0)
(364.42854760844966 0 0)
(364.42854760844966 0 0)
(364.42854760844966 0 0)
(364.4290086415232 0 0)
(364.4290086415232 0 0)
(364.4290086415232 0 0)
(364.4290086415232 0 0)
(364.42946967459665 0 0)
(364.42946967459665 0 0)
(364.42946967459665 0 0)
(364.42946967459665 0 0)
(364.4299307076701 0 0)
(364.4299307076701 0 0)
(364.4299307076701 0 0)
(364.4303917407435 0 0)
(364.4303917407435 0 0)
(364.43085277381704 0 0)
(364.43085277381704 0 0)
(364.4313138068905 0 0)
(364.4313138068905 0 0)
(364.43177483996396 0 0)
(364.43223587303737 0 0)
(364.43223587303737 0 0)
(364.43269690611083 0 0)
(364.43315793918435 0 0)
(364.4336189722578 0 0)
(364.4336189722578 0 0)
(364.4340800053312 0 0)
(366.95362575179877 0 0)
(366.95362575179877 0 0)
(366.95362575179877 0 0)
(366.95362575179877 0 0)
(366.95362575179877 0 0)
(366.95362575179877 0 0)
(366.95362575179877 0 0)
(366.95362575179877 0 0)
(366.95362575179877 0 0)
(366.95362575179877 0 0)
(366.95362575179877 0 0)
(366.95362575179877 0 0)
(366.95362575179877 0 0)
(366.95362575179877 0 0)
(366.95362575179877 0 0)
(366.95362575179877 0 0)
(366.95362575179877 0 0)
(366.95362575179877 0 0)
(366.95362575179877 0 0)
(366.95362575179877 0 0)
(366.95362575179877 0 0)
(366.95362575179877 0 0)
(366.95362575179877 0 0)
(366.95362575179877 0 0)
(366.95362575179877 0 0)
(366.95362575179877 0 0)
(366.95362575179877 0 0)
(366.95362575179877 0 0)
(366.95362575179877 0 0)
(366.95362575179877 0 0)
(366.95362575179877 0 0)
(366.95362575179877 0 0)
(366.95362575179877 0 0)
(366.95362575179877 0 0)
(366.95362575179877 0 0)
(366.95362575179877 0 0)
(366.95362575179877 0 0)
(366.95362575179877 0 0)
(366.95409028541724 0 0)
(366.95409028541724 0 0)
(366.95409028541724 0 0)
(366.95409028541724 0 0)
(366.95409028541724 0 0)
(366.95409028541724 0 0)
(366.95409028541724 0 0)
(366.95409028541724 0 0)
(366.95409028541724 0 0)
(366.95409028541724 0 0)
(366.95409028541724 0 0)
(366.95409028541724 0 0)
(366.95409028541724 0 0)
(366.95409028541724 0 0)
(366.95409028541724 0 0)
(366.95409028541724 0 0)
(366.9545548190357 0 0)
(366.9545548190357 0 0)
(366.9545548190357 0 0)
(366.9545548190357 0 0)
(366.9545548190357 0 0)
(366.9545548190357 0 0)
(366.9545548190357 0 0)
(366.9550193526542 0 0)
(366.9550193526542 0 0)
(366.9550193526542 0 0)
(366.9550193526542 0 0)
(366.9550193526542 0 0)
(366.95548388627265 0 0)
(366.95548388627265 0 0)
(366.95548388627265 0 0)
(366.95548388627265 0 0)
(366.9559484198911 0 0)
(366.9559484198911 0 0)
(366.9564129535096 0 0)
(366.9564129535096 0 0)
(366.9564129535096 0 0)
(366.95687748712805 0 0)
(366.95687748712805 0 0)
(366.9573420207466 0 0)
(366.9573420207466 0 0)
(366.957806554365 0 0)
(366.957806554365 0 0)
(366.9582710879835 0 0)
(366.958735621602 0 0)
(366.95920015522046 0 0)
(366.95920015522046 0 0)
(369.4862630397223 0 0)
(369.4862630397223 0 0)
(369.4862630397223 0 0)
(369.4862630397223 0 0)
(369.4862630397223 0 0)
(369.4862630397223 0 0)
(369.4862630397223 0 0)
(369.4862630397223 0 0)
(369.4862630397223 0 0)
(369.4862630397223 0 0)
(369.4862630397223 0 0)
(369.4862630397223 0 0)
(369.4862630397223 0 0)
(369.4862630397223 0 0)
(369.4862630397223 0 0)
(369.4862630397223 0 0)
(369.4862630397223 0 0)
(369.4862630397223 0 0)
(369.4862630397223 0 0)
(369.4862630397223 0 0)
(369.4862630397223 0 0)
(369.4862630397223 0 0)
(369.4862630397223 0 0)
(369.4862630397223 0 0)
(369.4862630397223 0 0)
(369.4862630397223 0 0)
(369.4862630397223 0 0)
(369.4862630397223 0 0)
(369.4862630397223 0 0)
(369.4862630397223 0 0)
(369.4862630397223 0 0)
(369.4862630397223 0 0)
(369.4862630397223 0 0)
(369.4862630397223 0 0)
(369.4862630397223 0 0)
(369.4862630397223 0 0)
(369.4862630397223 0 0)
(369.4862630397223 0 0)
(369.4862630397223 0 0)
(369.4862630397223 0 0)
(369.4862630397223 0 0)
(369.4862630397223 0 0)
(369.4862630397223 0 0)
(369.4862630397223 0 0)
(369.48672574096423 0 0)
(369.48672574096423 0 0)
(369.48672574096423 0 0)
(369.48672574096423 0 0)
(369.48672574096423 0 0)
(369.48672574096423 0 0)
(369.48672574096423 0 0)
(369.48672574096423 0 0)
(369.48672574096423 0 0)
(369.48672574096423 0 0)
(369.48672574096423 0 0)
(369.48672574096423 0 0)
(369.48672574096423 0 0)
(369.48672574096423 0 0)
(369.4871884422062 0 0)
(369.4871884422062 0 0)
(369.4871884422062 0 0)
(369.4871884422062 0 0)
(369.4871884422062 0 0)
(369.4871884422062 0 0)
(369.4871884422062 0 0)
(369.4876511434482 0 0)
(369.4876511434482 0 0)
(369.4876511434482 0 0)
(369.4876511434482 0 0)
(369.4881138446902 0 0)
(369.4881138446902 0 0)
(369.4881138446902 0 0)
(369.4881138446902 0 0)
(369.4885765459321 0 0)
(369.4885765459321 0 0)
(369.4885765459321 0 0)
(369.4890392471741 0 0)
(369.4890392471741 0 0)
(369.4895019484161 0 0)
(369.4895019484161 0 0)
(369.4899646496581 0 0)
(369.4899646496581 0 0)
(369.4904273509 0 0)
(369.4904273509 0 0)
(369.490890052142 0 0)
(371.9959545761797 0 0)
(371.9959545761797 0 0)
(371.9959545761797 0 0)
(371.9959545761797 0 0)
(371.9959545761797 0 0)
(371.9959545761797 0 0)
(371.9959545761797 0 0)
(371.9959545761797 0 0)
(371.9964215209251 0 0)
(371.9964215209251 0 0)
(371.9964215209251 0 0)
(371.9964215209251 0 0)
(371.9964215209251 0 0)
(371.9964215209251 0 0)
(371.9964215209251 0 0)
(371.9964215209251 0 0)
(371.9964215209251 0 0)
(371.9964215209251 0 0)
(371.9964215209251 0 0)
(371.9964215209251 0 0)
(371.9964215209251 0 0)
(371.9964215209251 0 0)
(371.9964215209251 0 0)
(371.9964215209251 0 0)
(371.9964215209251 0 0)
(371.9964215209251 0 0)
(371.9964215209251 0 0)
(371.9964215209251 0 0)
(371.9964215209251 0 0)
(371.9964215209251 0 0)
(371.9964215209251 0 0)
(371.9964215209251 0 0)
(371.9964215209251 0 0)
(371.9964215209251 0 0)
(371.9964215209251 0 0)
(371.9964215209251 0 0)
(371.9964215209251 0 0)
(371.9964215209251 0 0)
(371.9964215209251 0 0)
(371.9964215209251 0 0)
(371.9964215209251 0 0)
(371.9964215209251 0 0)
(371.9964215209251 0 0)
(371.9964215209251 0 0)
(371.9964215209251 0 0)
(371.9964215209251 0 0)
(371.9964215209251 0 0)
(371.9964215209251 0 0)
(371.9964215209251 0 0)
(371.9964215209251 0 0)
(371.9964215209251 0 0)
(371.9964215209251 0 0)
(371.9964215209251 0 0)
(371.9964215209251 0 0)
(371.99688846567034 0 0)
(371.99688846567034 0 0)
(371.99688846567034 0 0)
(371.99688846567034 0 0)
(371.99688846567034 0 0)
(371.99688846567034 0 0)
(371.99688846567034 0 0)
(371.99688846567034 0 0)
(371.99688846567034 0 0)
(371.99688846567034 0 0)
(371.9973554104157 0 0)
(371.9973554104157 0 0)
(371.9973554104157 0 0)
(371.9973554104157 0 0)
(371.9973554104157 0 0)
(371.9973554104157 0 0)
(371.997822355161 0 0)
(371.997822355161 0 0)
(371.997822355161 0 0)
(371.997822355161 0 0)
(371.9982892999064 0 0)
(371.9982892999064 0 0)
(371.9982892999064 0 0)
(371.9982892999064 0 0)
(371.99875624465164 0 0)
(371.99875624465164 0 0)
(371.999223189397 0 0)
(371.999223189397 0 0)
(371.999223189397 0 0)
(371.9996901341423 0 0)
(371.9996901341423 0 0)
(374.5165223114594 0 0)
(374.5165223114594 0 0)
(374.5165223114594 0 0)
(374.5165223114594 0 0)
(374.5165223114594 0 0)
(374.5165223114594 0 0)
(374.5165223114594 0 0)
(374.5165223114594 0 0)
(374.5165223114594 0 0)
(374.5165223114594 0 0)
(374.5165223114594 0 0)
(374.5165223114594 0 0)
(374.5165223114594 0 0)
(374.5165223114594 0 0)
(374.5165223114594 0 0)
(374.5165223114594 0 0)
(374.5165223114594 0 0)
(374.5165223114594 0 0)
(374.5165223114594 0 0)
(374.5165223114594 0 0)
(374.5165223114594 0 0)
(374.5165223114594 0 0)
(374.5165223114594 0 0)
(374.5165223114594 0 0)
(374.5165223114594 0 0)
(374.5165223114594 0 0)
(374.5165223114594 0 0)
(374.5165223114594 0 0)
(374.5165223114594 0 0)
(374.5165223114594 0 0)
(374.5165223114594 0 0)
(374.5165223114594 0 0)
(374.5165223114594 0 0)
(374.5165223114594 0 0)
(374.5165223114594 0 0)
(374.5165223114594 0 0)
(374.5165223114594 0 0)
(374.5165223114594 0 0)
(374.5165223114594 0 0)
(374.5165223114594 0 0)
(374.5165223114594 0 0)
(374.5165223114594 0 0)
(374.5165223114594 0 0)
(374.5165223114594 0 0)
(374.5165223114594 0 0)
(374.5165223114594 0 0)
(374.5165223114594 0 0)
(374.5165223114594 0 0)
(374.5165223114594 0 0)
(374.5169890296683 0 0)
(374.5169890296683 0 0)
(374.5169890296683 0 0)
(374.5169890296683 0 0)
(374.5169890296683 0 0)
(374.5169890296683 0 0)
(374.5169890296683 0 0)
(374.5169890296683 0 0)
(374.5169890296683 0 0)
(374.5169890296683 0 0)
(374.5169890296683 0 0)
(374.5169890296683 0 0)
(374.5169890296683 0 0)
(374.5169890296683 0 0)
(374.5169890296683 0 0)
(374.5169890296683 0 0)
(374.5174557478772 0 0)
(374.5174557478772 0 0)
(374.5174557478772 0 0)
(374.5174557478772 0 0)
(374.5174557478772 0 0)
(374.5174557478772 0 0)
(374.5174557478772 0 0)
(374.5179224660861 0 0)
(374.5179224660861 0 0)
(374.5179224660861 0 0)
(374.5179224660861 0 0)
(374.5179224660861 0 0)
(374.518389184295 0 0)
(374.518389184295 0 0)
(374.518389184295 0 0)
(374.518389184295 0 0)
(374.51885590250384 0 0)
(374.51885590250384 0 0)
(374.51885590250384 0 0)
(374.5193226207128 0 0)
(377.02326581143063 0 0)
(377.02326581143063 0 0)
(377.02326581143063 0 0)
(377.02326581143063 0 0)
(377.02326581143063 0 0)
(377.02326581143063 0 0)
(377.02326581143063 0 0)
(377.02326581143063 0 0)
(377.02326581143063 0 0)
(377.02326581143063 0 0)
(377.02326581143063 0 0)
(377.02326581143063 0 0)
(377.02326581143063 0 0)
(377.02326581143063 0 0)
(377.02326581143063 0 0)
(377.02326581143063 0 0)
(377.02326581143063 0 0)
(377.02326581143063 0 0)
(377.02326581143063 0 0)
(377.02326581143063 0 0)
(377.02326581143063 0 0)
(377.02326581143063 0 0)
(377.02326581143063 0 0)
(377.02326581143063 0 0)
(377.02326581143063 0 0)
(377.02326581143063 0 0)
(377.02326581143063 0 0)
(377.02326581143063 0 0)
(377.02326581143063 0 0)
(377.02326581143063 0 0)
(377.02326581143063 0 0)
(377.02326581143063 0 0)
(377.02326581143063 0 0)
(377.02326581143063 0 0)
(377.02326581143063 0 0)
(377.02326581143063 0 0)
(377.02326581143063 0 0)
(377.02326581143063 0 0)
(377.02326581143063 0 0)
(377.02326581143063 0 0)
(377.02326581143063 0 0)
(377.02326581143063 0 0)
(377.02326581143063 0 0)
(377.02326581143063 0 0)
(377.02326581143063 0 0)
(377.02326581143063 0 0)
(377.02326581143063 0 0)
(377.02326581143063 0 0)
(377.02326581143063 0 0)
(377.02326581143063 0 0)
(377.02326581143063 0 0)
(377.02326581143063 0 0)
(377.02326581143063 0 0)
(377.02326581143063 0 0)
(377.02326581143063 0 0)
(377.02326581143063 0 0)
(377.02326581143063 0 0)
(377.02326581143063 0 0)
(377.02326581143063 0 0)
(377.02326581143063 0 0)
(377.02326581143063 0 0)
(377.02326581143063 0 0)
(377.02326581143063 0 0)
(377.02326581143063 0 0)
(377.02326581143063 0 0)
(377.02326581143063 0 0)
(377.02373994698337 0 0)
(377.02373994698337 0 0)
(377.02373994698337 0 0)
(377.02373994698337 0 0)
(377.02373994698337 0 0)
(377.02373994698337 0 0)
(377.02373994698337 0 0)
(377.02373994698337 0 0)
(377.02373994698337 0 0)
(377.02373994698337 0 0)
(377.02421408253616 0 0)
(377.02421408253616 0 0)
(377.02421408253616 0 0)
(377.02421408253616 0 0)
(377.02421408253616 0 0)
(377.02421408253616 0 0)
(377.02421408253616 0 0)
(377.0246882180889 0 0)
(377.0246882180889 0 0)
(379.55657206985364 0 0)
(379.55657206985364 0 0)
(379.55657206985364 0 0)
(379.55657206985364 0 0)
(379.55657206985364 0 0)
(379.55657206985364 0 0)
(379.55657206985364 0 0)
(379.55657206985364 0 0)
(379.55657206985364 0 0)
(379.55657206985364 0 0)
(379.55657206985364 0 0)
(379.55657206985364 0 0)
(379.55657206985364 0 0)
(379.55657206985364 0 0)
(379.55657206985364 0 0)
(379.55657206985364 0 0)
(379.55657206985364 0 0)
(379.55657206985364 0 0)
(379.55657206985364 0 0)
(379.55657206985364 0 0)
(379.55657206985364 0 0)
(379.55657206985364 0 0)
(379.55657206985364 0 0)
(379.55657206985364 0 0)
(379.55657206985364 0 0)
(379.55657206985364 0 0)
(379.55657206985364 0 0)
(379.55657206985364 0 0)
(379.55657206985364 0 0)
(379.55657206985364 0 0)
(379.55657206985364 0 0)
(379.55657206985364 0 0)
(379.55657206985364 0 0)
(379.55657206985364 0 0)
(379.55657206985364 0 0)
(379.55657206985364 0 0)
(379.55657206985364 0 0)
(379.55657206985364 0 0)
(379.55657206985364 0 0)
(379.55657206985364 0 0)
(379.55657206985364 0 0)
(379.55657206985364 0 0)
(379.55657206985364 0 0)
(379.55657206985364 0 0)
(379.55657206985364 0 0)
(379.55657206985364 0 0)
(379.55657206985364 0 0)
(379.55657206985364 0 0)
(379.55657206985364 0 0)
(379.55657206985364 0 0)
(379.55657206985364 0 0)
(379.55657206985364 0 0)
(379.55657206985364 0 0)
(379.55657206985364 0 0)
(379.55657206985364 0 0)
(379.55657206985364 0 0)
(379.55657206985364 0 0)
(379.55657206985364 0 0)
(379.55657206985364 0 0)
(379.55657206985364 0 0)
(379.55657206985364 0 0)
(379.55657206985364 0 0)
(379.55657206985364 0 0)
(379.5570205190621 0 0)
(379.5570205190621 0 0)
(379.5570205190621 0 0)
(379.5570205190621 0 0)
(379.5570205190621 0 0)
(379.5570205190621 0 0)
(379.5570205190621 0 0)
(379.5570205190621 0 0)
(379.5570205190621 0 0)
(379.5570205190621 0 0)
(379.5570205190621 0 0)
(379.5570205190621 0 0)
(379.5570205190621 0 0)
(379.5570205190621 0 0)
(379.5570205190621 0 0)
(379.5570205190621 0 0)
(379.5570205190621 0 0)
(379.5570205190621 0 0)
(379.5570205190621 0 0)
(379.5570205190621 0 0)
(379.5570205190621 0 0)
(379.5570205190621 0 0)
(381.94097651139526 0 0)
(381.94097651139526 0 0)
(381.94097651139526 0 0)
(381.94097651139526 0 0)
(381.94097651139526 0 0)
(381.94097651139526 0 0)
(381.94097651139526 0 0)
(381.94097651139526 0 0)
(381.94097651139526 0 0)
(381.94097651139526 0 0)
(381.94097651139526 0 0)
(381.94097651139526 0 0)
(381.94097651139526 0 0)
(381.94097651139526 0 0)
(381.94097651139526 0 0)
(381.94097651139526 0 0)
(381.94097651139526 0 0)
(381.94097651139526 0 0)
(381.94097651139526 0 0)
(381.94097651139526 0 0)
(381.94097651139526 0 0)
(381.94097651139526 0 0)
(381.94097651139526 0 0)
(381.94097651139526 0 0)
(381.94097651139526 0 0)
(381.94097651139526 0 0)
(381.94097651139526 0 0)
(381.94097651139526 0 0)
(381.94097651139526 0 0)
(381.94097651139526 0 0)
(381.94097651139526 0 0)
(381.94097651139526 0 0)
(381.94097651139526 0 0)
(381.94097651139526 0 0)
(381.94097651139526 0 0)
(381.94097651139526 0 0)
(381.94097651139526 0 0)
(381.94097651139526 0 0)
(381.94097651139526 0 0)
(381.94097651139526 0 0)
(381.94097651139526 0 0)
(381.94097651139526 0 0)
(381.94097651139526 0 0)
(381.94097651139526 0 0)
(381.94097651139526 0 0)
(381.94097651139526 0 0)
(381.94097651139526 0 0)
(381.94097651139526 0 0)
(381.9405280621868 0 0)
(381.9405280621868 0 0)
(381.9405280621868 0 0)
(381.9405280621868 0 0)
(381.9405280621868 0 0)
(381.9405280621868 0 0)
(381.9405280621868 0 0)
(381.9405280621868 0 0)
(381.9405280621868 0 0)
(381.9405280621868 0 0)
(381.9405280621868 0 0)
(381.9405280621868 0 0)
(381.9405280621868 0 0)
(381.9405280621868 0 0)
(381.9405280621868 0 0)
(381.9405280621868 0 0)
(381.9405280621868 0 0)
(381.9405280621868 0 0)
(381.9405280621868 0 0)
(381.9405280621868 0 0)
(381.9405280621868 0 0)
(381.9405280621868 0 0)
(381.9405280621868 0 0)
(381.9405280621868 0 0)
(381.9405280621868 0 0)
(381.9405280621868 0 0)
(381.9405280621868 0 0)
(381.9405280621868 0 0)
(381.9405280621868 0 0)
(381.9405280621868 0 0)
(381.9405280621868 0 0)
(381.9405280621868 0 0)
(381.9405280621868 0 0)
(381.9405280621868 0 0)
(381.9405280621868 0 0)
(381.9405280621868 0 0)
(381.94007961297825 0 0)
(384.42945485786885 0 0)
(384.42945485786885 0 0)
(384.42945485786885 0 0)
(384.42945485786885 0 0)
(384.42945485786885 0 0)
(384.42945485786885 0 0)
(384.42945485786885 0 0)
(384.42945485786885 0 0)
(384.42945485786885 0 0)
(384.42945485786885 0 0)
(384.42945485786885 0 0)
(384.42945485786885 0 0)
(384.42945485786885 0 0)
(384.42945485786885 0 0)
(384.42945485786885 0 0)
(384.42945485786885 0 0)
(384.42945485786885 0 0)
(384.42945485786885 0 0)
(384.42945485786885 0 0)
(384.42945485786885 0 0)
(384.42945485786885 0 0)
(384.42945485786885 0 0)
(384.42945485786885 0 0)
(384.42945485786885 0 0)
(384.42945485786885 0 0)
(384.42945485786885 0 0)
(384.42945485786885 0 0)
(384.42945485786885 0 0)
(384.42945485786885 0 0)
(384.42945485786885 0 0)
(384.42945485786885 0 0)
(384.42945485786885 0 0)
(384.42945485786885 0 0)
(384.42945485786885 0 0)
(384.42945485786885 0 0)
(384.42945485786885 0 0)
(384.42945485786885 0 0)
(384.42945485786885 0 0)
(384.42945485786885 0 0)
(384.42945485786885 0 0)
(384.42945485786885 0 0)
(384.42945485786885 0 0)
(384.42945485786885 0 0)
(384.42945485786885 0 0)
(384.42945485786885 0 0)
(384.42945485786885 0 0)
(384.42945485786885 0 0)
(384.42945485786885 0 0)
(384.42945485786885 0 0)
(384.42945485786885 0 0)
(384.42945485786885 0 0)
(384.42945485786885 0 0)
(384.42945485786885 0 0)
(384.42945485786885 0 0)
(384.42945485786885 0 0)
(384.42945485786885 0 0)
(384.42945485786885 0 0)
(384.42945485786885 0 0)
(384.42945485786885 0 0)
(384.42945485786885 0 0)
(384.42945485786885 0 0)
(384.42945485786885 0 0)
(384.42945485786885 0 0)
(384.4289866587444 0 0)
(384.4289866587444 0 0)
(384.4289866587444 0 0)
(384.4289866587444 0 0)
(384.4289866587444 0 0)
(384.4289866587444 0 0)
(384.4289866587444 0 0)
(384.4289866587444 0 0)
(384.4289866587444 0 0)
(384.4289866587444 0 0)
(384.4289866587444 0 0)
(384.4289866587444 0 0)
(384.4285184596199 0 0)
(384.4285184596199 0 0)
(384.4285184596199 0 0)
(384.4285184596199 0 0)
(384.4285184596199 0 0)
(384.4285184596199 0 0)
(384.4285184596199 0 0)
(384.4280502604955 0 0)
(384.4280502604955 0 0)
(384.4280502604955 0 0)
(386.9184827513821 0 0)
(386.9184827513821 0 0)
(386.9184827513821 0 0)
(386.9184827513821 0 0)
(386.9184827513821 0 0)
(386.9184827513821 0 0)
(386.9184827513821 0 0)
(386.9184827513821 0 0)
(386.9184827513821 0 0)
(386.9184827513821 0 0)
(386.9184827513821 0 0)
(386.9184827513821 0 0)
(386.9184827513821 0 0)
(386.91801690300224 0 0)
(386.91801690300224 0 0)
(386.91801690300224 0 0)
(386.91801690300224 0 0)
(386.91801690300224 0 0)
(386.91801690300224 0 0)
(386.91801690300224 0 0)
(386.91801690300224 0 0)
(386.91801690300224 0 0)
(386.91801690300224 0 0)
(386.91801690300224 0 0)
(386.91801690300224 0 0)
(386.91801690300224 0 0)
(386.91801690300224 0 0)
(386.91801690300224 0 0)
(386.91801690300224 0 0)
(386.91801690300224 0 0)
(386.91801690300224 0 0)
(386.91801690300224 0 0)
(386.91801690300224 0 0)
(386.91801690300224 0 0)
(386.91801690300224 0 0)
(386.91801690300224 0 0)
(386.91801690300224 0 0)
(386.91801690300224 0 0)
(386.91801690300224 0 0)
(386.91801690300224 0 0)
(386.91801690300224 0 0)
(386.91801690300224 0 0)
(386.91801690300224 0 0)
(386.91801690300224 0 0)
(386.91801690300224 0 0)
(386.91801690300224 0 0)
(386.91801690300224 0 0)
(386.91801690300224 0 0)
(386.91801690300224 0 0)
(386.91801690300224 0 0)
(386.91801690300224 0 0)
(386.91801690300224 0 0)
(386.91801690300224 0 0)
(386.91801690300224 0 0)
(386.91801690300224 0 0)
(386.91801690300224 0 0)
(386.91801690300224 0 0)
(386.91801690300224 0 0)
(386.91801690300224 0 0)
(386.91755105462244 0 0)
(386.91755105462244 0 0)
(386.91755105462244 0 0)
(386.91755105462244 0 0)
(386.91755105462244 0 0)
(386.91755105462244 0 0)
(386.91755105462244 0 0)
(386.91755105462244 0 0)
(386.91755105462244 0 0)
(386.91755105462244 0 0)
(386.9170852062426 0 0)
(386.9170852062426 0 0)
(386.9170852062426 0 0)
(386.9170852062426 0 0)
(386.9170852062426 0 0)
(386.9170852062426 0 0)
(386.9166193578627 0 0)
(386.9166193578627 0 0)
(386.9166193578627 0 0)
(386.9166193578627 0 0)
(386.9166193578627 0 0)
(386.91615350948285 0 0)
(386.91615350948285 0 0)
(386.91615350948285 0 0)
(386.91568766110305 0 0)
(386.91568766110305 0 0)
(389.4208912200678 0 0)
(389.4208912200678 0 0)
(389.4208912200678 0 0)
(389.4208912200678 0 0)
(389.4208912200678 0 0)
(389.4208912200678 0 0)
(389.4208912200678 0 0)
(389.4208912200678 0 0)
(389.4208912200678 0 0)
(389.4208912200678 0 0)
(389.4208912200678 0 0)
(389.4208912200678 0 0)
(389.4208912200678 0 0)
(389.4208912200678 0 0)
(389.4208912200678 0 0)
(389.4208912200678 0 0)
(389.4208912200678 0 0)
(389.4208912200678 0 0)
(389.4208912200678 0 0)
(389.4208912200678 0 0)
(389.4208912200678 0 0)
(389.4208912200678 0 0)
(389.4208912200678 0 0)
(389.4208912200678 0 0)
(389.4208912200678 0 0)
(389.4208912200678 0 0)
(389.4208912200678 0 0)
(389.4208912200678 0 0)
(389.4208912200678 0 0)
(389.4208912200678 0 0)
(389.4208912200678 0 0)
(389.4208912200678 0 0)
(389.4208912200678 0 0)
(389.4208912200678 0 0)
(389.4208912200678 0 0)
(389.4208912200678 0 0)
(389.4208912200678 0 0)
(389.4208912200678 0 0)
(389.4208912200678 0 0)
(389.4208912200678 0 0)
(389.4208912200678 0 0)
(389.4208912200678 0 0)
(389.4208912200678 0 0)
(389.4208912200678 0 0)
(389.4208912200678 0 0)
(389.4208912200678 0 0)
(389.4208912200678 0 0)
(389.4208912200678 0 0)
(389.4208912200678 0 0)
(389.4208912200678 0 0)
(389.4208912200678 0 0)
(389.4208912200678 0 0)
(389.4208912200678 0 0)
(389.4208912200678 0 0)
(389.4204250485945 0 0)
(389.4204250485945 0 0)
(389.4204250485945 0 0)
(389.4204250485945 0 0)
(389.4204250485945 0 0)
(389.4204250485945 0 0)
(389.4204250485945 0 0)
(389.4204250485945 0 0)
(389.4204250485945 0 0)
(389.4204250485945 0 0)
(389.4199588771212 0 0)
(389.4199588771212 0 0)
(389.4199588771212 0 0)
(389.4199588771212 0 0)
(389.4199588771212 0 0)
(389.4199588771212 0 0)
(389.4194927056478 0 0)
(389.4194927056478 0 0)
(389.4194927056478 0 0)
(389.4194927056478 0 0)
(389.4190265341746 0 0)
(389.4190265341746 0 0)
(389.4190265341746 0 0)
(389.4190265341746 0 0)
(389.41856036270127 0 0)
(389.41856036270127 0 0)
(389.41809419122796 0 0)
(389.41809419122796 0 0)
(389.41809419122796 0 0)
(389.41762801975466 0 0)
(389.41762801975466 0 0)
(391.93890755578445 0 0)
(391.93890755578445 0 0)
(391.93890755578445 0 0)
(391.93890755578445 0 0)
(391.93890755578445 0 0)
(391.93890755578445 0 0)
(391.93890755578445 0 0)
(391.93890755578445 0 0)
(391.93890755578445 0 0)
(391.93890755578445 0 0)
(391.93890755578445 0 0)
(391.93890755578445 0 0)
(391.93890755578445 0 0)
(391.93890755578445 0 0)
(391.93890755578445 0 0)
(391.93890755578445 0 0)
(391.93890755578445 0 0)
(391.93890755578445 0 0)
(391.93890755578445 0 0)
(391.93890755578445 0 0)
(391.93890755578445 0 0)
(391.93890755578445 0 0)
(391.93890755578445 0 0)
(391.93890755578445 0 0)
(391.93890755578445 0 0)
(391.93890755578445 0 0)
(391.93890755578445 0 0)
(391.93890755578445 0 0)
(391.93890755578445 0 0)
(391.93890755578445 0 0)
(391.93890755578445 0 0)
(391.93890755578445 0 0)
(391.93890755578445 0 0)
(391.93890755578445 0 0)
(391.93890755578445 0 0)
(391.93890755578445 0 0)
(391.93890755578445 0 0)
(391.93890755578445 0 0)
(391.93890755578445 0 0)
(391.93890755578445 0 0)
(391.93890755578445 0 0)
(391.93890755578445 0 0)
(391.93890755578445 0 0)
(391.93890755578445 0 0)
(391.93890755578445 0 0)
(391.93890755578445 0 0)
(391.93844091080007 0 0)
(391.93844091080007 0 0)
(391.93844091080007 0 0)
(391.93844091080007 0 0)
(391.93844091080007 0 0)
(391.93844091080007 0 0)
(391.93844091080007 0 0)
(391.93844091080007 0 0)
(391.93844091080007 0 0)
(391.93844091080007 0 0)
(391.93844091080007 0 0)
(391.93844091080007 0 0)
(391.93844091080007 0 0)
(391.93797426581574 0 0)
(391.93797426581574 0 0)
(391.93797426581574 0 0)
(391.93797426581574 0 0)
(391.93797426581574 0 0)
(391.93797426581574 0 0)
(391.9375076208313 0 0)
(391.9375076208313 0 0)
(391.9375076208313 0 0)
(391.9375076208313 0 0)
(391.9375076208313 0 0)
(391.9370409758469 0 0)
(391.9370409758469 0 0)
(391.9370409758469 0 0)
(391.9365743308625 0 0)
(391.9365743308625 0 0)
(391.9365743308625 0 0)
(391.9361076858782 0 0)
(391.9361076858782 0 0)
(391.9356410408938 0 0)
(391.9356410408938 0 0)
(391.9356410408938 0 0)
(391.9351743959094 0 0)
(391.934707750925 0 0)
(391.934707750925 0 0)
(391.93424110594066 0 0)
(394.46471181156 0 0)
(394.46471181156 0 0)
(394.46471181156 0 0)
(394.46471181156 0 0)
(394.46471181156 0 0)
(394.46471181156 0 0)
(394.46471181156 0 0)
(394.46471181156 0 0)
(394.46471181156 0 0)
(394.46471181156 0 0)
(394.46471181156 0 0)
(394.46471181156 0 0)
(394.46471181156 0 0)
(394.46471181156 0 0)
(394.46471181156 0 0)
(394.46471181156 0 0)
(394.46471181156 0 0)
(394.46471181156 0 0)
(394.46471181156 0 0)
(394.46471181156 0 0)
(394.46471181156 0 0)
(394.46471181156 0 0)
(394.46471181156 0 0)
(394.46471181156 0 0)
(394.46471181156 0 0)
(394.46471181156 0 0)
(394.46471181156 0 0)
(394.46471181156 0 0)
(394.46471181156 0 0)
(394.46471181156 0 0)
(394.46471181156 0 0)
(394.46471181156 0 0)
(394.46471181156 0 0)
(394.46471181156 0 0)
(394.46471181156 0 0)
(394.46471181156 0 0)
(394.46471181156 0 0)
(394.4642460538142 0 0)
(394.4642460538142 0 0)
(394.4642460538142 0 0)
(394.4642460538142 0 0)
(394.4642460538142 0 0)
(394.4642460538142 0 0)
(394.4642460538142 0 0)
(394.4642460538142 0 0)
(394.4642460538142 0 0)
(394.4642460538142 0 0)
(394.4642460538142 0 0)
(394.4642460538142 0 0)
(394.4642460538142 0 0)
(394.4642460538142 0 0)
(394.4642460538142 0 0)
(394.4642460538142 0 0)
(394.4637802960683 0 0)
(394.4637802960683 0 0)
(394.4637802960683 0 0)
(394.4637802960683 0 0)
(394.4637802960683 0 0)
(394.4637802960683 0 0)
(394.4637802960683 0 0)
(394.4637802960683 0 0)
(394.46331453832244 0 0)
(394.46331453832244 0 0)
(394.46331453832244 0 0)
(394.46331453832244 0 0)
(394.46331453832244 0 0)
(394.46284878057656 0 0)
(394.46284878057656 0 0)
(394.46284878057656 0 0)
(394.46238302283075 0 0)
(394.46238302283075 0 0)
(394.46238302283075 0 0)
(394.4619172650849 0 0)
(394.4619172650849 0 0)
(394.4619172650849 0 0)
(394.461451507339 0 0)
(394.461451507339 0 0)
(394.4609857495932 0 0)
(394.4609857495932 0 0)
(394.4605199918473 0 0)
(394.4605199918473 0 0)
(394.46005423410145 0 0)
(394.4595884763556 0 0)
(394.45912271860976 0 0)
(394.45912271860976 0 0)
(397.0019325729151 0 0)
(397.0019325729151 0 0)
(397.0019325729151 0 0)
(397.0019325729151 0 0)
(397.0019325729151 0 0)
(397.0019325729151 0 0)
(397.0019325729151 0 0)
(397.0019325729151 0 0)
(397.0019325729151 0 0)
(397.0019325729151 0 0)
(397.0019325729151 0 0)
(397.0019325729151 0 0)
(397.0019325729151 0 0)
(397.0019325729151 0 0)
(397.0019325729151 0 0)
(397.0019325729151 0 0)
(397.0019325729151 0 0)
(397.0019325729151 0 0)
(397.0019325729151 0 0)
(397.0019325729151 0 0)
(397.0019325729151 0 0)
(397.0019325729151 0 0)
(397.0019325729151 0 0)
(397.0019325729151 0 0)
(397.0019325729151 0 0)
(397.0019325729151 0 0)
(397.0019325729151 0 0)
(397.0019325729151 0 0)
(397.0019325729151 0 0)
(397.00146702782126 0 0)
(397.00146702782126 0 0)
(397.00146702782126 0 0)
(397.00146702782126 0 0)
(397.00146702782126 0 0)
(397.00146702782126 0 0)
(397.00146702782126 0 0)
(397.00146702782126 0 0)
(397.00146702782126 0 0)
(397.00146702782126 0 0)
(397.00146702782126 0 0)
(397.00146702782126 0 0)
(397.00146702782126 0 0)
(397.00146702782126 0 0)
(397.00146702782126 0 0)
(397.00146702782126 0 0)
(397.00146702782126 0 0)
(397.00146702782126 0 0)
(397.00146702782126 0 0)
(397.00146702782126 0 0)
(397.0010014827274 0 0)
(397.0010014827274 0 0)
(397.0010014827274 0 0)
(397.0010014827274 0 0)
(397.0010014827274 0 0)
(397.0010014827274 0 0)
(397.0010014827274 0 0)
(397.0010014827274 0 0)
(397.00053593763363 0 0)
(397.00053593763363 0 0)
(397.00053593763363 0 0)
(397.00053593763363 0 0)
(397.00053593763363 0 0)
(397.00053593763363 0 0)
(397.0000703925398 0 0)
(397.0000703925398 0 0)
(397.0000703925398 0 0)
(396.99960484744594 0 0)
(396.99960484744594 0 0)
(396.99960484744594 0 0)
(396.99960484744594 0 0)
(396.99913930235215 0 0)
(396.99913930235215 0 0)
(396.99867375725836 0 0)
(396.99867375725836 0 0)
(396.9982082121645 0 0)
(396.9982082121645 0 0)
(396.99774266707067 0 0)
(396.99774266707067 0 0)
(396.9972771219768 0 0)
(396.99681157688303 0 0)
(396.99681157688303 0 0)
(396.9963460317892 0 0)
(396.99588048669534 0 0)
(396.9954149416015 0 0)
(396.9949493965077 0 0)
(399.54598858116697 0 0)
(399.54598858116697 0 0)
(399.54598858116697 0 0)
(399.54598858116697 0 0)
(399.54598858116697 0 0)
(399.54598858116697 0 0)
(399.54598858116697 0 0)
(399.54598858116697 0 0)
(399.54598858116697 0 0)
(399.54598858116697 0 0)
(399.54598858116697 0 0)
(399.54598858116697 0 0)
(399.54598858116697 0 0)
(399.54598858116697 0 0)
(399.54598858116697 0 0)
(399.54598858116697 0 0)
(399.54598858116697 0 0)
(399.54598858116697 0 0)
(399.54598858116697 0 0)
(399.54598858116697 0 0)
(399.54598858116697 0 0)
(399.54598858116697 0 0)
(399.54598858116697 0 0)
(399.54598858116697 0 0)
(399.54598858116697 0 0)
(399.54598858116697 0 0)
(399.54598858116697 0 0)
(399.54598858116697 0 0)
(399.5455240830826 0 0)
(399.5455240830826 0 0)
(399.5455240830826 0 0)
(399.5455240830826 0 0)
(399.5455240830826 0 0)
(399.5455240830826 0 0)
(399.5455240830826 0 0)
(399.5455240830826 0 0)
(399.5455240830826 0 0)
(399.5455240830826 0 0)
(399.5455240830826 0 0)
(399.5455240830826 0 0)
(399.5455240830826 0 0)
(399.5455240830826 0 0)
(399.5455240830826 0 0)
(399.5455240830826 0 0)
(399.5455240830826 0 0)
(399.5455240830826 0 0)
(399.5455240830826 0 0)
(399.54505958499817 0 0)
(399.54505958499817 0 0)
(399.54505958499817 0 0)
(399.54505958499817 0 0)
(399.54505958499817 0 0)
(399.54505958499817 0 0)
(399.54505958499817 0 0)
(399.54505958499817 0 0)
(399.5445950869138 0 0)
(399.5445950869138 0 0)
(399.5445950869138 0 0)
(399.5445950869138 0 0)
(399.5445950869138 0 0)
(399.5445950869138 0 0)
(399.5441305888294 0 0)
(399.5441305888294 0 0)
(399.5441305888294 0 0)
(399.54366609074503 0 0)
(399.54366609074503 0 0)
(399.54366609074503 0 0)
(399.54366609074503 0 0)
(399.5432015926606 0 0)
(399.5432015926606 0 0)
(399.5427370945762 0 0)
(399.5427370945762 0 0)
(399.5422725964918 0 0)
(399.5422725964918 0 0)
(399.5418080984074 0 0)
(399.5418080984074 0 0)
(399.541343600323 0 0)
(399.5408791022386 0 0)
(399.5408791022386 0 0)
(399.5404146041542 0 0)
(399.5399501060698 0 0)
(399.5394856079854 0 0)
(399.539021109901 0 0)
(399.5385566118166 0 0)
(399.5380921137322 0 0)
(402.1052198863516 0 0)
(402.1052198863516 0 0)
(402.1052198863516 0 0)
(402.1052198863516 0 0)
(402.1052198863516 0 0)
(402.1052198863516 0 0)
(402.1052198863516 0 0)
(402.1052198863516 0 0)
(402.1052198863516 0 0)
(402.1052198863516 0 0)
(402.1052198863516 0 0)
(402.1052198863516 0 0)
(402.1052198863516 0 0)
(402.1052198863516 0 0)
(402.1052198863516 0 0)
(402.1052198863516 0 0)
(402.1052198863516 0 0)
(402.1052198863516 0 0)
(402.1052198863516 0 0)
(402.1052198863516 0 0)
(402.1052198863516 0 0)
(402.1052198863516 0 0)
(402.1052198863516 0 0)
(402.1052198863516 0 0)
(402.1052198863516 0 0)
(402.1052198863516 0 0)
(402.1052198863516 0 0)
(402.1052198863516 0 0)
(402.1052198863516 0 0)
(402.1052198863516 0 0)
(402.1052198863516 0 0)
(402.1052198863516 0 0)
(402.1052198863516 0 0)
(402.1052198863516 0 0)
(402.1052198863516 0 0)
(402.1052198863516 0 0)
(402.1052198863516 0 0)
(402.1047549097337 0 0)
(402.1047549097337 0 0)
(402.1047549097337 0 0)
(402.1047549097337 0 0)
(402.1047549097337 0 0)
(402.1047549097337 0 0)
(402.1047549097337 0 0)
(402.1047549097337 0 0)
(402.1047549097337 0 0)
(402.1047549097337 0 0)
(402.1047549097337 0 0)
(402.1047549097337 0 0)
(402.1042899331157 0 0)
(402.1042899331157 0 0)
(402.1042899331157 0 0)
(402.1042899331157 0 0)
(402.1042899331157 0 0)
(402.1042899331157 0 0)
(402.1042899331157 0 0)
(402.10382495649776 0 0)
(402.10382495649776 0 0)
(402.10382495649776 0 0)
(402.10382495649776 0 0)
(402.1033599798798 0 0)
(402.1033599798798 0 0)
(402.1033599798798 0 0)
(402.1033599798798 0 0)
(402.1028950032619 0 0)
(402.1028950032619 0 0)
(402.1028950032619 0 0)
(402.1024300266439 0 0)
(402.1024300266439 0 0)
(402.10196505002597 0 0)
(402.10196505002597 0 0)
(402.10150007340803 0 0)
(402.10150007340803 0 0)
(402.1010350967901 0 0)
(402.1010350967901 0 0)
(402.1005701201721 0 0)
(402.1001051435542 0 0)
(402.09964016693624 0 0)
(402.09964016693624 0 0)
(402.0991751903183 0 0)
(402.0987102137003 0 0)
(402.0982452370824 0 0)
(402.09778026046445 0 0)
(402.0968503072285 0 0)
(402.0963853306106 0 0)
(404.6696125370157 0 0)
(404.6696125370157 0 0)
(404.6696125370157 0 0)
(404.6696125370157 0 0)
(404.6696125370157 0 0)
(404.6696125370157 0 0)
(404.6696125370157 0 0)
(404.6696125370157 0 0)
(404.6696125370157 0 0)
(404.6696125370157 0 0)
(404.6696125370157 0 0)
(404.6696125370157 0 0)
(404.6696125370157 0 0)
(404.6696125370157 0 0)
(404.6696125370157 0 0)
(404.6696125370157 0 0)
(404.6696125370157 0 0)
(404.6696125370157 0 0)
(404.6696125370157 0 0)
(404.6696125370157 0 0)
(404.6696125370157 0 0)
(404.6696125370157 0 0)
(404.6696125370157 0 0)
(404.6696125370157 0 0)
(404.6696125370157 0 0)
(404.6696125370157 0 0)
(404.6696125370157 0 0)
(404.6696125370157 0 0)
(404.6696125370157 0 0)
(404.6696125370157 0 0)
(404.6696125370157 0 0)
(404.6696125370157 0 0)
(404.6691489808605 0 0)
(404.6691489808605 0 0)
(404.6691489808605 0 0)
(404.6691489808605 0 0)
(404.6691489808605 0 0)
(404.6691489808605 0 0)
(404.6691489808605 0 0)
(404.6691489808605 0 0)
(404.6691489808605 0 0)
(404.6691489808605 0 0)
(404.6691489808605 0 0)
(404.6691489808605 0 0)
(404.6691489808605 0 0)
(404.6691489808605 0 0)
(404.66868542470525 0 0)
(404.66868542470525 0 0)
(404.66868542470525 0 0)
(404.66868542470525 0 0)
(404.66868542470525 0 0)
(404.66868542470525 0 0)
(404.66868542470525 0 0)
(404.66868542470525 0 0)
(404.66822186855006 0 0)
(404.66822186855006 0 0)
(404.66822186855006 0 0)
(404.66822186855006 0 0)
(404.6677583123948 0 0)
(404.6677583123948 0 0)
(404.6677583123948 0 0)
(404.6677583123948 0 0)
(404.66729475623964 0 0)
(404.66729475623964 0 0)
(404.66729475623964 0 0)
(404.6668312000844 0 0)
(404.6668312000844 0 0)
(404.6663676439292 0 0)
(404.6663676439292 0 0)
(404.665904087774 0 0)
(404.665904087774 0 0)
(404.66544053161874 0 0)
(404.66544053161874 0 0)
(404.6649769754635 0 0)
(404.6645134193083 0 0)
(404.6645134193083 0 0)
(404.6640498631531 0 0)
(404.6635863069979 0 0)
(404.66312275084266 0 0)
(404.6626591946875 0 0)
(404.66219563853224 0 0)
(404.661732082377 0 0)
(404.6612685262218 0 0)
(404.66034141391134 0 0)
(404.65987785775616 0 0)
(407.2416950542592 0 0)
(407.2416950542592 0 0)
(407.2416950542592 0 0)
(407.2416950542592 0 0)
(407.2416950542592 0 0)
(407.24123244948987 0 0)
(407.24123244948987 0 0)
(407.24123244948987 0 0)
(407.24123244948987 0 0)
(407.24123244948987 0 0)
(407.24123244948987 0 0)
(407.24123244948987 0 0)
(407.24123244948987 0 0)
(407.24123244948987 0 0)
(407.24123244948987 0 0)
(407.24123244948987 0 0)
(407.24123244948987 0 0)
(407.24123244948987 0 0)
(407.24123244948987 0 0)
(407.24123244948987 0 0)
(407.24123244948987 0 0)
(407.24123244948987 0 0)
(407.24123244948987 0 0)
(407.24123244948987 0 0)
(407.24123244948987 0 0)
(407.24123244948987 0 0)
(407.24123244948987 0 0)
(407.24123244948987 0 0)
(407.24123244948987 0 0)
(407.24123244948987 0 0)
(407.24123244948987 0 0)
(407.24123244948987 0 0)
(407.24123244948987 0 0)
(407.24123244948987 0 0)
(407.24123244948987 0 0)
(407.24123244948987 0 0)
(407.24123244948987 0 0)
(407.24123244948987 0 0)
(407.24123244948987 0 0)
(407.2407698447206 0 0)
(407.2407698447206 0 0)
(407.2407698447206 0 0)
(407.2407698447206 0 0)
(407.2407698447206 0 0)
(407.2407698447206 0 0)
(407.2407698447206 0 0)
(407.2407698447206 0 0)
(407.2407698447206 0 0)
(407.2407698447206 0 0)
(407.24030723995133 0 0)
(407.24030723995133 0 0)
(407.24030723995133 0 0)
(407.24030723995133 0 0)
(407.24030723995133 0 0)
(407.24030723995133 0 0)
(407.23984463518207 0 0)
(407.23984463518207 0 0)
(407.23984463518207 0 0)
(407.23984463518207 0 0)
(407.23938203041274 0 0)
(407.23938203041274 0 0)
(407.23938203041274 0 0)
(407.2389194256434 0 0)
(407.2389194256434 0 0)
(407.2389194256434 0 0)
(407.2384568208742 0 0)
(407.2384568208742 0 0)
(407.2379942161049 0 0)
(407.2379942161049 0 0)
(407.2375316113356 0 0)
(407.2375316113356 0 0)
(407.2370690065663 0 0)
(407.236606401797 0 0)
(407.23614379702775 0 0)
(407.23614379702775 0 0)
(407.2356811922584 0 0)
(407.2352185874891 0 0)
(407.2347559827199 0 0)
(407.23429337795056 0 0)
(407.2338307731813 0 0)
(407.23336816841197 0 0)
(407.2329055636427 0 0)
(407.2319803541041 0 0)
(407.23151774933484 0 0)
(407.23059253979625 0 0)
(409.8230175949019 0 0)
(409.8230175949019 0 0)
(409.8230175949019 0 0)
(409.8230175949019 0 0)
(409.8230175949019 0 0)
(409.8230175949019 0 0)
(409.8230175949019 0 0)
(409.8230175949019 0 0)
(409.8230175949019 0 0)
(409.8230175949019 0 0)
(409.8230175949019 0 0)
(409.8230175949019 0 0)
(409.8230175949019 0 0)
(409.8230175949019 0 0)
(409.8230175949019 0 0)
(409.8230175949019 0 0)
(409.8230175949019 0 0)
(409.8230175949019 0 0)
(409.8230175949019 0 0)
(409.8230175949019 0 0)
(409.8225555718948 0 0)
(409.8225555718948 0 0)
(409.8225555718948 0 0)
(409.8225555718948 0 0)
(409.8225555718948 0 0)
(409.8225555718948 0 0)
(409.8225555718948 0 0)
(409.8225555718948 0 0)
(409.8225555718948 0 0)
(409.8225555718948 0 0)
(409.8225555718948 0 0)
(409.8225555718948 0 0)
(409.8225555718948 0 0)
(409.8225555718948 0 0)
(409.8225555718948 0 0)
(409.8225555718948 0 0)
(409.8225555718948 0 0)
(409.8225555718948 0 0)
(409.8225555718948 0 0)
(409.8225555718948 0 0)
(409.8225555718948 0 0)
(409.82209354888766 0 0)
(409.82209354888766 0 0)
(409.82209354888766 0 0)
(409.82209354888766 0 0)
(409.82209354888766 0 0)
(409.82209354888766 0 0)
(409.82209354888766 0 0)
(409.82209354888766 0 0)
(409.82163152588055 0 0)
(409.82163152588055 0 0)
(409.82163152588055 0 0)
(409.82163152588055 0 0)
(409.82163152588055 0 0)
(409.8211695028735 0 0)
(409.8211695028735 0 0)
(409.8211695028735 0 0)
(409.8211695028735 0 0)
(409.8207074798664 0 0)
(409.8207074798664 0 0)
(409.8207074798664 0 0)
(409.8202454568593 0 0)
(409.8202454568593 0 0)
(409.8202454568593 0 0)
(409.81978343385225 0 0)
(409.81978343385225 0 0)
(409.81932141084513 0 0)
(409.81932141084513 0 0)
(409.818859387838 0 0)
(409.818859387838 0 0)
(409.8183973648309 0 0)
(409.81793534182384 0 0)
(409.81793534182384 0 0)
(409.8174733188167 0 0)
(409.81701129580966 0 0)
(409.81654927280255 0 0)
(409.8160872497955 0 0)
(409.81562522678837 0 0)
(409.81516320378125 0 0)
(409.81470118077414 0 0)
(409.81377713475996 0 0)
(409.81331511175284 0 0)
(409.8128530887458 0 0)
(409.8119290427316 0 0)
(409.8110049967174 0 0)
(412.4107614973179 0 0)
(412.4107614973179 0 0)
(412.4107614973179 0 0)
(412.4107614973179 0 0)
(412.4107614973179 0 0)
(412.4107614973179 0 0)
(412.4107614973179 0 0)
(412.4107614973179 0 0)
(412.4107614973179 0 0)
(412.4107614973179 0 0)
(412.4107614973179 0 0)
(412.4107614973179 0 0)
(412.4107614973179 0 0)
(412.4107614973179 0 0)
(412.4107614973179 0 0)
(412.4107614973179 0 0)
(412.4107614973179 0 0)
(412.4107614973179 0 0)
(412.4107614973179 0 0)
(412.4107614973179 0 0)
(412.4107614973179 0 0)
(412.4107614973179 0 0)
(412.4107614973179 0 0)
(412.4103006346461 0 0)
(412.4103006346461 0 0)
(412.4103006346461 0 0)
(412.4103006346461 0 0)
(412.4103006346461 0 0)
(412.4103006346461 0 0)
(412.4103006346461 0 0)
(412.4103006346461 0 0)
(412.4103006346461 0 0)
(412.4103006346461 0 0)
(412.4103006346461 0 0)
(412.4103006346461 0 0)
(412.4103006346461 0 0)
(412.4103006346461 0 0)
(412.4103006346461 0 0)
(412.4103006346461 0 0)
(412.4103006346461 0 0)
(412.4103006346461 0 0)
(412.4098397719742 0 0)
(412.4098397719742 0 0)
(412.4098397719742 0 0)
(412.4098397719742 0 0)
(412.4098397719742 0 0)
(412.4098397719742 0 0)
(412.4098397719742 0 0)
(412.40937890930235 0 0)
(412.40937890930235 0 0)
(412.40937890930235 0 0)
(412.40937890930235 0 0)
(412.40937890930235 0 0)
(412.40937890930235 0 0)
(412.4089180466305 0 0)
(412.4089180466305 0 0)
(412.4089180466305 0 0)
(412.40845718395866 0 0)
(412.40845718395866 0 0)
(412.40845718395866 0 0)
(412.4079963212868 0 0)
(412.4079963212868 0 0)
(412.4079963212868 0 0)
(412.407535458615 0 0)
(412.407535458615 0 0)
(412.40707459594313 0 0)
(412.40707459594313 0 0)
(412.4066137332713 0 0)
(412.4066137332713 0 0)
(412.40615287059944 0 0)
(412.4056920079276 0 0)
(412.4052311452557 0 0)
(412.4052311452557 0 0)
(412.4047702825839 0 0)
(412.40430941991207 0 0)
(412.40384855724017 0 0)
(412.4033876945684 0 0)
(412.40292683189654 0 0)
(412.4024659692247 0 0)
(412.401544243881 0 0)
(412.40108338120916 0 0)
(412.40062251853726 0 0)
(412.39970079319363 0 0)
(412.3987790678499 0 0)
(412.39831820517804 0 0)
(415.0063195287481 0 0)
(415.0063195287481 0 0)
(415.0063195287481 0 0)
(415.0063195287481 0 0)
(415.0063195287481 0 0)
(415.0063195287481 0 0)
(415.0063195287481 0 0)
(415.0063195287481 0 0)
(415.0063195287481 0 0)
(415.0063195287481 0 0)
(415.0063195287481 0 0)
(415.0063195287481 0 0)
(415.0063195287481 0 0)
(415.0063195287481 0 0)
(415.0063195287481 0 0)
(415.0063195287481 0 0)
(415.0063195287481 0 0)
(415.0063195287481 0 0)
(415.0063195287481 0 0)
(415.0063195287481 0 0)
(415.0063195287481 0 0)
(415.0063195287481 0 0)
(415.0063195287481 0 0)
(415.0063195287481 0 0)
(415.0063195287481 0 0)
(415.00585956808334 0 0)
(415.00585956808334 0 0)
(415.00585956808334 0 0)
(415.00585956808334 0 0)
(415.00585956808334 0 0)
(415.00585956808334 0 0)
(415.00585956808334 0 0)
(415.00585956808334 0 0)
(415.00585956808334 0 0)
(415.00585956808334 0 0)
(415.00585956808334 0 0)
(415.00585956808334 0 0)
(415.00585956808334 0 0)
(415.00585956808334 0 0)
(415.00585956808334 0 0)
(415.00585956808334 0 0)
(415.0053996074185 0 0)
(415.0053996074185 0 0)
(415.0053996074185 0 0)
(415.0053996074185 0 0)
(415.0053996074185 0 0)
(415.0053996074185 0 0)
(415.0053996074185 0 0)
(415.00493964675377 0 0)
(415.00493964675377 0 0)
(415.00493964675377 0 0)
(415.00493964675377 0 0)
(415.00493964675377 0 0)
(415.0044796860889 0 0)
(415.0044796860889 0 0)
(415.0044796860889 0 0)
(415.0044796860889 0 0)
(415.00401972542414 0 0)
(415.00401972542414 0 0)
(415.00401972542414 0 0)
(415.00355976475936 0 0)
(415.00355976475936 0 0)
(415.0030998040946 0 0)
(415.0030998040946 0 0)
(415.0026398434298 0 0)
(415.0026398434298 0 0)
(415.00217988276495 0 0)
(415.00217988276495 0 0)
(415.00171992210016 0 0)
(415.0012599614354 0 0)
(415.0012599614354 0 0)
(415.0008000007706 0 0)
(415.0003400401058 0 0)
(414.99988007944097 0 0)
(414.99942011877624 0 0)
(414.9989601581114 0 0)
(414.9985001974466 0 0)
(414.9980402367818 0 0)
(414.99712031545226 0 0)
(414.9966603547874 0 0)
(414.99620039412264 0 0)
(414.99528047279307 0 0)
(414.9943605514635 0 0)
(414.9939005907987 0 0)
(414.9929806694691 0 0)
(417.60735629175696 0 0)
(417.60735629175696 0 0)
(417.60735629175696 0 0)
(417.60735629175696 0 0)
(417.60735629175696 0 0)
(417.60735629175696 0 0)
(417.60735629175696 0 0)
(417.60735629175696 0 0)
(417.60735629175696 0 0)
(417.60735629175696 0 0)
(417.60735629175696 0 0)
(417.60735629175696 0 0)
(417.60735629175696 0 0)
(417.60735629175696 0 0)
(417.60735629175696 0 0)
(417.60735629175696 0 0)
(417.60735629175696 0 0)
(417.60735629175696 0 0)
(417.60735629175696 0 0)
(417.60735629175696 0 0)
(417.60735629175696 0 0)
(417.60735629175696 0 0)
(417.60735629175696 0 0)
(417.60735629175696 0 0)
(417.60735629175696 0 0)
(417.60735629175696 0 0)
(417.60735629175696 0 0)
(417.60735629175696 0 0)
(417.60735629175696 0 0)
(417.60735629175696 0 0)
(417.6068976360061 0 0)
(417.6068976360061 0 0)
(417.6068976360061 0 0)
(417.6068976360061 0 0)
(417.6068976360061 0 0)
(417.6068976360061 0 0)
(417.6068976360061 0 0)
(417.6068976360061 0 0)
(417.6068976360061 0 0)
(417.6068976360061 0 0)
(417.6068976360061 0 0)
(417.6068976360061 0 0)
(417.60643898025523 0 0)
(417.60643898025523 0 0)
(417.60643898025523 0 0)
(417.60643898025523 0 0)
(417.60643898025523 0 0)
(417.60643898025523 0 0)
(417.60598032450446 0 0)
(417.60598032450446 0 0)
(417.60598032450446 0 0)
(417.60598032450446 0 0)
(417.60598032450446 0 0)
(417.6055216687536 0 0)
(417.6055216687536 0 0)
(417.6055216687536 0 0)
(417.6055216687536 0 0)
(417.60506301300273 0 0)
(417.60506301300273 0 0)
(417.60460435725196 0 0)
(417.60460435725196 0 0)
(417.60460435725196 0 0)
(417.60414570150107 0 0)
(417.60414570150107 0 0)
(417.60368704575023 0 0)
(417.60368704575023 0 0)
(417.6032283899994 0 0)
(417.60276973424857 0 0)
(417.60276973424857 0 0)
(417.60231107849773 0 0)
(417.6018524227469 0 0)
(417.601393766996 0 0)
(417.60093511124524 0 0)
(417.6004764554944 0 0)
(417.6000177997435 0 0)
(417.5995591439927 0 0)
(417.59910048824185 0 0)
(417.598641832491 0 0)
(417.5977245209893 0 0)
(417.5972658652385 0 0)
(417.5963485537368 0 0)
(417.59588989798596 0 0)
(417.5949725864843 0 0)
(417.5940552749826 0 0)
(417.59313796348096 0 0)
(420.2120493440412 0 0)
(420.2120493440412 0 0)
(420.2120493440412 0 0)
(420.2120493440412 0 0)
(420.2120493440412 0 0)
(420.2120493440412 0 0)
(420.2120493440412 0 0)
(420.2120493440412 0 0)
(420.2120493440412 0 0)
(420.2120493440412 0 0)
(420.2120493440412 0 0)
(420.2120493440412 0 0)
(420.2120493440412 0 0)
(420.2120493440412 0 0)
(420.2120493440412 0 0)
(420.2115923803478 0 0)
(420.2115923803478 0 0)
(420.2115923803478 0 0)
(420.2115923803478 0 0)
(420.2115923803478 0 0)
(420.2115923803478 0 0)
(420.2115923803478 0 0)
(420.2115923803478 0 0)
(420.2115923803478 0 0)
(420.2115923803478 0 0)
(420.2115923803478 0 0)
(420.2115923803478 0 0)
(420.2115923803478 0 0)
(420.2115923803478 0 0)
(420.2115923803478 0 0)
(420.2115923803478 0 0)
(420.2115923803478 0 0)
(420.2115923803478 0 0)
(420.2115923803478 0 0)
(420.2115923803478 0 0)
(420.2115923803478 0 0)
(420.2111354166544 0 0)
(420.2111354166544 0 0)
(420.2111354166544 0 0)
(420.2111354166544 0 0)
(420.2111354166544 0 0)
(420.2111354166544 0 0)
(420.2111354166544 0 0)
(420.2111354166544 0 0)
(420.2111354166544 0 0)
(420.210678452961 0 0)
(420.210678452961 0 0)
(420.210678452961 0 0)
(420.210678452961 0 0)
(420.210678452961 0 0)
(420.21022148926767 0 0)
(420.21022148926767 0 0)
(420.21022148926767 0 0)
(420.21022148926767 0 0)
(420.20976452557426 0 0)
(420.20976452557426 0 0)
(420.20976452557426 0 0)
(420.20930756188085 0 0)
(420.20930756188085 0 0)
(420.20930756188085 0 0)
(420.20885059818744 0 0)
(420.20885059818744 0 0)
(420.20839363449414 0 0)
(420.20839363449414 0 0)
(420.20793667080073 0 0)
(420.20793667080073 0 0)
(420.2074797071073 0 0)
(420.2070227434139 0 0)
(420.2070227434139 0 0)
(420.20656577972056 0 0)
(420.2061088160272 0 0)
(420.2056518523338 0 0)
(420.2051948886404 0 0)
(420.20473792494704 0 0)
(420.20428096125363 0 0)
(420.2038239975603 0 0)
(420.2029100701735 0 0)
(420.2024531064801 0 0)
(420.2019961427867 0 0)
(420.2010822154 0 0)
(420.2006252517066 0 0)
(420.1997113243198 0 0)
(420.19879739693306 0 0)
(420.1978834695463 0 0)
(420.19696954215954 0 0)
(422.8217832592118 0 0)
(422.8217832592118 0 0)
(422.8217832592118 0 0)
(422.8217832592118 0 0)
(422.8217832592118 0 0)
(422.8217832592118 0 0)
(422.8217832592118 0 0)
(422.8217832592118 0 0)
(422.8217832592118 0 0)
(422.8217832592118 0 0)
(422.8217832592118 0 0)
(422.8217832592118 0 0)
(422.8213276492406 0 0)
(422.8213276492406 0 0)
(422.8213276492406 0 0)
(422.8213276492406 0 0)
(422.8213276492406 0 0)
(422.8213276492406 0 0)
(422.8213276492406 0 0)
(422.8213276492406 0 0)
(422.8213276492406 0 0)
(422.8213276492406 0 0)
(422.8213276492406 0 0)
(422.8213276492406 0 0)
(422.8213276492406 0 0)
(422.8213276492406 0 0)
(422.8213276492406 0 0)
(422.8213276492406 0 0)
(422.8213276492406 0 0)
(422.8213276492406 0 0)
(422.8213276492406 0 0)
(422.8213276492406 0 0)
(422.8213276492406 0 0)
(422.8213276492406 0 0)
(422.8213276492406 0 0)
(422.82087203926943 0 0)
(422.82087203926943 0 0)
(422.82087203926943 0 0)
(422.82087203926943 0 0)
(422.82087203926943 0 0)
(422.82087203926943 0 0)
(422.82087203926943 0 0)
(422.82087203926943 0 0)
(422.82087203926943 0 0)
(422.8204164292982 0 0)
(422.8204164292982 0 0)
(422.8204164292982 0 0)
(422.8204164292982 0 0)
(422.8204164292982 0 0)
(422.8199608193269 0 0)
(422.8199608193269 0 0)
(422.8199608193269 0 0)
(422.8199608193269 0 0)
(422.81950520935567 0 0)
(422.81950520935567 0 0)
(422.81950520935567 0 0)
(422.8190495993845 0 0)
(422.8190495993845 0 0)
(422.8190495993845 0 0)
(422.8185939894133 0 0)
(422.8185939894133 0 0)
(422.818138379442 0 0)
(422.818138379442 0 0)
(422.8176827694708 0 0)
(422.8176827694708 0 0)
(422.8172271594996 0 0)
(422.81677154952837 0 0)
(422.81677154952837 0 0)
(422.8163159395571 0 0)
(422.8158603295859 0 0)
(422.8154047196147 0 0)
(422.81494910964346 0 0)
(422.8144934996722 0 0)
(422.814037889701 0 0)
(422.8135822797298 0 0)
(422.81312666975856 0 0)
(422.8122154498161 0 0)
(422.8117598398449 0 0)
(422.81084861990246 0 0)
(422.8103930099312 0 0)
(422.8094817899888 0 0)
(422.80857057004636 0 0)
(422.8076593501039 0 0)
(422.80674813016145 0 0)
(422.805836910219 0 0)
(425.4348602091128 0 0)
(425.4348602091128 0 0)
(425.4348602091128 0 0)
(425.4348602091128 0 0)
(425.4348602091128 0 0)
(425.4348602091128 0 0)
(425.4348602091128 0 0)
(425.4348602091128 0 0)
(425.4348602091128 0 0)
(425.4348602091128 0 0)
(425.4348602091128 0 0)
(425.4348602091128 0 0)
(425.4348602091128 0 0)
(425.4348602091128 0 0)
(425.4348602091128 0 0)
(425.4348602091128 0 0)
(425.4348602091128 0 0)
(425.4348602091128 0 0)
(425.4348602091128 0 0)
(425.4348602091128 0 0)
(425.4348602091128 0 0)
(425.4348602091128 0 0)
(425.4348602091128 0 0)
(425.4348602091128 0 0)
(425.4348602091128 0 0)
(425.4348602091128 0 0)
(425.4348602091128 0 0)
(425.43440623466006 0 0)
(425.43440623466006 0 0)
(425.43440623466006 0 0)
(425.43440623466006 0 0)
(425.43440623466006 0 0)
(425.43440623466006 0 0)
(425.43440623466006 0 0)
(425.43440623466006 0 0)
(425.43440623466006 0 0)
(425.43440623466006 0 0)
(425.43440623466006 0 0)
(425.43440623466006 0 0)
(425.4339522602074 0 0)
(425.4339522602074 0 0)
(425.4339522602074 0 0)
(425.4339522602074 0 0)
(425.4339522602074 0 0)
(425.4339522602074 0 0)
(425.4339522602074 0 0)
(425.43349828575464 0 0)
(425.43349828575464 0 0)
(425.43349828575464 0 0)
(425.43349828575464 0 0)
(425.43349828575464 0 0)
(425.4330443113019 0 0)
(425.4330443113019 0 0)
(425.4330443113019 0 0)
(425.43259033684916 0 0)
(425.43259033684916 0 0)
(425.43259033684916 0 0)
(425.4321363623965 0 0)
(425.4321363623965 0 0)
(425.43168238794374 0 0)
(425.43168238794374 0 0)
(425.431228413491 0 0)
(425.431228413491 0 0)
(425.43077443903826 0 0)
(425.43077443903826 0 0)
(425.4303204645855 0 0)
(425.4298664901328 0 0)
(425.4298664901328 0 0)
(425.42941251568004 0 0)
(425.42895854122736 0 0)
(425.4285045667746 0 0)
(425.4280505923219 0 0)
(425.42759661786914 0 0)
(425.42714264341646 0 0)
(425.4266886689637 0 0)
(425.42578072005824 0 0)
(425.42532674560556 0 0)
(425.4244187967001 0 0)
(425.42396482224734 0 0)
(425.42305687334186 0 0)
(425.4221489244364 0 0)
(425.42124097553096 0 0)
(425.4203330266255 0 0)
(425.41942507772006 0 0)
(425.4185171288146 0 0)
(428.0498798649474 0 0)
(428.0498798649474 0 0)
(428.0498798649474 0 0)
(428.0498798649474 0 0)
(428.0498798649474 0 0)
(428.0498798649474 0 0)
(428.0498798649474 0 0)
(428.0498798649474 0 0)
(428.0498798649474 0 0)
(428.0498798649474 0 0)
(428.0498798649474 0 0)
(428.0498798649474 0 0)
(428.0498798649474 0 0)
(428.0498798649474 0 0)
(428.0498798649474 0 0)
(428.0498798649474 0 0)
(428.0498798649474 0 0)
(428.0498798649474 0 0)
(428.0498798649474 0 0)
(428.0498798649474 0 0)
(428.0498798649474 0 0)
(428.0498798649474 0 0)
(428.0498798649474 0 0)
(428.0498798649474 0 0)
(428.0498798649474 0 0)
(428.0498798649474 0 0)
(428.0498798649474 0 0)
(428.0498798649474 0 0)
(428.0498798649474 0 0)
(428.0498798649474 0 0)
(428.0494278304347 0 0)
(428.0494278304347 0 0)
(428.0494278304347 0 0)
(428.0494278304347 0 0)
(428.0494278304347 0 0)
(428.0494278304347 0 0)
(428.0494278304347 0 0)
(428.0494278304347 0 0)
(428.0494278304347 0 0)
(428.0494278304347 0 0)
(428.04897579592205 0 0)
(428.04897579592205 0 0)
(428.04897579592205 0 0)
(428.04897579592205 0 0)
(428.04897579592205 0 0)
(428.04897579592205 0 0)
(428.0485237614094 0 0)
(428.0485237614094 0 0)
(428.0485237614094 0 0)
(428.0485237614094 0 0)
(428.0485237614094 0 0)
(428.0480717268967 0 0)
(428.0480717268967 0 0)
(428.0480717268967 0 0)
(428.047619692384 0 0)
(428.047619692384 0 0)
(428.047619692384 0 0)
(428.0471676578713 0 0)
(428.0471676578713 0 0)
(428.0467156233587 0 0)
(428.0467156233587 0 0)
(428.046263588846 0 0)
(428.046263588846 0 0)
(428.0458115543333 0 0)
(428.0453595198206 0 0)
(428.0453595198206 0 0)
(428.044907485308 0 0)
(428.0444554507953 0 0)
(428.0440034162826 0 0)
(428.0440034162826 0 0)
(428.0435513817699 0 0)
(428.0430993472573 0 0)
(428.0421952782319 0 0)
(428.04174324371917 0 0)
(428.0412912092065 0 0)
(428.0408391746939 0 0)
(428.03993510566846 0 0)
(428.0394830711558 0 0)
(428.03857900213046 0 0)
(428.0376749331051 0 0)
(428.03677086407976 0 0)
(428.0358667950544 0 0)
(428.03496272602905 0 0)
(428.0340586570037 0 0)
(428.0327025534657 0 0)
(430.66566538933023 0 0)
(430.66566538933023 0 0)
(430.66566538933023 0 0)
(430.66566538933023 0 0)
(430.66566538933023 0 0)
(430.66566538933023 0 0)
(430.66566538933023 0 0)
(430.66566538933023 0 0)
(430.66566538933023 0 0)
(430.66566538933023 0 0)
(430.66566538933023 0 0)
(430.66566538933023 0 0)
(430.66566538933023 0 0)
(430.66566538933023 0 0)
(430.66566538933023 0 0)
(430.66566538933023 0 0)
(430.66566538933023 0 0)
(430.66566538933023 0 0)
(430.66566538933023 0 0)
(430.66566538933023 0 0)
(430.66566538933023 0 0)
(430.66566538933023 0 0)
(430.66566538933023 0 0)
(430.66566538933023 0 0)
(430.66566538933023 0 0)
(430.66566538933023 0 0)
(430.66566538933023 0 0)
(430.66566538933023 0 0)
(430.66566538933023 0 0)
(430.6652154778193 0 0)
(430.6652154778193 0 0)
(430.6652154778193 0 0)
(430.6652154778193 0 0)
(430.6652154778193 0 0)
(430.6652154778193 0 0)
(430.6652154778193 0 0)
(430.6652154778193 0 0)
(430.6652154778193 0 0)
(430.6652154778193 0 0)
(430.6652154778193 0 0)
(430.6647655663084 0 0)
(430.6647655663084 0 0)
(430.6647655663084 0 0)
(430.6647655663084 0 0)
(430.6647655663084 0 0)
(430.6647655663084 0 0)
(430.6643156547975 0 0)
(430.6643156547975 0 0)
(430.6643156547975 0 0)
(430.6643156547975 0 0)
(430.66386574328664 0 0)
(430.66386574328664 0 0)
(430.66386574328664 0 0)
(430.66386574328664 0 0)
(430.6634158317757 0 0)
(430.6634158317757 0 0)
(430.6629659202648 0 0)
(430.6629659202648 0 0)
(430.6629659202648 0 0)
(430.6625160087539 0 0)
(430.6625160087539 0 0)
(430.662066097243 0 0)
(430.6616161857321 0 0)
(430.6616161857321 0 0)
(430.6611662742212 0 0)
(430.66071636271033 0 0)
(430.66071636271033 0 0)
(430.6602664511994 0 0)
(430.6598165396885 0 0)
(430.6593666281776 0 0)
(430.6589167166667 0 0)
(430.6584668051558 0 0)
(430.65801689364486 0 0)
(430.657566982134 0 0)
(430.6566671591122 0 0)
(430.65621724760126 0 0)
(430.6553174245795 0 0)
(430.65486751306855 0 0)
(430.6539676900468 0 0)
(430.65306786702496 0 0)
(430.6521680440032 0 0)
(430.65126822098136 0 0)
(430.6503683979596 0 0)
(430.6490186634269 0 0)
(430.64811884040506 0 0)
(433.28575849672586 0 0)
(433.28575849672586 0 0)
(433.28575849672586 0 0)
(433.28575849672586 0 0)
(433.28575849672586 0 0)
(433.28575849672586 0 0)
(433.28575849672586 0 0)
(433.28575849672586 0 0)
(433.28575849672586 0 0)
(433.28575849672586 0 0)
(433.28575849672586 0 0)
(433.28575849672586 0 0)
(433.28575849672586 0 0)
(433.28575849672586 0 0)
(433.28575849672586 0 0)
(433.28575849672586 0 0)
(433.28575849672586 0 0)
(433.28575849672586 0 0)
(433.28575849672586 0 0)
(433.28575849672586 0 0)
(433.28575849672586 0 0)
(433.28575849672586 0 0)
(433.28575849672586 0 0)
(433.28575849672586 0 0)
(433.28575849672586 0 0)
(433.28575849672586 0 0)
(433.28575849672586 0 0)
(433.28575849672586 0 0)
(433.28575849672586 0 0)
(433.28531008099634 0 0)
(433.28531008099634 0 0)
(433.28531008099634 0 0)
(433.28531008099634 0 0)
(433.28531008099634 0 0)
(433.28531008099634 0 0)
(433.28531008099634 0 0)
(433.28531008099634 0 0)
(433.28531008099634 0 0)
(433.28531008099634 0 0)
(433.2848616652669 0 0)
(433.2848616652669 0 0)
(433.2848616652669 0 0)
(433.2848616652669 0 0)
(433.2848616652669 0 0)
(433.2848616652669 0 0)
(433.28441324953735 0 0)
(433.28441324953735 0 0)
(433.28441324953735 0 0)
(433.28441324953735 0 0)
(433.28441324953735 0 0)
(433.2839648338079 0 0)
(433.2839648338079 0 0)
(433.2839648338079 0 0)
(433.2835164180784 0 0)
(433.2835164180784 0 0)
(433.2835164180784 0 0)
(433.2830680023489 0 0)
(433.2830680023489 0 0)
(433.28261958661943 0 0)
(433.28261958661943 0 0)
(433.28217117088997 0 0)
(433.28217117088997 0 0)
(433.28172275516044 0 0)
(433.281274339431 0 0)
(433.281274339431 0 0)
(433.28082592370146 0 0)
(433.280377507972 0 0)
(433.2799290922425 0 0)
(433.279480676513 0 0)
(433.2790322607835 0 0)
(433.2785838450541 0 0)
(433.27813542932455 0 0)
(433.277687013595 0 0)
(433.27723859786556 0 0)
(433.2763417664066 0 0)
(433.2758933506771 0 0)
(433.2749965192182 0 0)
(433.27454810348866 0 0)
(433.2736512720297 0 0)
(433.2727544405707 0 0)
(433.27185760911175 0 0)
(433.27096077765276 0 0)
(433.2696155304643 0 0)
(433.2687186990053 0 0)
(433.26737345181687 0 0)
(435.90429561318695 0 0)
(435.90429561318695 0 0)
(435.90429561318695 0 0)
(435.90429561318695 0 0)
(435.90429561318695 0 0)
(435.90429561318695 0 0)
(435.90429561318695 0 0)
(435.90429561318695 0 0)
(435.90429561318695 0 0)
(435.90429561318695 0 0)
(435.90429561318695 0 0)
(435.90429561318695 0 0)
(435.90429561318695 0 0)
(435.90429561318695 0 0)
(435.90429561318695 0 0)
(435.90429561318695 0 0)
(435.90429561318695 0 0)
(435.90429561318695 0 0)
(435.90429561318695 0 0)
(435.90429561318695 0 0)
(435.90429561318695 0 0)
(435.90429561318695 0 0)
(435.90429561318695 0 0)
(435.90429561318695 0 0)
(435.90429561318695 0 0)
(435.90429561318695 0 0)
(435.90429561318695 0 0)
(435.90429561318695 0 0)
(435.90429561318695 0 0)
(435.90429561318695 0 0)
(435.9038496770295 0 0)
(435.9038496770295 0 0)
(435.9038496770295 0 0)
(435.9038496770295 0 0)
(435.9038496770295 0 0)
(435.9038496770295 0 0)
(435.9038496770295 0 0)
(435.9038496770295 0 0)
(435.9038496770295 0 0)
(435.9038496770295 0 0)
(435.903403740872 0 0)
(435.903403740872 0 0)
(435.903403740872 0 0)
(435.903403740872 0 0)
(435.903403740872 0 0)
(435.9029578047146 0 0)
(435.9029578047146 0 0)
(435.9029578047146 0 0)
(435.9029578047146 0 0)
(435.9029578047146 0 0)
(435.9025118685572 0 0)
(435.9025118685572 0 0)
(435.9025118685572 0 0)
(435.90206593239975 0 0)
(435.90206593239975 0 0)
(435.90206593239975 0 0)
(435.9016199962423 0 0)
(435.9016199962423 0 0)
(435.9011740600849 0 0)
(435.9011740600849 0 0)
(435.9007281239275 0 0)
(435.9007281239275 0 0)
(435.90028218777 0 0)
(435.89983625161256 0 0)
(435.8993903154551 0 0)
(435.8993903154551 0 0)
(435.8989443792977 0 0)
(435.8984984431403 0 0)
(435.8980525069828 0 0)
(435.8976065708254 0 0)
(435.89716063466796 0 0)
(435.89671469851055 0 0)
(435.8962687623531 0 0)
(435.8953768900382 0 0)
(435.89493095388076 0 0)
(435.89403908156595 0 0)
(435.8935931454085 0 0)
(435.89270127309356 0 0)
(435.89180940077875 0 0)
(435.89091752846383 0 0)
(435.890025656149 0 0)
(435.8891337838341 0 0)
(435.8877959753618 0 0)
(435.88690410304696 0 0)
(435.8855662945747 0 0)
(438.52262690555807 0 0)
(438.52262690555807 0 0)
(438.52262690555807 0 0)
(438.52262690555807 0 0)
(438.52262690555807 0 0)
(438.52262690555807 0 0)
(438.52262690555807 0 0)
(438.52262690555807 0 0)
(438.52262690555807 0 0)
(438.52262690555807 0 0)
(438.52262690555807 0 0)
(438.52262690555807 0 0)
(438.52262690555807 0 0)
(438.52262690555807 0 0)
(438.52262690555807 0 0)
(438.52262690555807 0 0)
(438.52218327097785 0 0)
(438.52218327097785 0 0)
(438.52218327097785 0 0)
(438.52218327097785 0 0)
(438.52218327097785 0 0)
(438.52218327097785 0 0)
(438.52218327097785 0 0)
(438.52218327097785 0 0)
(438.52218327097785 0 0)
(438.52218327097785 0 0)
(438.52218327097785 0 0)
(438.52218327097785 0 0)
(438.52218327097785 0 0)
(438.52218327097785 0 0)
(438.52218327097785 0 0)
(438.52218327097785 0 0)
(438.52218327097785 0 0)
(438.52218327097785 0 0)
(438.5217396363976 0 0)
(438.5217396363976 0 0)
(438.5217396363976 0 0)
(438.5217396363976 0 0)
(438.5217396363976 0 0)
(438.5217396363976 0 0)
(438.5217396363976 0 0)
(438.52129600181746 0 0)
(438.52129600181746 0 0)
(438.52129600181746 0 0)
(438.52129600181746 0 0)
(438.52129600181746 0 0)
(438.52129600181746 0 0)
(438.52085236723724 0 0)
(438.52085236723724 0 0)
(438.52085236723724 0 0)
(438.520408732657 0 0)
(438.520408732657 0 0)
(438.520408732657 0 0)
(438.51996509807685 0 0)
(438.51996509807685 0 0)
(438.51996509807685 0 0)
(438.51952146349663 0 0)
(438.51952146349663 0 0)
(438.5190778289164 0 0)
(438.5190778289164 0 0)
(438.5186341943362 0 0)
(438.5186341943362 0 0)
(438.518190559756 0 0)
(438.5177469251758 0 0)
(438.5177469251758 0 0)
(438.5173032905956 0 0)
(438.5168596560154 0 0)
(438.5164160214352 0 0)
(438.515972386855 0 0)
(438.5155287522748 0 0)
(438.5150851176946 0 0)
(438.5146414831144 0 0)
(438.513754213954 0 0)
(438.51331057937375 0 0)
(438.5128669447936 0 0)
(438.51197967563314 0 0)
(438.51109240647276 0 0)
(438.51064877189253 0 0)
(438.5097615027321 0 0)
(438.5088742335717 0 0)
(438.5075433298311 0 0)
(438.50665606067065 0 0)
(438.50576879151026 0 0)
(438.50443788776965 0 0)
(438.50310698402905 0 0)
(441.13983589898027 0 0)
(441.13983589898027 0 0)
(441.13939462280536 0 0)
(441.13939462280536 0 0)
(441.13939462280536 0 0)
(441.13939462280536 0 0)
(441.13939462280536 0 0)
(441.13939462280536 0 0)
(441.13939462280536 0 0)
(441.13939462280536 0 0)
(441.13939462280536 0 0)
(441.13939462280536 0 0)
(441.13939462280536 0 0)
(441.13939462280536 0 0)
(441.13939462280536 0 0)
(441.13939462280536 0 0)
(441.13939462280536 0 0)
(441.13939462280536 0 0)
(441.13939462280536 0 0)
(441.13939462280536 0 0)
(441.13939462280536 0 0)
(441.13939462280536 0 0)
(441.13939462280536 0 0)
(441.13939462280536 0 0)
(441.13939462280536 0 0)
(441.13939462280536 0 0)
(441.13939462280536 0 0)
(441.13939462280536 0 0)
(441.13939462280536 0 0)
(441.13939462280536 0 0)
(441.1389533466304 0 0)
(441.1389533466304 0 0)
(441.1389533466304 0 0)
(441.1389533466304 0 0)
(441.1389533466304 0 0)
(441.1389533466304 0 0)
(441.1389533466304 0 0)
(441.1389533466304 0 0)
(441.1389533466304 0 0)
(441.13851207045553 0 0)
(441.13851207045553 0 0)
(441.13851207045553 0 0)
(441.13851207045553 0 0)
(441.13851207045553 0 0)
(441.13851207045553 0 0)
(441.1380707942806 0 0)
(441.1380707942806 0 0)
(441.1380707942806 0 0)
(441.1380707942806 0 0)
(441.13762951810565 0 0)
(441.13762951810565 0 0)
(441.13762951810565 0 0)
(441.13718824193074 0 0)
(441.13718824193074 0 0)
(441.13718824193074 0 0)
(441.1367469657559 0 0)
(441.1367469657559 0 0)
(441.1363056895809 0 0)
(441.1363056895809 0 0)
(441.135864413406 0 0)
(441.135864413406 0 0)
(441.1354231372311 0 0)
(441.1349818610562 0 0)
(441.1349818610562 0 0)
(441.1345405848813 0 0)
(441.13409930870637 0 0)
(441.1336580325314 0 0)
(441.13321675635655 0 0)
(441.13277548018164 0 0)
(441.13233420400667 0 0)
(441.13189292783176 0 0)
(441.1314516516569 0 0)
(441.13101037548194 0 0)
(441.1301278231321 0 0)
(441.1296865469572 0 0)
(441.1288039946074 0 0)
(441.12792144225756 0 0)
(441.12748016608265 0 0)
(441.1265976137328 0 0)
(441.12571506138295 0 0)
(441.1243912328582 0 0)
(441.1235086805084 0 0)
(441.12218485198366 0 0)
(441.12130229963384 0 0)
(441.11997847110905 0 0)
(443.7569938247065 0 0)
(443.7569938247065 0 0)
(443.7569938247065 0 0)
(443.7569938247065 0 0)
(443.7569938247065 0 0)
(443.7569938247065 0 0)
(443.7569938247065 0 0)
(443.7569938247065 0 0)
(443.7569938247065 0 0)
(443.7569938247065 0 0)
(443.7569938247065 0 0)
(443.7569938247065 0 0)
(443.7569938247065 0 0)
(443.7569938247065 0 0)
(443.7569938247065 0 0)
(443.7569938247065 0 0)
(443.75655470424914 0 0)
(443.75655470424914 0 0)
(443.75655470424914 0 0)
(443.75655470424914 0 0)
(443.75655470424914 0 0)
(443.75655470424914 0 0)
(443.75655470424914 0 0)
(443.75655470424914 0 0)
(443.75655470424914 0 0)
(443.75655470424914 0 0)
(443.75655470424914 0 0)
(443.75655470424914 0 0)
(443.75655470424914 0 0)
(443.75655470424914 0 0)
(443.75655470424914 0 0)
(443.75655470424914 0 0)
(443.75655470424914 0 0)
(443.7561155837919 0 0)
(443.7561155837919 0 0)
(443.7561155837919 0 0)
(443.7561155837919 0 0)
(443.7561155837919 0 0)
(443.7561155837919 0 0)
(443.7561155837919 0 0)
(443.7561155837919 0 0)
(443.7556764633345 0 0)
(443.7556764633345 0 0)
(443.7556764633345 0 0)
(443.7556764633345 0 0)
(443.7556764633345 0 0)
(443.75523734287714 0 0)
(443.75523734287714 0 0)
(443.75523734287714 0 0)
(443.75523734287714 0 0)
(443.7547982224198 0 0)
(443.7547982224198 0 0)
(443.7547982224198 0 0)
(443.7543591019625 0 0)
(443.7543591019625 0 0)
(443.7539199815052 0 0)
(443.7539199815052 0 0)
(443.7534808610478 0 0)
(443.7534808610478 0 0)
(443.75304174059045 0 0)
(443.75304174059045 0 0)
(443.7526026201332 0 0)
(443.7521634996758 0 0)
(443.7521634996758 0 0)
(443.75172437921844 0 0)
(443.75128525876113 0 0)
(443.7508461383038 0 0)
(443.75040701784644 0 0)
(443.7499678973891 0 0)
(443.7495287769318 0 0)
(443.7490896564745 0 0)
(443.7486505360171 0 0)
(443.7477722951025 0 0)
(443.7473331746451 0 0)
(443.74645493373043 0 0)
(443.7460158132731 0 0)
(443.74513757235843 0 0)
(443.7442593314438 0 0)
(443.74338109052906 0 0)
(443.7425028496144 0 0)
(443.74162460869974 0 0)
(443.74030724732773 0 0)
(443.73942900641305 0 0)
(443.73811164504104 0 0)
(443.73679428366904 0 0)
(446.3695256229931 0 0)
(446.3695256229931 0 0)
(446.3695256229931 0 0)
(446.3695256229931 0 0)
(446.3695256229931 0 0)
(446.3695256229931 0 0)
(446.3695256229931 0 0)
(446.3695256229931 0 0)
(446.3695256229931 0 0)
(446.3695256229931 0 0)
(446.3695256229931 0 0)
(446.3695256229931 0 0)
(446.3695256229931 0 0)
(446.3695256229931 0 0)
(446.3695256229931 0 0)
(446.3690894741119 0 0)
(446.3690894741119 0 0)
(446.3690894741119 0 0)
(446.3690894741119 0 0)
(446.3690894741119 0 0)
(446.3690894741119 0 0)
(446.3690894741119 0 0)
(446.3690894741119 0 0)
(446.3690894741119 0 0)
(446.3690894741119 0 0)
(446.3690894741119 0 0)
(446.3690894741119 0 0)
(446.3690894741119 0 0)
(446.3690894741119 0 0)
(446.3690894741119 0 0)
(446.3690894741119 0 0)
(446.3690894741119 0 0)
(446.3690894741119 0 0)
(446.3686533252307 0 0)
(446.3686533252307 0 0)
(446.3686533252307 0 0)
(446.3686533252307 0 0)
(446.3686533252307 0 0)
(446.3686533252307 0 0)
(446.3686533252307 0 0)
(446.3682171763495 0 0)
(446.3682171763495 0 0)
(446.3682171763495 0 0)
(446.3682171763495 0 0)
(446.3682171763495 0 0)
(446.3682171763495 0 0)
(446.36778102746837 0 0)
(446.36778102746837 0 0)
(446.36778102746837 0 0)
(446.3673448785872 0 0)
(446.3673448785872 0 0)
(446.3673448785872 0 0)
(446.366908729706 0 0)
(446.366908729706 0 0)
(446.366908729706 0 0)
(446.36647258082473 0 0)
(446.36647258082473 0 0)
(446.3660364319436 0 0)
(446.3660364319436 0 0)
(446.3656002830624 0 0)
(446.3656002830624 0 0)
(446.3651641341812 0 0)
(446.3647279853001 0 0)
(446.3642918364189 0 0)
(446.3642918364189 0 0)
(446.3638556875377 0 0)
(446.3634195386565 0 0)
(446.36298338977537 0 0)
(446.3625472408942 0 0)
(446.3621110920129 0 0)
(446.36167494313173 0 0)
(446.3608026453694 0 0)
(446.3603664964882 0 0)
(446.359930347607 0 0)
(446.3590580498447 0 0)
(446.3581857520823 0 0)
(446.3577496032011 0 0)
(446.35687730543873 0 0)
(446.3560050076764 0 0)
(446.3546965610328 0 0)
(446.3538242632705 0 0)
(446.35295196550805 0 0)
(446.35164351886453 0 0)
(446.350335072221 0 0)
(446.3490266255775 0 0)
(448.978741465713 0 0)
(448.978741465713 0 0)
(448.978741465713 0 0)
(448.978741465713 0 0)
(448.97830804115443 0 0)
(448.97830804115443 0 0)
(448.97830804115443 0 0)
(448.97830804115443 0 0)
(448.97830804115443 0 0)
(448.97830804115443 0 0)
(448.97830804115443 0 0)
(448.97830804115443 0 0)
(448.97830804115443 0 0)
(448.97830804115443 0 0)
(448.97830804115443 0 0)
(448.97830804115443 0 0)
(448.97830804115443 0 0)
(448.97830804115443 0 0)
(448.97830804115443 0 0)
(448.97830804115443 0 0)
(448.97830804115443 0 0)
(448.97830804115443 0 0)
(448.97830804115443 0 0)
(448.97830804115443 0 0)
(448.97830804115443 0 0)
(448.97830804115443 0 0)
(448.97830804115443 0 0)
(448.97830804115443 0 0)
(448.97830804115443 0 0)
(448.97830804115443 0 0)
(448.9778746165958 0 0)
(448.9778746165958 0 0)
(448.9778746165958 0 0)
(448.9778746165958 0 0)
(448.9778746165958 0 0)
(448.9778746165958 0 0)
(448.9778746165958 0 0)
(448.9778746165958 0 0)
(448.9778746165958 0 0)
(448.9774411920372 0 0)
(448.9774411920372 0 0)
(448.9774411920372 0 0)
(448.9774411920372 0 0)
(448.9774411920372 0 0)
(448.9770077674786 0 0)
(448.9770077674786 0 0)
(448.9770077674786 0 0)
(448.9770077674786 0 0)
(448.97657434292006 0 0)
(448.97657434292006 0 0)
(448.97657434292006 0 0)
(448.97657434292006 0 0)
(448.97614091836147 0 0)
(448.97614091836147 0 0)
(448.9757074938028 0 0)
(448.9757074938028 0 0)
(448.9752740692442 0 0)
(448.9752740692442 0 0)
(448.9748406446857 0 0)
(448.9748406446857 0 0)
(448.9744072201271 0 0)
(448.9744072201271 0 0)
(448.9739737955685 0 0)
(448.9735403710099 0 0)
(448.9731069464513 0 0)
(448.9726735218927 0 0)
(448.9722400973341 0 0)
(448.97180667277553 0 0)
(448.97137324821693 0 0)
(448.97093982365834 0 0)
(448.97050639909975 0 0)
(448.9700729745412 0 0)
(448.96920612542397 0 0)
(448.9687727008654 0 0)
(448.96790585174824 0 0)
(448.9674724271896 0 0)
(448.96660557807246 0 0)
(448.9657387289552 0 0)
(448.9648718798381 0 0)
(448.9640050307209 0 0)
(448.9627047570451 0 0)
(448.96183790792793 0 0)
(448.96053763425215 0 0)
(448.95923736057637 0 0)
(448.95793708690064 0 0)
(451.5840403293096 0 0)
(451.5840403293096 0 0)
(451.5840403293096 0 0)
(451.5840403293096 0 0)
(451.5840403293096 0 0)
(451.5840403293096 0 0)
(451.5840403293096 0 0)
(451.5840403293096 0 0)
(451.5840403293096 0 0)
(451.5840403293096 0 0)
(451.5840403293096 0 0)
(451.5840403293096 0 0)
(451.5840403293096 0 0)
(451.5840403293096 0 0)
(451.5840403293096 0 0)
(451.5840403293096 0 0)
(451.5840403293096 0 0)
(451.5840403293096 0 0)
(451.5840403293096 0 0)
(451.5840403293096 0 0)
(451.5840403293096 0 0)
(451.5840403293096 0 0)
(451.5840403293096 0 0)
(451.5840403293096 0 0)
(451.5840403293096 0 0)
(451.5840403293096 0 0)
(451.5836096302083 0 0)
(451.5836096302083 0 0)
(451.5836096302083 0 0)
(451.5836096302083 0 0)
(451.5836096302083 0 0)
(451.5836096302083 0 0)
(451.5836096302083 0 0)
(451.5836096302083 0 0)
(451.5836096302083 0 0)
(451.5836096302083 0 0)
(451.5836096302083 0 0)
(451.583178931107 0 0)
(451.583178931107 0 0)
(451.583178931107 0 0)
(451.583178931107 0 0)
(451.583178931107 0 0)
(451.583178931107 0 0)
(451.5827482320057 0 0)
(451.5827482320057 0 0)
(451.5827482320057 0 0)
(451.5827482320057 0 0)
(451.5823175329045 0 0)
(451.5823175329045 0 0)
(451.5823175329045 0 0)
(451.5823175329045 0 0)
(451.5818868338032 0 0)
(451.5818868338032 0 0)
(451.5814561347019 0 0)
(451.5814561347019 0 0)
(451.5814561347019 0 0)
(451.5810254356006 0 0)
(451.5810254356006 0 0)
(451.5805947364994 0 0)
(451.5801640373981 0 0)
(451.5801640373981 0 0)
(451.5797333382968 0 0)
(451.5793026391956 0 0)
(451.5793026391956 0 0)
(451.5788719400943 0 0)
(451.578441240993 0 0)
(451.57801054189173 0 0)
(451.5775798427905 0 0)
(451.5771491436892 0 0)
(451.5767184445879 0 0)
(451.57628774548664 0 0)
(451.5754263472841 0 0)
(451.57499564818283 0 0)
(451.5741342499803 0 0)
(451.57370355087903 0 0)
(451.57284215267646 0 0)
(451.57198075447394 0 0)
(451.57111935627137 0 0)
(451.57025795806885 0 0)
(451.5693965598663 0 0)
(451.5681044625625 0 0)
(451.56724306435996 0 0)
(451.56595096705615 0 0)
(451.5646588697523 0 0)
(451.5633667724485 0 0)
(454.1848701973531 0 0)
(454.1848701973531 0 0)
(454.1848701973531 0 0)
(454.1848701973531 0 0)
(454.1848701973531 0 0)
(454.1848701973531 0 0)
(454.1848701973531 0 0)
(454.1848701973531 0 0)
(454.1848701973531 0 0)
(454.1848701973531 0 0)
(454.1848701973531 0 0)
(454.1848701973531 0 0)
(454.1848701973531 0 0)
(454.1848701973531 0 0)
(454.1848701973531 0 0)
(454.1848701973531 0 0)
(454.1848701973531 0 0)
(454.1848701973531 0 0)
(454.1848701973531 0 0)
(454.1848701973531 0 0)
(454.1848701973531 0 0)
(454.1848701973531 0 0)
(454.1848701973531 0 0)
(454.1848701973531 0 0)
(454.1844424292827 0 0)
(454.1844424292827 0 0)
(454.1844424292827 0 0)
(454.1844424292827 0 0)
(454.1844424292827 0 0)
(454.1844424292827 0 0)
(454.1844424292827 0 0)
(454.1844424292827 0 0)
(454.1844424292827 0 0)
(454.1844424292827 0 0)
(454.1844424292827 0 0)
(454.1844424292827 0 0)
(454.1840146612123 0 0)
(454.1840146612123 0 0)
(454.1840146612123 0 0)
(454.1840146612123 0 0)
(454.1840146612123 0 0)
(454.1840146612123 0 0)
(454.1835868931419 0 0)
(454.1835868931419 0 0)
(454.1835868931419 0 0)
(454.1835868931419 0 0)
(454.1835868931419 0 0)
(454.1831591250715 0 0)
(454.1831591250715 0 0)
(454.1831591250715 0 0)
(454.1827313570011 0 0)
(454.1827313570011 0 0)
(454.1827313570011 0 0)
(454.18230358893067 0 0)
(454.18230358893067 0 0)
(454.18187582086034 0 0)
(454.18187582086034 0 0)
(454.1814480527899 0 0)
(454.1814480527899 0 0)
(454.18102028471947 0 0)
(454.18102028471947 0 0)
(454.18059251664914 0 0)
(454.1801647485787 0 0)
(454.17973698050827 0 0)
(454.17973698050827 0 0)
(454.1793092124379 0 0)
(454.1788814443675 0 0)
(454.1784536762971 0 0)
(454.1780259082267 0 0)
(454.1771703720859 0 0)
(454.1767426040155 0 0)
(454.17631483594505 0 0)
(454.1754592998043 0 0)
(454.1750315317339 0 0)
(454.17417599559303 0 0)
(454.1737482275227 0 0)
(454.17289269138183 0 0)
(454.17203715524107 0 0)
(454.17118161910025 0 0)
(454.16989831488905 0 0)
(454.1690427787483 0 0)
(454.16775947453704 0 0)
(454.1669039383963 0 0)
(454.1656206341851 0 0)
(454.16390956190344 0 0)
(456.77763813516077 0 0)
(456.77763813516077 0 0)
(456.77763813516077 0 0)
(456.77763813516077 0 0)
(456.77763813516077 0 0)
(456.77763813516077 0 0)
(456.77763813516077 0 0)
(456.77763813516077 0 0)
(456.77763813516077 0 0)
(456.77763813516077 0 0)
(456.77763813516077 0 0)
(456.77763813516077 0 0)
(456.77763813516077 0 0)
(456.77763813516077 0 0)
(456.77763813516077 0 0)
(456.77763813516077 0 0)
(456.77763813516077 0 0)
(456.77763813516077 0 0)
(456.77763813516077 0 0)
(456.77763813516077 0 0)
(456.77763813516077 0 0)
(456.77763813516077 0 0)
(456.77763813516077 0 0)
(456.77763813516077 0 0)
(456.77763813516077 0 0)
(456.77763813516077 0 0)
(456.7772137868895 0 0)
(456.7772137868895 0 0)
(456.7772137868895 0 0)
(456.7772137868895 0 0)
(456.7772137868895 0 0)
(456.7772137868895 0 0)
(456.7772137868895 0 0)
(456.7772137868895 0 0)
(456.7772137868895 0 0)
(456.7772137868895 0 0)
(456.7772137868895 0 0)
(456.77678943861815 0 0)
(456.77678943861815 0 0)
(456.77678943861815 0 0)
(456.77678943861815 0 0)
(456.77678943861815 0 0)
(456.77678943861815 0 0)
(456.7763650903468 0 0)
(456.7763650903468 0 0)
(456.7763650903468 0 0)
(456.7763650903468 0 0)
(456.7759407420755 0 0)
(456.7759407420755 0 0)
(456.7759407420755 0 0)
(456.7755163938042 0 0)
(456.7755163938042 0 0)
(456.7755163938042 0 0)
(456.77509204553286 0 0)
(456.77509204553286 0 0)
(456.77466769726146 0 0)
(456.77466769726146 0 0)
(456.7742433489901 0 0)
(456.7742433489901 0 0)
(456.77381900071885 0 0)
(456.77381900071885 0 0)
(456.7733946524475 0 0)
(456.77297030417617 0 0)
(456.77254595590483 0 0)
(456.77254595590483 0 0)
(456.77212160763355 0 0)
(456.7716972593622 0 0)
(456.7712729110909 0 0)
(456.7708485628196 0 0)
(456.7699998662769 0 0)
(456.7695755180056 0 0)
(456.76915116973424 0 0)
(456.76830247319157 0 0)
(456.76787812492023 0 0)
(456.7670294283776 0 0)
(456.76618073183494 0 0)
(456.76575638356366 0 0)
(456.764907687021 0 0)
(456.763634642207 0 0)
(456.76278594566435 0 0)
(456.7619372491217 0 0)
(456.7606642043077 0 0)
(456.75939115949376 0 0)
(456.75811811467975 0 0)
(456.7568450698658 0 0)
(459.36517411251066 0 0)
(459.36517411251066 0 0)
(459.36517411251066 0 0)
(459.36517411251066 0 0)
(459.36517411251066 0 0)
(459.36517411251066 0 0)
(459.36517411251066 0 0)
(459.36517411251066 0 0)
(459.36517411251066 0 0)
(459.36517411251066 0 0)
(459.36517411251066 0 0)
(459.36517411251066 0 0)
(459.36517411251066 0 0)
(459.36517411251066 0 0)
(459.36517411251066 0 0)
(459.36517411251066 0 0)
(459.36517411251066 0 0)
(459.3647527583375 0 0)
(459.3647527583375 0 0)
(459.3647527583375 0 0)
(459.3647527583375 0 0)
(459.3647527583375 0 0)
(459.3647527583375 0 0)
(459.3647527583375 0 0)
(459.3647527583375 0 0)
(459.3647527583375 0 0)
(459.3647527583375 0 0)
(459.3647527583375 0 0)
(459.3647527583375 0 0)
(459.3647527583375 0 0)
(459.3647527583375 0 0)
(459.3647527583375 0 0)
(459.3647527583375 0 0)
(459.3643314041643 0 0)
(459.3643314041643 0 0)
(459.3643314041643 0 0)
(459.3643314041643 0 0)
(459.3643314041643 0 0)
(459.3643314041643 0 0)
(459.3643314041643 0 0)
(459.3639100499912 0 0)
(459.3639100499912 0 0)
(459.3639100499912 0 0)
(459.3639100499912 0 0)
(459.3639100499912 0 0)
(459.36348869581803 0 0)
(459.36348869581803 0 0)
(459.36348869581803 0 0)
(459.36348869581803 0 0)
(459.36306734164486 0 0)
(459.36306734164486 0 0)
(459.36306734164486 0 0)
(459.3626459874717 0 0)
(459.3626459874717 0 0)
(459.3622246332986 0 0)
(459.3622246332986 0 0)
(459.3618032791254 0 0)
(459.3618032791254 0 0)
(459.36138192495224 0 0)
(459.36138192495224 0 0)
(459.36096057077907 0 0)
(459.36053921660596 0 0)
(459.36053921660596 0 0)
(459.3601178624328 0 0)
(459.3596965082596 0 0)
(459.35927515408645 0 0)
(459.35885379991333 0 0)
(459.35843244574016 0 0)
(459.358011091567 0 0)
(459.3575897373938 0 0)
(459.3571683832207 0 0)
(459.35632567487437 0 0)
(459.35590432070126 0 0)
(459.3550616123549 0 0)
(459.35464025818175 0 0)
(459.35379754983546 0 0)
(459.3529548414891 0 0)
(459.35211213314284 0 0)
(459.3512694247965 0 0)
(459.35000536227705 0 0)
(459.34916265393076 0 0)
(459.34789859141125 0 0)
(459.34705588306497 0 0)
(459.3457918205455 0 0)
(459.3441064038529 0 0)
(461.9455805467781 0 0)
(461.9455805467781 0 0)
(461.9455805467781 0 0)
(461.9455805467781 0 0)
(461.9455805467781 0 0)
(461.9455805467781 0 0)
(461.9455805467781 0 0)
(461.9455805467781 0 0)
(461.9455805467781 0 0)
(461.9455805467781 0 0)
(461.9455805467781 0 0)
(461.9455805467781 0 0)
(461.9455805467781 0 0)
(461.9455805467781 0 0)
(461.9455805467781 0 0)
(461.9455805467781 0 0)
(461.9455805467781 0 0)
(461.9455805467781 0 0)
(461.9455805467781 0 0)
(461.9455805467781 0 0)
(461.94516239632696 0 0)
(461.94516239632696 0 0)
(461.94516239632696 0 0)
(461.94516239632696 0 0)
(461.94516239632696 0 0)
(461.94516239632696 0 0)
(461.94516239632696 0 0)
(461.94516239632696 0 0)
(461.94516239632696 0 0)
(461.94516239632696 0 0)
(461.94516239632696 0 0)
(461.94516239632696 0 0)
(461.94516239632696 0 0)
(461.94516239632696 0 0)
(461.94474424587577 0 0)
(461.94474424587577 0 0)
(461.94474424587577 0 0)
(461.94474424587577 0 0)
(461.94474424587577 0 0)
(461.94474424587577 0 0)
(461.94474424587577 0 0)
(461.94432609542457 0 0)
(461.94432609542457 0 0)
(461.94432609542457 0 0)
(461.94432609542457 0 0)
(461.94432609542457 0 0)
(461.94390794497343 0 0)
(461.94390794497343 0 0)
(461.94390794497343 0 0)
(461.9434897945222 0 0)
(461.9434897945222 0 0)
(461.9434897945222 0 0)
(461.943071644071 0 0)
(461.943071644071 0 0)
(461.943071644071 0 0)
(461.9426534936198 0 0)
(461.9426534936198 0 0)
(461.94223534316865 0 0)
(461.94181719271745 0 0)
(461.94181719271745 0 0)
(461.94139904226626 0 0)
(461.94139904226626 0 0)
(461.94098089181506 0 0)
(461.9405627413639 0 0)
(461.9401445909127 0 0)
(461.9397264404615 0 0)
(461.93930829001033 0 0)
(461.9388901395592 0 0)
(461.938471989108 0 0)
(461.9380538386568 0 0)
(461.9376356882056 0 0)
(461.9367993873032 0 0)
(461.936381236852 0 0)
(461.9355449359497 0 0)
(461.9351267854985 0 0)
(461.9342904845961 0 0)
(461.93345418369375 0 0)
(461.93261788279136 0 0)
(461.93178158188897 0 0)
(461.93052713053544 0 0)
(461.92969082963305 0 0)
(461.9284363782795 0 0)
(461.9276000773772 0 0)
(461.9259274755724 0 0)
(461.9246730242188 0 0)
(464.51718529329503 0 0)
(464.51718529329503 0 0)
(464.51718529329503 0 0)
(464.51718529329503 0 0)
(464.51718529329503 0 0)
(464.51718529329503 0 0)
(464.51718529329503 0 0)
(464.51718529329503 0 0)
(464.51718529329503 0 0)
(464.51718529329503 0 0)
(464.51718529329503 0 0)
(464.51718529329503 0 0)
(464.51718529329503 0 0)
(464.51718529329503 0 0)
(464.51718529329503 0 0)
(464.5167706520911 0 0)
(464.5167706520911 0 0)
(464.5167706520911 0 0)
(464.5167706520911 0 0)
(464.5167706520911 0 0)
(464.5167706520911 0 0)
(464.5167706520911 0 0)
(464.5167706520911 0 0)
(464.5167706520911 0 0)
(464.5167706520911 0 0)
(464.5167706520911 0 0)
(464.5167706520911 0 0)
(464.5167706520911 0 0)
(464.5167706520911 0 0)
(464.5167706520911 0 0)
(464.5167706520911 0 0)
(464.5167706520911 0 0)
(464.51635601088725 0 0)
(464.51635601088725 0 0)
(464.51635601088725 0 0)
(464.51635601088725 0 0)
(464.51635601088725 0 0)
(464.51635601088725 0 0)
(464.51635601088725 0 0)
(464.51635601088725 0 0)
(464.5159413696834 0 0)
(464.5159413696834 0 0)
(464.5159413696834 0 0)
(464.5159413696834 0 0)
(464.5159413696834 0 0)
(464.5155267284795 0 0)
(464.5155267284795 0 0)
(464.5155267284795 0 0)
(464.5155267284795 0 0)
(464.51511208727555 0 0)
(464.51511208727555 0 0)
(464.51511208727555 0 0)
(464.5146974460717 0 0)
(464.5146974460717 0 0)
(464.51428280486783 0 0)
(464.51428280486783 0 0)
(464.5138681636639 0 0)
(464.5138681636639 0 0)
(464.51345352246 0 0)
(464.51345352246 0 0)
(464.51303888125614 0 0)
(464.5126242400523 0 0)
(464.5126242400523 0 0)
(464.51220959884836 0 0)
(464.51179495764444 0 0)
(464.5113803164406 0 0)
(464.5109656752367 0 0)
(464.5105510340328 0 0)
(464.51013639282894 0 0)
(464.509721751625 0 0)
(464.50889246921724 0 0)
(464.5084778280134 0 0)
(464.5080631868095 0 0)
(464.5072339044017 0 0)
(464.50640462199397 0 0)
(464.50598998079005 0 0)
(464.50516069838227 0 0)
(464.5043314159745 0 0)
(464.5035021335667 0 0)
(464.502258209955 0 0)
(464.5014289275473 0 0)
(464.5001850039356 0 0)
(464.49894108032396 0 0)
(464.49769715671226 0 0)
(464.4964532331006 0 0)
(467.07984877868034 0 0)
(467.07984877868034 0 0)
(467.07984877868034 0 0)
(467.07984877868034 0 0)
(467.07984877868034 0 0)
(467.07984877868034 0 0)
(467.07984877868034 0 0)
(467.07984877868034 0 0)
(467.07984877868034 0 0)
(467.07984877868034 0 0)
(467.07984877868034 0 0)
(467.07984877868034 0 0)
(467.07984877868034 0 0)
(467.07984877868034 0 0)
(467.07984877868034 0 0)
(467.07984877868034 0 0)
(467.07984877868034 0 0)
(467.07984877868034 0 0)
(467.07984877868034 0 0)
(467.07984877868034 0 0)
(467.07984877868034 0 0)
(467.07984877868034 0 0)
(467.07984877868034 0 0)
(467.07984877868034 0 0)
(467.07984877868034 0 0)
(467.07984877868034 0 0)
(467.07984877868034 0 0)
(467.07984877868034 0 0)
(467.07984877868034 0 0)
(467.0794375682366 0 0)
(467.0794375682366 0 0)
(467.0794375682366 0 0)
(467.0794375682366 0 0)
(467.0794375682366 0 0)
(467.0794375682366 0 0)
(467.0794375682366 0 0)
(467.0794375682366 0 0)
(467.0794375682366 0 0)
(467.0790263577928 0 0)
(467.0790263577928 0 0)
(467.0790263577928 0 0)
(467.0790263577928 0 0)
(467.0790263577928 0 0)
(467.0786151473491 0 0)
(467.0786151473491 0 0)
(467.0786151473491 0 0)
(467.0786151473491 0 0)
(467.0786151473491 0 0)
(467.07820393690537 0 0)
(467.07820393690537 0 0)
(467.07820393690537 0 0)
(467.0777927264616 0 0)
(467.0777927264616 0 0)
(467.0773815160179 0 0)
(467.0773815160179 0 0)
(467.0773815160179 0 0)
(467.07697030557415 0 0)
(467.07697030557415 0 0)
(467.07655909513045 0 0)
(467.0761478846867 0 0)
(467.0761478846867 0 0)
(467.075736674243 0 0)
(467.07532546379923 0 0)
(467.07532546379923 0 0)
(467.0749142533555 0 0)
(467.0745030429117 0 0)
(467.074091832468 0 0)
(467.07368062202426 0 0)
(467.0732694115805 0 0)
(467.07244699069304 0 0)
(467.0720357802493 0 0)
(467.0716245698055 0 0)
(467.07080214891806 0 0)
(467.07039093847436 0 0)
(467.06956851758684 0 0)
(467.0687460966994 0 0)
(467.0683348862556 0 0)
(467.06751246536817 0 0)
(467.06627883403695 0 0)
(467.06545641314943 0 0)
(467.064633992262 0 0)
(467.06340036093076 0 0)
(467.06216672959954 0 0)
(467.0609330982683 0 0)
(467.0596994669371 0 0)
(469.6321292674669 0 0)
(469.6321292674669 0 0)
(469.6321292674669 0 0)
(469.6321292674669 0 0)
(469.6321292674669 0 0)
(469.6321292674669 0 0)
(469.6321292674669 0 0)
(469.6321292674669 0 0)
(469.6321292674669 0 0)
(469.6321292674669 0 0)
(469.6321292674669 0 0)
(469.6321292674669 0 0)
(469.6321292674669 0 0)
(469.6321292674669 0 0)
(469.6321292674669 0 0)
(469.6321292674669 0 0)
(469.6321292674669 0 0)
(469.6321292674669 0 0)
(469.6321292674669 0 0)
(469.6321292674669 0 0)
(469.6321292674669 0 0)
(469.6321292674669 0 0)
(469.6321292674669 0 0)
(469.6321292674669 0 0)
(469.6321292674669 0 0)
(469.6317218152816 0 0)
(469.6317218152816 0 0)
(469.6317218152816 0 0)
(469.6317218152816 0 0)
(469.6317218152816 0 0)
(469.6317218152816 0 0)
(469.6317218152816 0 0)
(469.6317218152816 0 0)
(469.6317218152816 0 0)
(469.6317218152816 0 0)
(469.6317218152816 0 0)
(469.63131436309624 0 0)
(469.63131436309624 0 0)
(469.63131436309624 0 0)
(469.63131436309624 0 0)
(469.63131436309624 0 0)
(469.63131436309624 0 0)
(469.63090691091094 0 0)
(469.63090691091094 0 0)
(469.63090691091094 0 0)
(469.63090691091094 0 0)
(469.63090691091094 0 0)
(469.63049945872564 0 0)
(469.63049945872564 0 0)
(469.63049945872564 0 0)
(469.63009200654034 0 0)
(469.63009200654034 0 0)
(469.63009200654034 0 0)
(469.629684554355 0 0)
(469.629684554355 0 0)
(469.6292771021697 0 0)
(469.6292771021697 0 0)
(469.6288696499844 0 0)
(469.6288696499844 0 0)
(469.6284621977991 0 0)
(469.6280547456138 0 0)
(469.6280547456138 0 0)
(469.6276472934284 0 0)
(469.6272398412432 0 0)
(469.6268323890578 0 0)
(469.6268323890578 0 0)
(469.6264249368725 0 0)
(469.62601748468717 0 0)
(469.62520258031657 0 0)
(469.62479512813127 0 0)
(469.62438767594597 0 0)
(469.62398022376067 0 0)
(469.62316531939 0 0)
(469.6227578672047 0 0)
(469.6219429628341 0 0)
(469.6211280584635 0 0)
(469.62031315409286 0 0)
(469.61949824972226 0 0)
(469.6186833453516 0 0)
(469.617868440981 0 0)
(469.61664608442504 0 0)
(469.61583118005444 0 0)
(469.61460882349854 0 0)
(469.6133864669426 0 0)
(469.61216411038663 0 0)
(472.1739989603104 0 0)
(472.1739989603104 0 0)
(472.1739989603104 0 0)
(472.1739989603104 0 0)
(472.1739989603104 0 0)
(472.1739989603104 0 0)
(472.1739989603104 0 0)
(472.1739989603104 0 0)
(472.1739989603104 0 0)
(472.1739989603104 0 0)
(472.1739989603104 0 0)
(472.1739989603104 0 0)
(472.1739989603104 0 0)
(472.1739989603104 0 0)
(472.1739989603104 0 0)
(472.1739989603104 0 0)
(472.1739989603104 0 0)
(472.1739989603104 0 0)
(472.1739989603104 0 0)
(472.1739989603104 0 0)
(472.1739989603104 0 0)
(472.1739989603104 0 0)
(472.1739989603104 0 0)
(472.1735951684609 0 0)
(472.1735951684609 0 0)
(472.1735951684609 0 0)
(472.1735951684609 0 0)
(472.1735951684609 0 0)
(472.1735951684609 0 0)
(472.1735951684609 0 0)
(472.1735951684609 0 0)
(472.1735951684609 0 0)
(472.1735951684609 0 0)
(472.1735951684609 0 0)
(472.1735951684609 0 0)
(472.1731913766114 0 0)
(472.1731913766114 0 0)
(472.1731913766114 0 0)
(472.1731913766114 0 0)
(472.1731913766114 0 0)
(472.1731913766114 0 0)
(472.1731913766114 0 0)
(472.1727875847618 0 0)
(472.1727875847618 0 0)
(472.1727875847618 0 0)
(472.1727875847618 0 0)
(472.1723837929123 0 0)
(472.1723837929123 0 0)
(472.1723837929123 0 0)
(472.1723837929123 0 0)
(472.1719800010627 0 0)
(472.1719800010627 0 0)
(472.1719800010627 0 0)
(472.17157620921324 0 0)
(472.17157620921324 0 0)
(472.17117241736366 0 0)
(472.17117241736366 0 0)
(472.17076862551414 0 0)
(472.17076862551414 0 0)
(472.17036483366456 0 0)
(472.16996104181504 0 0)
(472.16996104181504 0 0)
(472.1695572499655 0 0)
(472.16915345811594 0 0)
(472.1687496662664 0 0)
(472.1687496662664 0 0)
(472.1683458744169 0 0)
(472.1679420825674 0 0)
(472.1671344988683 0 0)
(472.16673070701876 0 0)
(472.1663269151692 0 0)
(472.16592312331966 0 0)
(472.1651155396206 0 0)
(472.16471174777104 0 0)
(472.163904164072 0 0)
(472.1630965803729 0 0)
(472.16228899667385 0 0)
(472.16148141297475 0 0)
(472.1606738292757 0 0)
(472.1598662455766 0 0)
(472.1590586618775 0 0)
(472.1578472863289 0 0)
(472.15663591078027 0 0)
(472.15542453523165 0 0)
(472.1542131596831 0 0)
(474.704198009476 0 0)
(474.704198009476 0 0)
(474.704198009476 0 0)
(474.704198009476 0 0)
(474.704198009476 0 0)
(474.704198009476 0 0)
(474.704198009476 0 0)
(474.704198009476 0 0)
(474.704198009476 0 0)
(474.704198009476 0 0)
(474.704198009476 0 0)
(474.704198009476 0 0)
(474.704198009476 0 0)
(474.704198009476 0 0)
(474.704198009476 0 0)
(474.704198009476 0 0)
(474.704198009476 0 0)
(474.704198009476 0 0)
(474.704198009476 0 0)
(474.704198009476 0 0)
(474.704198009476 0 0)
(474.704198009476 0 0)
(474.704198009476 0 0)
(474.704198009476 0 0)
(474.704198009476 0 0)
(474.704198009476 0 0)
(474.70379804124184 0 0)
(474.70379804124184 0 0)
(474.70379804124184 0 0)
(474.70379804124184 0 0)
(474.70379804124184 0 0)
(474.70379804124184 0 0)
(474.70379804124184 0 0)
(474.70379804124184 0 0)
(474.70379804124184 0 0)
(474.70379804124184 0 0)
(474.70379804124184 0 0)
(474.7033980730077 0 0)
(474.7033980730077 0 0)
(474.7033980730077 0 0)
(474.7033980730077 0 0)
(474.7033980730077 0 0)
(474.7033980730077 0 0)
(474.70299810477354 0 0)
(474.70299810477354 0 0)
(474.70299810477354 0 0)
(474.70299810477354 0 0)
(474.70259813653945 0 0)
(474.70259813653945 0 0)
(474.70259813653945 0 0)
(474.70259813653945 0 0)
(474.7021981683053 0 0)
(474.7021981683053 0 0)
(474.70179820007115 0 0)
(474.70179820007115 0 0)
(474.70179820007115 0 0)
(474.701398231837 0 0)
(474.701398231837 0 0)
(474.70099826360286 0 0)
(474.7005982953687 0 0)
(474.7005982953687 0 0)
(474.70019832713456 0 0)
(474.6997983589004 0 0)
(474.6997983589004 0 0)
(474.6993983906663 0 0)
(474.69899842243217 0 0)
(474.698598454198 0 0)
(474.69819848596387 0 0)
(474.6977985177298 0 0)
(474.6973985494956 0 0)
(474.69659861302733 0 0)
(474.6961986447932 0 0)
(474.69579867655904 0 0)
(474.6949987400908 0 0)
(474.69459877185665 0 0)
(474.69379883538835 0 0)
(474.69299889892005 0 0)
(474.69219896245176 0 0)
(474.6913990259835 0 0)
(474.6905990895152 0 0)
(474.6893991848128 0 0)
(474.68859924834453 0 0)
(474.6873993436421 0 0)
(474.6861994389397 0 0)
(474.6849995342373 0 0)
(477.22160050780406 0 0)
(477.22160050780406 0 0)
(477.22160050780406 0 0)
(477.22160050780406 0 0)
(477.22160050780406 0 0)
(477.22160050780406 0 0)
(477.22160050780406 0 0)
(477.22160050780406 0 0)
(477.22160050780406 0 0)
(477.22160050780406 0 0)
(477.22160050780406 0 0)
(477.22160050780406 0 0)
(477.22160050780406 0 0)
(477.22160050780406 0 0)
(477.22160050780406 0 0)
(477.22160050780406 0 0)
(477.22160050780406 0 0)
(477.22160050780406 0 0)
(477.22160050780406 0 0)
(477.22160050780406 0 0)
(477.22160050780406 0 0)
(477.2212045652909 0 0)
(477.2212045652909 0 0)
(477.2212045652909 0 0)
(477.2212045652909 0 0)
(477.2212045652909 0 0)
(477.2212045652909 0 0)
(477.2212045652909 0 0)
(477.2212045652909 0 0)
(477.2212045652909 0 0)
(477.2212045652909 0 0)
(477.2212045652909 0 0)
(477.2212045652909 0 0)
(477.2212045652909 0 0)
(477.2212045652909 0 0)
(477.22080862277784 0 0)
(477.22080862277784 0 0)
(477.22080862277784 0 0)
(477.22080862277784 0 0)
(477.22080862277784 0 0)
(477.22080862277784 0 0)
(477.22080862277784 0 0)
(477.22041268026476 0 0)
(477.22041268026476 0 0)
(477.22041268026476 0 0)
(477.22041268026476 0 0)
(477.2200167377516 0 0)
(477.2200167377516 0 0)
(477.2200167377516 0 0)
(477.2200167377516 0 0)
(477.2196207952385 0 0)
(477.2196207952385 0 0)
(477.2196207952385 0 0)
(477.2192248527254 0 0)
(477.2192248527254 0 0)
(477.2188289102123 0 0)
(477.2188289102123 0 0)
(477.2184329676992 0 0)
(477.2184329676992 0 0)
(477.2180370251861 0 0)
(477.2180370251861 0 0)
(477.21764108267297 0 0)
(477.2172451401599 0 0)
(477.21684919764675 0 0)
(477.21684919764675 0 0)
(477.2164532551337 0 0)
(477.21605731262053 0 0)
(477.21566137010745 0 0)
(477.2152654275944 0 0)
(477.21486948508124 0 0)
(477.214077600055 0 0)
(477.21368165754194 0 0)
(477.2132857150288 0 0)
(477.21249383000264 0 0)
(477.2120978874895 0 0)
(477.2113060024633 0 0)
(477.21051411743707 0 0)
(477.2097222324109 0 0)
(477.20893034738464 0 0)
(477.2081384623585 0 0)
(477.2069506348191 0 0)
(477.2061587497929 0 0)
(477.2049709222536 0 0)
(477.20378309471425 0 0)
(477.20259526717496 0 0)
(479.72519833230245 0 0)
(479.72519833230245 0 0)
(479.72519833230245 0 0)
(479.72519833230245 0 0)
(479.72519833230245 0 0)
(479.72519833230245 0 0)
(479.72519833230245 0 0)
(479.72519833230245 0 0)
(479.72519833230245 0 0)
(479.72519833230245 0 0)
(479.72519833230245 0 0)
(479.72519833230245 0 0)
(479.72519833230245 0 0)
(479.72519833230245 0 0)
(479.72519833230245 0 0)
(479.72519833230245 0 0)
(479.72519833230245 0 0)
(479.72519833230245 0 0)
(479.72519833230245 0 0)
(479.72519833230245 0 0)
(479.72519833230245 0 0)
(479.72519833230245 0 0)
(479.72519833230245 0 0)
(479.72519833230245 0 0)
(479.72519833230245 0 0)
(479.72519833230245 0 0)
(479.72519833230245 0 0)
(479.72480647163184 0 0)
(479.72480647163184 0 0)
(479.72480647163184 0 0)
(479.72480647163184 0 0)
(479.72480647163184 0 0)
(479.72480647163184 0 0)
(479.72480647163184 0 0)
(479.72480647163184 0 0)
(479.72480647163184 0 0)
(479.72480647163184 0 0)
(479.72480647163184 0 0)
(479.7244146109613 0 0)
(479.7244146109613 0 0)
(479.7244146109613 0 0)
(479.7244146109613 0 0)
(479.7244146109613 0 0)
(479.7244146109613 0 0)
(479.72402275029066 0 0)
(479.72402275029066 0 0)
(479.72402275029066 0 0)
(479.72402275029066 0 0)
(479.72363088962004 0 0)
(479.72363088962004 0 0)
(479.72363088962004 0 0)
(479.7232390289494 0 0)
(479.7232390289494 0 0)
(479.7232390289494 0 0)
(479.72284716827886 0 0)
(479.72284716827886 0 0)
(479.72245530760824 0 0)
(479.72245530760824 0 0)
(479.7220634469376 0 0)
(479.7220634469376 0 0)
(479.721671586267 0 0)
(479.72127972559645 0 0)
(479.72127972559645 0 0)
(479.7208878649258 0 0)
(479.7204960042552 0 0)
(479.7201041435846 0 0)
(479.719712282914 0 0)
(479.71932042224336 0 0)
(479.71892856157274 0 0)
(479.7185367009021 0 0)
(479.71814484023156 0 0)
(479.71775297956094 0 0)
(479.7169692582197 0 0)
(479.71657739754914 0 0)
(479.7157936762079 0 0)
(479.71540181553735 0 0)
(479.7146180941961 0 0)
(479.71383437285493 0 0)
(479.7130506515137 0 0)
(479.7122669301725 0 0)
(479.71109134816066 0 0)
(479.71030762681943 0 0)
(479.70913204480763 0 0)
(479.7079564627958 0 0)
(479.706780880784 0 0)
(482.2163090343636 0 0)
(482.21592113173165 0 0)
(482.21592113173165 0 0)
(482.21592113173165 0 0)
(482.21592113173165 0 0)
(482.21592113173165 0 0)
(482.21592113173165 0 0)
(482.21592113173165 0 0)
(482.21592113173165 0 0)
(482.21592113173165 0 0)
(482.21592113173165 0 0)
(482.21592113173165 0 0)
(482.21592113173165 0 0)
(482.21592113173165 0 0)
(482.21592113173165 0 0)
(482.21592113173165 0 0)
(482.21592113173165 0 0)
(482.21592113173165 0 0)
(482.21592113173165 0 0)
(482.21592113173165 0 0)
(482.21592113173165 0 0)
(482.21592113173165 0 0)
(482.21592113173165 0 0)
(482.21592113173165 0 0)
(482.21592113173165 0 0)
(482.21592113173165 0 0)
(482.21592113173165 0 0)
(482.21592113173165 0 0)
(482.21592113173165 0 0)
(482.21592113173165 0 0)
(482.2155332290998 0 0)
(482.2155332290998 0 0)
(482.2155332290998 0 0)
(482.2155332290998 0 0)
(482.2155332290998 0 0)
(482.2155332290998 0 0)
(482.2155332290998 0 0)
(482.2155332290998 0 0)
(482.2155332290998 0 0)
(482.21514532646785 0 0)
(482.21514532646785 0 0)
(482.21514532646785 0 0)
(482.21514532646785 0 0)
(482.21514532646785 0 0)
(482.21514532646785 0 0)
(482.214757423836 0 0)
(482.214757423836 0 0)
(482.214757423836 0 0)
(482.214757423836 0 0)
(482.21436952120405 0 0)
(482.21436952120405 0 0)
(482.21436952120405 0 0)
(482.2139816185722 0 0)
(482.2139816185722 0 0)
(482.21359371594025 0 0)
(482.21359371594025 0 0)
(482.21359371594025 0 0)
(482.2132058133084 0 0)
(482.2132058133084 0 0)
(482.21281791067645 0 0)
(482.2124300080446 0 0)
(482.2124300080446 0 0)
(482.2120421054127 0 0)
(482.2116542027808 0 0)
(482.2116542027808 0 0)
(482.21126630014885 0 0)
(482.210878397517 0 0)
(482.2104904948851 0 0)
(482.2101025922532 0 0)
(482.20971468962125 0 0)
(482.2093267869893 0 0)
(482.2085509817256 0 0)
(482.20816307909365 0 0)
(482.2077751764617 0 0)
(482.206999371198 0 0)
(482.2062235659341 0 0)
(482.20583566330225 0 0)
(482.20505985803845 0 0)
(482.20428405277465 0 0)
(482.20350824751085 0 0)
(482.2023445396152 0 0)
(482.2015687343514 0 0)
(482.20040502645566 0 0)
(482.19924131856 0 0)
(482.19807761066426 0 0)
(484.6917729461176 0 0)
(484.6917729461176 0 0)
(484.6917729461176 0 0)
(484.6917729461176 0 0)
(484.6917729461176 0 0)
(484.6917729461176 0 0)
(484.6917729461176 0 0)
(484.6917729461176 0 0)
(484.6913893316884 0 0)
(484.6913893316884 0 0)
(484.6913893316884 0 0)
(484.6913893316884 0 0)
(484.6913893316884 0 0)
(484.6913893316884 0 0)
(484.6913893316884 0 0)
(484.6913893316884 0 0)
(484.6913893316884 0 0)
(484.6913893316884 0 0)
(484.6913893316884 0 0)
(484.6913893316884 0 0)
(484.6913893316884 0 0)
(484.6913893316884 0 0)
(484.6913893316884 0 0)
(484.6913893316884 0 0)
(484.6913893316884 0 0)
(484.6913893316884 0 0)
(484.6913893316884 0 0)
(484.6913893316884 0 0)
(484.6913893316884 0 0)
(484.6913893316884 0 0)
(484.6913893316884 0 0)
(484.6910057172592 0 0)
(484.6910057172592 0 0)
(484.6910057172592 0 0)
(484.6910057172592 0 0)
(484.6910057172592 0 0)
(484.6910057172592 0 0)
(484.6910057172592 0 0)
(484.6910057172592 0 0)
(484.6910057172592 0 0)
(484.69062210283 0 0)
(484.69062210283 0 0)
(484.69062210283 0 0)
(484.69062210283 0 0)
(484.69062210283 0 0)
(484.6902384884007 0 0)
(484.6902384884007 0 0)
(484.6902384884007 0 0)
(484.6902384884007 0 0)
(484.68985487397157 0 0)
(484.68985487397157 0 0)
(484.68985487397157 0 0)
(484.68985487397157 0 0)
(484.6894712595423 0 0)
(484.6894712595423 0 0)
(484.6890876451131 0 0)
(484.6890876451131 0 0)
(484.6887040306839 0 0)
(484.6887040306839 0 0)
(484.68832041625467 0 0)
(484.68832041625467 0 0)
(484.68793680182546 0 0)
(484.6875531873962 0 0)
(484.6875531873962 0 0)
(484.687169572967 0 0)
(484.68678595853777 0 0)
(484.68640234410856 0 0)
(484.68601872967935 0 0)
(484.6856351152501 0 0)
(484.6852515008209 0 0)
(484.68486788639166 0 0)
(484.68448427196245 0 0)
(484.68410065753324 0 0)
(484.6833334286748 0 0)
(484.6829498142456 0 0)
(484.6821825853872 0 0)
(484.6814153565287 0 0)
(484.6810317420995 0 0)
(484.68026451324107 0 0)
(484.6791136699534 0 0)
(484.67834644109496 0 0)
(484.67757921223654 0 0)
(484.67642836894885 0 0)
(484.67527752566116 0 0)
(484.67451029680274 0 0)
(487.15086940550003 0 0)
(487.15086940550003 0 0)
(487.15086940550003 0 0)
(487.15086940550003 0 0)
(487.15086940550003 0 0)
(487.15086940550003 0 0)
(487.15086940550003 0 0)
(487.15086940550003 0 0)
(487.15086940550003 0 0)
(487.15086940550003 0 0)
(487.15086940550003 0 0)
(487.15086940550003 0 0)
(487.15086940550003 0 0)
(487.15086940550003 0 0)
(487.15086940550003 0 0)
(487.15086940550003 0 0)
(487.15086940550003 0 0)
(487.15086940550003 0 0)
(487.15049020789644 0 0)
(487.15049020789644 0 0)
(487.15049020789644 0 0)
(487.15049020789644 0 0)
(487.15049020789644 0 0)
(487.15049020789644 0 0)
(487.15049020789644 0 0)
(487.15049020789644 0 0)
(487.15049020789644 0 0)
(487.15049020789644 0 0)
(487.15049020789644 0 0)
(487.15049020789644 0 0)
(487.15049020789644 0 0)
(487.15049020789644 0 0)
(487.15049020789644 0 0)
(487.15049020789644 0 0)
(487.1501110102928 0 0)
(487.1501110102928 0 0)
(487.1501110102928 0 0)
(487.1501110102928 0 0)
(487.1501110102928 0 0)
(487.1501110102928 0 0)
(487.1501110102928 0 0)
(487.1501110102928 0 0)
(487.1497318126892 0 0)
(487.1497318126892 0 0)
(487.1497318126892 0 0)
(487.1497318126892 0 0)
(487.1497318126892 0 0)
(487.1493526150856 0 0)
(487.1493526150856 0 0)
(487.1493526150856 0 0)
(487.1493526150856 0 0)
(487.148973417482 0 0)
(487.148973417482 0 0)
(487.148973417482 0 0)
(487.14859421987836 0 0)
(487.14859421987836 0 0)
(487.14821502227477 0 0)
(487.14821502227477 0 0)
(487.1478358246712 0 0)
(487.1478358246712 0 0)
(487.1474566270676 0 0)
(487.1474566270676 0 0)
(487.14707742946393 0 0)
(487.14669823186034 0 0)
(487.14669823186034 0 0)
(487.14631903425675 0 0)
(487.14593983665316 0 0)
(487.1455606390495 0 0)
(487.14518144144597 0 0)
(487.1448022438423 0 0)
(487.1444230462387 0 0)
(487.1440438486351 0 0)
(487.1432854534279 0 0)
(487.1429062558243 0 0)
(487.1425270582207 0 0)
(487.14176866301347 0 0)
(487.1410102678063 0 0)
(487.1406310702027 0 0)
(487.13987267499544 0 0)
(487.13911427978826 0 0)
(487.1379766869774 0 0)
(487.13721829177024 0 0)
(487.136459896563 0 0)
(487.13532230375216 0 0)
(487.1341847109414 0 0)
(489.59499155023605 0 0)
(489.59499155023605 0 0)
(489.59499155023605 0 0)
(489.59499155023605 0 0)
(489.59499155023605 0 0)
(489.59499155023605 0 0)
(489.59499155023605 0 0)
(489.59499155023605 0 0)
(489.59499155023605 0 0)
(489.59499155023605 0 0)
(489.59499155023605 0 0)
(489.59499155023605 0 0)
(489.59499155023605 0 0)
(489.59499155023605 0 0)
(489.59499155023605 0 0)
(489.59499155023605 0 0)
(489.59499155023605 0 0)
(489.59499155023605 0 0)
(489.59499155023605 0 0)
(489.59499155023605 0 0)
(489.59499155023605 0 0)
(489.59499155023605 0 0)
(489.59499155023605 0 0)
(489.59499155023605 0 0)
(489.59499155023605 0 0)
(489.59499155023605 0 0)
(489.59499155023605 0 0)
(489.59499155023605 0 0)
(489.59499155023605 0 0)
(489.59499155023605 0 0)
(489.59499155023605 0 0)
(489.59499155023605 0 0)
(489.59499155023605 0 0)
(489.59499155023605 0 0)
(489.59499155023605 0 0)
(489.59499155023605 0 0)
(489.59499155023605 0 0)
(489.59499155023605 0 0)
(489.59499155023605 0 0)
(489.59499155023605 0 0)
(489.59499155023605 0 0)
(489.59499155023605 0 0)
(489.59499155023605 0 0)
(489.59499155023605 0 0)
(489.59499155023605 0 0)
(489.59499155023605 0 0)
(489.59499155023605 0 0)
(489.59499155023605 0 0)
(489.59499155023605 0 0)
(489.59499155023605 0 0)
(489.59499155023605 0 0)
(489.5912417463933 0 0)
(489.5912417463933 0 0)
(489.5912417463933 0 0)
(489.5912417463933 0 0)
(489.5912417463933 0 0)
(489.5912417463933 0 0)
(489.5912417463933 0 0)
(489.5912417463933 0 0)
(489.5912417463933 0 0)
(489.5912417463933 0 0)
(489.5912417463933 0 0)
(489.5912417463933 0 0)
(489.5912417463933 0 0)
(489.5912417463933 0 0)
(489.5912417463933 0 0)
(489.5912417463933 0 0)
(489.5912417463933 0 0)
(489.58749194255046 0 0)
(489.58749194255046 0 0)
(489.58749194255046 0 0)
(489.58749194255046 0 0)
(489.58749194255046 0 0)
(489.58749194255046 0 0)
(489.58749194255046 0 0)
(489.58749194255046 0 0)
(489.58374213870763 0 0)
(489.58374213870763 0 0)
(489.58374213870763 0 0)
(489.58374213870763 0 0)
(489.58374213870763 0 0)
(489.5799923348648 0 0)
(489.5799923348648 0 0)
(489.5799923348648 0 0)
(489.5799923348648 0 0)
(492.02140589398795 0 0)
(492.02140589398795 0 0)
(492.02140589398795 0 0)
(492.02140589398795 0 0)
(492.02140589398795 0 0)
(492.02140589398795 0 0)
(492.02140589398795 0 0)
(492.02140589398795 0 0)
(492.02140589398795 0 0)
(492.02140589398795 0 0)
(492.02140589398795 0 0)
(492.02140589398795 0 0)
(492.02140589398795 0 0)
(492.02140589398795 0 0)
(492.02140589398795 0 0)
(492.02140589398795 0 0)
(492.02140589398795 0 0)
(492.02140589398795 0 0)
(492.02140589398795 0 0)
(492.02140589398795 0 0)
(492.02140589398795 0 0)
(492.02140589398795 0 0)
(492.02140589398795 0 0)
(492.02140589398795 0 0)
(492.02140589398795 0 0)
(492.02140589398795 0 0)
(492.02140589398795 0 0)
(492.02140589398795 0 0)
(492.02140589398795 0 0)
(492.02140589398795 0 0)
(492.02140589398795 0 0)
(492.02140589398795 0 0)
(492.02140589398795 0 0)
(492.02140589398795 0 0)
(492.02140589398795 0 0)
(492.02140589398795 0 0)
(492.02140589398795 0 0)
(492.02140589398795 0 0)
(492.02140589398795 0 0)
(492.02140589398795 0 0)
(492.02140589398795 0 0)
(492.02140589398795 0 0)
(492.02140589398795 0 0)
(492.02140589398795 0 0)
(492.02140589398795 0 0)
(492.02140589398795 0 0)
(492.02140589398795 0 0)
(492.02140589398795 0 0)
(492.02140589398795 0 0)
(492.02140589398795 0 0)
(492.02140589398795 0 0)
(492.02140589398795 0 0)
(492.0177014446081 0 0)
(492.0177014446081 0 0)
(492.0177014446081 0 0)
(492.0177014446081 0 0)
(492.0177014446081 0 0)
(492.0177014446081 0 0)
(492.0177014446081 0 0)
(492.0177014446081 0 0)
(492.0177014446081 0 0)
(492.0177014446081 0 0)
(492.0177014446081 0 0)
(492.0177014446081 0 0)
(492.0177014446081 0 0)
(492.0177014446081 0 0)
(492.0177014446081 0 0)
(492.0177014446081 0 0)
(492.0177014446081 0 0)
(492.0139969952284 0 0)
(492.0139969952284 0 0)
(492.0139969952284 0 0)
(492.0139969952284 0 0)
(492.0139969952284 0 0)
(492.0139969952284 0 0)
(492.0139969952284 0 0)
(492.0139969952284 0 0)
(492.01029254584864 0 0)
(492.01029254584864 0 0)
(492.01029254584864 0 0)
(492.01029254584864 0 0)
(492.01029254584864 0 0)
(492.0065880964688 0 0)
(492.0065880964688 0 0)
(492.0065880964688 0 0)
(494.4295953801463 0 0)
(494.4295953801463 0 0)
(494.4295953801463 0 0)
(494.4295953801463 0 0)
(494.4295953801463 0 0)
(494.4295953801463 0 0)
(494.4295953801463 0 0)
(494.4295953801463 0 0)
(494.4295953801463 0 0)
(494.4295953801463 0 0)
(494.4295953801463 0 0)
(494.4295953801463 0 0)
(494.4295953801463 0 0)
(494.4295953801463 0 0)
(494.4295953801463 0 0)
(494.4295953801463 0 0)
(494.4295953801463 0 0)
(494.4295953801463 0 0)
(494.4295953801463 0 0)
(494.4295953801463 0 0)
(494.4295953801463 0 0)
(494.4295953801463 0 0)
(494.4295953801463 0 0)
(494.4295953801463 0 0)
(494.4295953801463 0 0)
(494.4295953801463 0 0)
(494.4295953801463 0 0)
(494.4295953801463 0 0)
(494.4295953801463 0 0)
(494.4295953801463 0 0)
(494.4295953801463 0 0)
(494.4295953801463 0 0)
(494.4295953801463 0 0)
(494.4295953801463 0 0)
(494.4295953801463 0 0)
(494.4295953801463 0 0)
(494.4295953801463 0 0)
(494.4295953801463 0 0)
(494.4295953801463 0 0)
(494.4295953801463 0 0)
(494.4295953801463 0 0)
(494.4295953801463 0 0)
(494.4295953801463 0 0)
(494.4295953801463 0 0)
(494.4295953801463 0 0)
(494.4295953801463 0 0)
(494.4295953801463 0 0)
(494.4295953801463 0 0)
(494.4295953801463 0 0)
(494.4295953801463 0 0)
(494.4295953801463 0 0)
(494.4295953801463 0 0)
(494.4295953801463 0 0)
(494.4295953801463 0 0)
(494.4295953801463 0 0)
(494.4295953801463 0 0)
(494.4295953801463 0 0)
(494.4295953801463 0 0)
(494.4295953801463 0 0)
(494.4259355177053 0 0)
(494.4259355177053 0 0)
(494.4259355177053 0 0)
(494.4259355177053 0 0)
(494.4259355177053 0 0)
(494.4259355177053 0 0)
(494.4259355177053 0 0)
(494.4259355177053 0 0)
(494.4259355177053 0 0)
(494.4259355177053 0 0)
(494.4259355177053 0 0)
(494.4259355177053 0 0)
(494.4259355177053 0 0)
(494.4222756552643 0 0)
(494.4222756552643 0 0)
(494.4222756552643 0 0)
(494.4222756552643 0 0)
(494.4222756552643 0 0)
(494.4222756552643 0 0)
(494.4222756552643 0 0)
(494.4186157928234 0 0)
(494.4186157928234 0 0)
(494.4186157928234 0 0)
(494.4186157928234 0 0)
(494.4186157928234 0 0)
(494.4149559303824 0 0)
(496.8190952131338 0 0)
(496.8190952131338 0 0)
(496.8190952131338 0 0)
(496.8190952131338 0 0)
(496.8190952131338 0 0)
(496.8190952131338 0 0)
(496.8190952131338 0 0)
(496.8190952131338 0 0)
(496.8190952131338 0 0)
(496.8190952131338 0 0)
(496.8190952131338 0 0)
(496.8190952131338 0 0)
(496.8190952131338 0 0)
(496.8190952131338 0 0)
(496.8190952131338 0 0)
(496.8190952131338 0 0)
(496.8190952131338 0 0)
(496.8190952131338 0 0)
(496.8190952131338 0 0)
(496.8190952131338 0 0)
(496.8190952131338 0 0)
(496.8190952131338 0 0)
(496.8190952131338 0 0)
(496.8190952131338 0 0)
(496.8190952131338 0 0)
(496.8190952131338 0 0)
(496.8190952131338 0 0)
(496.8190952131338 0 0)
(496.8190952131338 0 0)
(496.8190952131338 0 0)
(496.8190952131338 0 0)
(496.8190952131338 0 0)
(496.8190952131338 0 0)
(496.8190952131338 0 0)
(496.8190952131338 0 0)
(496.8190952131338 0 0)
(496.8190952131338 0 0)
(496.8190952131338 0 0)
(496.8190952131338 0 0)
(496.8190952131338 0 0)
(496.8190952131338 0 0)
(496.8190952131338 0 0)
(496.8190952131338 0 0)
(496.8190952131338 0 0)
(496.8154856967697 0 0)
(496.8154856967697 0 0)
(496.8154856967697 0 0)
(496.8154856967697 0 0)
(496.8154856967697 0 0)
(496.8154856967697 0 0)
(496.8154856967697 0 0)
(496.8154856967697 0 0)
(496.8154856967697 0 0)
(496.8154856967697 0 0)
(496.8154856967697 0 0)
(496.8154856967697 0 0)
(496.8154856967697 0 0)
(496.8154856967697 0 0)
(496.8154856967697 0 0)
(496.8154856967697 0 0)
(496.8154856967697 0 0)
(496.8154856967697 0 0)
(496.8154856967697 0 0)
(496.8154856967697 0 0)
(496.8154856967697 0 0)
(496.8154856967697 0 0)
(496.8154856967697 0 0)
(496.8154856967697 0 0)
(496.81187618040565 0 0)
(496.81187618040565 0 0)
(496.81187618040565 0 0)
(496.81187618040565 0 0)
(496.81187618040565 0 0)
(496.81187618040565 0 0)
(496.81187618040565 0 0)
(496.81187618040565 0 0)
(496.81187618040565 0 0)
(496.80826666404164 0 0)
(496.80826666404164 0 0)
(496.80826666404164 0 0)
(496.80826666404164 0 0)
(496.80826666404164 0 0)
(496.80465714767763 0 0)
(496.80465714767763 0 0)
(496.80465714767763 0 0)
(499.18948795085737 0 0)
(499.18948795085737 0 0)
(499.18948795085737 0 0)
(499.18948795085737 0 0)
(499.18948795085737 0 0)
(499.18948795085737 0 0)
(499.18948795085737 0 0)
(499.18948795085737 0 0)
(499.18948795085737 0 0)
(499.18948795085737 0 0)
(499.18948795085737 0 0)
(499.18948795085737 0 0)
(499.18948795085737 0 0)
(499.18948795085737 0 0)
(499.18948795085737 0 0)
(499.18948795085737 0 0)
(499.18948795085737 0 0)
(499.18948795085737 0 0)
(499.18948795085737 0 0)
(499.18948795085737 0 0)
(499.18948795085737 0 0)
(499.18948795085737 0 0)
(499.18948795085737 0 0)
(499.18948795085737 0 0)
(499.18948795085737 0 0)
(499.18948795085737 0 0)
(499.18948795085737 0 0)
(499.18948795085737 0 0)
(499.18592345049996 0 0)
(499.18592345049996 0 0)
(499.18592345049996 0 0)
(499.18592345049996 0 0)
(499.18592345049996 0 0)
(499.18592345049996 0 0)
(499.18592345049996 0 0)
(499.18592345049996 0 0)
(499.18592345049996 0 0)
(499.18592345049996 0 0)
(499.18592345049996 0 0)
(499.18592345049996 0 0)
(499.18592345049996 0 0)
(499.18592345049996 0 0)
(499.18592345049996 0 0)
(499.18592345049996 0 0)
(499.18592345049996 0 0)
(499.18592345049996 0 0)
(499.18592345049996 0 0)
(499.18592345049996 0 0)
(499.18592345049996 0 0)
(499.18592345049996 0 0)
(499.18592345049996 0 0)
(499.18592345049996 0 0)
(499.18592345049996 0 0)
(499.18592345049996 0 0)
(499.18592345049996 0 0)
(499.18592345049996 0 0)
(499.18592345049996 0 0)
(499.18592345049996 0 0)
(499.18592345049996 0 0)
(499.18592345049996 0 0)
(499.18592345049996 0 0)
(499.18592345049996 0 0)
(499.18592345049996 0 0)
(499.18592345049996 0 0)
(499.18592345049996 0 0)
(499.18592345049996 0 0)
(499.18592345049996 0 0)
(499.18235895014243 0 0)
(499.18235895014243 0 0)
(499.18235895014243 0 0)
(499.18235895014243 0 0)
(499.18235895014243 0 0)
(499.18235895014243 0 0)
(499.18235895014243 0 0)
(499.18235895014243 0 0)
(499.18235895014243 0 0)
(499.17879444978496 0 0)
(499.17879444978496 0 0)
(499.17879444978496 0 0)
(499.17879444978496 0 0)
(499.17879444978496 0 0)
(499.17879444978496 0 0)
(499.17522994942743 0 0)
(499.17522994942743 0 0)
(499.17522994942743 0 0)
(501.539503483969 0 0)
(501.539503483969 0 0)
(501.539503483969 0 0)
(501.539503483969 0 0)
(501.539503483969 0 0)
(501.539503483969 0 0)
(501.539503483969 0 0)
(501.539503483969 0 0)
(501.539503483969 0 0)
(501.539503483969 0 0)
(501.539503483969 0 0)
(501.539503483969 0 0)
(501.539503483969 0 0)
(501.539503483969 0 0)
(501.539503483969 0 0)
(501.539503483969 0 0)
(501.539503483969 0 0)
(501.539503483969 0 0)
(501.539503483969 0 0)
(501.539503483969 0 0)
(501.539503483969 0 0)
(501.539503483969 0 0)
(501.539503483969 0 0)
(501.539503483969 0 0)
(501.539503483969 0 0)
(501.539503483969 0 0)
(501.539503483969 0 0)
(501.539503483969 0 0)
(501.539503483969 0 0)
(501.539503483969 0 0)
(501.539503483969 0 0)
(501.539503483969 0 0)
(501.539503483969 0 0)
(501.539503483969 0 0)
(501.539503483969 0 0)
(501.539503483969 0 0)
(501.539503483969 0 0)
(501.539503483969 0 0)
(501.539503483969 0 0)
(501.539503483969 0 0)
(501.539503483969 0 0)
(501.539503483969 0 0)
(501.539503483969 0 0)
(501.539503483969 0 0)
(501.535985496644 0 0)
(501.535985496644 0 0)
(501.535985496644 0 0)
(501.535985496644 0 0)
(501.535985496644 0 0)
(501.535985496644 0 0)
(501.535985496644 0 0)
(501.535985496644 0 0)
(501.535985496644 0 0)
(501.535985496644 0 0)
(501.535985496644 0 0)
(501.535985496644 0 0)
(501.535985496644 0 0)
(501.535985496644 0 0)
(501.535985496644 0 0)
(501.535985496644 0 0)
(501.535985496644 0 0)
(501.535985496644 0 0)
(501.535985496644 0 0)
(501.535985496644 0 0)
(501.535985496644 0 0)
(501.535985496644 0 0)
(501.535985496644 0 0)
(501.535985496644 0 0)
(501.535985496644 0 0)
(501.53246750931896 0 0)
(501.53246750931896 0 0)
(501.53246750931896 0 0)
(501.53246750931896 0 0)
(501.53246750931896 0 0)
(501.53246750931896 0 0)
(501.53246750931896 0 0)
(501.53246750931896 0 0)
(501.53246750931896 0 0)
(501.5289495219939 0 0)
(501.5289495219939 0 0)
(501.5289495219939 0 0)
(501.5289495219939 0 0)
(501.5289495219939 0 0)
(501.5289495219939 0 0)
(501.5254315346689 0 0)
(503.8679982781853 0 0)
(503.8679982781853 0 0)
(503.8679982781853 0 0)
(503.8679982781853 0 0)
(503.8679982781853 0 0)
(503.8679982781853 0 0)
(503.8679982781853 0 0)
(503.8679982781853 0 0)
(503.8679982781853 0 0)
(503.8679982781853 0 0)
(503.8679982781853 0 0)
(503.8679982781853 0 0)
(503.8679982781853 0 0)
(503.8679982781853 0 0)
(503.8679982781853 0 0)
(503.8679982781853 0 0)
(503.8679982781853 0 0)
(503.8679982781853 0 0)
(503.8679982781853 0 0)
(503.8679982781853 0 0)
(503.8679982781853 0 0)
(503.8679982781853 0 0)
(503.8679982781853 0 0)
(503.8679982781853 0 0)
(503.8679982781853 0 0)
(503.8679982781853 0 0)
(503.8679982781853 0 0)
(503.8679982781853 0 0)
(503.8679982781853 0 0)
(503.8679982781853 0 0)
(503.8679982781853 0 0)
(503.8679982781853 0 0)
(503.8679982781853 0 0)
(503.8679982781853 0 0)
(503.8679982781853 0 0)
(503.8679982781853 0 0)
(503.8679982781853 0 0)
(503.8679982781853 0 0)
(503.8679982781853 0 0)
(503.8679982781853 0 0)
(503.8679982781853 0 0)
(503.8679982781853 0 0)
(503.8679982781853 0 0)
(503.8679982781853 0 0)
(503.8679982781853 0 0)
(503.8679982781853 0 0)
(503.8679982781853 0 0)
(503.8679982781853 0 0)
(503.8679982781853 0 0)
(503.8679982781853 0 0)
(503.8679982781853 0 0)
(503.8679982781853 0 0)
(503.8679982781853 0 0)
(503.8679982781853 0 0)
(503.8679982781853 0 0)
(503.8679982781853 0 0)
(503.8679982781853 0 0)
(503.8679982781853 0 0)
(503.8679982781853 0 0)
(503.8679982781853 0 0)
(503.8679982781853 0 0)
(503.8679982781853 0 0)
(503.86452809220293 0 0)
(503.86452809220293 0 0)
(503.86452809220293 0 0)
(503.86452809220293 0 0)
(503.86452809220293 0 0)
(503.86452809220293 0 0)
(503.86452809220293 0 0)
(503.86452809220293 0 0)
(503.86452809220293 0 0)
(503.86452809220293 0 0)
(503.86452809220293 0 0)
(503.86452809220293 0 0)
(503.86452809220293 0 0)
(503.8610579062205 0 0)
(503.8610579062205 0 0)
(503.8610579062205 0 0)
(503.8610579062205 0 0)
(503.8610579062205 0 0)
(503.8610579062205 0 0)
(503.8610579062205 0 0)
(503.85758772023803 0 0)
(503.85758772023803 0 0)
(503.85758772023803 0 0)
(506.17564882204596 0 0)
(506.17564882204596 0 0)
(506.17564882204596 0 0)
(506.17564882204596 0 0)
(506.17564882204596 0 0)
(506.17564882204596 0 0)
(506.17564882204596 0 0)
(506.17564882204596 0 0)
(506.17564882204596 0 0)
(506.17564882204596 0 0)
(506.17564882204596 0 0)
(506.17564882204596 0 0)
(506.17564882204596 0 0)
(506.17564882204596 0 0)
(506.17564882204596 0 0)
(506.17564882204596 0 0)
(506.17564882204596 0 0)
(506.17564882204596 0 0)
(506.17564882204596 0 0)
(506.17564882204596 0 0)
(506.17564882204596 0 0)
(506.17564882204596 0 0)
(506.17564882204596 0 0)
(506.17564882204596 0 0)
(506.17564882204596 0 0)
(506.17564882204596 0 0)
(506.17564882204596 0 0)
(506.17564882204596 0 0)
(506.17564882204596 0 0)
(506.17564882204596 0 0)
(506.17564882204596 0 0)
(506.17564882204596 0 0)
(506.17564882204596 0 0)
(506.17564882204596 0 0)
(506.17564882204596 0 0)
(506.17564882204596 0 0)
(506.17564882204596 0 0)
(506.17564882204596 0 0)
(506.17564882204596 0 0)
(506.17564882204596 0 0)
(506.17564882204596 0 0)
(506.17564882204596 0 0)
(506.17564882204596 0 0)
(506.17564882204596 0 0)
(506.17564882204596 0 0)
(506.17564882204596 0 0)
(506.17564882204596 0 0)
(506.17564882204596 0 0)
(506.17564882204596 0 0)
(506.17564882204596 0 0)
(506.17564882204596 0 0)
(506.17564882204596 0 0)
(506.17564882204596 0 0)
(506.17564882204596 0 0)
(506.17564882204596 0 0)
(506.17564882204596 0 0)
(506.17564882204596 0 0)
(506.17564882204596 0 0)
(506.17564882204596 0 0)
(506.1722300804995 0 0)
(506.1722300804995 0 0)
(506.1722300804995 0 0)
(506.1722300804995 0 0)
(506.1722300804995 0 0)
(506.1722300804995 0 0)
(506.1722300804995 0 0)
(506.1722300804995 0 0)
(506.1722300804995 0 0)
(506.1722300804995 0 0)
(506.1722300804995 0 0)
(506.1722300804995 0 0)
(506.1722300804995 0 0)
(506.1722300804995 0 0)
(506.1722300804995 0 0)
(506.1722300804995 0 0)
(506.16881133895305 0 0)
(506.16881133895305 0 0)
(506.16881133895305 0 0)
(506.16881133895305 0 0)
(506.16881133895305 0 0)
(506.16881133895305 0 0)
(506.16881133895305 0 0)
(506.1653925974066 0 0)
(506.1653925974066 0 0)
(506.1653925974066 0 0)
(508.4605754717193 0 0)
(508.4605754717193 0 0)
(508.4605754717193 0 0)
(508.4605754717193 0 0)
(508.4605754717193 0 0)
(508.4605754717193 0 0)
(508.4605754717193 0 0)
(508.4605754717193 0 0)
(508.4605754717193 0 0)
(508.4605754717193 0 0)
(508.4605754717193 0 0)
(508.4605754717193 0 0)
(508.4605754717193 0 0)
(508.4605754717193 0 0)
(508.4605754717193 0 0)
(508.4605754717193 0 0)
(508.4605754717193 0 0)
(508.4605754717193 0 0)
(508.4605754717193 0 0)
(508.4605754717193 0 0)
(508.4605754717193 0 0)
(508.4605754717193 0 0)
(508.4605754717193 0 0)
(508.4605754717193 0 0)
(508.4605754717193 0 0)
(508.4605754717193 0 0)
(508.4605754717193 0 0)
(508.4605754717193 0 0)
(508.4605754717193 0 0)
(508.4605754717193 0 0)
(508.4605754717193 0 0)
(508.4605754717193 0 0)
(508.4605754717193 0 0)
(508.4605754717193 0 0)
(508.4605754717193 0 0)
(508.4605754717193 0 0)
(508.4605754717193 0 0)
(508.4605754717193 0 0)
(508.4605754717193 0 0)
(508.4605754717193 0 0)
(508.4605754717193 0 0)
(508.4605754717193 0 0)
(508.4605754717193 0 0)
(508.4605754717193 0 0)
(508.4605754717193 0 0)
(508.4605754717193 0 0)
(508.4605754717193 0 0)
(508.4605754717193 0 0)
(508.4605754717193 0 0)
(508.4605754717193 0 0)
(508.4605754717193 0 0)
(508.4605754717193 0 0)
(508.4605754717193 0 0)
(508.4605754717193 0 0)
(508.4605754717193 0 0)
(508.4605754717193 0 0)
(508.4605754717193 0 0)
(508.4605754717193 0 0)
(508.4605754717193 0 0)
(508.4605754717193 0 0)
(508.4605754717193 0 0)
(508.4605754717193 0 0)
(508.4605754717193 0 0)
(508.4605754717193 0 0)
(508.45720537341595 0 0)
(508.45720537341595 0 0)
(508.45720537341595 0 0)
(508.45720537341595 0 0)
(508.45720537341595 0 0)
(508.45720537341595 0 0)
(508.45720537341595 0 0)
(508.45720537341595 0 0)
(508.45720537341595 0 0)
(508.45720537341595 0 0)
(508.45720537341595 0 0)
(508.45720537341595 0 0)
(508.45720537341595 0 0)
(508.45720537341595 0 0)
(508.4538352751126 0 0)
(508.4538352751126 0 0)
(508.4538352751126 0 0)
(508.4538352751126 0 0)
(508.4538352751126 0 0)
(508.4538352751126 0 0)
(508.45046517680925 0 0)
(510.7227058115365 0 0)
(510.7227058115365 0 0)
(510.7227058115365 0 0)
(510.7227058115365 0 0)
(510.7227058115365 0 0)
(510.7227058115365 0 0)
(510.7227058115365 0 0)
(510.7227058115365 0 0)
(510.7227058115365 0 0)
(510.7227058115365 0 0)
(510.7227058115365 0 0)
(510.7227058115365 0 0)
(510.7227058115365 0 0)
(510.7227058115365 0 0)
(510.7227058115365 0 0)
(510.7227058115365 0 0)
(510.7227058115365 0 0)
(510.7227058115365 0 0)
(510.7227058115365 0 0)
(510.7227058115365 0 0)
(510.7227058115365 0 0)
(510.7227058115365 0 0)
(510.7227058115365 0 0)
(510.7227058115365 0 0)
(510.7227058115365 0 0)
(510.7227058115365 0 0)
(510.7227058115365 0 0)
(510.7227058115365 0 0)
(510.7227058115365 0 0)
(510.7227058115365 0 0)
(510.7227058115365 0 0)
(510.7227058115365 0 0)
(510.7227058115365 0 0)
(510.7227058115365 0 0)
(510.7227058115365 0 0)
(510.7227058115365 0 0)
(510.7227058115365 0 0)
(510.7227058115365 0 0)
(510.7227058115365 0 0)
(510.7227058115365 0 0)
(510.7227058115365 0 0)
(510.7227058115365 0 0)
(510.7227058115365 0 0)
(510.7227058115365 0 0)
(510.7227058115365 0 0)
(510.7227058115365 0 0)
(510.7227058115365 0 0)
(510.7227058115365 0 0)
(510.7227058115365 0 0)
(510.7227058115365 0 0)
(510.7227058115365 0 0)
(510.71938890487985 0 0)
(510.71938890487985 0 0)
(510.71938890487985 0 0)
(510.71938890487985 0 0)
(510.71938890487985 0 0)
(510.71938890487985 0 0)
(510.71938890487985 0 0)
(510.71938890487985 0 0)
(510.71938890487985 0 0)
(510.71938890487985 0 0)
(510.71938890487985 0 0)
(510.71938890487985 0 0)
(510.71938890487985 0 0)
(510.71938890487985 0 0)
(510.71938890487985 0 0)
(510.71938890487985 0 0)
(510.71938890487985 0 0)
(510.71938890487985 0 0)
(510.71938890487985 0 0)
(510.71938890487985 0 0)
(510.71938890487985 0 0)
(510.71938890487985 0 0)
(510.71938890487985 0 0)
(510.71938890487985 0 0)
(510.71607199822324 0 0)
(510.71607199822324 0 0)
(510.71607199822324 0 0)
(510.71607199822324 0 0)
(510.71607199822324 0 0)
(510.71607199822324 0 0)
(510.71607199822324 0 0)
(510.71607199822324 0 0)
(510.71275509156663 0 0)
(510.71275509156663 0 0)
(512.96039179502 0 0)
(512.96039179502 0 0)
(512.96039179502 0 0)
(512.96039179502 0 0)
(512.96039179502 0 0)
(512.96039179502 0 0)
(512.96039179502 0 0)
(512.96039179502 0 0)
(512.96039179502 0 0)
(512.96039179502 0 0)
(512.96039179502 0 0)
(512.96039179502 0 0)
(512.96039179502 0 0)
(512.96039179502 0 0)
(512.96039179502 0 0)
(512.96039179502 0 0)
(512.96039179502 0 0)
(512.96039179502 0 0)
(512.96039179502 0 0)
(512.96039179502 0 0)
(512.96039179502 0 0)
(512.96039179502 0 0)
(512.96039179502 0 0)
(512.96039179502 0 0)
(512.96039179502 0 0)
(512.96039179502 0 0)
(512.96039179502 0 0)
(512.96039179502 0 0)
(512.96039179502 0 0)
(512.96039179502 0 0)
(512.96039179502 0 0)
(512.96039179502 0 0)
(512.96039179502 0 0)
(512.96039179502 0 0)
(512.96039179502 0 0)
(512.96039179502 0 0)
(512.96039179502 0 0)
(512.96039179502 0 0)
(512.96039179502 0 0)
(512.96039179502 0 0)
(512.96039179502 0 0)
(512.96039179502 0 0)
(512.96039179502 0 0)
(512.96039179502 0 0)
(512.96039179502 0 0)
(512.96039179502 0 0)
(512.96039179502 0 0)
(512.96039179502 0 0)
(512.96039179502 0 0)
(512.96039179502 0 0)
(512.96039179502 0 0)
(512.9571251001536 0 0)
(512.9571251001536 0 0)
(512.9571251001536 0 0)
(512.9571251001536 0 0)
(512.9571251001536 0 0)
(512.9571251001536 0 0)
(512.9571251001536 0 0)
(512.9571251001536 0 0)
(512.9571251001536 0 0)
(512.9571251001536 0 0)
(512.9571251001536 0 0)
(512.9571251001536 0 0)
(512.9571251001536 0 0)
(512.9571251001536 0 0)
(512.9571251001536 0 0)
(512.9571251001536 0 0)
(512.9571251001536 0 0)
(512.9571251001536 0 0)
(512.9571251001536 0 0)
(512.9571251001536 0 0)
(512.9571251001536 0 0)
(512.9571251001536 0 0)
(512.9571251001536 0 0)
(512.9571251001536 0 0)
(512.9571251001536 0 0)
(512.9538584052872 0 0)
(512.9538584052872 0 0)
(512.9538584052872 0 0)
(512.9538584052872 0 0)
(512.9538584052872 0 0)
(512.9538584052872 0 0)
(512.9538584052872 0 0)
(512.9538584052872 0 0)
(512.9538584052872 0 0)
(515.1744734357511 0 0)
(515.1744734357511 0 0)
(515.1744734357511 0 0)
(515.1744734357511 0 0)
(515.1744734357511 0 0)
(515.1744734357511 0 0)
(515.1744734357511 0 0)
(515.1744734357511 0 0)
(515.1744734357511 0 0)
(515.1744734357511 0 0)
(515.1744734357511 0 0)
(515.1744734357511 0 0)
(515.1744734357511 0 0)
(515.1744734357511 0 0)
(515.1744734357511 0 0)
(515.1744734357511 0 0)
(515.1744734357511 0 0)
(515.1744734357511 0 0)
(515.1744734357511 0 0)
(515.1744734357511 0 0)
(515.1744734357511 0 0)
(515.1744734357511 0 0)
(515.1744734357511 0 0)
(515.1744734357511 0 0)
(515.1744734357511 0 0)
(515.1744734357511 0 0)
(515.1744734357511 0 0)
(515.1744734357511 0 0)
(515.1744734357511 0 0)
(515.1744734357511 0 0)
(515.1744734357511 0 0)
(515.1744734357511 0 0)
(515.1744734357511 0 0)
(515.1744734357511 0 0)
(515.1744734357511 0 0)
(515.1744734357511 0 0)
(515.1744734357511 0 0)
(515.1744734357511 0 0)
(515.1744734357511 0 0)
(515.1744734357511 0 0)
(515.1744734357511 0 0)
(515.1744734357511 0 0)
(515.1744734357511 0 0)
(515.1744734357511 0 0)
(515.1744734357511 0 0)
(515.1744734357511 0 0)
(515.1744734357511 0 0)
(515.1744734357511 0 0)
(515.1744734357511 0 0)
(515.1744734357511 0 0)
(515.1744734357511 0 0)
(515.1744734357511 0 0)
(515.1744734357511 0 0)
(515.1744734357511 0 0)
(515.1744734357511 0 0)
(515.1744734357511 0 0)
(515.1744734357511 0 0)
(515.1744734357511 0 0)
(515.1744734357511 0 0)
(515.1744734357511 0 0)
(515.1744734357511 0 0)
(515.1744734357511 0 0)
(515.1744734357511 0 0)
(515.1744734357511 0 0)
(515.1744734357511 0 0)
(515.1744734357511 0 0)
(515.1744734357511 0 0)
(515.1712552938315 0 0)
(515.1712552938315 0 0)
(515.1712552938315 0 0)
(515.1712552938315 0 0)
(515.1712552938315 0 0)
(515.1712552938315 0 0)
(515.1712552938315 0 0)
(515.1712552938315 0 0)
(515.1712552938315 0 0)
(515.1712552938315 0 0)
(515.1712552938315 0 0)
(515.1712552938315 0 0)
(515.1712552938315 0 0)
(515.1712552938315 0 0)
(515.1712552938315 0 0)
(515.1680371519118 0 0)
(515.1680371519118 0 0)
(515.1680371519118 0 0)
(517.3626855301054 0 0)
(517.3626855301054 0 0)
(517.3626855301054 0 0)
(517.3626855301054 0 0)
(517.3626855301054 0 0)
(517.3626855301054 0 0)
(517.3626855301054 0 0)
(517.3626855301054 0 0)
(517.3626855301054 0 0)
(517.3626855301054 0 0)
(517.3626855301054 0 0)
(517.3626855301054 0 0)
(517.3626855301054 0 0)
(517.3626855301054 0 0)
(517.3626855301054 0 0)
(517.3626855301054 0 0)
(517.3626855301054 0 0)
(517.3626855301054 0 0)
(517.3626855301054 0 0)
(517.3626855301054 0 0)
(517.3626855301054 0 0)
(517.3626855301054 0 0)
(517.3626855301054 0 0)
(517.3626855301054 0 0)
(517.3626855301054 0 0)
(517.3626855301054 0 0)
(517.3626855301054 0 0)
(517.3626855301054 0 0)
(517.3626855301054 0 0)
(517.3626855301054 0 0)
(517.3626855301054 0 0)
(517.3626855301054 0 0)
(517.3626855301054 0 0)
(517.3626855301054 0 0)
(517.3626855301054 0 0)
(517.3626855301054 0 0)
(517.3626855301054 0 0)
(517.3626855301054 0 0)
(517.3626855301054 0 0)
(517.3626855301054 0 0)
(517.3626855301054 0 0)
(517.3626855301054 0 0)
(517.3626855301054 0 0)
(517.3626855301054 0 0)
(517.3626855301054 0 0)
(517.3626855301054 0 0)
(517.3626855301054 0 0)
(517.3626855301054 0 0)
(517.3626855301054 0 0)
(517.3626855301054 0 0)
(517.3626855301054 0 0)
(517.3626855301054 0 0)
(517.3626855301054 0 0)
(517.3626855301054 0 0)
(517.3626855301054 0 0)
(517.3626855301054 0 0)
(517.3626855301054 0 0)
(517.3626855301054 0 0)
(517.3626855301054 0 0)
(517.3626855301054 0 0)
(517.3626855301054 0 0)
(517.3626855301054 0 0)
(517.3626855301054 0 0)
(517.3626855301054 0 0)
(517.3595233738997 0 0)
(517.3595233738997 0 0)
(517.3595233738997 0 0)
(517.3595233738997 0 0)
(517.3595233738997 0 0)
(517.3595233738997 0 0)
(517.3595233738997 0 0)
(517.3595233738997 0 0)
(517.3595233738997 0 0)
(517.3595233738997 0 0)
(517.3595233738997 0 0)
(517.3595233738997 0 0)
(517.3595233738997 0 0)
(517.3595233738997 0 0)
(517.3595233738997 0 0)
(517.3595233738997 0 0)
(517.3595233738997 0 0)
(517.3595233738997 0 0)
(517.3563612176939 0 0)
(517.3563612176939 0 0)
(517.3563612176939 0 0)
(519.5252000528948 0 0)
(519.5252000528948 0 0)
(519.5252000528948 0 0)
(519.5252000528948 0 0)
(519.5252000528948 0 0)
(519.5252000528948 0 0)
(519.5252000528948 0 0)
(519.5252000528948 0 0)
(519.5252000528948 0 0)
(519.5252000528948 0 0)
(519.5252000528948 0 0)
(519.5252000528948 0 0)
(519.5252000528948 0 0)
(519.5252000528948 0 0)
(519.5252000528948 0 0)
(519.5252000528948 0 0)
(519.5252000528948 0 0)
(519.5252000528948 0 0)
(519.5252000528948 0 0)
(519.5252000528948 0 0)
(519.5252000528948 0 0)
(519.5252000528948 0 0)
(519.5252000528948 0 0)
(519.5252000528948 0 0)
(519.5252000528948 0 0)
(519.5252000528948 0 0)
(519.5252000528948 0 0)
(519.5252000528948 0 0)
(519.5252000528948 0 0)
(519.5252000528948 0 0)
(519.5252000528948 0 0)
(519.5252000528948 0 0)
(519.5252000528948 0 0)
(519.5252000528948 0 0)
(519.5252000528948 0 0)
(519.5252000528948 0 0)
(519.5252000528948 0 0)
(519.5252000528948 0 0)
(519.5252000528948 0 0)
(519.5252000528948 0 0)
(519.5252000528948 0 0)
(519.5252000528948 0 0)
(519.5252000528948 0 0)
(519.5252000528948 0 0)
(519.5252000528948 0 0)
(519.5252000528948 0 0)
(519.5252000528948 0 0)
(519.5252000528948 0 0)
(519.5252000528948 0 0)
(519.5252000528948 0 0)
(519.5252000528948 0 0)
(519.5252000528948 0 0)
(519.5252000528948 0 0)
(519.5252000528948 0 0)
(519.5252000528948 0 0)
(519.5252000528948 0 0)
(519.5252000528948 0 0)
(519.5252000528948 0 0)
(519.5252000528948 0 0)
(519.5252000528948 0 0)
(519.5252000528948 0 0)
(519.5252000528948 0 0)
(519.5252000528948 0 0)
(519.5252000528948 0 0)
(519.5252000528948 0 0)
(519.5252000528948 0 0)
(519.5252000528948 0 0)
(519.5252000528948 0 0)
(519.5252000528948 0 0)
(519.5252000528948 0 0)
(519.5252000528948 0 0)
(519.5252000528948 0 0)
(519.5252000528948 0 0)
(519.5252000528948 0 0)
(519.5220885212073 0 0)
(519.5220885212073 0 0)
(519.5220885212073 0 0)
(519.5220885212073 0 0)
(519.5220885212073 0 0)
(519.5220885212073 0 0)
(519.5220885212073 0 0)
(519.5220885212073 0 0)
(519.5220885212073 0 0)
(519.5220885212073 0 0)
(519.5220885212073 0 0)
(521.6614575110752 0 0)
(521.6614575110752 0 0)
(521.6614575110752 0 0)
(521.6614575110752 0 0)
(521.6614575110752 0 0)
(521.6614575110752 0 0)
(521.6614575110752 0 0)
(521.6614575110752 0 0)
(521.6614575110752 0 0)
(521.6614575110752 0 0)
(521.6614575110752 0 0)
(521.6614575110752 0 0)
(521.6614575110752 0 0)
(521.6614575110752 0 0)
(521.6614575110752 0 0)
(521.6614575110752 0 0)
(521.6614575110752 0 0)
(521.6614575110752 0 0)
(521.6614575110752 0 0)
(521.6614575110752 0 0)
(521.6614575110752 0 0)
(521.6614575110752 0 0)
(521.6614575110752 0 0)
(521.6614575110752 0 0)
(521.6614575110752 0 0)
(521.6614575110752 0 0)
(521.6614575110752 0 0)
(521.6614575110752 0 0)
(521.6614575110752 0 0)
(521.6614575110752 0 0)
(521.6614575110752 0 0)
(521.6614575110752 0 0)
(521.6614575110752 0 0)
(521.6614575110752 0 0)
(521.6614575110752 0 0)
(521.6614575110752 0 0)
(521.6614575110752 0 0)
(521.6614575110752 0 0)
(521.6614575110752 0 0)
(521.6614575110752 0 0)
(521.6614575110752 0 0)
(521.6614575110752 0 0)
(521.6614575110752 0 0)
(521.6614575110752 0 0)
(521.6614575110752 0 0)
(521.6614575110752 0 0)
(521.6614575110752 0 0)
(521.6614575110752 0 0)
(521.6614575110752 0 0)
(521.6614575110752 0 0)
(521.6614575110752 0 0)
(521.6614575110752 0 0)
(521.6614575110752 0 0)
(521.6614575110752 0 0)
(521.6614575110752 0 0)
(521.6614575110752 0 0)
(521.6614575110752 0 0)
(521.6614575110752 0 0)
(521.6614575110752 0 0)
(521.6614575110752 0 0)
(521.6614575110752 0 0)
(521.6614575110752 0 0)
(521.6614575110752 0 0)
(521.6614575110752 0 0)
(521.6614575110752 0 0)
(521.6614575110752 0 0)
(521.6614575110752 0 0)
(521.6614575110752 0 0)
(521.6614575110752 0 0)
(521.6614575110752 0 0)
(521.6614575110752 0 0)
(521.6584013487603 0 0)
(521.6584013487603 0 0)
(521.6584013487603 0 0)
(521.6584013487603 0 0)
(521.6584013487603 0 0)
(521.6584013487603 0 0)
(521.6584013487603 0 0)
(521.6584013487603 0 0)
(521.6584013487603 0 0)
(521.6584013487603 0 0)
(521.6584013487603 0 0)
(521.6584013487603 0 0)
(521.6584013487603 0 0)
(521.6584013487603 0 0)
(523.7702432010661 0 0)
(523.7702432010661 0 0)
(523.7702432010661 0 0)
(523.7702432010661 0 0)
(523.7702432010661 0 0)
(523.7702432010661 0 0)
(523.7702432010661 0 0)
(523.7702432010661 0 0)
(523.7702432010661 0 0)
(523.7702432010661 0 0)
(523.7702432010661 0 0)
(523.7702432010661 0 0)
(523.7702432010661 0 0)
(523.7702432010661 0 0)
(523.7702432010661 0 0)
(523.7702432010661 0 0)
(523.7702432010661 0 0)
(523.7702432010661 0 0)
(523.7702432010661 0 0)
(523.7702432010661 0 0)
(523.7702432010661 0 0)
(523.7702432010661 0 0)
(523.7702432010661 0 0)
(523.7702432010661 0 0)
(523.7702432010661 0 0)
(523.7702432010661 0 0)
(523.7702432010661 0 0)
(523.7702432010661 0 0)
(523.7702432010661 0 0)
(523.7702432010661 0 0)
(523.7702432010661 0 0)
(523.7702432010661 0 0)
(523.7702432010661 0 0)
(523.7702432010661 0 0)
(523.7702432010661 0 0)
(523.7702432010661 0 0)
(523.7702432010661 0 0)
(523.7702432010661 0 0)
(523.7702432010661 0 0)
(523.7702432010661 0 0)
(523.7702432010661 0 0)
(523.7702432010661 0 0)
(523.7702432010661 0 0)
(523.7702432010661 0 0)
(523.7702432010661 0 0)
(523.7702432010661 0 0)
(523.7702432010661 0 0)
(523.7702432010661 0 0)
(523.7702432010661 0 0)
(523.7702432010661 0 0)
(523.7702432010661 0 0)
(523.7702432010661 0 0)
(523.7702432010661 0 0)
(523.7702432010661 0 0)
(523.7702432010661 0 0)
(523.7702432010661 0 0)
(523.7702432010661 0 0)
(523.7702432010661 0 0)
(523.7702432010661 0 0)
(523.7702432010661 0 0)
(523.7702432010661 0 0)
(523.7702432010661 0 0)
(523.7702432010661 0 0)
(523.7702432010661 0 0)
(523.7702432010661 0 0)
(523.7702432010661 0 0)
(523.7702432010661 0 0)
(523.7702432010661 0 0)
(523.7702432010661 0 0)
(523.7702432010661 0 0)
(523.7702432010661 0 0)
(523.7702432010661 0 0)
(523.7702432010661 0 0)
(523.7702432010661 0 0)
(523.7702432010661 0 0)
(523.7702432010661 0 0)
(523.7702432010661 0 0)
(523.7702432010661 0 0)
(523.7702432010661 0 0)
(523.7702432010661 0 0)
(523.7702432010661 0 0)
(523.7702432010661 0 0)
(523.7672392328468 0 0)
(523.7672392328468 0 0)
(523.7672392328468 0 0)
(525.8511520734618 0 0)
(525.8511520734618 0 0)
(525.8511520734618 0 0)
(525.8511520734618 0 0)
(525.8511520734618 0 0)
(525.8511520734618 0 0)
(525.8511520734618 0 0)
(525.8511520734618 0 0)
(525.8511520734618 0 0)
(525.8511520734618 0 0)
(525.8511520734618 0 0)
(525.8511520734618 0 0)
(525.8511520734618 0 0)
(525.8511520734618 0 0)
(525.8511520734618 0 0)
(525.8511520734618 0 0)
(525.8511520734618 0 0)
(525.8511520734618 0 0)
(525.8511520734618 0 0)
(525.8511520734618 0 0)
(525.8511520734618 0 0)
(525.8511520734618 0 0)
(525.8511520734618 0 0)
(525.8511520734618 0 0)
(525.8511520734618 0 0)
(525.8511520734618 0 0)
(525.8511520734618 0 0)
(525.8511520734618 0 0)
(525.8511520734618 0 0)
(525.8511520734618 0 0)
(525.8511520734618 0 0)
(525.8511520734618 0 0)
(525.8511520734618 0 0)
(525.8511520734618 0 0)
(525.8511520734618 0 0)
(525.8511520734618 0 0)
(525.8511520734618 0 0)
(525.8511520734618 0 0)
(525.8511520734618 0 0)
(525.8511520734618 0 0)
(525.8511520734618 0 0)
(525.8511520734618 0 0)
(525.8511520734618 0 0)
(525.8511520734618 0 0)
(525.8511520734618 0 0)
(525.8511520734618 0 0)
(525.8511520734618 0 0)
(525.8511520734618 0 0)
(525.8511520734618 0 0)
(525.8511520734618 0 0)
(525.8511520734618 0 0)
(525.8511520734618 0 0)
(525.8511520734618 0 0)
(525.8511520734618 0 0)
(525.8511520734618 0 0)
(525.8511520734618 0 0)
(525.8511520734618 0 0)
(525.8511520734618 0 0)
(525.8511520734618 0 0)
(525.8511520734618 0 0)
(525.8511520734618 0 0)
(525.8511520734618 0 0)
(525.8511520734618 0 0)
(525.8511520734618 0 0)
(525.8511520734618 0 0)
(525.8511520734618 0 0)
(525.8511520734618 0 0)
(525.8511520734618 0 0)
(525.8511520734618 0 0)
(525.8511520734618 0 0)
(525.8511520734618 0 0)
(525.8511520734618 0 0)
(525.8511520734618 0 0)
(525.8511520734618 0 0)
(525.8511520734618 0 0)
(525.8511520734618 0 0)
(525.8511520734618 0 0)
(525.8511520734618 0 0)
(525.8511520734618 0 0)
(525.8511520734618 0 0)
(525.8511520734618 0 0)
(525.8482046104697 0 0)
(525.8482046104697 0 0)
(525.8482046104697 0 0)
(525.8482046104697 0 0)
(527.9031392059204 0 0)
(527.9031392059204 0 0)
(527.9031392059204 0 0)
(527.9031392059204 0 0)
(527.9031392059204 0 0)
(527.9031392059204 0 0)
(527.9031392059204 0 0)
(527.9031392059204 0 0)
(527.9031392059204 0 0)
(527.9031392059204 0 0)
(527.9031392059204 0 0)
(527.9031392059204 0 0)
(527.9031392059204 0 0)
(527.9031392059204 0 0)
(527.9031392059204 0 0)
(527.9031392059204 0 0)
(527.9031392059204 0 0)
(527.9031392059204 0 0)
(527.9031392059204 0 0)
(527.9031392059204 0 0)
(527.9031392059204 0 0)
(527.9031392059204 0 0)
(527.9031392059204 0 0)
(527.9031392059204 0 0)
(527.9031392059204 0 0)
(527.9031392059204 0 0)
(527.9031392059204 0 0)
(527.9031392059204 0 0)
(527.9031392059204 0 0)
(527.9031392059204 0 0)
(527.9031392059204 0 0)
(527.9031392059204 0 0)
(527.9031392059204 0 0)
(527.9031392059204 0 0)
(527.9031392059204 0 0)
(527.9031392059204 0 0)
(527.9031392059204 0 0)
(527.9031392059204 0 0)
(527.9031392059204 0 0)
(527.9031392059204 0 0)
(527.9031392059204 0 0)
(527.9031392059204 0 0)
(527.9031392059204 0 0)
(527.9031392059204 0 0)
(527.9031392059204 0 0)
(527.9031392059204 0 0)
(527.9031392059204 0 0)
(527.9031392059204 0 0)
(527.9031392059204 0 0)
(527.9031392059204 0 0)
(527.9031392059204 0 0)
(527.9031392059204 0 0)
(527.9031392059204 0 0)
(527.9031392059204 0 0)
(527.9031392059204 0 0)
(527.9031392059204 0 0)
(527.9031392059204 0 0)
(527.9031392059204 0 0)
(527.9031392059204 0 0)
(527.9031392059204 0 0)
(527.9031392059204 0 0)
(527.9031392059204 0 0)
(527.9031392059204 0 0)
(527.9031392059204 0 0)
(527.9031392059204 0 0)
(527.9031392059204 0 0)
(527.9031392059204 0 0)
(527.9031392059204 0 0)
(527.9031392059204 0 0)
(527.9031392059204 0 0)
(527.9031392059204 0 0)
(527.9031392059204 0 0)
(527.9031392059204 0 0)
(527.9031392059204 0 0)
(527.9031392059204 0 0)
(527.9031392059204 0 0)
(527.9031392059204 0 0)
(527.9031392059204 0 0)
(527.9031392059204 0 0)
(527.9031392059204 0 0)
(527.9031392059204 0 0)
(527.9031392059204 0 0)
(527.9031392059204 0 0)
(527.9031392059204 0 0)
(527.9031392059204 0 0)
(529.926596676802 0 0)
(529.926596676802 0 0)
(529.926596676802 0 0)
(529.926596676802 0 0)
(529.926596676802 0 0)
(529.926596676802 0 0)
(529.926596676802 0 0)
(529.926596676802 0 0)
(529.926596676802 0 0)
(529.926596676802 0 0)
(529.926596676802 0 0)
(529.926596676802 0 0)
(529.926596676802 0 0)
(529.926596676802 0 0)
(529.926596676802 0 0)
(529.926596676802 0 0)
(529.926596676802 0 0)
(529.926596676802 0 0)
(529.926596676802 0 0)
(529.926596676802 0 0)
(529.926596676802 0 0)
(529.926596676802 0 0)
(529.926596676802 0 0)
(529.926596676802 0 0)
(529.926596676802 0 0)
(529.926596676802 0 0)
(529.926596676802 0 0)
(529.926596676802 0 0)
(529.926596676802 0 0)
(529.926596676802 0 0)
(529.926596676802 0 0)
(529.926596676802 0 0)
(529.926596676802 0 0)
(529.926596676802 0 0)
(529.926596676802 0 0)
(529.926596676802 0 0)
(529.926596676802 0 0)
(529.926596676802 0 0)
(529.926596676802 0 0)
(529.926596676802 0 0)
(529.926596676802 0 0)
(529.926596676802 0 0)
(529.926596676802 0 0)
(529.926596676802 0 0)
(529.926596676802 0 0)
(529.926596676802 0 0)
(529.926596676802 0 0)
(529.926596676802 0 0)
(529.926596676802 0 0)
(529.926596676802 0 0)
(529.926596676802 0 0)
(529.926596676802 0 0)
(529.926596676802 0 0)
(529.926596676802 0 0)
(529.926596676802 0 0)
(529.926596676802 0 0)
(529.926596676802 0 0)
(529.926596676802 0 0)
(529.926596676802 0 0)
(529.926596676802 0 0)
(529.926596676802 0 0)
(529.926596676802 0 0)
(529.926596676802 0 0)
(529.926596676802 0 0)
(529.926596676802 0 0)
(529.926596676802 0 0)
(529.926596676802 0 0)
(529.926596676802 0 0)
(529.926596676802 0 0)
(529.926596676802 0 0)
(529.926596676802 0 0)
(529.926596676802 0 0)
(529.926596676802 0 0)
(529.926596676802 0 0)
(529.926596676802 0 0)
(529.926596676802 0 0)
(529.926596676802 0 0)
(529.926596676802 0 0)
(529.926596676802 0 0)
(529.926596676802 0 0)
(529.926596676802 0 0)
(529.926596676802 0 0)
(529.926596676802 0 0)
(529.926596676802 0 0)
(529.926596676802 0 0)
(531.920582303719 0 0)
(531.920582303719 0 0)
(531.920582303719 0 0)
(531.920582303719 0 0)
(531.920582303719 0 0)
(531.920582303719 0 0)
(531.920582303719 0 0)
(531.920582303719 0 0)
(531.920582303719 0 0)
(531.920582303719 0 0)
(531.920582303719 0 0)
(531.920582303719 0 0)
(531.920582303719 0 0)
(531.920582303719 0 0)
(531.920582303719 0 0)
(531.920582303719 0 0)
(531.920582303719 0 0)
(531.920582303719 0 0)
(531.920582303719 0 0)
(531.920582303719 0 0)
(531.920582303719 0 0)
(531.920582303719 0 0)
(531.920582303719 0 0)
(531.920582303719 0 0)
(531.920582303719 0 0)
(531.920582303719 0 0)
(531.920582303719 0 0)
(531.920582303719 0 0)
(531.920582303719 0 0)
(531.920582303719 0 0)
(531.920582303719 0 0)
(531.920582303719 0 0)
(531.920582303719 0 0)
(531.920582303719 0 0)
(531.920582303719 0 0)
(531.920582303719 0 0)
(531.920582303719 0 0)
(531.920582303719 0 0)
(531.920582303719 0 0)
(531.920582303719 0 0)
(531.920582303719 0 0)
(531.920582303719 0 0)
(531.920582303719 0 0)
(531.920582303719 0 0)
(531.920582303719 0 0)
(531.920582303719 0 0)
(531.920582303719 0 0)
(531.920582303719 0 0)
(531.920582303719 0 0)
(531.920582303719 0 0)
(531.920582303719 0 0)
(531.920582303719 0 0)
(531.920582303719 0 0)
(531.920582303719 0 0)
(531.920582303719 0 0)
(531.920582303719 0 0)
(531.920582303719 0 0)
(531.920582303719 0 0)
(531.920582303719 0 0)
(531.920582303719 0 0)
(531.920582303719 0 0)
(531.920582303719 0 0)
(531.920582303719 0 0)
(531.920582303719 0 0)
(531.920582303719 0 0)
(531.920582303719 0 0)
(531.920582303719 0 0)
(531.920582303719 0 0)
(531.920582303719 0 0)
(531.920582303719 0 0)
(531.9233087059081 0 0)
(531.9233087059081 0 0)
(531.9233087059081 0 0)
(531.9233087059081 0 0)
(531.9233087059081 0 0)
(531.9233087059081 0 0)
(531.9233087059081 0 0)
(531.9233087059081 0 0)
(531.9233087059081 0 0)
(531.9233087059081 0 0)
(531.9233087059081 0 0)
(531.9233087059081 0 0)
(531.9233087059081 0 0)
(531.9233087059081 0 0)
(531.9233087059081 0 0)
(533.8835918798078 0 0)
(533.8835918798078 0 0)
(533.8835918798078 0 0)
(533.8835918798078 0 0)
(533.8835918798078 0 0)
(533.8835918798078 0 0)
(533.8835918798078 0 0)
(533.8835918798078 0 0)
(533.8835918798078 0 0)
(533.8835918798078 0 0)
(533.8835918798078 0 0)
(533.8835918798078 0 0)
(533.8835918798078 0 0)
(533.8835918798078 0 0)
(533.8835918798078 0 0)
(533.8835918798078 0 0)
(533.8835918798078 0 0)
(533.8835918798078 0 0)
(533.8835918798078 0 0)
(533.8835918798078 0 0)
(533.8835918798078 0 0)
(533.8835918798078 0 0)
(533.8835918798078 0 0)
(533.8835918798078 0 0)
(533.8835918798078 0 0)
(533.8835918798078 0 0)
(533.8835918798078 0 0)
(533.8835918798078 0 0)
(533.8835918798078 0 0)
(533.8835918798078 0 0)
(533.8835918798078 0 0)
(533.8835918798078 0 0)
(533.8835918798078 0 0)
(533.8835918798078 0 0)
(533.8835918798078 0 0)
(533.8835918798078 0 0)
(533.8835918798078 0 0)
(533.8835918798078 0 0)
(533.8835918798078 0 0)
(533.8835918798078 0 0)
(533.8835918798078 0 0)
(533.8835918798078 0 0)
(533.8835918798078 0 0)
(533.8835918798078 0 0)
(533.8835918798078 0 0)
(533.8835918798078 0 0)
(533.8835918798078 0 0)
(533.8835918798078 0 0)
(533.8835918798078 0 0)
(533.8835918798078 0 0)
(533.8835918798078 0 0)
(533.8835918798078 0 0)
(533.8835918798078 0 0)
(533.8835918798078 0 0)
(533.8835918798078 0 0)
(533.8835918798078 0 0)
(533.8835918798078 0 0)
(533.8835918798078 0 0)
(533.8835918798078 0 0)
(533.8835918798078 0 0)
(533.8835918798078 0 0)
(533.8835918798078 0 0)
(533.8835918798078 0 0)
(533.8835918798078 0 0)
(533.8835918798078 0 0)
(533.8862602787718 0 0)
(533.8862602787718 0 0)
(533.8862602787718 0 0)
(533.8862602787718 0 0)
(533.8862602787718 0 0)
(533.8862602787718 0 0)
(533.8862602787718 0 0)
(533.8862602787718 0 0)
(533.8862602787718 0 0)
(533.8862602787718 0 0)
(533.8862602787718 0 0)
(533.8862602787718 0 0)
(533.8862602787718 0 0)
(533.8862602787718 0 0)
(533.8862602787718 0 0)
(533.8862602787718 0 0)
(533.8862602787718 0 0)
(533.8862602787718 0 0)
(533.8862602787718 0 0)
(533.8862602787718 0 0)
(535.8155127298251 0 0)
(535.8155127298251 0 0)
(535.8155127298251 0 0)
(535.8155127298251 0 0)
(535.8155127298251 0 0)
(535.8155127298251 0 0)
(535.8155127298251 0 0)
(535.8155127298251 0 0)
(535.8155127298251 0 0)
(535.8155127298251 0 0)
(535.8155127298251 0 0)
(535.8155127298251 0 0)
(535.8155127298251 0 0)
(535.8155127298251 0 0)
(535.8155127298251 0 0)
(535.8155127298251 0 0)
(535.8155127298251 0 0)
(535.8155127298251 0 0)
(535.8155127298251 0 0)
(535.8155127298251 0 0)
(535.8155127298251 0 0)
(535.8155127298251 0 0)
(535.8155127298251 0 0)
(535.8155127298251 0 0)
(535.8155127298251 0 0)
(535.8155127298251 0 0)
(535.8155127298251 0 0)
(535.8155127298251 0 0)
(535.8155127298251 0 0)
(535.8155127298251 0 0)
(535.8155127298251 0 0)
(535.8155127298251 0 0)
(535.8155127298251 0 0)
(535.8155127298251 0 0)
(535.8155127298251 0 0)
(535.8155127298251 0 0)
(535.8155127298251 0 0)
(535.8155127298251 0 0)
(535.8155127298251 0 0)
(535.8155127298251 0 0)
(535.8155127298251 0 0)
(535.8155127298251 0 0)
(535.8155127298251 0 0)
(535.8155127298251 0 0)
(535.8155127298251 0 0)
(535.8155127298251 0 0)
(535.8155127298251 0 0)
(535.8155127298251 0 0)
(535.8155127298251 0 0)
(535.8155127298251 0 0)
(535.8155127298251 0 0)
(535.8155127298251 0 0)
(535.8155127298251 0 0)
(535.8155127298251 0 0)
(535.8155127298251 0 0)
(535.8155127298251 0 0)
(535.8155127298251 0 0)
(535.8155127298251 0 0)
(535.8155127298251 0 0)
(535.8155127298251 0 0)
(535.8155127298251 0 0)
(535.8155127298251 0 0)
(535.8155127298251 0 0)
(535.8155127298251 0 0)
(535.8155127298251 0 0)
(535.8155127298251 0 0)
(535.8155127298251 0 0)
(535.8155127298251 0 0)
(535.8155127298251 0 0)
(535.8155127298251 0 0)
(535.8155127298251 0 0)
(535.8155127298251 0 0)
(535.8155127298251 0 0)
(535.8155127298251 0 0)
(535.8155127298251 0 0)
(535.8155127298251 0 0)
(535.8155127298251 0 0)
(535.8155127298251 0 0)
(535.8181272270089 0 0)
(535.8181272270089 0 0)
(535.8181272270089 0 0)
(535.8181272270089 0 0)
(535.8181272270089 0 0)
(535.8181272270089 0 0)
(535.8181272270089 0 0)
(537.7162521824381 0 0)
(537.7162521824381 0 0)
(537.7162521824381 0 0)
(537.7162521824381 0 0)
(537.7162521824381 0 0)
(537.7162521824381 0 0)
(537.7162521824381 0 0)
(537.7162521824381 0 0)
(537.7162521824381 0 0)
(537.7162521824381 0 0)
(537.7162521824381 0 0)
(537.7162521824381 0 0)
(537.7162521824381 0 0)
(537.7162521824381 0 0)
(537.7162521824381 0 0)
(537.7162521824381 0 0)
(537.7162521824381 0 0)
(537.7162521824381 0 0)
(537.7162521824381 0 0)
(537.7162521824381 0 0)
(537.7162521824381 0 0)
(537.7162521824381 0 0)
(537.7162521824381 0 0)
(537.7162521824381 0 0)
(537.7162521824381 0 0)
(537.7162521824381 0 0)
(537.7162521824381 0 0)
(537.7162521824381 0 0)
(537.7162521824381 0 0)
(537.7162521824381 0 0)
(537.7162521824381 0 0)
(537.7162521824381 0 0)
(537.7162521824381 0 0)
(537.7162521824381 0 0)
(537.7162521824381 0 0)
(537.7162521824381 0 0)
(537.7162521824381 0 0)
(537.7162521824381 0 0)
(537.7162521824381 0 0)
(537.7162521824381 0 0)
(537.7162521824381 0 0)
(537.7162521824381 0 0)
(537.7162521824381 0 0)
(537.7162521824381 0 0)
(537.7162521824381 0 0)
(537.7162521824381 0 0)
(537.7162521824381 0 0)
(537.7162521824381 0 0)
(537.7162521824381 0 0)
(537.7162521824381 0 0)
(537.7162521824381 0 0)
(537.7162521824381 0 0)
(537.7162521824381 0 0)
(537.7162521824381 0 0)
(537.7162521824381 0 0)
(537.7162521824381 0 0)
(537.7162521824381 0 0)
(537.7162521824381 0 0)
(537.7162521824381 0 0)
(537.7162521824381 0 0)
(537.7162521824381 0 0)
(537.7162521824381 0 0)
(537.7162521824381 0 0)
(537.7162521824381 0 0)
(537.7162521824381 0 0)
(537.7162521824381 0 0)
(537.7162521824381 0 0)
(537.7162521824381 0 0)
(537.7162521824381 0 0)
(537.7188087792947 0 0)
(537.7188087792947 0 0)
(537.7188087792947 0 0)
(537.7188087792947 0 0)
(537.7188087792947 0 0)
(537.7188087792947 0 0)
(537.7188087792947 0 0)
(537.7188087792947 0 0)
(537.7188087792947 0 0)
(537.7188087792947 0 0)
(537.7188087792947 0 0)
(537.7188087792947 0 0)
(537.7188087792947 0 0)
(537.7188087792947 0 0)
(537.7188087792947 0 0)
(537.7188087792947 0 0)
(539.5851244846662 0 0)
(539.5851244846662 0 0)
(539.5851244846662 0 0)
(539.5851244846662 0 0)
(539.5851244846662 0 0)
(539.5851244846662 0 0)
(539.5851244846662 0 0)
(539.5851244846662 0 0)
(539.5851244846662 0 0)
(539.5851244846662 0 0)
(539.5851244846662 0 0)
(539.5851244846662 0 0)
(539.5851244846662 0 0)
(539.5851244846662 0 0)
(539.5851244846662 0 0)
(539.5851244846662 0 0)
(539.5851244846662 0 0)
(539.5851244846662 0 0)
(539.5851244846662 0 0)
(539.5851244846662 0 0)
(539.5851244846662 0 0)
(539.5851244846662 0 0)
(539.5851244846662 0 0)
(539.5851244846662 0 0)
(539.5851244846662 0 0)
(539.5851244846662 0 0)
(539.5851244846662 0 0)
(539.5851244846662 0 0)
(539.5851244846662 0 0)
(539.5851244846662 0 0)
(539.5851244846662 0 0)
(539.5851244846662 0 0)
(539.5851244846662 0 0)
(539.5851244846662 0 0)
(539.5851244846662 0 0)
(539.5851244846662 0 0)
(539.5851244846662 0 0)
(539.5851244846662 0 0)
(539.5851244846662 0 0)
(539.5851244846662 0 0)
(539.5851244846662 0 0)
(539.5851244846662 0 0)
(539.5851244846662 0 0)
(539.5851244846662 0 0)
(539.5851244846662 0 0)
(539.5851244846662 0 0)
(539.5851244846662 0 0)
(539.5851244846662 0 0)
(539.5851244846662 0 0)
(539.5851244846662 0 0)
(539.5851244846662 0 0)
(539.5851244846662 0 0)
(539.5851244846662 0 0)
(539.5851244846662 0 0)
(539.5851244846662 0 0)
(539.5851244846662 0 0)
(539.5851244846662 0 0)
(539.5851244846662 0 0)
(539.5851244846662 0 0)
(539.5851244846662 0 0)
(539.5851244846662 0 0)
(539.5851244846662 0 0)
(539.5851244846662 0 0)
(539.5851244846662 0 0)
(539.5851244846662 0 0)
(539.5851244846662 0 0)
(539.5851244846662 0 0)
(539.5851244846662 0 0)
(539.5851244846662 0 0)
(539.5851244846662 0 0)
(539.5851244846662 0 0)
(539.5876255446576 0 0)
(539.5876255446576 0 0)
(539.5876255446576 0 0)
(539.5876255446576 0 0)
(539.5876255446576 0 0)
(539.5876255446576 0 0)
(539.5876255446576 0 0)
(539.5876255446576 0 0)
(539.5876255446576 0 0)
(539.5876255446576 0 0)
(539.5876255446576 0 0)
(539.5876255446576 0 0)
(539.5876255446576 0 0)
(539.5876255446576 0 0)
(541.4209025184247 0 0)
(541.4209025184247 0 0)
(541.4209025184247 0 0)
(541.4209025184247 0 0)
(541.4209025184247 0 0)
(541.4209025184247 0 0)
(541.4209025184247 0 0)
(541.4209025184247 0 0)
(541.4209025184247 0 0)
(541.4209025184247 0 0)
(541.4209025184247 0 0)
(541.4209025184247 0 0)
(541.4209025184247 0 0)
(541.4209025184247 0 0)
(541.4209025184247 0 0)
(541.4209025184247 0 0)
(541.4209025184247 0 0)
(541.4209025184247 0 0)
(541.4209025184247 0 0)
(541.4209025184247 0 0)
(541.4209025184247 0 0)
(541.4209025184247 0 0)
(541.4209025184247 0 0)
(541.4209025184247 0 0)
(541.4209025184247 0 0)
(541.4209025184247 0 0)
(541.4209025184247 0 0)
(541.4209025184247 0 0)
(541.4209025184247 0 0)
(541.4209025184247 0 0)
(541.4209025184247 0 0)
(541.4209025184247 0 0)
(541.4209025184247 0 0)
(541.4209025184247 0 0)
(541.4209025184247 0 0)
(541.4209025184247 0 0)
(541.4209025184247 0 0)
(541.4209025184247 0 0)
(541.4209025184247 0 0)
(541.4209025184247 0 0)
(541.4209025184247 0 0)
(541.4209025184247 0 0)
(541.4209025184247 0 0)
(541.4209025184247 0 0)
(541.4209025184247 0 0)
(541.4209025184247 0 0)
(541.4209025184247 0 0)
(541.4233419382533 0 0)
(541.4233419382533 0 0)
(541.4233419382533 0 0)
(541.4233419382533 0 0)
(541.4233419382533 0 0)
(541.4233419382533 0 0)
(541.4233419382533 0 0)
(541.4233419382533 0 0)
(541.4233419382533 0 0)
(541.4233419382533 0 0)
(541.4233419382533 0 0)
(541.4233419382533 0 0)
(541.4233419382533 0 0)
(541.4233419382533 0 0)
(541.4233419382533 0 0)
(541.4233419382533 0 0)
(541.4233419382533 0 0)
(541.4233419382533 0 0)
(541.4233419382533 0 0)
(541.4233419382533 0 0)
(541.4233419382533 0 0)
(541.4233419382533 0 0)
(541.4233419382533 0 0)
(541.4233419382533 0 0)
(541.4233419382533 0 0)
(541.4233419382533 0 0)
(541.4233419382533 0 0)
(541.4233419382533 0 0)
(541.4233419382533 0 0)
(541.4233419382533 0 0)
(541.425781358082 0 0)
(541.425781358082 0 0)
(541.425781358082 0 0)
(541.425781358082 0 0)
(541.425781358082 0 0)
(541.425781358082 0 0)
(541.425781358082 0 0)
(541.425781358082 0 0)
(543.2236337717674 0 0)
(543.2236337717674 0 0)
(543.2236337717674 0 0)
(543.2236337717674 0 0)
(543.2236337717674 0 0)
(543.2236337717674 0 0)
(543.2236337717674 0 0)
(543.2236337717674 0 0)
(543.2236337717674 0 0)
(543.2236337717674 0 0)
(543.2236337717674 0 0)
(543.2236337717674 0 0)
(543.2236337717674 0 0)
(543.2236337717674 0 0)
(543.2236337717674 0 0)
(543.2236337717674 0 0)
(543.2236337717674 0 0)
(543.2236337717674 0 0)
(543.2236337717674 0 0)
(543.2236337717674 0 0)
(543.2236337717674 0 0)
(543.2236337717674 0 0)
(543.2236337717674 0 0)
(543.2236337717674 0 0)
(543.2236337717674 0 0)
(543.2236337717674 0 0)
(543.2236337717674 0 0)
(543.2236337717674 0 0)
(543.2236337717674 0 0)
(543.2236337717674 0 0)
(543.2236337717674 0 0)
(543.2236337717674 0 0)
(543.2236337717674 0 0)
(543.2236337717674 0 0)
(543.2236337717674 0 0)
(543.2236337717674 0 0)
(543.2236337717674 0 0)
(543.2236337717674 0 0)
(543.2236337717674 0 0)
(543.2236337717674 0 0)
(543.2236337717674 0 0)
(543.2236337717674 0 0)
(543.2236337717674 0 0)
(543.2236337717674 0 0)
(543.2236337717674 0 0)
(543.2236337717674 0 0)
(543.2236337717674 0 0)
(543.2236337717674 0 0)
(543.2236337717674 0 0)
(543.2236337717674 0 0)
(543.2236337717674 0 0)
(543.2236337717674 0 0)
(543.2236337717674 0 0)
(543.2236337717674 0 0)
(543.2236337717674 0 0)
(543.2236337717674 0 0)
(543.2236337717674 0 0)
(543.2236337717674 0 0)
(543.2236337717674 0 0)
(543.2236337717674 0 0)
(543.2236337717674 0 0)
(543.2236337717674 0 0)
(543.2236337717674 0 0)
(543.2236337717674 0 0)
(543.2236337717674 0 0)
(543.2236337717674 0 0)
(543.2236337717674 0 0)
(543.2236337717674 0 0)
(543.2236337717674 0 0)
(543.2236337717674 0 0)
(543.2236337717674 0 0)
(543.2236337717674 0 0)
(543.2236337717674 0 0)
(543.2260205163844 0 0)
(543.2260205163844 0 0)
(543.2260205163844 0 0)
(543.2260205163844 0 0)
(543.2260205163844 0 0)
(543.2260205163844 0 0)
(543.2260205163844 0 0)
(543.2260205163844 0 0)
(543.2260205163844 0 0)
(543.2260205163844 0 0)
(543.2284072610015 0 0)
(543.2284072610015 0 0)
(544.9922115330141 0 0)
(544.9922115330141 0 0)
(544.9922115330141 0 0)
(544.9922115330141 0 0)
(544.9922115330141 0 0)
(544.9922115330141 0 0)
(544.9922115330141 0 0)
(544.9922115330141 0 0)
(544.9922115330141 0 0)
(544.9922115330141 0 0)
(544.9922115330141 0 0)
(544.9922115330141 0 0)
(544.9922115330141 0 0)
(544.9922115330141 0 0)
(544.9922115330141 0 0)
(544.9922115330141 0 0)
(544.9922115330141 0 0)
(544.9922115330141 0 0)
(544.9922115330141 0 0)
(544.9922115330141 0 0)
(544.9922115330141 0 0)
(544.9922115330141 0 0)
(544.9922115330141 0 0)
(544.9922115330141 0 0)
(544.9922115330141 0 0)
(544.9922115330141 0 0)
(544.9922115330141 0 0)
(544.9922115330141 0 0)
(544.9922115330141 0 0)
(544.9922115330141 0 0)
(544.9922115330141 0 0)
(544.9922115330141 0 0)
(544.9922115330141 0 0)
(544.9922115330141 0 0)
(544.9922115330141 0 0)
(544.9922115330141 0 0)
(544.9922115330141 0 0)
(544.9922115330141 0 0)
(544.9922115330141 0 0)
(544.9922115330141 0 0)
(544.9922115330141 0 0)
(544.9922115330141 0 0)
(544.9945358889743 0 0)
(544.9945358889743 0 0)
(544.9945358889743 0 0)
(544.9945358889743 0 0)
(544.9945358889743 0 0)
(544.9945358889743 0 0)
(544.9945358889743 0 0)
(544.9945358889743 0 0)
(544.9945358889743 0 0)
(544.9945358889743 0 0)
(544.9945358889743 0 0)
(544.9945358889743 0 0)
(544.9945358889743 0 0)
(544.9945358889743 0 0)
(544.9945358889743 0 0)
(544.9945358889743 0 0)
(544.9945358889743 0 0)
(544.9945358889743 0 0)
(544.9945358889743 0 0)
(544.9945358889743 0 0)
(544.9945358889743 0 0)
(544.9945358889743 0 0)
(544.9945358889743 0 0)
(544.9945358889743 0 0)
(544.9945358889743 0 0)
(544.9945358889743 0 0)
(544.9945358889743 0 0)
(544.9945358889743 0 0)
(544.9945358889743 0 0)
(544.9945358889743 0 0)
(544.9945358889743 0 0)
(544.9968602449344 0 0)
(544.9968602449344 0 0)
(544.9968602449344 0 0)
(544.9968602449344 0 0)
(544.9968602449344 0 0)
(544.9968602449344 0 0)
(544.9968602449344 0 0)
(544.9968602449344 0 0)
(544.9968602449344 0 0)
(544.9991846008945 0 0)
(544.9991846008945 0 0)
(544.9991846008945 0 0)
(546.7261810792675 0 0)
(546.7261810792675 0 0)
(546.7261810792675 0 0)
(546.7261810792675 0 0)
(546.7261810792675 0 0)
(546.7261810792675 0 0)
(546.7261810792675 0 0)
(546.7261810792675 0 0)
(546.7261810792675 0 0)
(546.7261810792675 0 0)
(546.7261810792675 0 0)
(546.7261810792675 0 0)
(546.7261810792675 0 0)
(546.7261810792675 0 0)
(546.7261810792675 0 0)
(546.7261810792675 0 0)
(546.7261810792675 0 0)
(546.7261810792675 0 0)
(546.7261810792675 0 0)
(546.7261810792675 0 0)
(546.7261810792675 0 0)
(546.7261810792675 0 0)
(546.7261810792675 0 0)
(546.7261810792675 0 0)
(546.7261810792675 0 0)
(546.7261810792675 0 0)
(546.7261810792675 0 0)
(546.7261810792675 0 0)
(546.7261810792675 0 0)
(546.7261810792675 0 0)
(546.7261810792675 0 0)
(546.7261810792675 0 0)
(546.7261810792675 0 0)
(546.7261810792675 0 0)
(546.7261810792675 0 0)
(546.7261810792675 0 0)
(546.7261810792675 0 0)
(546.7261810792675 0 0)
(546.7261810792675 0 0)
(546.7261810792675 0 0)
(546.7261810792675 0 0)
(546.7261810792675 0 0)
(546.7261810792675 0 0)
(546.7261810792675 0 0)
(546.7261810792675 0 0)
(546.7261810792675 0 0)
(546.7261810792675 0 0)
(546.7261810792675 0 0)
(546.7261810792675 0 0)
(546.7261810792675 0 0)
(546.7261810792675 0 0)
(546.7261810792675 0 0)
(546.7261810792675 0 0)
(546.7261810792675 0 0)
(546.7261810792675 0 0)
(546.7261810792675 0 0)
(546.7261810792675 0 0)
(546.7261810792675 0 0)
(546.7261810792675 0 0)
(546.7261810792675 0 0)
(546.7261810792675 0 0)
(546.7284501106747 0 0)
(546.7284501106747 0 0)
(546.7284501106747 0 0)
(546.7284501106747 0 0)
(546.7284501106747 0 0)
(546.7284501106747 0 0)
(546.7284501106747 0 0)
(546.7284501106747 0 0)
(546.7284501106747 0 0)
(546.7284501106747 0 0)
(546.7284501106747 0 0)
(546.7284501106747 0 0)
(546.7284501106747 0 0)
(546.7284501106747 0 0)
(546.7284501106747 0 0)
(546.730719142082 0 0)
(546.730719142082 0 0)
(546.730719142082 0 0)
(546.730719142082 0 0)
(546.730719142082 0 0)
(546.730719142082 0 0)
(546.730719142082 0 0)
(546.730719142082 0 0)
(546.7329881734892 0 0)
(548.4256856032891 0 0)
(548.4256856032891 0 0)
(548.4256856032891 0 0)
(548.4256856032891 0 0)
(548.4256856032891 0 0)
(548.4256856032891 0 0)
(548.4256856032891 0 0)
(548.4256856032891 0 0)
(548.4256856032891 0 0)
(548.4256856032891 0 0)
(548.4256856032891 0 0)
(548.4256856032891 0 0)
(548.4256856032891 0 0)
(548.4256856032891 0 0)
(548.4256856032891 0 0)
(548.4256856032891 0 0)
(548.4256856032891 0 0)
(548.4256856032891 0 0)
(548.4256856032891 0 0)
(548.4256856032891 0 0)
(548.4256856032891 0 0)
(548.4256856032891 0 0)
(548.4256856032891 0 0)
(548.4256856032891 0 0)
(548.4256856032891 0 0)
(548.4256856032891 0 0)
(548.4256856032891 0 0)
(548.4256856032891 0 0)
(548.4256856032891 0 0)
(548.4256856032891 0 0)
(548.4256856032891 0 0)
(548.4256856032891 0 0)
(548.4256856032891 0 0)
(548.4256856032891 0 0)
(548.4256856032891 0 0)
(548.4256856032891 0 0)
(548.4256856032891 0 0)
(548.4256856032891 0 0)
(548.4256856032891 0 0)
(548.4256856032891 0 0)
(548.4256856032891 0 0)
(548.4256856032891 0 0)
(548.4256856032891 0 0)
(548.4256856032891 0 0)
(548.4256856032891 0 0)
(548.4256856032891 0 0)
(548.4256856032891 0 0)
(548.427894796158 0 0)
(548.427894796158 0 0)
(548.427894796158 0 0)
(548.427894796158 0 0)
(548.427894796158 0 0)
(548.427894796158 0 0)
(548.427894796158 0 0)
(548.427894796158 0 0)
(548.427894796158 0 0)
(548.427894796158 0 0)
(548.427894796158 0 0)
(548.427894796158 0 0)
(548.427894796158 0 0)
(548.427894796158 0 0)
(548.427894796158 0 0)
(548.427894796158 0 0)
(548.427894796158 0 0)
(548.427894796158 0 0)
(548.427894796158 0 0)
(548.427894796158 0 0)
(548.427894796158 0 0)
(548.427894796158 0 0)
(548.427894796158 0 0)
(548.427894796158 0 0)
(548.4301039890269 0 0)
(548.4301039890269 0 0)
(548.4301039890269 0 0)
(548.4301039890269 0 0)
(548.4301039890269 0 0)
(548.4301039890269 0 0)
(548.4301039890269 0 0)
(548.4301039890269 0 0)
(548.4301039890269 0 0)
(548.4323131818957 0 0)
(548.4323131818957 0 0)
(548.4323131818957 0 0)
(548.4323131818957 0 0)
(548.4323131818957 0 0)
(550.0892078335322 0 0)
(550.0892078335322 0 0)
(550.0892078335322 0 0)
(550.0892078335322 0 0)
(550.0892078335322 0 0)
(550.0892078335322 0 0)
(550.0892078335322 0 0)
(550.0892078335322 0 0)
(550.0892078335322 0 0)
(550.0892078335322 0 0)
(550.0892078335322 0 0)
(550.0892078335322 0 0)
(550.0892078335322 0 0)
(550.0892078335322 0 0)
(550.0892078335322 0 0)
(550.0892078335322 0 0)
(550.0892078335322 0 0)
(550.0892078335322 0 0)
(550.0892078335322 0 0)
(550.0892078335322 0 0)
(550.0892078335322 0 0)
(550.0892078335322 0 0)
(550.0892078335322 0 0)
(550.0892078335322 0 0)
(550.0892078335322 0 0)
(550.0892078335322 0 0)
(550.0892078335322 0 0)
(550.0892078335322 0 0)
(550.0892078335322 0 0)
(550.0892078335322 0 0)
(550.0892078335322 0 0)
(550.0892078335322 0 0)
(550.0892078335322 0 0)
(550.0892078335322 0 0)
(550.0892078335322 0 0)
(550.0892078335322 0 0)
(550.0892078335322 0 0)
(550.0892078335322 0 0)
(550.0892078335322 0 0)
(550.0892078335322 0 0)
(550.0892078335322 0 0)
(550.0913573836635 0 0)
(550.0913573836635 0 0)
(550.0913573836635 0 0)
(550.0913573836635 0 0)
(550.0913573836635 0 0)
(550.0913573836635 0 0)
(550.0913573836635 0 0)
(550.0913573836635 0 0)
(550.0913573836635 0 0)
(550.0913573836635 0 0)
(550.0913573836635 0 0)
(550.0913573836635 0 0)
(550.0913573836635 0 0)
(550.0913573836635 0 0)
(550.0913573836635 0 0)
(550.0913573836635 0 0)
(550.0913573836635 0 0)
(550.0913573836635 0 0)
(550.0913573836635 0 0)
(550.0913573836635 0 0)
(550.0913573836635 0 0)
(550.0913573836635 0 0)
(550.0913573836635 0 0)
(550.0913573836635 0 0)
(550.0913573836635 0 0)
(550.0913573836635 0 0)
(550.0913573836635 0 0)
(550.0913573836635 0 0)
(550.0935069337947 0 0)
(550.0935069337947 0 0)
(550.0935069337947 0 0)
(550.0935069337947 0 0)
(550.0935069337947 0 0)
(550.0935069337947 0 0)
(550.0935069337947 0 0)
(550.0935069337947 0 0)
(550.0935069337947 0 0)
(550.0935069337947 0 0)
(550.0956564839261 0 0)
(550.0956564839261 0 0)
(550.0956564839261 0 0)
(550.0956564839261 0 0)
(550.0956564839261 0 0)
(550.0978060340573 0 0)
(551.7164172829041 0 0)
(551.7164172829041 0 0)
(551.7164172829041 0 0)
(551.7164172829041 0 0)
(551.7164172829041 0 0)
(551.7164172829041 0 0)
(551.7164172829041 0 0)
(551.7164172829041 0 0)
(551.7164172829041 0 0)
(551.7164172829041 0 0)
(551.7164172829041 0 0)
(551.7164172829041 0 0)
(551.7164172829041 0 0)
(551.7164172829041 0 0)
(551.7164172829041 0 0)
(551.7164172829041 0 0)
(551.7164172829041 0 0)
(551.7164172829041 0 0)
(551.7164172829041 0 0)
(551.7164172829041 0 0)
(551.7164172829041 0 0)
(551.7164172829041 0 0)
(551.7164172829041 0 0)
(551.7164172829041 0 0)
(551.7164172829041 0 0)
(551.7164172829041 0 0)
(551.7164172829041 0 0)
(551.7164172829041 0 0)
(551.7164172829041 0 0)
(551.7164172829041 0 0)
(551.7164172829041 0 0)
(551.7164172829041 0 0)
(551.7164172829041 0 0)
(551.7164172829041 0 0)
(551.7164172829041 0 0)
(551.7164172829041 0 0)
(551.7164172829041 0 0)
(551.7164172829041 0 0)
(551.7164172829041 0 0)
(551.7164172829041 0 0)
(551.7164172829041 0 0)
(551.7164172829041 0 0)
(551.7164172829041 0 0)
(551.7164172829041 0 0)
(551.7164172829041 0 0)
(551.7164172829041 0 0)
(551.7164172829041 0 0)
(551.7164172829041 0 0)
(551.7164172829041 0 0)
(551.7185074134255 0 0)
(551.7185074134255 0 0)
(551.7185074134255 0 0)
(551.7185074134255 0 0)
(551.7185074134255 0 0)
(551.7185074134255 0 0)
(551.7185074134255 0 0)
(551.7185074134255 0 0)
(551.7185074134255 0 0)
(551.7185074134255 0 0)
(551.7185074134255 0 0)
(551.7185074134255 0 0)
(551.7185074134255 0 0)
(551.7185074134255 0 0)
(551.7185074134255 0 0)
(551.7185074134255 0 0)
(551.7185074134255 0 0)
(551.7185074134255 0 0)
(551.7185074134255 0 0)
(551.7185074134255 0 0)
(551.7185074134255 0 0)
(551.720597543947 0 0)
(551.720597543947 0 0)
(551.720597543947 0 0)
(551.720597543947 0 0)
(551.720597543947 0 0)
(551.720597543947 0 0)
(551.720597543947 0 0)
(551.720597543947 0 0)
(551.7226876744684 0 0)
(551.7226876744684 0 0)
(551.7226876744684 0 0)
(551.7226876744684 0 0)
(551.7226876744684 0 0)
(551.7226876744684 0 0)
(551.7247778049899 0 0)
(553.3070066097179 0 0)
(553.3070066097179 0 0)
(553.3070066097179 0 0)
(553.3070066097179 0 0)
(553.3070066097179 0 0)
(553.3070066097179 0 0)
(553.3070066097179 0 0)
(553.3070066097179 0 0)
(553.3070066097179 0 0)
(553.3070066097179 0 0)
(553.3070066097179 0 0)
(553.3070066097179 0 0)
(553.3070066097179 0 0)
(553.3070066097179 0 0)
(553.3070066097179 0 0)
(553.3070066097179 0 0)
(553.3070066097179 0 0)
(553.3070066097179 0 0)
(553.3070066097179 0 0)
(553.3070066097179 0 0)
(553.3070066097179 0 0)
(553.3070066097179 0 0)
(553.3070066097179 0 0)
(553.3070066097179 0 0)
(553.3070066097179 0 0)
(553.3070066097179 0 0)
(553.3070066097179 0 0)
(553.3070066097179 0 0)
(553.3070066097179 0 0)
(553.3070066097179 0 0)
(553.3070066097179 0 0)
(553.3070066097179 0 0)
(553.3070066097179 0 0)
(553.3070066097179 0 0)
(553.3070066097179 0 0)
(553.3070066097179 0 0)
(553.3070066097179 0 0)
(553.3070066097179 0 0)
(553.3070066097179 0 0)
(553.3070066097179 0 0)
(553.3070066097179 0 0)
(553.3070066097179 0 0)
(553.3070066097179 0 0)
(553.3070066097179 0 0)
(553.3070066097179 0 0)
(553.3070066097179 0 0)
(553.3070066097179 0 0)
(553.3070066097179 0 0)
(553.3070066097179 0 0)
(553.3070066097179 0 0)
(553.3070066097179 0 0)
(553.3070066097179 0 0)
(553.3070066097179 0 0)
(553.3070066097179 0 0)
(553.3070066097179 0 0)
(553.3070066097179 0 0)
(553.3070066097179 0 0)
(553.3070066097179 0 0)
(553.3070066097179 0 0)
(553.3090402246526 0 0)
(553.3090402246526 0 0)
(553.3090402246526 0 0)
(553.3090402246526 0 0)
(553.3090402246526 0 0)
(553.3090402246526 0 0)
(553.3090402246526 0 0)
(553.3090402246526 0 0)
(553.3090402246526 0 0)
(553.3090402246526 0 0)
(553.3090402246526 0 0)
(553.3090402246526 0 0)
(553.3090402246526 0 0)
(553.3090402246526 0 0)
(553.3110738395874 0 0)
(553.3110738395874 0 0)
(553.3110738395874 0 0)
(553.3110738395874 0 0)
(553.3110738395874 0 0)
(553.3110738395874 0 0)
(553.3110738395874 0 0)
(553.3131074545221 0 0)
(553.3131074545221 0 0)
(553.3131074545221 0 0)
(553.3131074545221 0 0)
(553.3151410694568 0 0)
(554.8606884198688 0 0)
(554.8606884198688 0 0)
(554.8606884198688 0 0)
(554.8606884198688 0 0)
(554.8606884198688 0 0)
(554.8606884198688 0 0)
(554.8606884198688 0 0)
(554.8606884198688 0 0)
(554.8606884198688 0 0)
(554.8606884198688 0 0)
(554.8606884198688 0 0)
(554.8606884198688 0 0)
(554.8606884198688 0 0)
(554.8606884198688 0 0)
(554.8606884198688 0 0)
(554.8606884198688 0 0)
(554.8606884198688 0 0)
(554.8606884198688 0 0)
(554.8606884198688 0 0)
(554.8606884198688 0 0)
(554.8606884198688 0 0)
(554.8606884198688 0 0)
(554.8606884198688 0 0)
(554.8606884198688 0 0)
(554.8606884198688 0 0)
(554.8606884198688 0 0)
(554.8606884198688 0 0)
(554.8606884198688 0 0)
(554.8606884198688 0 0)
(554.8606884198688 0 0)
(554.8606884198688 0 0)
(554.8606884198688 0 0)
(554.8606884198688 0 0)
(554.8606884198688 0 0)
(554.8606884198688 0 0)
(554.8606884198688 0 0)
(554.8606884198688 0 0)
(554.8606884198688 0 0)
(554.8606884198688 0 0)
(554.8606884198688 0 0)
(554.8606884198688 0 0)
(554.8626597897043 0 0)
(554.8626597897043 0 0)
(554.8626597897043 0 0)
(554.8626597897043 0 0)
(554.8626597897043 0 0)
(554.8626597897043 0 0)
(554.8626597897043 0 0)
(554.8626597897043 0 0)
(554.8626597897043 0 0)
(554.8626597897043 0 0)
(554.8626597897043 0 0)
(554.8626597897043 0 0)
(554.8626597897043 0 0)
(554.8626597897043 0 0)
(554.8626597897043 0 0)
(554.8626597897043 0 0)
(554.8626597897043 0 0)
(554.8626597897043 0 0)
(554.8626597897043 0 0)
(554.8626597897043 0 0)
(554.8626597897043 0 0)
(554.8626597897043 0 0)
(554.8626597897043 0 0)
(554.8626597897043 0 0)
(554.8626597897043 0 0)
(554.8626597897043 0 0)
(554.8646311595398 0 0)
(554.8646311595398 0 0)
(554.8646311595398 0 0)
(554.8646311595398 0 0)
(554.8646311595398 0 0)
(554.8646311595398 0 0)
(554.8646311595398 0 0)
(554.8646311595398 0 0)
(554.8646311595398 0 0)
(554.8666025293753 0 0)
(554.8666025293753 0 0)
(554.8666025293753 0 0)
(554.8666025293753 0 0)
(554.8666025293753 0 0)
(554.8685738992108 0 0)
(554.8685738992108 0 0)
(554.8685738992108 0 0)
(554.8685738992108 0 0)
(556.3766718233737 0 0)
(556.3766718233737 0 0)
(556.3766718233737 0 0)
(556.3766718233737 0 0)
(556.3766718233737 0 0)
(556.3766718233737 0 0)
(556.3766718233737 0 0)
(556.3766718233737 0 0)
(556.3766718233737 0 0)
(556.3766718233737 0 0)
(556.3766718233737 0 0)
(556.3766718233737 0 0)
(556.3766718233737 0 0)
(556.3766718233737 0 0)
(556.3766718233737 0 0)
(556.3766718233737 0 0)
(556.3766718233737 0 0)
(556.3766718233737 0 0)
(556.3766718233737 0 0)
(556.3766718233737 0 0)
(556.3766718233737 0 0)
(556.3766718233737 0 0)
(556.3766718233737 0 0)
(556.3766718233737 0 0)
(556.3766718233737 0 0)
(556.3766718233737 0 0)
(556.3766718233737 0 0)
(556.3766718233737 0 0)
(556.3766718233737 0 0)
(556.3766718233737 0 0)
(556.3766718233737 0 0)
(556.3766718233737 0 0)
(556.3766718233737 0 0)
(556.3766718233737 0 0)
(556.3766718233737 0 0)
(556.3766718233737 0 0)
(556.3766718233737 0 0)
(556.3766718233737 0 0)
(556.3766718233737 0 0)
(556.3766718233737 0 0)
(556.3766718233737 0 0)
(556.3766718233737 0 0)
(556.3766718233737 0 0)
(556.3766718233737 0 0)
(556.3766718233737 0 0)
(556.3766718233737 0 0)
(556.3766718233737 0 0)
(556.3766718233737 0 0)
(556.3766718233737 0 0)
(556.3766718233737 0 0)
(556.3766718233737 0 0)
(556.3766718233737 0 0)
(556.3766718233737 0 0)
(556.3766718233737 0 0)
(556.3766718233737 0 0)
(556.3766718233737 0 0)
(556.3766718233737 0 0)
(556.3766718233737 0 0)
(556.3766718233737 0 0)
(556.3766718233737 0 0)
(556.3766718233737 0 0)
(556.3766718233737 0 0)
(556.3785857317063 0 0)
(556.3785857317063 0 0)
(556.3785857317063 0 0)
(556.3785857317063 0 0)
(556.3785857317063 0 0)
(556.3785857317063 0 0)
(556.3785857317063 0 0)
(556.3785857317063 0 0)
(556.3785857317063 0 0)
(556.3785857317063 0 0)
(556.3785857317063 0 0)
(556.3804996400387 0 0)
(556.3804996400387 0 0)
(556.3804996400387 0 0)
(556.3804996400387 0 0)
(556.3804996400387 0 0)
(556.3804996400387 0 0)
(556.3824135483711 0 0)
(556.3824135483711 0 0)
(556.3824135483711 0 0)
(556.3824135483711 0 0)
(556.3824135483711 0 0)
(556.3843274567037 0 0)
(557.8542090560471 0 0)
(557.8542090560471 0 0)
(557.8542090560471 0 0)
(557.8542090560471 0 0)
(557.8542090560471 0 0)
(557.8542090560471 0 0)
(557.8542090560471 0 0)
(557.8542090560471 0 0)
(557.8542090560471 0 0)
(557.8542090560471 0 0)
(557.8542090560471 0 0)
(557.8542090560471 0 0)
(557.8542090560471 0 0)
(557.8542090560471 0 0)
(557.8542090560471 0 0)
(557.8542090560471 0 0)
(557.8542090560471 0 0)
(557.8542090560471 0 0)
(557.8542090560471 0 0)
(557.8542090560471 0 0)
(557.8542090560471 0 0)
(557.8542090560471 0 0)
(557.8542090560471 0 0)
(557.8542090560471 0 0)
(557.8542090560471 0 0)
(557.8542090560471 0 0)
(557.8542090560471 0 0)
(557.8542090560471 0 0)
(557.8542090560471 0 0)
(557.8542090560471 0 0)
(557.8542090560471 0 0)
(557.8542090560471 0 0)
(557.8542090560471 0 0)
(557.8542090560471 0 0)
(557.8542090560471 0 0)
(557.8542090560471 0 0)
(557.8542090560471 0 0)
(557.8542090560471 0 0)
(557.8542090560471 0 0)
(557.8542090560471 0 0)
(557.8542090560471 0 0)
(557.8542090560471 0 0)
(557.8542090560471 0 0)
(557.8542090560471 0 0)
(557.8542090560471 0 0)
(557.8542090560471 0 0)
(557.8542090560471 0 0)
(557.8542090560471 0 0)
(557.8542090560471 0 0)
(557.8542090560471 0 0)
(557.8542090560471 0 0)
(557.8542090560471 0 0)
(557.8542090560471 0 0)
(557.8542090560471 0 0)
(557.8542090560471 0 0)
(557.8542090560471 0 0)
(557.8542090560471 0 0)
(557.8542090560471 0 0)
(557.856062639619 0 0)
(557.856062639619 0 0)
(557.856062639619 0 0)
(557.856062639619 0 0)
(557.856062639619 0 0)
(557.856062639619 0 0)
(557.856062639619 0 0)
(557.856062639619 0 0)
(557.856062639619 0 0)
(557.856062639619 0 0)
(557.856062639619 0 0)
(557.856062639619 0 0)
(557.856062639619 0 0)
(557.8579162231908 0 0)
(557.8579162231908 0 0)
(557.8579162231908 0 0)
(557.8579162231908 0 0)
(557.8579162231908 0 0)
(557.8579162231908 0 0)
(557.8579162231908 0 0)
(557.8597698067628 0 0)
(557.8597698067628 0 0)
(557.8597698067628 0 0)
(557.8597698067628 0 0)
(557.8616233903346 0 0)
(557.8616233903346 0 0)
(557.8616233903346 0 0)
(559.2925899078117 0 0)
(559.2925899078117 0 0)
(559.2925899078117 0 0)
(559.2925899078117 0 0)
(559.2925899078117 0 0)
(559.2925899078117 0 0)
(559.2925899078117 0 0)
(559.2925899078117 0 0)
(559.2925899078117 0 0)
(559.2925899078117 0 0)
(559.2925899078117 0 0)
(559.2925899078117 0 0)
(559.2925899078117 0 0)
(559.2925899078117 0 0)
(559.2925899078117 0 0)
(559.2925899078117 0 0)
(559.2925899078117 0 0)
(559.2925899078117 0 0)
(559.2925899078117 0 0)
(559.2925899078117 0 0)
(559.2925899078117 0 0)
(559.2925899078117 0 0)
(559.2925899078117 0 0)
(559.2925899078117 0 0)
(559.2925899078117 0 0)
(559.2925899078117 0 0)
(559.2925899078117 0 0)
(559.2925899078117 0 0)
(559.2925899078117 0 0)
(559.2925899078117 0 0)
(559.2925899078117 0 0)
(559.2925899078117 0 0)
(559.2925899078117 0 0)
(559.2925899078117 0 0)
(559.2925899078117 0 0)
(559.2925899078117 0 0)
(559.2925899078117 0 0)
(559.2925899078117 0 0)
(559.2925899078117 0 0)
(559.2925899078117 0 0)
(559.2925899078117 0 0)
(559.2925899078117 0 0)
(559.2925899078117 0 0)
(559.2925899078117 0 0)
(559.2925899078117 0 0)
(559.2925899078117 0 0)
(559.2925899078117 0 0)
(559.2925899078117 0 0)
(559.2925899078117 0 0)
(559.2925899078117 0 0)
(559.2925899078117 0 0)
(559.2925899078117 0 0)
(559.2925899078117 0 0)
(559.2925899078117 0 0)
(559.2925899078117 0 0)
(559.2925899078117 0 0)
(559.2925899078117 0 0)
(559.2943841971536 0 0)
(559.2943841971536 0 0)
(559.2943841971536 0 0)
(559.2943841971536 0 0)
(559.2943841971536 0 0)
(559.2943841971536 0 0)
(559.2943841971536 0 0)
(559.2943841971536 0 0)
(559.2943841971536 0 0)
(559.2943841971536 0 0)
(559.2943841971536 0 0)
(559.2943841971536 0 0)
(559.2943841971536 0 0)
(559.2961784864956 0 0)
(559.2961784864956 0 0)
(559.2961784864956 0 0)
(559.2961784864956 0 0)
(559.2961784864956 0 0)
(559.2961784864956 0 0)
(559.2961784864956 0 0)
(559.2979727758376 0 0)
(559.2979727758376 0 0)
(559.2979727758376 0 0)
(559.2979727758376 0 0)
(559.2979727758376 0 0)
(559.2997670651795 0 0)
(559.2997670651795 0 0)
(559.2997670651795 0 0)
(560.69213559453 0 0)
(560.69213559453 0 0)
(560.69213559453 0 0)
(560.69213559453 0 0)
(560.69213559453 0 0)
(560.69213559453 0 0)
(560.69213559453 0 0)
(560.69213559453 0 0)
(560.69213559453 0 0)
(560.69213559453 0 0)
(560.69213559453 0 0)
(560.69213559453 0 0)
(560.69213559453 0 0)
(560.69213559453 0 0)
(560.69213559453 0 0)
(560.69213559453 0 0)
(560.69213559453 0 0)
(560.69213559453 0 0)
(560.69213559453 0 0)
(560.69213559453 0 0)
(560.69213559453 0 0)
(560.69213559453 0 0)
(560.69213559453 0 0)
(560.69213559453 0 0)
(560.69213559453 0 0)
(560.69213559453 0 0)
(560.69213559453 0 0)
(560.69213559453 0 0)
(560.69213559453 0 0)
(560.69213559453 0 0)
(560.69213559453 0 0)
(560.69213559453 0 0)
(560.69213559453 0 0)
(560.69213559453 0 0)
(560.69213559453 0 0)
(560.69213559453 0 0)
(560.69213559453 0 0)
(560.69213559453 0 0)
(560.69213559453 0 0)
(560.69213559453 0 0)
(560.69213559453 0 0)
(560.69213559453 0 0)
(560.69213559453 0 0)
(560.69213559453 0 0)
(560.69213559453 0 0)
(560.69213559453 0 0)
(560.69213559453 0 0)
(560.69213559453 0 0)
(560.69213559453 0 0)
(560.69213559453 0 0)
(560.69213559453 0 0)
(560.69213559453 0 0)
(560.69213559453 0 0)
(560.69213559453 0 0)
(560.69213559453 0 0)
(560.69213559453 0 0)
(560.69213559453 0 0)
(560.6938696868054 0 0)
(560.6938696868054 0 0)
(560.6938696868054 0 0)
(560.6938696868054 0 0)
(560.6938696868054 0 0)
(560.6938696868054 0 0)
(560.6938696868054 0 0)
(560.6938696868054 0 0)
(560.6938696868054 0 0)
(560.6938696868054 0 0)
(560.6938696868054 0 0)
(560.6938696868054 0 0)
(560.6938696868054 0 0)
(560.6956037790809 0 0)
(560.6956037790809 0 0)
(560.6956037790809 0 0)
(560.6956037790809 0 0)
(560.6956037790809 0 0)
(560.6956037790809 0 0)
(560.6956037790809 0 0)
(560.6973378713564 0 0)
(560.6973378713564 0 0)
(560.6973378713564 0 0)
(560.6973378713564 0 0)
(560.6990719636318 0 0)
(560.6990719636318 0 0)
(560.6990719636318 0 0)
(560.6990719636318 0 0)
(562.0516639384815 0 0)
(562.0516639384815 0 0)
(562.0516639384815 0 0)
(562.0516639384815 0 0)
(562.0516639384815 0 0)
(562.0516639384815 0 0)
(562.0516639384815 0 0)
(562.0516639384815 0 0)
(562.0516639384815 0 0)
(562.0516639384815 0 0)
(562.0516639384815 0 0)
(562.0516639384815 0 0)
(562.0516639384815 0 0)
(562.0516639384815 0 0)
(562.0516639384815 0 0)
(562.0516639384815 0 0)
(562.0516639384815 0 0)
(562.0516639384815 0 0)
(562.0516639384815 0 0)
(562.0516639384815 0 0)
(562.0516639384815 0 0)
(562.0516639384815 0 0)
(562.0516639384815 0 0)
(562.0516639384815 0 0)
(562.0516639384815 0 0)
(562.0516639384815 0 0)
(562.0516639384815 0 0)
(562.0516639384815 0 0)
(562.0516639384815 0 0)
(562.0516639384815 0 0)
(562.0516639384815 0 0)
(562.0516639384815 0 0)
(562.0516639384815 0 0)
(562.0516639384815 0 0)
(562.0516639384815 0 0)
(562.0516639384815 0 0)
(562.0516639384815 0 0)
(562.0516639384815 0 0)
(562.0516639384815 0 0)
(562.0516639384815 0 0)
(562.0516639384815 0 0)
(562.0516639384815 0 0)
(562.0516639384815 0 0)
(562.0516639384815 0 0)
(562.0516639384815 0 0)
(562.0516639384815 0 0)
(562.0516639384815 0 0)
(562.0516639384815 0 0)
(562.0516639384815 0 0)
(562.0516639384815 0 0)
(562.0516639384815 0 0)
(562.0516639384815 0 0)
(562.0516639384815 0 0)
(562.0516639384815 0 0)
(562.0516639384815 0 0)
(562.0516639384815 0 0)
(562.0516639384815 0 0)
(562.0516639384815 0 0)
(562.0516639384815 0 0)
(562.0533397531473 0 0)
(562.0533397531473 0 0)
(562.0533397531473 0 0)
(562.0533397531473 0 0)
(562.0533397531473 0 0)
(562.0533397531473 0 0)
(562.0533397531473 0 0)
(562.0533397531473 0 0)
(562.0533397531473 0 0)
(562.0533397531473 0 0)
(562.0533397531473 0 0)
(562.0533397531473 0 0)
(562.055015567813 0 0)
(562.055015567813 0 0)
(562.055015567813 0 0)
(562.055015567813 0 0)
(562.055015567813 0 0)
(562.055015567813 0 0)
(562.0566913824788 0 0)
(562.0566913824788 0 0)
(562.0566913824788 0 0)
(562.0566913824788 0 0)
(562.0583671971445 0 0)
(562.0583671971445 0 0)
(562.0583671971445 0 0)
(562.0583671971445 0 0)
(563.3705300804221 0 0)
(563.3705300804221 0 0)
(563.3705300804221 0 0)
(563.3705300804221 0 0)
(563.3705300804221 0 0)
(563.3705300804221 0 0)
(563.3705300804221 0 0)
(563.3705300804221 0 0)
(563.3705300804221 0 0)
(563.3705300804221 0 0)
(563.3705300804221 0 0)
(563.3705300804221 0 0)
(563.3705300804221 0 0)
(563.3705300804221 0 0)
(563.3705300804221 0 0)
(563.3705300804221 0 0)
(563.3705300804221 0 0)
(563.3705300804221 0 0)
(563.3705300804221 0 0)
(563.3705300804221 0 0)
(563.3705300804221 0 0)
(563.3705300804221 0 0)
(563.3721431847032 0 0)
(563.3721431847032 0 0)
(563.3721431847032 0 0)
(563.3721431847032 0 0)
(563.3721431847032 0 0)
(563.3721431847032 0 0)
(563.3721431847032 0 0)
(563.3721431847032 0 0)
(563.3721431847032 0 0)
(563.3721431847032 0 0)
(563.3721431847032 0 0)
(563.3721431847032 0 0)
(563.3721431847032 0 0)
(563.3721431847032 0 0)
(563.3721431847032 0 0)
(563.3721431847032 0 0)
(563.3721431847032 0 0)
(563.3721431847032 0 0)
(563.3721431847032 0 0)
(563.3721431847032 0 0)
(563.3721431847032 0 0)
(563.3721431847032 0 0)
(563.3721431847032 0 0)
(563.3721431847032 0 0)
(563.3721431847032 0 0)
(563.3721431847032 0 0)
(563.3721431847032 0 0)
(563.3721431847032 0 0)
(563.3721431847032 0 0)
(563.3721431847032 0 0)
(563.3721431847032 0 0)
(563.3721431847032 0 0)
(563.3721431847032 0 0)
(563.3721431847032 0 0)
(563.3721431847032 0 0)
(563.3721431847032 0 0)
(563.3721431847032 0 0)
(563.3721431847032 0 0)
(563.3721431847032 0 0)
(563.3721431847032 0 0)
(563.3737562889843 0 0)
(563.3737562889843 0 0)
(563.3737562889843 0 0)
(563.3737562889843 0 0)
(563.3737562889843 0 0)
(563.3737562889843 0 0)
(563.3737562889843 0 0)
(563.3737562889843 0 0)
(563.3737562889843 0 0)
(563.3737562889843 0 0)
(563.3753693932654 0 0)
(563.3753693932654 0 0)
(563.3753693932654 0 0)
(563.3753693932654 0 0)
(563.3753693932654 0 0)
(563.3753693932654 0 0)
(563.3769824975465 0 0)
(563.3769824975465 0 0)
(563.3769824975465 0 0)
(563.3769824975465 0 0)
(563.3785956018276 0 0)
(563.3785956018276 0 0)
(563.3785956018276 0 0)
(564.6481086710426 0 0)
(564.6481086710426 0 0)
(564.6481086710426 0 0)
(564.6481086710426 0 0)
(564.6481086710426 0 0)
(564.6481086710426 0 0)
(564.6481086710426 0 0)
(564.6481086710426 0 0)
(564.6481086710426 0 0)
(564.6481086710426 0 0)
(564.6481086710426 0 0)
(564.6481086710426 0 0)
(564.6481086710426 0 0)
(564.6481086710426 0 0)
(564.6481086710426 0 0)
(564.6481086710426 0 0)
(564.6481086710426 0 0)
(564.6481086710426 0 0)
(564.6481086710426 0 0)
(564.6481086710426 0 0)
(564.6481086710426 0 0)
(564.6481086710426 0 0)
(564.6481086710426 0 0)
(564.6481086710426 0 0)
(564.6481086710426 0 0)
(564.6481086710426 0 0)
(564.6481086710426 0 0)
(564.6481086710426 0 0)
(564.6481086710426 0 0)
(564.6481086710426 0 0)
(564.6481086710426 0 0)
(564.6481086710426 0 0)
(564.6481086710426 0 0)
(564.6481086710426 0 0)
(564.6481086710426 0 0)
(564.6481086710426 0 0)
(564.6481086710426 0 0)
(564.6481086710426 0 0)
(564.6481086710426 0 0)
(564.6481086710426 0 0)
(564.6481086710426 0 0)
(564.6481086710426 0 0)
(564.6481086710426 0 0)
(564.6496622288078 0 0)
(564.6496622288078 0 0)
(564.6496622288078 0 0)
(564.6496622288078 0 0)
(564.6496622288078 0 0)
(564.6496622288078 0 0)
(564.6496622288078 0 0)
(564.6496622288078 0 0)
(564.6496622288078 0 0)
(564.6496622288078 0 0)
(564.6496622288078 0 0)
(564.6496622288078 0 0)
(564.6496622288078 0 0)
(564.6496622288078 0 0)
(564.6496622288078 0 0)
(564.6496622288078 0 0)
(564.6496622288078 0 0)
(564.6496622288078 0 0)
(564.6496622288078 0 0)
(564.6496622288078 0 0)
(564.6496622288078 0 0)
(564.6496622288078 0 0)
(564.6512157865728 0 0)
(564.6512157865728 0 0)
(564.6512157865728 0 0)
(564.6512157865728 0 0)
(564.6512157865728 0 0)
(564.6512157865728 0 0)
(564.6512157865728 0 0)
(564.6512157865728 0 0)
(564.6527693443379 0 0)
(564.6527693443379 0 0)
(564.6527693443379 0 0)
(564.6527693443379 0 0)
(564.6527693443379 0 0)
(564.6543229021031 0 0)
(564.6543229021031 0 0)
(564.6543229021031 0 0)
(564.6543229021031 0 0)
(564.6558764598682 0 0)
(564.6558764598682 0 0)
(564.6558764598682 0 0)
(565.8847406520833 0 0)
(565.8847406520833 0 0)
(565.8847406520833 0 0)
(565.8847406520833 0 0)
(565.8847406520833 0 0)
(565.8847406520833 0 0)
(565.8847406520833 0 0)
(565.8847406520833 0 0)
(565.8847406520833 0 0)
(565.8847406520833 0 0)
(565.8847406520833 0 0)
(565.8847406520833 0 0)
(565.8847406520833 0 0)
(565.8847406520833 0 0)
(565.8847406520833 0 0)
(565.8847406520833 0 0)
(565.8847406520833 0 0)
(565.8847406520833 0 0)
(565.8847406520833 0 0)
(565.8847406520833 0 0)
(565.8847406520833 0 0)
(565.8847406520833 0 0)
(565.8847406520833 0 0)
(565.8847406520833 0 0)
(565.8847406520833 0 0)
(565.8847406520833 0 0)
(565.8847406520833 0 0)
(565.8847406520833 0 0)
(565.8847406520833 0 0)
(565.8847406520833 0 0)
(565.8847406520833 0 0)
(565.8847406520833 0 0)
(565.8847406520833 0 0)
(565.8847406520833 0 0)
(565.8847406520833 0 0)
(565.8847406520833 0 0)
(565.8847406520833 0 0)
(565.8847406520833 0 0)
(565.8847406520833 0 0)
(565.8847406520833 0 0)
(565.8847406520833 0 0)
(565.8847406520833 0 0)
(565.8847406520833 0 0)
(565.8847406520833 0 0)
(565.8847406520833 0 0)
(565.8847406520833 0 0)
(565.8847406520833 0 0)
(565.8847406520833 0 0)
(565.8847406520833 0 0)
(565.8847406520833 0 0)
(565.8847406520833 0 0)
(565.8847406520833 0 0)
(565.886233293801 0 0)
(565.886233293801 0 0)
(565.886233293801 0 0)
(565.886233293801 0 0)
(565.886233293801 0 0)
(565.886233293801 0 0)
(565.886233293801 0 0)
(565.886233293801 0 0)
(565.886233293801 0 0)
(565.886233293801 0 0)
(565.886233293801 0 0)
(565.886233293801 0 0)
(565.886233293801 0 0)
(565.886233293801 0 0)
(565.886233293801 0 0)
(565.8877259355186 0 0)
(565.8877259355186 0 0)
(565.8877259355186 0 0)
(565.8877259355186 0 0)
(565.8877259355186 0 0)
(565.8877259355186 0 0)
(565.8877259355186 0 0)
(565.8892185772362 0 0)
(565.8892185772362 0 0)
(565.8892185772362 0 0)
(565.8892185772362 0 0)
(565.8892185772362 0 0)
(565.8907112189538 0 0)
(565.8907112189538 0 0)
(565.8907112189538 0 0)
(565.8907112189538 0 0)
(565.8922038606714 0 0)
(565.8922038606714 0 0)
(567.0788540261682 0 0)
(567.0788540261682 0 0)
(567.0788540261682 0 0)
(567.0788540261682 0 0)
(567.0788540261682 0 0)
(567.0788540261682 0 0)
(567.0788540261682 0 0)
(567.0788540261682 0 0)
(567.0788540261682 0 0)
(567.0788540261682 0 0)
(567.0788540261682 0 0)
(567.0788540261682 0 0)
(567.0788540261682 0 0)
(567.0788540261682 0 0)
(567.0788540261682 0 0)
(567.0788540261682 0 0)
(567.0788540261682 0 0)
(567.0788540261682 0 0)
(567.0788540261682 0 0)
(567.0788540261682 0 0)
(567.0788540261682 0 0)
(567.0788540261682 0 0)
(567.0788540261682 0 0)
(567.0788540261682 0 0)
(567.0788540261682 0 0)
(567.0788540261682 0 0)
(567.0788540261682 0 0)
(567.0788540261682 0 0)
(567.0788540261682 0 0)
(567.0788540261682 0 0)
(567.0788540261682 0 0)
(567.0788540261682 0 0)
(567.0788540261682 0 0)
(567.0788540261682 0 0)
(567.0788540261682 0 0)
(567.0788540261682 0 0)
(567.0788540261682 0 0)
(567.0788540261682 0 0)
(567.0788540261682 0 0)
(567.0788540261682 0 0)
(567.0788540261682 0 0)
(567.0788540261682 0 0)
(567.0788540261682 0 0)
(567.0788540261682 0 0)
(567.0788540261682 0 0)
(567.0788540261682 0 0)
(567.0788540261682 0 0)
(567.0788540261682 0 0)
(567.0788540261682 0 0)
(567.0788540261682 0 0)
(567.0788540261682 0 0)
(567.0788540261682 0 0)
(567.0788540261682 0 0)
(567.0788540261682 0 0)
(567.0788540261682 0 0)
(567.0788540261682 0 0)
(567.0788540261682 0 0)
(567.0802885640009 0 0)
(567.0802885640009 0 0)
(567.0802885640009 0 0)
(567.0802885640009 0 0)
(567.0802885640009 0 0)
(567.0802885640009 0 0)
(567.0802885640009 0 0)
(567.0802885640009 0 0)
(567.0802885640009 0 0)
(567.0802885640009 0 0)
(567.0802885640009 0 0)
(567.0802885640009 0 0)
(567.0817231018335 0 0)
(567.0817231018335 0 0)
(567.0817231018335 0 0)
(567.0817231018335 0 0)
(567.0817231018335 0 0)
(567.0817231018335 0 0)
(567.0817231018335 0 0)
(567.0831576396662 0 0)
(567.0831576396662 0 0)
(567.0831576396662 0 0)
(567.0831576396662 0 0)
(567.0845921774988 0 0)
(567.0845921774988 0 0)
(567.0845921774988 0 0)
(567.0845921774988 0 0)
(567.0860267153315 0 0)
(568.2307879057927 0 0)
(568.2307879057927 0 0)
(568.2307879057927 0 0)
(568.2307879057927 0 0)
(568.2307879057927 0 0)
(568.2307879057927 0 0)
(568.2307879057927 0 0)
(568.2307879057927 0 0)
(568.2307879057927 0 0)
(568.2307879057927 0 0)
(568.2307879057927 0 0)
(568.2307879057927 0 0)
(568.2307879057927 0 0)
(568.2307879057927 0 0)
(568.2307879057927 0 0)
(568.2321594604384 0 0)
(568.2321594604384 0 0)
(568.2321594604384 0 0)
(568.2321594604384 0 0)
(568.2321594604384 0 0)
(568.2321594604384 0 0)
(568.2321594604384 0 0)
(568.2321594604384 0 0)
(568.2321594604384 0 0)
(568.2321594604384 0 0)
(568.2321594604384 0 0)
(568.2321594604384 0 0)
(568.2321594604384 0 0)
(568.2321594604384 0 0)
(568.2321594604384 0 0)
(568.2321594604384 0 0)
(568.2321594604384 0 0)
(568.2321594604384 0 0)
(568.2321594604384 0 0)
(568.2321594604384 0 0)
(568.2321594604384 0 0)
(568.2321594604384 0 0)
(568.2321594604384 0 0)
(568.2321594604384 0 0)
(568.2321594604384 0 0)
(568.2321594604384 0 0)
(568.2321594604384 0 0)
(568.2321594604384 0 0)
(568.2321594604384 0 0)
(568.2321594604384 0 0)
(568.2321594604384 0 0)
(568.2321594604384 0 0)
(568.2321594604384 0 0)
(568.2321594604384 0 0)
(568.2321594604384 0 0)
(568.2321594604384 0 0)
(568.2321594604384 0 0)
(568.2321594604384 0 0)
(568.2321594604384 0 0)
(568.2321594604384 0 0)
(568.2321594604384 0 0)
(568.2321594604384 0 0)
(568.2321594604384 0 0)
(568.2321594604384 0 0)
(568.2321594604384 0 0)
(568.2321594604384 0 0)
(568.233531015084 0 0)
(568.233531015084 0 0)
(568.233531015084 0 0)
(568.233531015084 0 0)
(568.233531015084 0 0)
(568.233531015084 0 0)
(568.233531015084 0 0)
(568.233531015084 0 0)
(568.233531015084 0 0)
(568.233531015084 0 0)
(568.2349025697298 0 0)
(568.2349025697298 0 0)
(568.2349025697298 0 0)
(568.2349025697298 0 0)
(568.2349025697298 0 0)
(568.2349025697298 0 0)
(568.2362741243754 0 0)
(568.2362741243754 0 0)
(568.2362741243754 0 0)
(568.2362741243754 0 0)
(568.2376456790212 0 0)
(568.2376456790212 0 0)
(568.2376456790212 0 0)
(568.2390172336669 0 0)
(569.3390040595136 0 0)
(569.3390040595136 0 0)
(569.3390040595136 0 0)
(569.3390040595136 0 0)
(569.3390040595136 0 0)
(569.3390040595136 0 0)
(569.3390040595136 0 0)
(569.3390040595136 0 0)
(569.3390040595136 0 0)
(569.3390040595136 0 0)
(569.3390040595136 0 0)
(569.3390040595136 0 0)
(569.3390040595136 0 0)
(569.3390040595136 0 0)
(569.3390040595136 0 0)
(569.3390040595136 0 0)
(569.3390040595136 0 0)
(569.3390040595136 0 0)
(569.3390040595136 0 0)
(569.3390040595136 0 0)
(569.3390040595136 0 0)
(569.3390040595136 0 0)
(569.3390040595136 0 0)
(569.3390040595136 0 0)
(569.3390040595136 0 0)
(569.3390040595136 0 0)
(569.3390040595136 0 0)
(569.3390040595136 0 0)
(569.3390040595136 0 0)
(569.3390040595136 0 0)
(569.3390040595136 0 0)
(569.3390040595136 0 0)
(569.3390040595136 0 0)
(569.3390040595136 0 0)
(569.3390040595136 0 0)
(569.3390040595136 0 0)
(569.3390040595136 0 0)
(569.3390040595136 0 0)
(569.3390040595136 0 0)
(569.3403154160827 0 0)
(569.3403154160827 0 0)
(569.3403154160827 0 0)
(569.3403154160827 0 0)
(569.3403154160827 0 0)
(569.3403154160827 0 0)
(569.3403154160827 0 0)
(569.3403154160827 0 0)
(569.3403154160827 0 0)
(569.3403154160827 0 0)
(569.3403154160827 0 0)
(569.3403154160827 0 0)
(569.3403154160827 0 0)
(569.3403154160827 0 0)
(569.3403154160827 0 0)
(569.3403154160827 0 0)
(569.3403154160827 0 0)
(569.3403154160827 0 0)
(569.3403154160827 0 0)
(569.3403154160827 0 0)
(569.3403154160827 0 0)
(569.3403154160827 0 0)
(569.3403154160827 0 0)
(569.3403154160827 0 0)
(569.3416267726518 0 0)
(569.3416267726518 0 0)
(569.3416267726518 0 0)
(569.3416267726518 0 0)
(569.3416267726518 0 0)
(569.3416267726518 0 0)
(569.3416267726518 0 0)
(569.3416267726518 0 0)
(569.3416267726518 0 0)
(569.342938129221 0 0)
(569.342938129221 0 0)
(569.342938129221 0 0)
(569.342938129221 0 0)
(569.342938129221 0 0)
(569.342938129221 0 0)
(569.3442494857901 0 0)
(569.3442494857901 0 0)
(569.3442494857901 0 0)
(569.3442494857901 0 0)
(569.3455608423593 0 0)
(569.3455608423593 0 0)
(569.3455608423593 0 0)
(570.4038255936415 0 0)
(570.4038255936415 0 0)
(570.4038255936415 0 0)
(570.4038255936415 0 0)
(570.4038255936415 0 0)
(570.4038255936415 0 0)
(570.4038255936415 0 0)
(570.4038255936415 0 0)
(570.4038255936415 0 0)
(570.4038255936415 0 0)
(570.4038255936415 0 0)
(570.4038255936415 0 0)
(570.4038255936415 0 0)
(570.4038255936415 0 0)
(570.4038255936415 0 0)
(570.4038255936415 0 0)
(570.4038255936415 0 0)
(570.4038255936415 0 0)
(570.4038255936415 0 0)
(570.4038255936415 0 0)
(570.4038255936415 0 0)
(570.4038255936415 0 0)
(570.4038255936415 0 0)
(570.4038255936415 0 0)
(570.4038255936415 0 0)
(570.4038255936415 0 0)
(570.4038255936415 0 0)
(570.4038255936415 0 0)
(570.4038255936415 0 0)
(570.4038255936415 0 0)
(570.4038255936415 0 0)
(570.4038255936415 0 0)
(570.4038255936415 0 0)
(570.4038255936415 0 0)
(570.4038255936415 0 0)
(570.4038255936415 0 0)
(570.4038255936415 0 0)
(570.4038255936415 0 0)
(570.4038255936415 0 0)
(570.4038255936415 0 0)
(570.4038255936415 0 0)
(570.4038255936415 0 0)
(570.4038255936415 0 0)
(570.4038255936415 0 0)
(570.4038255936415 0 0)
(570.4050765829944 0 0)
(570.4050765829944 0 0)
(570.4050765829944 0 0)
(570.4050765829944 0 0)
(570.4050765829944 0 0)
(570.4050765829944 0 0)
(570.4050765829944 0 0)
(570.4050765829944 0 0)
(570.4050765829944 0 0)
(570.4050765829944 0 0)
(570.4050765829944 0 0)
(570.4050765829944 0 0)
(570.4050765829944 0 0)
(570.4050765829944 0 0)
(570.4050765829944 0 0)
(570.4050765829944 0 0)
(570.4050765829944 0 0)
(570.4050765829944 0 0)
(570.4050765829944 0 0)
(570.4050765829944 0 0)
(570.4063275723472 0 0)
(570.4063275723472 0 0)
(570.4063275723472 0 0)
(570.4063275723472 0 0)
(570.4063275723472 0 0)
(570.4063275723472 0 0)
(570.4063275723472 0 0)
(570.4063275723472 0 0)
(570.4075785617001 0 0)
(570.4075785617001 0 0)
(570.4075785617001 0 0)
(570.4075785617001 0 0)
(570.4075785617001 0 0)
(570.4088295510529 0 0)
(570.4088295510529 0 0)
(570.4088295510529 0 0)
(570.4088295510529 0 0)
(570.4100805404058 0 0)
(570.4100805404058 0 0)
(570.4100805404058 0 0)
(571.4246329055732 0 0)
(571.4246329055732 0 0)
(571.4246329055732 0 0)
(571.4246329055732 0 0)
(571.4246329055732 0 0)
(571.4246329055732 0 0)
(571.4246329055732 0 0)
(571.4246329055732 0 0)
(571.4246329055732 0 0)
(571.4246329055732 0 0)
(571.4246329055732 0 0)
(571.4246329055732 0 0)
(571.4246329055732 0 0)
(571.4246329055732 0 0)
(571.4246329055732 0 0)
(571.4246329055732 0 0)
(571.4246329055732 0 0)
(571.4246329055732 0 0)
(571.4246329055732 0 0)
(571.4246329055732 0 0)
(571.4246329055732 0 0)
(571.4246329055732 0 0)
(571.4246329055732 0 0)
(571.4246329055732 0 0)
(571.4246329055732 0 0)
(571.4246329055732 0 0)
(571.4246329055732 0 0)
(571.4246329055732 0 0)
(571.4246329055732 0 0)
(571.4246329055732 0 0)
(571.4246329055732 0 0)
(571.4246329055732 0 0)
(571.4246329055732 0 0)
(571.4246329055732 0 0)
(571.4246329055732 0 0)
(571.4246329055732 0 0)
(571.4246329055732 0 0)
(571.4246329055732 0 0)
(571.4246329055732 0 0)
(571.4246329055732 0 0)
(571.4246329055732 0 0)
(571.4246329055732 0 0)
(571.4246329055732 0 0)
(571.4246329055732 0 0)
(571.4246329055732 0 0)
(571.4246329055732 0 0)
(571.4246329055732 0 0)
(571.4258222630343 0 0)
(571.4258222630343 0 0)
(571.4258222630343 0 0)
(571.4258222630343 0 0)
(571.4258222630343 0 0)
(571.4258222630343 0 0)
(571.4258222630343 0 0)
(571.4258222630343 0 0)
(571.4258222630343 0 0)
(571.4258222630343 0 0)
(571.4258222630343 0 0)
(571.4258222630343 0 0)
(571.4258222630343 0 0)
(571.4258222630343 0 0)
(571.4258222630343 0 0)
(571.4258222630343 0 0)
(571.4258222630343 0 0)
(571.4258222630343 0 0)
(571.4270116204954 0 0)
(571.4270116204954 0 0)
(571.4270116204954 0 0)
(571.4270116204954 0 0)
(571.4270116204954 0 0)
(571.4270116204954 0 0)
(571.4270116204954 0 0)
(571.4270116204954 0 0)
(571.4270116204954 0 0)
(571.4282009779565 0 0)
(571.4282009779565 0 0)
(571.4282009779565 0 0)
(571.4282009779565 0 0)
(571.4282009779565 0 0)
(571.4293903354177 0 0)
(571.4293903354177 0 0)
(571.4293903354177 0 0)
(571.4293903354177 0 0)
(571.4305796928788 0 0)
(571.4305796928788 0 0)
(572.3999060237011 0 0)
(572.3999060237011 0 0)
(572.3999060237011 0 0)
(572.3999060237011 0 0)
(572.3999060237011 0 0)
(572.3999060237011 0 0)
(572.3999060237011 0 0)
(572.3999060237011 0 0)
(572.3999060237011 0 0)
(572.3999060237011 0 0)
(572.3999060237011 0 0)
(572.3999060237011 0 0)
(572.3999060237011 0 0)
(572.3999060237011 0 0)
(572.3999060237011 0 0)
(572.3999060237011 0 0)
(572.3999060237011 0 0)
(572.3999060237011 0 0)
(572.3999060237011 0 0)
(572.3999060237011 0 0)
(572.3999060237011 0 0)
(572.3999060237011 0 0)
(572.3999060237011 0 0)
(572.3999060237011 0 0)
(572.3999060237011 0 0)
(572.3999060237011 0 0)
(572.3999060237011 0 0)
(572.3999060237011 0 0)
(572.3999060237011 0 0)
(572.3999060237011 0 0)
(572.3999060237011 0 0)
(572.3999060237011 0 0)
(572.3999060237011 0 0)
(572.3999060237011 0 0)
(572.3999060237011 0 0)
(572.3999060237011 0 0)
(572.3999060237011 0 0)
(572.3999060237011 0 0)
(572.3999060237011 0 0)
(572.3999060237011 0 0)
(572.3999060237011 0 0)
(572.3999060237011 0 0)
(572.3999060237011 0 0)
(572.3999060237011 0 0)
(572.3999060237011 0 0)
(572.4010346807526 0 0)
(572.4010346807526 0 0)
(572.4010346807526 0 0)
(572.4010346807526 0 0)
(572.4010346807526 0 0)
(572.4010346807526 0 0)
(572.4010346807526 0 0)
(572.4010346807526 0 0)
(572.4010346807526 0 0)
(572.4010346807526 0 0)
(572.4010346807526 0 0)
(572.4010346807526 0 0)
(572.4010346807526 0 0)
(572.4010346807526 0 0)
(572.4010346807526 0 0)
(572.4010346807526 0 0)
(572.4010346807526 0 0)
(572.4010346807526 0 0)
(572.4010346807526 0 0)
(572.4010346807526 0 0)
(572.4021633378042 0 0)
(572.4021633378042 0 0)
(572.4021633378042 0 0)
(572.4021633378042 0 0)
(572.4021633378042 0 0)
(572.4021633378042 0 0)
(572.4021633378042 0 0)
(572.4021633378042 0 0)
(572.4032919948557 0 0)
(572.4032919948557 0 0)
(572.4032919948557 0 0)
(572.4032919948557 0 0)
(572.4032919948557 0 0)
(572.4032919948557 0 0)
(572.4044206519072 0 0)
(572.4044206519072 0 0)
(572.4044206519072 0 0)
(572.4044206519072 0 0)
(572.4055493089588 0 0)
(572.4055493089588 0 0)
(573.3299194341741 0 0)
(573.3299194341741 0 0)
(573.3299194341741 0 0)
(573.3299194341741 0 0)
(573.3299194341741 0 0)
(573.3299194341741 0 0)
(573.3299194341741 0 0)
(573.3299194341741 0 0)
(573.3299194341741 0 0)
(573.3299194341741 0 0)
(573.3299194341741 0 0)
(573.3299194341741 0 0)
(573.3299194341741 0 0)
(573.3299194341741 0 0)
(573.3299194341741 0 0)
(573.3299194341741 0 0)
(573.3299194341741 0 0)
(573.3299194341741 0 0)
(573.3299194341741 0 0)
(573.3299194341741 0 0)
(573.3299194341741 0 0)
(573.3299194341741 0 0)
(573.3299194341741 0 0)
(573.3299194341741 0 0)
(573.3299194341741 0 0)
(573.3299194341741 0 0)
(573.3299194341741 0 0)
(573.3299194341741 0 0)
(573.3299194341741 0 0)
(573.3299194341741 0 0)
(573.3299194341741 0 0)
(573.3299194341741 0 0)
(573.3299194341741 0 0)
(573.3309859036347 0 0)
(573.3309859036347 0 0)
(573.3309859036347 0 0)
(573.3309859036347 0 0)
(573.3309859036347 0 0)
(573.3309859036347 0 0)
(573.3309859036347 0 0)
(573.3309859036347 0 0)
(573.3309859036347 0 0)
(573.3309859036347 0 0)
(573.3309859036347 0 0)
(573.3309859036347 0 0)
(573.3309859036347 0 0)
(573.3309859036347 0 0)
(573.3309859036347 0 0)
(573.3309859036347 0 0)
(573.3309859036347 0 0)
(573.3309859036347 0 0)
(573.3309859036347 0 0)
(573.3309859036347 0 0)
(573.3309859036347 0 0)
(573.3309859036347 0 0)
(573.3309859036347 0 0)
(573.3309859036347 0 0)
(573.3309859036347 0 0)
(573.3309859036347 0 0)
(573.3309859036347 0 0)
(573.3309859036347 0 0)
(573.3309859036347 0 0)
(573.3309859036347 0 0)
(573.3320523730953 0 0)
(573.3320523730953 0 0)
(573.3320523730953 0 0)
(573.3320523730953 0 0)
(573.3320523730953 0 0)
(573.3320523730953 0 0)
(573.3320523730953 0 0)
(573.3320523730953 0 0)
(573.3320523730953 0 0)
(573.3331188425558 0 0)
(573.3331188425558 0 0)
(573.3331188425558 0 0)
(573.3331188425558 0 0)
(573.3331188425558 0 0)
(573.3331188425558 0 0)
(573.3341853120164 0 0)
(573.3341853120164 0 0)
(573.3341853120164 0 0)
(573.3341853120164 0 0)
(573.3352517814769 0 0)
(573.3352517814769 0 0)
(573.3352517814769 0 0)
(574.214022616983 0 0)
(574.214022616983 0 0)
(574.214022616983 0 0)
(574.214022616983 0 0)
(574.214022616983 0 0)
(574.214022616983 0 0)
(574.214022616983 0 0)
(574.214022616983 0 0)
(574.214022616983 0 0)
(574.214022616983 0 0)
(574.214022616983 0 0)
(574.214022616983 0 0)
(574.214022616983 0 0)
(574.214022616983 0 0)
(574.214022616983 0 0)
(574.214022616983 0 0)
(574.214022616983 0 0)
(574.214022616983 0 0)
(574.214022616983 0 0)
(574.214022616983 0 0)
(574.214022616983 0 0)
(574.214022616983 0 0)
(574.214022616983 0 0)
(574.214022616983 0 0)
(574.214022616983 0 0)
(574.214022616983 0 0)
(574.214022616983 0 0)
(574.214022616983 0 0)
(574.214022616983 0 0)
(574.214022616983 0 0)
(574.214022616983 0 0)
(574.214022616983 0 0)
(574.214022616983 0 0)
(574.214022616983 0 0)
(574.214022616983 0 0)
(574.214022616983 0 0)
(574.214022616983 0 0)
(574.214022616983 0 0)
(574.214022616983 0 0)
(574.214022616983 0 0)
(574.214022616983 0 0)
(574.214022616983 0 0)
(574.214022616983 0 0)
(574.214022616983 0 0)
(574.214022616983 0 0)
(574.214022616983 0 0)
(574.214022616983 0 0)
(574.214022616983 0 0)
(574.214022616983 0 0)
(574.214022616983 0 0)
(574.214022616983 0 0)
(574.214022616983 0 0)
(574.214022616983 0 0)
(574.214022616983 0 0)
(574.214022616983 0 0)
(574.214022616983 0 0)
(574.214022616983 0 0)
(574.214022616983 0 0)
(574.2150292576002 0 0)
(574.2150292576002 0 0)
(574.2150292576002 0 0)
(574.2150292576002 0 0)
(574.2150292576002 0 0)
(574.2150292576002 0 0)
(574.2150292576002 0 0)
(574.2150292576002 0 0)
(574.2150292576002 0 0)
(574.2150292576002 0 0)
(574.2150292576002 0 0)
(574.2150292576002 0 0)
(574.2160358982173 0 0)
(574.2160358982173 0 0)
(574.2160358982173 0 0)
(574.2160358982173 0 0)
(574.2160358982173 0 0)
(574.2160358982173 0 0)
(574.2160358982173 0 0)
(574.2170425388346 0 0)
(574.2170425388346 0 0)
(574.2170425388346 0 0)
(574.2170425388346 0 0)
(574.2180491794517 0 0)
(574.2180491794517 0 0)
(574.2180491794517 0 0)
(574.2180491794517 0 0)
(575.0515476104707 0 0)
(575.0515476104707 0 0)
(575.0515476104707 0 0)
(575.0515476104707 0 0)
(575.0515476104707 0 0)
(575.0515476104707 0 0)
(575.0515476104707 0 0)
(575.0515476104707 0 0)
(575.0515476104707 0 0)
(575.0515476104707 0 0)
(575.0515476104707 0 0)
(575.0515476104707 0 0)
(575.0515476104707 0 0)
(575.0515476104707 0 0)
(575.0515476104707 0 0)
(575.0515476104707 0 0)
(575.0515476104707 0 0)
(575.0515476104707 0 0)
(575.0515476104707 0 0)
(575.0515476104707 0 0)
(575.0515476104707 0 0)
(575.0515476104707 0 0)
(575.0515476104707 0 0)
(575.0515476104707 0 0)
(575.0515476104707 0 0)
(575.0515476104707 0 0)
(575.0515476104707 0 0)
(575.0515476104707 0 0)
(575.0515476104707 0 0)
(575.0515476104707 0 0)
(575.0515476104707 0 0)
(575.0515476104707 0 0)
(575.0515476104707 0 0)
(575.0515476104707 0 0)
(575.0515476104707 0 0)
(575.0515476104707 0 0)
(575.0515476104707 0 0)
(575.0515476104707 0 0)
(575.0515476104707 0 0)
(575.0515476104707 0 0)
(575.0515476104707 0 0)
(575.0515476104707 0 0)
(575.0515476104707 0 0)
(575.0515476104707 0 0)
(575.0515476104707 0 0)
(575.0524917652623 0 0)
(575.0524917652623 0 0)
(575.0524917652623 0 0)
(575.0524917652623 0 0)
(575.0524917652623 0 0)
(575.0524917652623 0 0)
(575.0524917652623 0 0)
(575.0524917652623 0 0)
(575.0524917652623 0 0)
(575.0524917652623 0 0)
(575.0524917652623 0 0)
(575.0524917652623 0 0)
(575.0524917652623 0 0)
(575.0524917652623 0 0)
(575.0524917652623 0 0)
(575.0524917652623 0 0)
(575.0524917652623 0 0)
(575.0524917652623 0 0)
(575.0524917652623 0 0)
(575.0524917652623 0 0)
(575.0524917652623 0 0)
(575.053435920054 0 0)
(575.053435920054 0 0)
(575.053435920054 0 0)
(575.053435920054 0 0)
(575.053435920054 0 0)
(575.053435920054 0 0)
(575.053435920054 0 0)
(575.053435920054 0 0)
(575.0543800748457 0 0)
(575.0543800748457 0 0)
(575.0543800748457 0 0)
(575.0543800748457 0 0)
(575.0543800748457 0 0)
(575.0543800748457 0 0)
(575.0553242296372 0 0)
(575.0553242296372 0 0)
(575.0553242296372 0 0)
(575.0553242296372 0 0)
(575.0562683844289 0 0)
(575.8418051710678 0 0)
(575.8418051710678 0 0)
(575.8418051710678 0 0)
(575.8418051710678 0 0)
(575.8418051710678 0 0)
(575.8418051710678 0 0)
(575.8418051710678 0 0)
(575.8418051710678 0 0)
(575.8418051710678 0 0)
(575.8418051710678 0 0)
(575.8418051710678 0 0)
(575.8418051710678 0 0)
(575.8418051710678 0 0)
(575.8418051710678 0 0)
(575.8418051710678 0 0)
(575.8418051710678 0 0)
(575.8418051710678 0 0)
(575.8418051710678 0 0)
(575.8418051710678 0 0)
(575.8418051710678 0 0)
(575.8418051710678 0 0)
(575.8418051710678 0 0)
(575.8418051710678 0 0)
(575.8418051710678 0 0)
(575.8418051710678 0 0)
(575.8418051710678 0 0)
(575.8418051710678 0 0)
(575.8418051710678 0 0)
(575.8418051710678 0 0)
(575.8418051710678 0 0)
(575.8418051710678 0 0)
(575.8418051710678 0 0)
(575.8418051710678 0 0)
(575.8418051710678 0 0)
(575.8418051710678 0 0)
(575.8418051710678 0 0)
(575.8418051710678 0 0)
(575.8418051710678 0 0)
(575.8418051710678 0 0)
(575.8418051710678 0 0)
(575.8418051710678 0 0)
(575.8418051710678 0 0)
(575.8418051710678 0 0)
(575.8418051710678 0 0)
(575.8418051710678 0 0)
(575.8418051710678 0 0)
(575.8418051710678 0 0)
(575.8418051710678 0 0)
(575.8418051710678 0 0)
(575.8418051710678 0 0)
(575.8418051710678 0 0)
(575.8418051710678 0 0)
(575.8418051710678 0 0)
(575.8418051710678 0 0)
(575.8418051710678 0 0)
(575.8418051710678 0 0)
(575.842687781894 0 0)
(575.842687781894 0 0)
(575.842687781894 0 0)
(575.842687781894 0 0)
(575.842687781894 0 0)
(575.842687781894 0 0)
(575.842687781894 0 0)
(575.842687781894 0 0)
(575.842687781894 0 0)
(575.842687781894 0 0)
(575.842687781894 0 0)
(575.842687781894 0 0)
(575.842687781894 0 0)
(575.842687781894 0 0)
(575.8435703927204 0 0)
(575.8435703927204 0 0)
(575.8435703927204 0 0)
(575.8435703927204 0 0)
(575.8435703927204 0 0)
(575.8435703927204 0 0)
(575.8435703927204 0 0)
(575.8444530035467 0 0)
(575.8444530035467 0 0)
(575.8444530035467 0 0)
(575.8444530035467 0 0)
(575.8444530035467 0 0)
(575.845335614373 0 0)
(575.845335614373 0 0)
(575.845335614373 0 0)
(576.5840808759912 0 0)
(576.5840808759912 0 0)
(576.5840808759912 0 0)
(576.5840808759912 0 0)
(576.5840808759912 0 0)
(576.5840808759912 0 0)
(576.5840808759912 0 0)
(576.5840808759912 0 0)
(576.5840808759912 0 0)
(576.5840808759912 0 0)
(576.5840808759912 0 0)
(576.5840808759912 0 0)
(576.5840808759912 0 0)
(576.5840808759912 0 0)
(576.5840808759912 0 0)
(576.5840808759912 0 0)
(576.5840808759912 0 0)
(576.5840808759912 0 0)
(576.5840808759912 0 0)
(576.5840808759912 0 0)
(576.5840808759912 0 0)
(576.5840808759912 0 0)
(576.5840808759912 0 0)
(576.5840808759912 0 0)
(576.5840808759912 0 0)
(576.5840808759912 0 0)
(576.5840808759912 0 0)
(576.5840808759912 0 0)
(576.5840808759912 0 0)
(576.5840808759912 0 0)
(576.5840808759912 0 0)
(576.5840808759912 0 0)
(576.5840808759912 0 0)
(576.5840808759912 0 0)
(576.5840808759912 0 0)
(576.5840808759912 0 0)
(576.5840808759912 0 0)
(576.5840808759912 0 0)
(576.5840808759912 0 0)
(576.5840808759912 0 0)
(576.5840808759912 0 0)
(576.5840808759912 0 0)
(576.5840808759912 0 0)
(576.5840808759912 0 0)
(576.5840808759912 0 0)
(576.5840808759912 0 0)
(576.5840808759912 0 0)
(576.5840808759912 0 0)
(576.5840808759912 0 0)
(576.5840808759912 0 0)
(576.5840808759912 0 0)
(576.5840808759912 0 0)
(576.5840808759912 0 0)
(576.5840808759912 0 0)
(576.5840808759912 0 0)
(576.5840808759912 0 0)
(576.5840808759912 0 0)
(576.5840808759912 0 0)
(576.5840808759912 0 0)
(576.5849021508362 0 0)
(576.5849021508362 0 0)
(576.5849021508362 0 0)
(576.5849021508362 0 0)
(576.5849021508362 0 0)
(576.5849021508362 0 0)
(576.5849021508362 0 0)
(576.5849021508362 0 0)
(576.5849021508362 0 0)
(576.5849021508362 0 0)
(576.5849021508362 0 0)
(576.5849021508362 0 0)
(576.5857234256814 0 0)
(576.5857234256814 0 0)
(576.5857234256814 0 0)
(576.5857234256814 0 0)
(576.5857234256814 0 0)
(576.5857234256814 0 0)
(576.5857234256814 0 0)
(576.5865447005266 0 0)
(576.5865447005266 0 0)
(576.5865447005266 0 0)
(576.5865447005266 0 0)
(576.5865447005266 0 0)
(576.5873659753717 0 0)
(576.5873659753717 0 0)
(577.2780581201267 0 0)
(577.2780581201267 0 0)
(577.2780581201267 0 0)
(577.2780581201267 0 0)
(577.2780581201267 0 0)
(577.2780581201267 0 0)
(577.2780581201267 0 0)
(577.2780581201267 0 0)
(577.2780581201267 0 0)
(577.2780581201267 0 0)
(577.2780581201267 0 0)
(577.2780581201267 0 0)
(577.2780581201267 0 0)
(577.2780581201267 0 0)
(577.2780581201267 0 0)
(577.2780581201267 0 0)
(577.2780581201267 0 0)
(577.2780581201267 0 0)
(577.2780581201267 0 0)
(577.2780581201267 0 0)
(577.2780581201267 0 0)
(577.2780581201267 0 0)
(577.2780581201267 0 0)
(577.2780581201267 0 0)
(577.2780581201267 0 0)
(577.2780581201267 0 0)
(577.2780581201267 0 0)
(577.2780581201267 0 0)
(577.2780581201267 0 0)
(577.2780581201267 0 0)
(577.2780581201267 0 0)
(577.2780581201267 0 0)
(577.2780581201267 0 0)
(577.2780581201267 0 0)
(577.2780581201267 0 0)
(577.2780581201267 0 0)
(577.2780581201267 0 0)
(577.2780581201267 0 0)
(577.2780581201267 0 0)
(577.2780581201267 0 0)
(577.2780581201267 0 0)
(577.2780581201267 0 0)
(577.2780581201267 0 0)
(577.2780581201267 0 0)
(577.2780581201267 0 0)
(577.2780581201267 0 0)
(577.2780581201267 0 0)
(577.2780581201267 0 0)
(577.2780581201267 0 0)
(577.2780581201267 0 0)
(577.2780581201267 0 0)
(577.2780581201267 0 0)
(577.2780581201267 0 0)
(577.2780581201267 0 0)
(577.2780581201267 0 0)
(577.2780581201267 0 0)
(577.2780581201267 0 0)
(577.2788177127708 0 0)
(577.2788177127708 0 0)
(577.2788177127708 0 0)
(577.2788177127708 0 0)
(577.2788177127708 0 0)
(577.2788177127708 0 0)
(577.2788177127708 0 0)
(577.2788177127708 0 0)
(577.2788177127708 0 0)
(577.2788177127708 0 0)
(577.2788177127708 0 0)
(577.2788177127708 0 0)
(577.2788177127708 0 0)
(577.2788177127708 0 0)
(577.2795773054148 0 0)
(577.2795773054148 0 0)
(577.2795773054148 0 0)
(577.2795773054148 0 0)
(577.2795773054148 0 0)
(577.2795773054148 0 0)
(577.2795773054148 0 0)
(577.2803368980589 0 0)
(577.2803368980589 0 0)
(577.2803368980589 0 0)
(577.2803368980589 0 0)
(577.2803368980589 0 0)
(577.281096490703 0 0)
(577.281096490703 0 0)
(577.9229522749342 0 0)
(577.9229522749342 0 0)
(577.9229522749342 0 0)
(577.9229522749342 0 0)
(577.9229522749342 0 0)
(577.9229522749342 0 0)
(577.9229522749342 0 0)
(577.9229522749342 0 0)
(577.9229522749342 0 0)
(577.9229522749342 0 0)
(577.9229522749342 0 0)
(577.9229522749342 0 0)
(577.9229522749342 0 0)
(577.9229522749342 0 0)
(577.9229522749342 0 0)
(577.9229522749342 0 0)
(577.9229522749342 0 0)
(577.9229522749342 0 0)
(577.9229522749342 0 0)
(577.9229522749342 0 0)
(577.9229522749342 0 0)
(577.9229522749342 0 0)
(577.9229522749342 0 0)
(577.9229522749342 0 0)
(577.9229522749342 0 0)
(577.9229522749342 0 0)
(577.9229522749342 0 0)
(577.9229522749342 0 0)
(577.9229522749342 0 0)
(577.9229522749342 0 0)
(577.9229522749342 0 0)
(577.9229522749342 0 0)
(577.9229522749342 0 0)
(577.9229522749342 0 0)
(577.9229522749342 0 0)
(577.9229522749342 0 0)
(577.9229522749342 0 0)
(577.9229522749342 0 0)
(577.9229522749342 0 0)
(577.9229522749342 0 0)
(577.9229522749342 0 0)
(577.9229522749342 0 0)
(577.9229522749342 0 0)
(577.9229522749342 0 0)
(577.9229522749342 0 0)
(577.9229522749342 0 0)
(577.923648984835 0 0)
(577.923648984835 0 0)
(577.923648984835 0 0)
(577.923648984835 0 0)
(577.923648984835 0 0)
(577.923648984835 0 0)
(577.923648984835 0 0)
(577.923648984835 0 0)
(577.923648984835 0 0)
(577.923648984835 0 0)
(577.923648984835 0 0)
(577.923648984835 0 0)
(577.923648984835 0 0)
(577.923648984835 0 0)
(577.923648984835 0 0)
(577.923648984835 0 0)
(577.923648984835 0 0)
(577.923648984835 0 0)
(577.923648984835 0 0)
(577.923648984835 0 0)
(577.923648984835 0 0)
(577.923648984835 0 0)
(577.9243456947358 0 0)
(577.9243456947358 0 0)
(577.9243456947358 0 0)
(577.9243456947358 0 0)
(577.9243456947358 0 0)
(577.9243456947358 0 0)
(577.9243456947358 0 0)
(577.9243456947358 0 0)
(577.9243456947358 0 0)
(577.9250424046367 0 0)
(577.9250424046367 0 0)
(577.9250424046367 0 0)
(577.9250424046367 0 0)
(577.9250424046367 0 0)
(577.9257391145375 0 0)
(577.9257391145375 0 0)
(577.9257391145375 0 0)
(578.5179425302202 0 0)
(578.5179425302202 0 0)
(578.5179425302202 0 0)
(578.5179425302202 0 0)
(578.5179425302202 0 0)
(578.5179425302202 0 0)
(578.5179425302202 0 0)
(578.5179425302202 0 0)
(578.5179425302202 0 0)
(578.5179425302202 0 0)
(578.5179425302202 0 0)
(578.5179425302202 0 0)
(578.5179425302202 0 0)
(578.5179425302202 0 0)
(578.5179425302202 0 0)
(578.5179425302202 0 0)
(578.5179425302202 0 0)
(578.5179425302202 0 0)
(578.5179425302202 0 0)
(578.5179425302202 0 0)
(578.5179425302202 0 0)
(578.5179425302202 0 0)
(578.5179425302202 0 0)
(578.5179425302202 0 0)
(578.5179425302202 0 0)
(578.5179425302202 0 0)
(578.5179425302202 0 0)
(578.5179425302202 0 0)
(578.5179425302202 0 0)
(578.5179425302202 0 0)
(578.5179425302202 0 0)
(578.5179425302202 0 0)
(578.5179425302202 0 0)
(578.5179425302202 0 0)
(578.5179425302202 0 0)
(578.5179425302202 0 0)
(578.5179425302202 0 0)
(578.5179425302202 0 0)
(578.5179425302202 0 0)
(578.5179425302202 0 0)
(578.5179425302202 0 0)
(578.5179425302202 0 0)
(578.5179425302202 0 0)
(578.5179425302202 0 0)
(578.5179425302202 0 0)
(578.5179425302202 0 0)
(578.5179425302202 0 0)
(578.5179425302202 0 0)
(578.5179425302202 0 0)
(578.5179425302202 0 0)
(578.5179425302202 0 0)
(578.5179425302202 0 0)
(578.5179425302202 0 0)
(578.5179425302202 0 0)
(578.5179425302202 0 0)
(578.5179425302202 0 0)
(578.5179425302202 0 0)
(578.5179425302202 0 0)
(578.5179425302202 0 0)
(578.5185768250553 0 0)
(578.5185768250553 0 0)
(578.5185768250553 0 0)
(578.5185768250553 0 0)
(578.5185768250553 0 0)
(578.5185768250553 0 0)
(578.5185768250553 0 0)
(578.5185768250553 0 0)
(578.5185768250553 0 0)
(578.5185768250553 0 0)
(578.5185768250553 0 0)
(578.5185768250553 0 0)
(578.5185768250553 0 0)
(578.5185768250553 0 0)
(578.5192111198903 0 0)
(578.5192111198903 0 0)
(578.5192111198903 0 0)
(578.5192111198903 0 0)
(578.5192111198903 0 0)
(578.5192111198903 0 0)
(578.5192111198903 0 0)
(578.5198454147254 0 0)
(578.5198454147254 0 0)
(578.5198454147254 0 0)
(578.5198454147254 0 0)
(578.5198454147254 0 0)
(579.0621674987065 0 0)
(579.0621674987065 0 0)
(579.0621674987065 0 0)
(579.0621674987065 0 0)
(579.0621674987065 0 0)
(579.0621674987065 0 0)
(579.0621674987065 0 0)
(579.0621674987065 0 0)
(579.0621674987065 0 0)
(579.0621674987065 0 0)
(579.0621674987065 0 0)
(579.0621674987065 0 0)
(579.0621674987065 0 0)
(579.0621674987065 0 0)
(579.0621674987065 0 0)
(579.0621674987065 0 0)
(579.0621674987065 0 0)
(579.0621674987065 0 0)
(579.0621674987065 0 0)
(579.0621674987065 0 0)
(579.0621674987065 0 0)
(579.0621674987065 0 0)
(579.0621674987065 0 0)
(579.0621674987065 0 0)
(579.0621674987065 0 0)
(579.0621674987065 0 0)
(579.0621674987065 0 0)
(579.0621674987065 0 0)
(579.0621674987065 0 0)
(579.0621674987065 0 0)
(579.0621674987065 0 0)
(579.0621674987065 0 0)
(579.0621674987065 0 0)
(579.0621674987065 0 0)
(579.0621674987065 0 0)
(579.0621674987065 0 0)
(579.0621674987065 0 0)
(579.0621674987065 0 0)
(579.0621674987065 0 0)
(579.0621674987065 0 0)
(579.0621674987065 0 0)
(579.0621674987065 0 0)
(579.0621674987065 0 0)
(579.0621674987065 0 0)
(579.0621674987065 0 0)
(579.0621674987065 0 0)
(579.0621674987065 0 0)
(579.0621674987065 0 0)
(579.0621674987065 0 0)
(579.0621674987065 0 0)
(579.0621674987065 0 0)
(579.0621674987065 0 0)
(579.0621674987065 0 0)
(579.0621674987065 0 0)
(579.0621674987065 0 0)
(579.0621674987065 0 0)
(579.0621674987065 0 0)
(579.0621674987065 0 0)
(579.0621674987065 0 0)
(579.0621674987065 0 0)
(579.0621674987065 0 0)
(579.0621674987065 0 0)
(579.0627398755581 0 0)
(579.0627398755581 0 0)
(579.0627398755581 0 0)
(579.0627398755581 0 0)
(579.0627398755581 0 0)
(579.0627398755581 0 0)
(579.0627398755581 0 0)
(579.0627398755581 0 0)
(579.0627398755581 0 0)
(579.0627398755581 0 0)
(579.0627398755581 0 0)
(579.0627398755581 0 0)
(579.0627398755581 0 0)
(579.0633122524098 0 0)
(579.0633122524098 0 0)
(579.0633122524098 0 0)
(579.0633122524098 0 0)
(579.0633122524098 0 0)
(579.0633122524098 0 0)
(579.0633122524098 0 0)
(579.0638846292615 0 0)
(579.0638846292615 0 0)
(579.0638846292615 0 0)
(579.5555563448263 0 0)
(579.5555563448263 0 0)
(579.5555563448263 0 0)
(579.5555563448263 0 0)
(579.5555563448263 0 0)
(579.5555563448263 0 0)
(579.5555563448263 0 0)
(579.5555563448263 0 0)
(579.5555563448263 0 0)
(579.5555563448263 0 0)
(579.5555563448263 0 0)
(579.5555563448263 0 0)
(579.5555563448263 0 0)
(579.5555563448263 0 0)
(579.5555563448263 0 0)
(579.5555563448263 0 0)
(579.5555563448263 0 0)
(579.5555563448263 0 0)
(579.5555563448263 0 0)
(579.5555563448263 0 0)
(579.5555563448263 0 0)
(579.5555563448263 0 0)
(579.5555563448263 0 0)
(579.5555563448263 0 0)
(579.5555563448263 0 0)
(579.5555563448263 0 0)
(579.5555563448263 0 0)
(579.5555563448263 0 0)
(579.5555563448263 0 0)
(579.5555563448263 0 0)
(579.5555563448263 0 0)
(579.5555563448263 0 0)
(579.5555563448263 0 0)
(579.5555563448263 0 0)
(579.5555563448263 0 0)
(579.5555563448263 0 0)
(579.5555563448263 0 0)
(579.5555563448263 0 0)
(579.5555563448263 0 0)
(579.5555563448263 0 0)
(579.5555563448263 0 0)
(579.5555563448263 0 0)
(579.5555563448263 0 0)
(579.5555563448263 0 0)
(579.5555563448263 0 0)
(579.5555563448263 0 0)
(579.5555563448263 0 0)
(579.5555563448263 0 0)
(579.5555563448263 0 0)
(579.5555563448263 0 0)
(579.5555563448263 0 0)
(579.5555563448263 0 0)
(579.5555563448263 0 0)
(579.5555563448263 0 0)
(579.5555563448263 0 0)
(579.5555563448263 0 0)
(579.5555563448263 0 0)
(579.5555563448263 0 0)
(579.5555563448263 0 0)
(579.5560661508646 0 0)
(579.5560661508646 0 0)
(579.5560661508646 0 0)
(579.5560661508646 0 0)
(579.5560661508646 0 0)
(579.5560661508646 0 0)
(579.5560661508646 0 0)
(579.5560661508646 0 0)
(579.5560661508646 0 0)
(579.5560661508646 0 0)
(579.5560661508646 0 0)
(579.5560661508646 0 0)
(579.5560661508646 0 0)
(579.5560661508646 0 0)
(579.5560661508646 0 0)
(579.5565759569029 0 0)
(579.5565759569029 0 0)
(579.5565759569029 0 0)
(579.5565759569029 0 0)
(579.5565759569029 0 0)
(579.5565759569029 0 0)
(579.5565759569029 0 0)
(579.5565759569029 0 0)
(579.557085762941 0 0)
(579.557085762941 0 0)
(579.557085762941 0 0)
(579.9975581799978 0 0)
(579.9975581799978 0 0)
(579.9975581799978 0 0)
(579.9975581799978 0 0)
(579.9975581799978 0 0)
(579.9975581799978 0 0)
(579.9975581799978 0 0)
(579.9975581799978 0 0)
(579.9975581799978 0 0)
(579.9975581799978 0 0)
(579.9975581799978 0 0)
(579.9975581799978 0 0)
(579.9975581799978 0 0)
(579.9975581799978 0 0)
(579.9975581799978 0 0)
(579.9975581799978 0 0)
(579.9975581799978 0 0)
(579.9975581799978 0 0)
(579.9975581799978 0 0)
(579.9975581799978 0 0)
(579.9975581799978 0 0)
(579.9975581799978 0 0)
(579.9975581799978 0 0)
(579.9975581799978 0 0)
(579.9975581799978 0 0)
(579.9975581799978 0 0)
(579.9975581799978 0 0)
(579.9975581799978 0 0)
(579.9975581799978 0 0)
(579.9975581799978 0 0)
(579.9975581799978 0 0)
(579.9975581799978 0 0)
(579.9975581799978 0 0)
(579.9975581799978 0 0)
(579.9975581799978 0 0)
(579.9975581799978 0 0)
(579.9975581799978 0 0)
(579.9975581799978 0 0)
(579.9975581799978 0 0)
(579.9975581799978 0 0)
(579.9975581799978 0 0)
(579.9975581799978 0 0)
(579.9975581799978 0 0)
(579.9975581799978 0 0)
(579.9975581799978 0 0)
(579.9975581799978 0 0)
(579.9975581799978 0 0)
(579.9975581799978 0 0)
(579.9975581799978 0 0)
(579.9975581799978 0 0)
(579.9975581799978 0 0)
(579.9975581799978 0 0)
(579.9975581799978 0 0)
(579.9975581799978 0 0)
(579.9975581799978 0 0)
(579.9975581799978 0 0)
(579.9975581799978 0 0)
(579.9975581799978 0 0)
(579.9975581799978 0 0)
(579.9975581799978 0 0)
(579.9975581799978 0 0)
(579.9975581799978 0 0)
(579.9975581799978 0 0)
(579.9975581799978 0 0)
(579.9975581799978 0 0)
(579.9975581799978 0 0)
(579.9975581799978 0 0)
(579.9975581799978 0 0)
(579.9975581799978 0 0)
(579.9975581799978 0 0)
(579.9980050323982 0 0)
(579.9980050323982 0 0)
(579.9980050323982 0 0)
(579.9980050323982 0 0)
(579.9980050323982 0 0)
(579.9980050323982 0 0)
(579.9980050323982 0 0)
(579.9980050323982 0 0)
(579.9980050323982 0 0)
(579.9980050323982 0 0)
(579.9984518847986 0 0)
(579.9984518847986 0 0)
(579.9984518847986 0 0)
(579.9984518847986 0 0)
(579.9984518847986 0 0)
(580.3863197683308 0 0)
(580.3863197683308 0 0)
(580.3863197683308 0 0)
(580.3863197683308 0 0)
(580.3863197683308 0 0)
(580.3863197683308 0 0)
(580.3863197683308 0 0)
(580.3863197683308 0 0)
(580.3863197683308 0 0)
(580.3863197683308 0 0)
(580.3863197683308 0 0)
(580.3863197683308 0 0)
(580.3863197683308 0 0)
(580.3863197683308 0 0)
(580.3863197683308 0 0)
(580.3863197683308 0 0)
(580.3863197683308 0 0)
(580.3863197683308 0 0)
(580.3863197683308 0 0)
(580.3863197683308 0 0)
(580.3863197683308 0 0)
(580.3863197683308 0 0)
(580.3863197683308 0 0)
(580.3863197683308 0 0)
(580.3863197683308 0 0)
(580.3863197683308 0 0)
(580.3863197683308 0 0)
(580.3863197683308 0 0)
(580.3863197683308 0 0)
(580.3863197683308 0 0)
(580.3863197683308 0 0)
(580.3863197683308 0 0)
(580.3863197683308 0 0)
(580.3863197683308 0 0)
(580.3863197683308 0 0)
(580.3863197683308 0 0)
(580.3867034460231 0 0)
(580.3867034460231 0 0)
(580.3867034460231 0 0)
(580.3867034460231 0 0)
(580.3867034460231 0 0)
(580.3867034460231 0 0)
(580.3867034460231 0 0)
(580.3867034460231 0 0)
(580.3867034460231 0 0)
(580.3867034460231 0 0)
(580.3867034460231 0 0)
(580.3867034460231 0 0)
(580.3867034460231 0 0)
(580.3867034460231 0 0)
(580.3867034460231 0 0)
(580.3867034460231 0 0)
(580.3867034460231 0 0)
(580.3867034460231 0 0)
(580.3867034460231 0 0)
(580.3867034460231 0 0)
(580.3867034460231 0 0)
(580.3867034460231 0 0)
(580.3867034460231 0 0)
(580.3867034460231 0 0)
(580.3867034460231 0 0)
(580.3867034460231 0 0)
(580.3867034460231 0 0)
(580.3867034460231 0 0)
(580.3867034460231 0 0)
(580.3867034460231 0 0)
(580.3867034460231 0 0)
(580.3867034460231 0 0)
(580.3867034460231 0 0)
(580.3867034460231 0 0)
(580.3867034460231 0 0)
(580.3867034460231 0 0)
(580.3867034460231 0 0)
(580.3870871237153 0 0)
(580.3870871237153 0 0)
(580.3870871237153 0 0)
(580.3870871237153 0 0)
(580.3870871237153 0 0)
(580.3870871237153 0 0)
(580.3870871237153 0 0)
(580.3870871237153 0 0)
(580.3870871237153 0 0)
(580.3870871237153 0 0)
(580.3874708014076 0 0)
(580.3874708014076 0 0)
(580.7224214267551 0 0)
(580.7224214267551 0 0)
(580.7224214267551 0 0)
(580.7224214267551 0 0)
(580.7224214267551 0 0)
(580.7224214267551 0 0)
(580.7224214267551 0 0)
(580.7224214267551 0 0)
(580.7224214267551 0 0)
(580.7224214267551 0 0)
(580.7224214267551 0 0)
(580.7224214267551 0 0)
(580.7224214267551 0 0)
(580.7224214267551 0 0)
(580.7224214267551 0 0)
(580.7224214267551 0 0)
(580.7224214267551 0 0)
(580.7224214267551 0 0)
(580.7224214267551 0 0)
(580.7224214267551 0 0)
(580.7224214267551 0 0)
(580.7224214267551 0 0)
(580.7224214267551 0 0)
(580.7224214267551 0 0)
(580.7224214267551 0 0)
(580.7224214267551 0 0)
(580.7224214267551 0 0)
(580.7224214267551 0 0)
(580.7224214267551 0 0)
(580.7224214267551 0 0)
(580.7224214267551 0 0)
(580.7224214267551 0 0)
(580.7224214267551 0 0)
(580.7224214267551 0 0)
(580.7224214267551 0 0)
(580.7224214267551 0 0)
(580.7224214267551 0 0)
(580.7224214267551 0 0)
(580.7224214267551 0 0)
(580.7224214267551 0 0)
(580.7224214267551 0 0)
(580.7224214267551 0 0)
(580.7224214267551 0 0)
(580.7224214267551 0 0)
(580.7224214267551 0 0)
(580.7224214267551 0 0)
(580.7224214267551 0 0)
(580.7224214267551 0 0)
(580.7224214267551 0 0)
(580.7224214267551 0 0)
(580.7224214267551 0 0)
(580.7224214267551 0 0)
(580.7224214267551 0 0)
(580.7224214267551 0 0)
(580.7224214267551 0 0)
(580.7224214267551 0 0)
(580.7224214267551 0 0)
(580.7224214267551 0 0)
(580.7224214267551 0 0)
(580.7224214267551 0 0)
(580.7224214267551 0 0)
(580.7224214267551 0 0)
(580.7224214267551 0 0)
(580.7224214267551 0 0)
(580.7224214267551 0 0)
(580.7224214267551 0 0)
(580.7224214267551 0 0)
(580.7224214267551 0 0)
(580.7224214267551 0 0)
(580.7224214267551 0 0)
(580.7224214267551 0 0)
(580.7227416390876 0 0)
(580.7227416390876 0 0)
(580.7227416390876 0 0)
(580.7227416390876 0 0)
(580.7227416390876 0 0)
(580.7227416390876 0 0)
(580.7227416390876 0 0)
(580.7227416390876 0 0)
(580.7227416390876 0 0)
(580.7227416390876 0 0)
(580.7227416390876 0 0)
(580.7227416390876 0 0)
(580.7230618514202 0 0)
(580.7230618514202 0 0)
(581.0038880670635 0 0)
(581.0038880670635 0 0)
(581.0038880670635 0 0)
(581.0038880670635 0 0)
(581.0038880670635 0 0)
(581.0038880670635 0 0)
(581.0038880670635 0 0)
(581.0038880670635 0 0)
(581.0038880670635 0 0)
(581.0038880670635 0 0)
(581.0038880670635 0 0)
(581.0038880670635 0 0)
(581.0038880670635 0 0)
(581.0038880670635 0 0)
(581.0038880670635 0 0)
(581.0038880670635 0 0)
(581.0038880670635 0 0)
(581.0038880670635 0 0)
(581.0038880670635 0 0)
(581.0038880670635 0 0)
(581.0038880670635 0 0)
(581.0038880670635 0 0)
(581.0038880670635 0 0)
(581.0038880670635 0 0)
(581.0038880670635 0 0)
(581.0038880670635 0 0)
(581.0038880670635 0 0)
(581.0038880670635 0 0)
(581.0038880670635 0 0)
(581.0038880670635 0 0)
(581.0038880670635 0 0)
(581.0038880670635 0 0)
(581.0038880670635 0 0)
(581.0038880670635 0 0)
(581.0038880670635 0 0)
(581.0038880670635 0 0)
(581.0038880670635 0 0)
(581.0038880670635 0 0)
(581.0038880670635 0 0)
(581.0038880670635 0 0)
(581.0038880670635 0 0)
(581.0038880670635 0 0)
(581.0038880670635 0 0)
(581.0038880670635 0 0)
(581.0038880670635 0 0)
(581.0038880670635 0 0)
(581.0038880670635 0 0)
(581.0038880670635 0 0)
(581.0038880670635 0 0)
(581.0038880670635 0 0)
(581.0038880670635 0 0)
(581.0041451547944 0 0)
(581.0041451547944 0 0)
(581.0041451547944 0 0)
(581.0041451547944 0 0)
(581.0041451547944 0 0)
(581.0041451547944 0 0)
(581.0041451547944 0 0)
(581.0041451547944 0 0)
(581.0041451547944 0 0)
(581.0041451547944 0 0)
(581.0041451547944 0 0)
(581.0041451547944 0 0)
(581.0041451547944 0 0)
(581.0041451547944 0 0)
(581.0041451547944 0 0)
(581.0041451547944 0 0)
(581.0041451547944 0 0)
(581.0041451547944 0 0)
(581.0041451547944 0 0)
(581.0041451547944 0 0)
(581.0041451547944 0 0)
(581.0041451547944 0 0)
(581.0041451547944 0 0)
(581.0041451547944 0 0)
(581.0041451547944 0 0)
(581.0041451547944 0 0)
(581.0041451547944 0 0)
(581.0041451547944 0 0)
(581.0044022425252 0 0)
(581.0044022425252 0 0)
(581.0044022425252 0 0)
(581.0044022425252 0 0)
(581.0044022425252 0 0)
(581.0044022425252 0 0)
(581.2311536211548 0 0)
(581.2311536211548 0 0)
(581.2311536211548 0 0)
(581.2311536211548 0 0)
(581.2311536211548 0 0)
(581.2311536211548 0 0)
(581.2311536211548 0 0)
(581.2311536211548 0 0)
(581.2311536211548 0 0)
(581.2311536211548 0 0)
(581.2311536211548 0 0)
(581.2311536211548 0 0)
(581.2311536211548 0 0)
(581.2311536211548 0 0)
(581.2311536211548 0 0)
(581.2311536211548 0 0)
(581.2311536211548 0 0)
(581.2311536211548 0 0)
(581.2311536211548 0 0)
(581.2311536211548 0 0)
(581.2311536211548 0 0)
(581.2311536211548 0 0)
(581.2311536211548 0 0)
(581.2311536211548 0 0)
(581.2311536211548 0 0)
(581.2311536211548 0 0)
(581.2311536211548 0 0)
(581.2311536211548 0 0)
(581.2311536211548 0 0)
(581.2311536211548 0 0)
(581.2311536211548 0 0)
(581.2311536211548 0 0)
(581.2311536211548 0 0)
(581.2311536211548 0 0)
(581.2311536211548 0 0)
(581.2311536211548 0 0)
(581.2311536211548 0 0)
(581.2311536211548 0 0)
(581.2311536211548 0 0)
(581.2311536211548 0 0)
(581.2311536211548 0 0)
(581.2311536211548 0 0)
(581.2311536211548 0 0)
(581.2311536211548 0 0)
(581.2311536211548 0 0)
(581.2311536211548 0 0)
(581.2311536211548 0 0)
(581.2311536211548 0 0)
(581.2311536211548 0 0)
(581.2311536211548 0 0)
(581.2313463770025 0 0)
(581.2313463770025 0 0)
(581.2313463770025 0 0)
(581.2313463770025 0 0)
(581.2313463770025 0 0)
(581.2313463770025 0 0)
(581.2313463770025 0 0)
(581.2313463770025 0 0)
(581.2313463770025 0 0)
(581.2313463770025 0 0)
(581.2313463770025 0 0)
(581.2313463770025 0 0)
(581.2313463770025 0 0)
(581.2313463770025 0 0)
(581.2313463770025 0 0)
(581.2313463770025 0 0)
(581.2313463770025 0 0)
(581.2313463770025 0 0)
(581.2313463770025 0 0)
(581.2313463770025 0 0)
(581.2313463770025 0 0)
(581.2313463770025 0 0)
(581.2313463770025 0 0)
(581.2313463770025 0 0)
(581.2313463770025 0 0)
(581.2313463770025 0 0)
(581.2313463770025 0 0)
(581.2313463770025 0 0)
(581.2313463770025 0 0)
(581.2313463770025 0 0)
(581.2313463770025 0 0)
(581.2313463770025 0 0)
(581.2315391328501 0 0)
(581.2315391328501 0 0)
(581.2315391328501 0 0)
(581.4025135697228 0 0)
(581.4025135697228 0 0)
(581.4025135697228 0 0)
(581.4025135697228 0 0)
(581.4025135697228 0 0)
(581.4025135697228 0 0)
(581.4025135697228 0 0)
(581.4025135697228 0 0)
(581.4025135697228 0 0)
(581.4025135697228 0 0)
(581.4025135697228 0 0)
(581.4025135697228 0 0)
(581.4025135697228 0 0)
(581.4025135697228 0 0)
(581.4025135697228 0 0)
(581.4025135697228 0 0)
(581.4025135697228 0 0)
(581.4025135697228 0 0)
(581.4025135697228 0 0)
(581.4025135697228 0 0)
(581.4025135697228 0 0)
(581.4025135697228 0 0)
(581.4025135697228 0 0)
(581.4025135697228 0 0)
(581.4025135697228 0 0)
(581.4025135697228 0 0)
(581.4025135697228 0 0)
(581.4025135697228 0 0)
(581.4025135697228 0 0)
(581.4025135697228 0 0)
(581.4025135697228 0 0)
(581.4025135697228 0 0)
(581.4025135697228 0 0)
(581.4025135697228 0 0)
(581.4025135697228 0 0)
(581.4025135697228 0 0)
(581.4025135697228 0 0)
(581.4025135697228 0 0)
(581.4025135697228 0 0)
(581.4025135697228 0 0)
(581.4025135697228 0 0)
(581.4025135697228 0 0)
(581.4025135697228 0 0)
(581.4025135697228 0 0)
(581.4025135697228 0 0)
(581.4025135697228 0 0)
(581.4025135697228 0 0)
(581.4025135697228 0 0)
(581.4025135697228 0 0)
(581.4025135697228 0 0)
(581.4025135697228 0 0)
(581.4025135697228 0 0)
(581.4025135697228 0 0)
(581.4025135697228 0 0)
(581.4025135697228 0 0)
(581.4025135697228 0 0)
(581.4025135697228 0 0)
(581.4025135697228 0 0)
(581.4025135697228 0 0)
(581.4025135697228 0 0)
(581.4025135697228 0 0)
(581.4025135697228 0 0)
(581.4025135697228 0 0)
(581.4025135697228 0 0)
(581.4025135697228 0 0)
(581.4025135697228 0 0)
(581.4025135697228 0 0)
(581.4025135697228 0 0)
(581.4025135697228 0 0)
(581.4025135697228 0 0)
(581.4025135697228 0 0)
(581.4025135697228 0 0)
(581.4025135697228 0 0)
(581.4025135697228 0 0)
(581.4025135697228 0 0)
(581.4025135697228 0 0)
(581.4025135697228 0 0)
(581.4025135697228 0 0)
(581.4025135697228 0 0)
(581.4026427027878 0 0)
(581.4026427027878 0 0)
(581.4026427027878 0 0)
(581.4026427027878 0 0)
(581.4026427027878 0 0)
(581.4026427027878 0 0)
(581.5178293968063 0 0)
(581.5178293968063 0 0)
(581.5178293968063 0 0)
(581.5178293968063 0 0)
(581.5178293968063 0 0)
(581.5178293968063 0 0)
(581.5178293968063 0 0)
(581.5178293968063 0 0)
(581.5178293968063 0 0)
(581.5178293968063 0 0)
(581.5178293968063 0 0)
(581.5178293968063 0 0)
(581.5178293968063 0 0)
(581.5178293968063 0 0)
(581.5178293968063 0 0)
(581.5178293968063 0 0)
(581.5178293968063 0 0)
(581.5178293968063 0 0)
(581.5178293968063 0 0)
(581.5178293968063 0 0)
(581.5178293968063 0 0)
(581.5178293968063 0 0)
(581.5178293968063 0 0)
(581.5178293968063 0 0)
(581.5178293968063 0 0)
(581.5178293968063 0 0)
(581.5178293968063 0 0)
(581.5178293968063 0 0)
(581.5178293968063 0 0)
(581.5178293968063 0 0)
(581.5178293968063 0 0)
(581.5178293968063 0 0)
(581.5178293968063 0 0)
(581.5178293968063 0 0)
(581.5178293968063 0 0)
(581.5178293968063 0 0)
(581.5178293968063 0 0)
(581.5178293968063 0 0)
(581.5178293968063 0 0)
(581.5178293968063 0 0)
(581.5178293968063 0 0)
(581.5178293968063 0 0)
(581.5178293968063 0 0)
(581.5178293968063 0 0)
(581.5178293968063 0 0)
(581.5178293968063 0 0)
(581.5178293968063 0 0)
(581.5178293968063 0 0)
(581.5178293968063 0 0)
(581.5178293968063 0 0)
(581.5178293968063 0 0)
(581.5178293968063 0 0)
(581.5178293968063 0 0)
(581.5178293968063 0 0)
(581.5178293968063 0 0)
(581.5178293968063 0 0)
(581.5178293968063 0 0)
(581.5178293968063 0 0)
(581.5178293968063 0 0)
(581.5178293968063 0 0)
(581.5178293968063 0 0)
(581.5178293968063 0 0)
(581.5178293968063 0 0)
(581.5178293968063 0 0)
(581.5178293968063 0 0)
(581.5178293968063 0 0)
(581.5178293968063 0 0)
(581.5178293968063 0 0)
(581.5178293968063 0 0)
(581.5178293968063 0 0)
(581.5178293968063 0 0)
(581.5178293968063 0 0)
(581.5178293968063 0 0)
(581.5178293968063 0 0)
(581.5178293968063 0 0)
(581.5178293968063 0 0)
(581.5178293968063 0 0)
(581.5178293968063 0 0)
(581.5178293968063 0 0)
(581.5178293968063 0 0)
(581.5178293968063 0 0)
(581.5178293968063 0 0)
(581.5178293968063 0 0)
(581.5178293968063 0 0)
(581.5178293968063 0 0)
(581.5756449880568 0 0)
(581.5756449880568 0 0)
(581.5756449880568 0 0)
(581.5756449880568 0 0)
(581.5756449880568 0 0)
(581.5756449880568 0 0)
(581.5756449880568 0 0)
(581.5756449880568 0 0)
(581.5756449880568 0 0)
(581.5756449880568 0 0)
(581.5756449880568 0 0)
(581.5756449880568 0 0)
(581.5756449880568 0 0)
(581.5756449880568 0 0)
(581.5756449880568 0 0)
(581.5756449880568 0 0)
(581.5756449880568 0 0)
(581.5756449880568 0 0)
(581.5756449880568 0 0)
(581.5756449880568 0 0)
(581.5756449880568 0 0)
(581.5756449880568 0 0)
(581.5756449880568 0 0)
(581.5756449880568 0 0)
(581.5756449880568 0 0)
(581.5756449880568 0 0)
(581.5756449880568 0 0)
(581.5756449880568 0 0)
(581.5756449880568 0 0)
(581.5756449880568 0 0)
(581.5756449880568 0 0)
(581.5756449880568 0 0)
(581.5756449880568 0 0)
(581.5756449880568 0 0)
(581.5756449880568 0 0)
(581.5756449880568 0 0)
(581.5756449880568 0 0)
(581.5756449880568 0 0)
(581.5756449880568 0 0)
(581.5756449880568 0 0)
(581.5756449880568 0 0)
(581.5756449880568 0 0)
(581.5756449880568 0 0)
(581.5756449880568 0 0)
(581.5756449880568 0 0)
(581.5756449880568 0 0)
(581.5756449880568 0 0)
(581.5756449880568 0 0)
(581.5756449880568 0 0)
(581.5756449880568 0 0)
(581.5756449880568 0 0)
(581.5756449880568 0 0)
(581.5756449880568 0 0)
(581.5756449880568 0 0)
(581.5756449880568 0 0)
(581.5756449880568 0 0)
(581.5756449880568 0 0)
(581.5756449880568 0 0)
(581.5756449880568 0 0)
(581.5756449880568 0 0)
(581.5756449880568 0 0)
(581.5756449880568 0 0)
(581.5756449880568 0 0)
(581.5756449880568 0 0)
(581.5756449880568 0 0)
(581.5756449880568 0 0)
(581.5756449880568 0 0)
(581.5756449880568 0 0)
(581.5756449880568 0 0)
(581.5756449880568 0 0)
(581.5756449880568 0 0)
(581.5756449880568 0 0)
(581.5756449880568 0 0)
(581.5756449880568 0 0)
(581.5756449880568 0 0)
(581.5756449880568 0 0)
(581.5756449880568 0 0)
(581.5756449880568 0 0)
(581.5756449880568 0 0)
(581.5756449880568 0 0)
(581.5756449880568 0 0)
(581.5756449880568 0 0)
(581.5756449880568 0 0)
(581.5756449880568 0 0)
(581.5756449880568 0 0)
);


























boundaryField
{
    inlet
    {
        type            zeroGradient;
    }
    outlet
    {
        type            inletOutlet;
        inletValue      uniform (190 0 0);
        value           uniform (190 0 0);
    }
    outerwall
    {
        type            slip;
    }
    longitudinal_symmetry
    {
        type            symmetryPlane;
    }
    lateral_sides
    {
        type            empty;
    }
}


// ************************************************************************* //
