/*--------------------------------*- C++ -*----------------------------------*\
| =========                 |                                                 |
| \\      /  F ield         | OpenFOAM: The Open Source CFD Toolbox           |
|  \\    /   O peration     | Version:  2412                                  |
|   \\  /    A nd           | Website:  www.openfoam.com                      |
|    \\/     M anipulation  |                                                 |
\*---------------------------------------------------------------------------*/
FoamFile
{
    version     2.0;
    format      ascii;
    arch        "LSB;label=32;scalar=64";
    note        "nPoints:36980  nCells:18190  nFaces:73059  nInternalFaces:36081";
    class       labelList;
    location    "constant/polyMesh";
    object      neighbour;
}
// * * * * * * * * * * * * * * * * * * * * * * * * * * * * * * * * * * * * * //


36081
(
1
85
2
86
3
87
4
88
5
89
6
90
7
91
8
92
9
93
10
94
11
95
12
96
13
97
14
98
15
99
16
100
17
101
18
102
19
103
20
104
21
105
22
106
23
107
24
108
25
109
26
110
27
111
28
112
29
113
30
114
31
115
32
116
33
117
34
118
35
119
36
120
37
121
38
122
39
123
40
124
41
125
42
126
43
127
44
128
45
129
46
130
47
131
48
132
49
133
50
134
51
135
52
136
53
137
54
138
55
139
56
140
57
141
58
142
59
143
60
144
61
145
62
146
63
147
64
148
65
149
66
150
67
151
68
152
69
153
70
154
71
155
72
156
73
157
74
158
75
159
76
160
77
161
78
162
79
163
80
164
81
165
82
166
83
167
84
168
169
86
170
87
171
88
172
89
173
90
174
91
175
92
176
93
177
94
178
95
179
96
180
97
181
98
182
99
183
100
184
101
185
102
186
103
187
104
188
105
189
106
190
107
191
108
192
109
193
110
194
111
195
112
196
113
197
114
198
115
199
116
200
117
201
118
202
119
203
120
204
121
205
122
206
123
207
124
208
125
209
126
210
127
211
128
212
129
213
130
214
131
215
132
216
133
217
134
218
135
219
136
220
137
221
138
222
139
223
140
224
141
225
142
226
143
227
144
228
145
229
146
230
147
231
148
232
149
233
150
234
151
235
152
236
153
237
154
238
155
239
156
240
157
241
158
242
159
243
160
244
161
245
162
246
163
247
164
248
165
249
166
250
167
251
168
252
169
253
254
171
255
172
256
173
257
174
258
175
259
176
260
177
261
178
262
179
263
180
264
181
265
182
266
183
267
184
268
185
269
186
270
187
271
188
272
189
273
190
274
191
275
192
276
193
277
194
278
195
279
196
280
197
281
198
282
199
283
200
284
201
285
202
286
203
287
204
288
205
289
206
290
207
291
208
292
209
293
210
294
211
295
212
296
213
297
214
298
215
299
216
300
217
301
218
302
219
303
220
304
221
305
222
306
223
307
224
308
225
309
226
310
227
311
228
312
229
313
230
314
231
315
232
316
233
317
234
318
235
319
236
320
237
321
238
322
239
323
240
324
241
325
242
326
243
327
244
328
245
329
246
330
247
331
248
332
249
333
250
334
251
335
252
336
253
337
254
338
339
256
340
257
341
258
342
259
343
260
344
261
345
262
346
263
347
264
348
265
349
266
350
267
351
268
352
269
353
270
354
271
355
272
356
273
357
274
358
275
359
276
360
277
361
278
362
279
363
280
364
281
365
282
366
283
367
284
368
285
369
286
370
287
371
288
372
289
373
290
374
291
375
292
376
293
377
294
378
295
379
296
380
297
381
298
382
299
383
300
384
301
385
302
386
303
387
304
388
305
389
306
390
307
391
308
392
309
393
310
394
311
395
312
396
313
397
314
398
315
399
316
400
317
401
318
402
319
403
320
404
321
405
322
406
323
407
324
408
325
409
326
410
327
411
328
412
329
413
330
414
331
415
332
416
333
417
334
418
335
419
336
420
337
421
338
422
339
423
424
341
425
342
426
343
427
344
428
345
429
346
430
347
431
348
432
349
433
350
434
351
435
352
436
353
437
354
438
355
439
356
440
357
441
358
442
359
443
360
444
361
445
362
446
363
447
364
448
365
449
366
450
367
451
368
452
369
453
370
454
371
455
372
456
373
457
374
458
375
459
376
460
377
461
378
462
379
463
380
464
381
465
382
466
383
467
384
468
385
469
386
470
387
471
388
472
389
473
390
474
391
475
392
476
393
477
394
478
395
479
396
480
397
481
398
482
399
483
400
484
401
485
402
486
403
487
404
488
405
489
406
490
407
491
408
492
409
493
410
494
411
495
412
496
413
497
414
498
415
499
416
500
417
501
418
502
419
503
420
504
421
505
422
506
423
507
424
508
509
426
510
427
511
428
512
429
513
430
514
431
515
432
516
433
517
434
518
435
519
436
520
437
521
438
522
439
523
440
524
441
525
442
526
443
527
444
528
445
529
446
530
447
531
448
532
449
533
450
534
451
535
452
536
453
537
454
538
455
539
456
540
457
541
458
542
459
543
460
544
461
545
462
546
463
547
464
548
465
549
466
550
467
551
468
552
469
553
470
554
471
555
472
556
473
557
474
558
475
559
476
560
477
561
478
562
479
563
480
564
481
565
482
566
483
567
484
568
485
569
486
570
487
571
488
572
489
573
490
574
491
575
492
576
493
577
494
578
495
579
496
580
497
581
498
582
499
583
500
584
501
585
502
586
503
587
504
588
505
589
506
590
507
591
508
592
509
593
594
511
595
512
596
513
597
514
598
515
599
516
600
517
601
518
602
519
603
520
604
521
605
522
606
523
607
524
608
525
609
526
610
527
611
528
612
529
613
530
614
531
615
532
616
533
617
534
618
535
619
536
620
537
621
538
622
539
623
540
624
541
625
542
626
543
627
544
628
545
629
546
630
547
631
548
632
549
633
550
634
551
635
552
636
553
637
554
638
555
639
556
640
557
641
558
642
559
643
560
644
561
645
562
646
563
647
564
648
565
649
566
650
567
651
568
652
569
653
570
654
571
655
572
656
573
657
574
658
575
659
576
660
577
661
578
662
579
663
580
664
581
665
582
666
583
667
584
668
585
669
586
670
587
671
588
672
589
673
590
674
591
675
592
676
593
677
594
678
679
596
680
597
681
598
682
599
683
600
684
601
685
602
686
603
687
604
688
605
689
606
690
607
691
608
692
609
693
610
694
611
695
612
696
613
697
614
698
615
699
616
700
617
701
618
702
619
703
620
704
621
705
622
706
623
707
624
708
625
709
626
710
627
711
628
712
629
713
630
714
631
715
632
716
633
717
634
718
635
719
636
720
637
721
638
722
639
723
640
724
641
725
642
726
643
727
644
728
645
729
646
730
647
731
648
732
649
733
650
734
651
735
652
736
653
737
654
738
655
739
656
740
657
741
658
742
659
743
660
744
661
745
662
746
663
747
664
748
665
749
666
750
667
751
668
752
669
753
670
754
671
755
672
756
673
757
674
758
675
759
676
760
677
761
678
762
679
763
764
681
765
682
766
683
767
684
768
685
769
686
770
687
771
688
772
689
773
690
774
691
775
692
776
693
777
694
778
695
779
696
780
697
781
698
782
699
783
700
784
701
785
702
786
703
787
704
788
705
789
706
790
707
791
708
792
709
793
710
794
711
795
712
796
713
797
714
798
715
799
716
800
717
801
718
802
719
803
720
804
721
805
722
806
723
807
724
808
725
809
726
810
727
811
728
812
729
813
730
814
731
815
732
816
733
817
734
818
735
819
736
820
737
821
738
822
739
823
740
824
741
825
742
826
743
827
744
828
745
829
746
830
747
831
748
832
749
833
750
834
751
835
752
836
753
837
754
838
755
839
756
840
757
841
758
842
759
843
760
844
761
845
762
846
763
847
764
848
849
766
850
767
851
768
852
769
853
770
854
771
855
772
856
773
857
774
858
775
859
776
860
777
861
778
862
779
863
780
864
781
865
782
866
783
867
784
868
785
869
786
870
787
871
788
872
789
873
790
874
791
875
792
876
793
877
794
878
795
879
796
880
797
881
798
882
799
883
800
884
801
885
802
886
803
887
804
888
805
889
806
890
807
891
808
892
809
893
810
894
811
895
812
896
813
897
814
898
815
899
816
900
817
901
818
902
819
903
820
904
821
905
822
906
823
907
824
908
825
909
826
910
827
911
828
912
829
913
830
914
831
915
832
916
833
917
834
918
835
919
836
920
837
921
838
922
839
923
840
924
841
925
842
926
843
927
844
928
845
929
846
930
847
931
848
932
849
933
934
851
935
852
936
853
937
854
938
855
939
856
940
857
941
858
942
859
943
860
944
861
945
862
946
863
947
864
948
865
949
866
950
867
951
868
952
869
953
870
954
871
955
872
956
873
957
874
958
875
959
876
960
877
961
878
962
879
963
880
964
881
965
882
966
883
967
884
968
885
969
886
970
887
971
888
972
889
973
890
974
891
975
892
976
893
977
894
978
895
979
896
980
897
981
898
982
899
983
900
984
901
985
902
986
903
987
904
988
905
989
906
990
907
991
908
992
909
993
910
994
911
995
912
996
913
997
914
998
915
999
916
1000
917
1001
918
1002
919
1003
920
1004
921
1005
922
1006
923
1007
924
1008
925
1009
926
1010
927
1011
928
1012
929
1013
930
1014
931
1015
932
1016
933
1017
934
1018
1019
936
1020
937
1021
938
1022
939
1023
940
1024
941
1025
942
1026
943
1027
944
1028
945
1029
946
1030
947
1031
948
1032
949
1033
950
1034
951
1035
952
1036
953
1037
954
1038
955
1039
956
1040
957
1041
958
1042
959
1043
960
1044
961
1045
962
1046
963
1047
964
1048
965
1049
966
1050
967
1051
968
1052
969
1053
970
1054
971
1055
972
1056
973
1057
974
1058
975
1059
976
1060
977
1061
978
1062
979
1063
980
1064
981
1065
982
1066
983
1067
984
1068
985
1069
986
1070
987
1071
988
1072
989
1073
990
1074
991
1075
992
1076
993
1077
994
1078
995
1079
996
1080
997
1081
998
1082
999
1083
1000
1084
1001
1085
1002
1086
1003
1087
1004
1088
1005
1089
1006
1090
1007
1091
1008
1092
1009
1093
1010
1094
1011
1095
1012
1096
1013
1097
1014
1098
1015
1099
1016
1100
1017
1101
1018
1102
1019
1103
1104
1021
1105
1022
1106
1023
1107
1024
1108
1025
1109
1026
1110
1027
1111
1028
1112
1029
1113
1030
1114
1031
1115
1032
1116
1033
1117
1034
1118
1035
1119
1036
1120
1037
1121
1038
1122
1039
1123
1040
1124
1041
1125
1042
1126
1043
1127
1044
1128
1045
1129
1046
1130
1047
1131
1048
1132
1049
1133
1050
1134
1051
1135
1052
1136
1053
1137
1054
1138
1055
1139
1056
1140
1057
1141
1058
1142
1059
1143
1060
1144
1061
1145
1062
1146
1063
1147
1064
1148
1065
1149
1066
1150
1067
1151
1068
1152
1069
1153
1070
1154
1071
1155
1072
1156
1073
1157
1074
1158
1075
1159
1076
1160
1077
1161
1078
1162
1079
1163
1080
1164
1081
1165
1082
1166
1083
1167
1084
1168
1085
1169
1086
1170
1087
1171
1088
1172
1089
1173
1090
1174
1091
1175
1092
1176
1093
1177
1094
1178
1095
1179
1096
1180
1097
1181
1098
1182
1099
1183
1100
1184
1101
1185
1102
1186
1103
1187
1104
1188
1189
1106
1190
1107
1191
1108
1192
1109
1193
1110
1194
1111
1195
1112
1196
1113
1197
1114
1198
1115
1199
1116
1200
1117
1201
1118
1202
1119
1203
1120
1204
1121
1205
1122
1206
1123
1207
1124
1208
1125
1209
1126
1210
1127
1211
1128
1212
1129
1213
1130
1214
1131
1215
1132
1216
1133
1217
1134
1218
1135
1219
1136
1220
1137
1221
1138
1222
1139
1223
1140
1224
1141
1225
1142
1226
1143
1227
1144
1228
1145
1229
1146
1230
1147
1231
1148
1232
1149
1233
1150
1234
1151
1235
1152
1236
1153
1237
1154
1238
1155
1239
1156
1240
1157
1241
1158
1242
1159
1243
1160
1244
1161
1245
1162
1246
1163
1247
1164
1248
1165
1249
1166
1250
1167
1251
1168
1252
1169
1253
1170
1254
1171
1255
1172
1256
1173
1257
1174
1258
1175
1259
1176
1260
1177
1261
1178
1262
1179
1263
1180
1264
1181
1265
1182
1266
1183
1267
1184
1268
1185
1269
1186
1270
1187
1271
1188
1272
1189
1273
1274
1191
1275
1192
1276
1193
1277
1194
1278
1195
1279
1196
1280
1197
1281
1198
1282
1199
1283
1200
1284
1201
1285
1202
1286
1203
1287
1204
1288
1205
1289
1206
1290
1207
1291
1208
1292
1209
1293
1210
1294
1211
1295
1212
1296
1213
1297
1214
1298
1215
1299
1216
1300
1217
1301
1218
1302
1219
1303
1220
1304
1221
1305
1222
1306
1223
1307
1224
1308
1225
1309
1226
1310
1227
1311
1228
1312
1229
1313
1230
1314
1231
1315
1232
1316
1233
1317
1234
1318
1235
1319
1236
1320
1237
1321
1238
1322
1239
1323
1240
1324
1241
1325
1242
1326
1243
1327
1244
1328
1245
1329
1246
1330
1247
1331
1248
1332
1249
1333
1250
1334
1251
1335
1252
1336
1253
1337
1254
1338
1255
1339
1256
1340
1257
1341
1258
1342
1259
1343
1260
1344
1261
1345
1262
1346
1263
1347
1264
1348
1265
1349
1266
1350
1267
1351
1268
1352
1269
1353
1270
1354
1271
1355
1272
1356
1273
1357
1274
1358
1359
1276
1360
1277
1361
1278
1362
1279
1363
1280
1364
1281
1365
1282
1366
1283
1367
1284
1368
1285
1369
1286
1370
1287
1371
1288
1372
1289
1373
1290
1374
1291
1375
1292
1376
1293
1377
1294
1378
1295
1379
1296
1380
1297
1381
1298
1382
1299
1383
1300
1384
1301
1385
1302
1386
1303
1387
1304
1388
1305
1389
1306
1390
1307
1391
1308
1392
1309
1393
1310
1394
1311
1395
1312
1396
1313
1397
1314
1398
1315
1399
1316
1400
1317
1401
1318
1402
1319
1403
1320
1404
1321
1405
1322
1406
1323
1407
1324
1408
1325
1409
1326
1410
1327
1411
1328
1412
1329
1413
1330
1414
1331
1415
1332
1416
1333
1417
1334
1418
1335
1419
1336
1420
1337
1421
1338
1422
1339
1423
1340
1424
1341
1425
1342
1426
1343
1427
1344
1428
1345
1429
1346
1430
1347
1431
1348
1432
1349
1433
1350
1434
1351
1435
1352
1436
1353
1437
1354
1438
1355
1439
1356
1440
1357
1441
1358
1442
1359
1443
1444
1361
1445
1362
1446
1363
1447
1364
1448
1365
1449
1366
1450
1367
1451
1368
1452
1369
1453
1370
1454
1371
1455
1372
1456
1373
1457
1374
1458
1375
1459
1376
1460
1377
1461
1378
1462
1379
1463
1380
1464
1381
1465
1382
1466
1383
1467
1384
1468
1385
1469
1386
1470
1387
1471
1388
1472
1389
1473
1390
1474
1391
1475
1392
1476
1393
1477
1394
1478
1395
1479
1396
1480
1397
1481
1398
1482
1399
1483
1400
1484
1401
1485
1402
1486
1403
1487
1404
1488
1405
1489
1406
1490
1407
1491
1408
1492
1409
1493
1410
1494
1411
1495
1412
1496
1413
1497
1414
1498
1415
1499
1416
1500
1417
1501
1418
1502
1419
1503
1420
1504
1421
1505
1422
1506
1423
1507
1424
1508
1425
1509
1426
1510
1427
1511
1428
1512
1429
1513
1430
1514
1431
1515
1432
1516
1433
1517
1434
1518
1435
1519
1436
1520
1437
1521
1438
1522
1439
1523
1440
1524
1441
1525
1442
1526
1443
1527
1444
1528
1529
1446
1530
1447
1531
1448
1532
1449
1533
1450
1534
1451
1535
1452
1536
1453
1537
1454
1538
1455
1539
1456
1540
1457
1541
1458
1542
1459
1543
1460
1544
1461
1545
1462
1546
1463
1547
1464
1548
1465
1549
1466
1550
1467
1551
1468
1552
1469
1553
1470
1554
1471
1555
1472
1556
1473
1557
1474
1558
1475
1559
1476
1560
1477
1561
1478
1562
1479
1563
1480
1564
1481
1565
1482
1566
1483
1567
1484
1568
1485
1569
1486
1570
1487
1571
1488
1572
1489
1573
1490
1574
1491
1575
1492
1576
1493
1577
1494
1578
1495
1579
1496
1580
1497
1581
1498
1582
1499
1583
1500
1584
1501
1585
1502
1586
1503
1587
1504
1588
1505
1589
1506
1590
1507
1591
1508
1592
1509
1593
1510
1594
1511
1595
1512
1596
1513
1597
1514
1598
1515
1599
1516
1600
1517
1601
1518
1602
1519
1603
1520
1604
1521
1605
1522
1606
1523
1607
1524
1608
1525
1609
1526
1610
1527
1611
1528
1612
1529
1613
1614
1531
1615
1532
1616
1533
1617
1534
1618
1535
1619
1536
1620
1537
1621
1538
1622
1539
1623
1540
1624
1541
1625
1542
1626
1543
1627
1544
1628
1545
1629
1546
1630
1547
1631
1548
1632
1549
1633
1550
1634
1551
1635
1552
1636
1553
1637
1554
1638
1555
1639
1556
1640
1557
1641
1558
1642
1559
1643
1560
1644
1561
1645
1562
1646
1563
1647
1564
1648
1565
1649
1566
1650
1567
1651
1568
1652
1569
1653
1570
1654
1571
1655
1572
1656
1573
1657
1574
1658
1575
1659
1576
1660
1577
1661
1578
1662
1579
1663
1580
1664
1581
1665
1582
1666
1583
1667
1584
1668
1585
1669
1586
1670
1587
1671
1588
1672
1589
1673
1590
1674
1591
1675
1592
1676
1593
1677
1594
1678
1595
1679
1596
1680
1597
1681
1598
1682
1599
1683
1600
1684
1601
1685
1602
1686
1603
1687
1604
1688
1605
1689
1606
1690
1607
1691
1608
1692
1609
1693
1610
1694
1611
1695
1612
1696
1613
1697
1614
1698
1699
1616
1700
1617
1701
1618
1702
1619
1703
1620
1704
1621
1705
1622
1706
1623
1707
1624
1708
1625
1709
1626
1710
1627
1711
1628
1712
1629
1713
1630
1714
1631
1715
1632
1716
1633
1717
1634
1718
1635
1719
1636
1720
1637
1721
1638
1722
1639
1723
1640
1724
1641
1725
1642
1726
1643
1727
1644
1728
1645
1729
1646
1730
1647
1731
1648
1732
1649
1733
1650
1734
1651
1735
1652
1736
1653
1737
1654
1738
1655
1739
1656
1740
1657
1741
1658
1742
1659
1743
1660
1744
1661
1745
1662
1746
1663
1747
1664
1748
1665
1749
1666
1750
1667
1751
1668
1752
1669
1753
1670
1754
1671
1755
1672
1756
1673
1757
1674
1758
1675
1759
1676
1760
1677
1761
1678
1762
1679
1763
1680
1764
1681
1765
1682
1766
1683
1767
1684
1768
1685
1769
1686
1770
1687
1771
1688
1772
1689
1773
1690
1774
1691
1775
1692
1776
1693
1777
1694
1778
1695
1779
1696
1780
1697
1781
1698
1782
1699
1783
1784
1701
1785
1702
1786
1703
1787
1704
1788
1705
1789
1706
1790
1707
1791
1708
1792
1709
1793
1710
1794
1711
1795
1712
1796
1713
1797
1714
1798
1715
1799
1716
1800
1717
1801
1718
1802
1719
1803
1720
1804
1721
1805
1722
1806
1723
1807
1724
1808
1725
1809
1726
1810
1727
1811
1728
1812
1729
1813
1730
1814
1731
1815
1732
1816
1733
1817
1734
1818
1735
1819
1736
1820
1737
1821
1738
1822
1739
1823
1740
1824
1741
1825
1742
1826
1743
1827
1744
1828
1745
1829
1746
1830
1747
1831
1748
1832
1749
1833
1750
1834
1751
1835
1752
1836
1753
1837
1754
1838
1755
1839
1756
1840
1757
1841
1758
1842
1759
1843
1760
1844
1761
1845
1762
1846
1763
1847
1764
1848
1765
1849
1766
1850
1767
1851
1768
1852
1769
1853
1770
1854
1771
1855
1772
1856
1773
1857
1774
1858
1775
1859
1776
1860
1777
1861
1778
1862
1779
1863
1780
1864
1781
1865
1782
1866
1783
1867
1784
1868
1869
1786
1870
1787
1871
1788
1872
1789
1873
1790
1874
1791
1875
1792
1876
1793
1877
1794
1878
1795
1879
1796
1880
1797
1881
1798
1882
1799
1883
1800
1884
1801
1885
1802
1886
1803
1887
1804
1888
1805
1889
1806
1890
1807
1891
1808
1892
1809
1893
1810
1894
1811
1895
1812
1896
1813
1897
1814
1898
1815
1899
1816
1900
1817
1901
1818
1902
1819
1903
1820
1904
1821
1905
1822
1906
1823
1907
1824
1908
1825
1909
1826
1910
1827
1911
1828
1912
1829
1913
1830
1914
1831
1915
1832
1916
1833
1917
1834
1918
1835
1919
1836
1920
1837
1921
1838
1922
1839
1923
1840
1924
1841
1925
1842
1926
1843
1927
1844
1928
1845
1929
1846
1930
1847
1931
1848
1932
1849
1933
1850
1934
1851
1935
1852
1936
1853
1937
1854
1938
1855
1939
1856
1940
1857
1941
1858
1942
1859
1943
1860
1944
1861
1945
1862
1946
1863
1947
1864
1948
1865
1949
1866
1950
1867
1951
1868
1952
1869
1953
1954
1871
1955
1872
1956
1873
1957
1874
1958
1875
1959
1876
1960
1877
1961
1878
1962
1879
1963
1880
1964
1881
1965
1882
1966
1883
1967
1884
1968
1885
1969
1886
1970
1887
1971
1888
1972
1889
1973
1890
1974
1891
1975
1892
1976
1893
1977
1894
1978
1895
1979
1896
1980
1897
1981
1898
1982
1899
1983
1900
1984
1901
1985
1902
1986
1903
1987
1904
1988
1905
1989
1906
1990
1907
1991
1908
1992
1909
1993
1910
1994
1911
1995
1912
1996
1913
1997
1914
1998
1915
1999
1916
2000
1917
2001
1918
2002
1919
2003
1920
2004
1921
2005
1922
2006
1923
2007
1924
2008
1925
2009
1926
2010
1927
2011
1928
2012
1929
2013
1930
2014
1931
2015
1932
2016
1933
2017
1934
2018
1935
2019
1936
2020
1937
2021
1938
2022
1939
2023
1940
2024
1941
2025
1942
2026
1943
2027
1944
2028
1945
2029
1946
2030
1947
2031
1948
2032
1949
2033
1950
2034
1951
2035
1952
2036
1953
2037
1954
2038
2039
1956
2040
1957
2041
1958
2042
1959
2043
1960
2044
1961
2045
1962
2046
1963
2047
1964
2048
1965
2049
1966
2050
1967
2051
1968
2052
1969
2053
1970
2054
1971
2055
1972
2056
1973
2057
1974
2058
1975
2059
1976
2060
1977
2061
1978
2062
1979
2063
1980
2064
1981
2065
1982
2066
1983
2067
1984
2068
1985
2069
1986
2070
1987
2071
1988
2072
1989
2073
1990
2074
1991
2075
1992
2076
1993
2077
1994
2078
1995
2079
1996
2080
1997
2081
1998
2082
1999
2083
2000
2084
2001
2085
2002
2086
2003
2087
2004
2088
2005
2089
2006
2090
2007
2091
2008
2092
2009
2093
2010
2094
2011
2095
2012
2096
2013
2097
2014
2098
2015
2099
2016
2100
2017
2101
2018
2102
2019
2103
2020
2104
2021
2105
2022
2106
2023
2107
2024
2108
2025
2109
2026
2110
2027
2111
2028
2112
2029
2113
2030
2114
2031
2115
2032
2116
2033
2117
2034
2118
2035
2119
2036
2120
2037
2121
2038
2122
2039
2123
2124
2041
2125
2042
2126
2043
2127
2044
2128
2045
2129
2046
2130
2047
2131
2048
2132
2049
2133
2050
2134
2051
2135
2052
2136
2053
2137
2054
2138
2055
2139
2056
2140
2057
2141
2058
2142
2059
2143
2060
2144
2061
2145
2062
2146
2063
2147
2064
2148
2065
2149
2066
2150
2067
2151
2068
2152
2069
2153
2070
2154
2071
2155
2072
2156
2073
2157
2074
2158
2075
2159
2076
2160
2077
2161
2078
2162
2079
2163
2080
2164
2081
2165
2082
2166
2083
2167
2084
2168
2085
2169
2086
2170
2087
2171
2088
2172
2089
2173
2090
2174
2091
2175
2092
2176
2093
2177
2094
2178
2095
2179
2096
2180
2097
2181
2098
2182
2099
2183
2100
2184
2101
2185
2102
2186
2103
2187
2104
2188
2105
2189
2106
2190
2107
2191
2108
2192
2109
2193
2110
2194
2111
2195
2112
2196
2113
2197
2114
2198
2115
2199
2116
2200
2117
2201
2118
2202
2119
2203
2120
2204
2121
2205
2122
2206
2123
2207
2124
2208
2209
2126
2210
2127
2211
2128
2212
2129
2213
2130
2214
2131
2215
2132
2216
2133
2217
2134
2218
2135
2219
2136
2220
2137
2221
2138
2222
2139
2223
2140
2224
2141
2225
2142
2226
2143
2227
2144
2228
2145
2229
2146
2230
2147
2231
2148
2232
2149
2233
2150
2234
2151
2235
2152
2236
2153
2237
2154
2238
2155
2239
2156
2240
2157
2241
2158
2242
2159
2243
2160
2244
2161
2245
2162
2246
2163
2247
2164
2248
2165
2249
2166
2250
2167
2251
2168
2252
2169
2253
2170
2254
2171
2255
2172
2256
2173
2257
2174
2258
2175
2259
2176
2260
2177
2261
2178
2262
2179
2263
2180
2264
2181
2265
2182
2266
2183
2267
2184
2268
2185
2269
2186
2270
2187
2271
2188
2272
2189
2273
2190
2274
2191
2275
2192
2276
2193
2277
2194
2278
2195
2279
2196
2280
2197
2281
2198
2282
2199
2283
2200
2284
2201
2285
2202
2286
2203
2287
2204
2288
2205
2289
2206
2290
2207
2291
2208
2292
2209
2293
2294
2211
2295
2212
2296
2213
2297
2214
2298
2215
2299
2216
2300
2217
2301
2218
2302
2219
2303
2220
2304
2221
2305
2222
2306
2223
2307
2224
2308
2225
2309
2226
2310
2227
2311
2228
2312
2229
2313
2230
2314
2231
2315
2232
2316
2233
2317
2234
2318
2235
2319
2236
2320
2237
2321
2238
2322
2239
2323
2240
2324
2241
2325
2242
2326
2243
2327
2244
2328
2245
2329
2246
2330
2247
2331
2248
2332
2249
2333
2250
2334
2251
2335
2252
2336
2253
2337
2254
2338
2255
2339
2256
2340
2257
2341
2258
2342
2259
2343
2260
2344
2261
2345
2262
2346
2263
2347
2264
2348
2265
2349
2266
2350
2267
2351
2268
2352
2269
2353
2270
2354
2271
2355
2272
2356
2273
2357
2274
2358
2275
2359
2276
2360
2277
2361
2278
2362
2279
2363
2280
2364
2281
2365
2282
2366
2283
2367
2284
2368
2285
2369
2286
2370
2287
2371
2288
2372
2289
2373
2290
2374
2291
2375
2292
2376
2293
2377
2294
2378
2379
2296
2380
2297
2381
2298
2382
2299
2383
2300
2384
2301
2385
2302
2386
2303
2387
2304
2388
2305
2389
2306
2390
2307
2391
2308
2392
2309
2393
2310
2394
2311
2395
2312
2396
2313
2397
2314
2398
2315
2399
2316
2400
2317
2401
2318
2402
2319
2403
2320
2404
2321
2405
2322
2406
2323
2407
2324
2408
2325
2409
2326
2410
2327
2411
2328
2412
2329
2413
2330
2414
2331
2415
2332
2416
2333
2417
2334
2418
2335
2419
2336
2420
2337
2421
2338
2422
2339
2423
2340
2424
2341
2425
2342
2426
2343
2427
2344
2428
2345
2429
2346
2430
2347
2431
2348
2432
2349
2433
2350
2434
2351
2435
2352
2436
2353
2437
2354
2438
2355
2439
2356
2440
2357
2441
2358
2442
2359
2443
2360
2444
2361
2445
2362
2446
2363
2447
2364
2448
2365
2449
2366
2450
2367
2451
2368
2452
2369
2453
2370
2454
2371
2455
2372
2456
2373
2457
2374
2458
2375
2459
2376
2460
2377
2461
2378
2462
2379
2463
2464
2381
2465
2382
2466
2383
2467
2384
2468
2385
2469
2386
2470
2387
2471
2388
2472
2389
2473
2390
2474
2391
2475
2392
2476
2393
2477
2394
2478
2395
2479
2396
2480
2397
2481
2398
2482
2399
2483
2400
2484
2401
2485
2402
2486
2403
2487
2404
2488
2405
2489
2406
2490
2407
2491
2408
2492
2409
2493
2410
2494
2411
2495
2412
2496
2413
2497
2414
2498
2415
2499
2416
2500
2417
2501
2418
2502
2419
2503
2420
2504
2421
2505
2422
2506
2423
2507
2424
2508
2425
2509
2426
2510
2427
2511
2428
2512
2429
2513
2430
2514
2431
2515
2432
2516
2433
2517
2434
2518
2435
2519
2436
2520
2437
2521
2438
2522
2439
2523
2440
2524
2441
2525
2442
2526
2443
2527
2444
2528
2445
2529
2446
2530
2447
2531
2448
2532
2449
2533
2450
2534
2451
2535
2452
2536
2453
2537
2454
2538
2455
2539
2456
2540
2457
2541
2458
2542
2459
2543
2460
2544
2461
2545
2462
2546
2463
2547
2464
2548
2549
2466
2550
2467
2551
2468
2552
2469
2553
2470
2554
2471
2555
2472
2556
2473
2557
2474
2558
2475
2559
2476
2560
2477
2561
2478
2562
2479
2563
2480
2564
2481
2565
2482
2566
2483
2567
2484
2568
2485
2569
2486
2570
2487
2571
2488
2572
2489
2573
2490
2574
2491
2575
2492
2576
2493
2577
2494
2578
2495
2579
2496
2580
2497
2581
2498
2582
2499
2583
2500
2584
2501
2585
2502
2586
2503
2587
2504
2588
2505
2589
2506
2590
2507
2591
2508
2592
2509
2593
2510
2594
2511
2595
2512
2596
2513
2597
2514
2598
2515
2599
2516
2600
2517
2601
2518
2602
2519
2603
2520
2604
2521
2605
2522
2606
2523
2607
2524
2608
2525
2609
2526
2610
2527
2611
2528
2612
2529
2613
2530
2614
2531
2615
2532
2616
2533
2617
2534
2618
2535
2619
2536
2620
2537
2621
2538
2622
2539
2623
2540
2624
2541
2625
2542
2626
2543
2627
2544
2628
2545
2629
2546
2630
2547
2631
2548
2632
2549
2633
2634
2551
2635
2552
2636
2553
2637
2554
2638
2555
2639
2556
2640
2557
2641
2558
2642
2559
2643
2560
2644
2561
2645
2562
2646
2563
2647
2564
2648
2565
2649
2566
2650
2567
2651
2568
2652
2569
2653
2570
2654
2571
2655
2572
2656
2573
2657
2574
2658
2575
2659
2576
2660
2577
2661
2578
2662
2579
2663
2580
2664
2581
2665
2582
2666
2583
2667
2584
2668
2585
2669
2586
2670
2587
2671
2588
2672
2589
2673
2590
2674
2591
2675
2592
2676
2593
2677
2594
2678
2595
2679
2596
2680
2597
2681
2598
2682
2599
2683
2600
2684
2601
2685
2602
2686
2603
2687
2604
2688
2605
2689
2606
2690
2607
2691
2608
2692
2609
2693
2610
2694
2611
2695
2612
2696
2613
2697
2614
2698
2615
2699
2616
2700
2617
2701
2618
2702
2619
2703
2620
2704
2621
2705
2622
2706
2623
2707
2624
2708
2625
2709
2626
2710
2627
2711
2628
2712
2629
2713
2630
2714
2631
2715
2632
2716
2633
2717
2634
2718
2719
2636
2720
2637
2721
2638
2722
2639
2723
2640
2724
2641
2725
2642
2726
2643
2727
2644
2728
2645
2729
2646
2730
2647
2731
2648
2732
2649
2733
2650
2734
2651
2735
2652
2736
2653
2737
2654
2738
2655
2739
2656
2740
2657
2741
2658
2742
2659
2743
2660
2744
2661
2745
2662
2746
2663
2747
2664
2748
2665
2749
2666
2750
2667
2751
2668
2752
2669
2753
2670
2754
2671
2755
2672
2756
2673
2757
2674
2758
2675
2759
2676
2760
2677
2761
2678
2762
2679
2763
2680
2764
2681
2765
2682
2766
2683
2767
2684
2768
2685
2769
2686
2770
2687
2771
2688
2772
2689
2773
2690
2774
2691
2775
2692
2776
2693
2777
2694
2778
2695
2779
2696
2780
2697
2781
2698
2782
2699
2783
2700
2784
2701
2785
2702
2786
2703
2787
2704
2788
2705
2789
2706
2790
2707
2791
2708
2792
2709
2793
2710
2794
2711
2795
2712
2796
2713
2797
2714
2798
2715
2799
2716
2800
2717
2801
2718
2802
2719
2803
2804
2721
2805
2722
2806
2723
2807
2724
2808
2725
2809
2726
2810
2727
2811
2728
2812
2729
2813
2730
2814
2731
2815
2732
2816
2733
2817
2734
2818
2735
2819
2736
2820
2737
2821
2738
2822
2739
2823
2740
2824
2741
2825
2742
2826
2743
2827
2744
2828
2745
2829
2746
2830
2747
2831
2748
2832
2749
2833
2750
2834
2751
2835
2752
2836
2753
2837
2754
2838
2755
2839
2756
2840
2757
2841
2758
2842
2759
2843
2760
2844
2761
2845
2762
2846
2763
2847
2764
2848
2765
2849
2766
2850
2767
2851
2768
2852
2769
2853
2770
2854
2771
2855
2772
2856
2773
2857
2774
2858
2775
2859
2776
2860
2777
2861
2778
2862
2779
2863
2780
2864
2781
2865
2782
2866
2783
2867
2784
2868
2785
2869
2786
2870
2787
2871
2788
2872
2789
2873
2790
2874
2791
2875
2792
2876
2793
2877
2794
2878
2795
2879
2796
2880
2797
2881
2798
2882
2799
2883
2800
2884
2801
2885
2802
2886
2803
2887
2804
2888
2889
2806
2890
2807
2891
2808
2892
2809
2893
2810
2894
2811
2895
2812
2896
2813
2897
2814
2898
2815
2899
2816
2900
2817
2901
2818
2902
2819
2903
2820
2904
2821
2905
2822
2906
2823
2907
2824
2908
2825
2909
2826
2910
2827
2911
2828
2912
2829
2913
2830
2914
2831
2915
2832
2916
2833
2917
2834
2918
2835
2919
2836
2920
2837
2921
2838
2922
2839
2923
2840
2924
2841
2925
2842
2926
2843
2927
2844
2928
2845
2929
2846
2930
2847
2931
2848
2932
2849
2933
2850
2934
2851
2935
2852
2936
2853
2937
2854
2938
2855
2939
2856
2940
2857
2941
2858
2942
2859
2943
2860
2944
2861
2945
2862
2946
2863
2947
2864
2948
2865
2949
2866
2950
2867
2951
2868
2952
2869
2953
2870
2954
2871
2955
2872
2956
2873
2957
2874
2958
2875
2959
2876
2960
2877
2961
2878
2962
2879
2963
2880
2964
2881
2965
2882
2966
2883
2967
2884
2968
2885
2969
2886
2970
2887
2971
2888
2972
2889
2973
2974
2891
2975
2892
2976
2893
2977
2894
2978
2895
2979
2896
2980
2897
2981
2898
2982
2899
2983
2900
2984
2901
2985
2902
2986
2903
2987
2904
2988
2905
2989
2906
2990
2907
2991
2908
2992
2909
2993
2910
2994
2911
2995
2912
2996
2913
2997
2914
2998
2915
2999
2916
3000
2917
3001
2918
3002
2919
3003
2920
3004
2921
3005
2922
3006
2923
3007
2924
3008
2925
3009
2926
3010
2927
3011
2928
3012
2929
3013
2930
3014
2931
3015
2932
3016
2933
3017
2934
3018
2935
3019
2936
3020
2937
3021
2938
3022
2939
3023
2940
3024
2941
3025
2942
3026
2943
3027
2944
3028
2945
3029
2946
3030
2947
3031
2948
3032
2949
3033
2950
3034
2951
3035
2952
3036
2953
3037
2954
3038
2955
3039
2956
3040
2957
3041
2958
3042
2959
3043
2960
3044
2961
3045
2962
3046
2963
3047
2964
3048
2965
3049
2966
3050
2967
3051
2968
3052
2969
3053
2970
3054
2971
3055
2972
3056
2973
3057
2974
3058
3059
2976
3060
2977
3061
2978
3062
2979
3063
2980
3064
2981
3065
2982
3066
2983
3067
2984
3068
2985
3069
2986
3070
2987
3071
2988
3072
2989
3073
2990
3074
2991
3075
2992
3076
2993
3077
2994
3078
2995
3079
2996
3080
2997
3081
2998
3082
2999
3083
3000
3084
3001
3085
3002
3086
3003
3087
3004
3088
3005
3089
3006
3090
3007
3091
3008
3092
3009
3093
3010
3094
3011
3095
3012
3096
3013
3097
3014
3098
3015
3099
3016
3100
3017
3101
3018
3102
3019
3103
3020
3104
3021
3105
3022
3106
3023
3107
3024
3108
3025
3109
3026
3110
3027
3111
3028
3112
3029
3113
3030
3114
3031
3115
3032
3116
3033
3117
3034
3118
3035
3119
3036
3120
3037
3121
3038
3122
3039
3123
3040
3124
3041
3125
3042
3126
3043
3127
3044
3128
3045
3129
3046
3130
3047
3131
3048
3132
3049
3133
3050
3134
3051
3135
3052
3136
3053
3137
3054
3138
3055
3139
3056
3140
3057
3141
3058
3142
3059
3143
3144
3061
3145
3062
3146
3063
3147
3064
3148
3065
3149
3066
3150
3067
3151
3068
3152
3069
3153
3070
3154
3071
3155
3072
3156
3073
3157
3074
3158
3075
3159
3076
3160
3077
3161
3078
3162
3079
3163
3080
3164
3081
3165
3082
3166
3083
3167
3084
3168
3085
3169
3086
3170
3087
3171
3088
3172
3089
3173
3090
3174
3091
3175
3092
3176
3093
3177
3094
3178
3095
3179
3096
3180
3097
3181
3098
3182
3099
3183
3100
3184
3101
3185
3102
3186
3103
3187
3104
3188
3105
3189
3106
3190
3107
3191
3108
3192
3109
3193
3110
3194
3111
3195
3112
3196
3113
3197
3114
3198
3115
3199
3116
3200
3117
3201
3118
3202
3119
3203
3120
3204
3121
3205
3122
3206
3123
3207
3124
3208
3125
3209
3126
3210
3127
3211
3128
3212
3129
3213
3130
3214
3131
3215
3132
3216
3133
3217
3134
3218
3135
3219
3136
3220
3137
3221
3138
3222
3139
3223
3140
3224
3141
3225
3142
3226
3143
3227
3144
3228
3229
3146
3230
3147
3231
3148
3232
3149
3233
3150
3234
3151
3235
3152
3236
3153
3237
3154
3238
3155
3239
3156
3240
3157
3241
3158
3242
3159
3243
3160
3244
3161
3245
3162
3246
3163
3247
3164
3248
3165
3249
3166
3250
3167
3251
3168
3252
3169
3253
3170
3254
3171
3255
3172
3256
3173
3257
3174
3258
3175
3259
3176
3260
3177
3261
3178
3262
3179
3263
3180
3264
3181
3265
3182
3266
3183
3267
3184
3268
3185
3269
3186
3270
3187
3271
3188
3272
3189
3273
3190
3274
3191
3275
3192
3276
3193
3277
3194
3278
3195
3279
3196
3280
3197
3281
3198
3282
3199
3283
3200
3284
3201
3285
3202
3286
3203
3287
3204
3288
3205
3289
3206
3290
3207
3291
3208
3292
3209
3293
3210
3294
3211
3295
3212
3296
3213
3297
3214
3298
3215
3299
3216
3300
3217
3301
3218
3302
3219
3303
3220
3304
3221
3305
3222
3306
3223
3307
3224
3308
3225
3309
3226
3310
3227
3311
3228
3312
3229
3313
3314
3231
3315
3232
3316
3233
3317
3234
3318
3235
3319
3236
3320
3237
3321
3238
3322
3239
3323
3240
3324
3241
3325
3242
3326
3243
3327
3244
3328
3245
3329
3246
3330
3247
3331
3248
3332
3249
3333
3250
3334
3251
3335
3252
3336
3253
3337
3254
3338
3255
3339
3256
3340
3257
3341
3258
3342
3259
3343
3260
3344
3261
3345
3262
3346
3263
3347
3264
3348
3265
3349
3266
3350
3267
3351
3268
3352
3269
3353
3270
3354
3271
3355
3272
3356
3273
3357
3274
3358
3275
3359
3276
3360
3277
3361
3278
3362
3279
3363
3280
3364
3281
3365
3282
3366
3283
3367
3284
3368
3285
3369
3286
3370
3287
3371
3288
3372
3289
3373
3290
3374
3291
3375
3292
3376
3293
3377
3294
3378
3295
3379
3296
3380
3297
3381
3298
3382
3299
3383
3300
3384
3301
3385
3302
3386
3303
3387
3304
3388
3305
3389
3306
3390
3307
3391
3308
3392
3309
3393
3310
3394
3311
3395
3312
3396
3313
3397
3314
3398
3399
3316
3400
3317
3401
3318
3402
3319
3403
3320
3404
3321
3405
3322
3406
3323
3407
3324
3408
3325
3409
3326
3410
3327
3411
3328
3412
3329
3413
3330
3414
3331
3415
3332
3416
3333
3417
3334
3418
3335
3419
3336
3420
3337
3421
3338
3422
3339
3423
3340
3424
3341
3425
3342
3426
3343
3427
3344
3428
3345
3429
3346
3430
3347
3431
3348
3432
3349
3433
3350
3434
3351
3435
3352
3436
3353
3437
3354
3438
3355
3439
3356
3440
3357
3441
3358
3442
3359
3443
3360
3444
3361
3445
3362
3446
3363
3447
3364
3448
3365
3449
3366
3450
3367
3451
3368
3452
3369
3453
3370
3454
3371
3455
3372
3456
3373
3457
3374
3458
3375
3459
3376
3460
3377
3461
3378
3462
3379
3463
3380
3464
3381
3465
3382
3466
3383
3467
3384
3468
3385
3469
3386
3470
3387
3471
3388
3472
3389
3473
3390
3474
3391
3475
3392
3476
3393
3477
3394
3478
3395
3479
3396
3480
3397
3481
3398
3482
3399
3483
3484
3401
3485
3402
3486
3403
3487
3404
3488
3405
3489
3406
3490
3407
3491
3408
3492
3409
3493
3410
3494
3411
3495
3412
3496
3413
3497
3414
3498
3415
3499
3416
3500
3417
3501
3418
3502
3419
3503
3420
3504
3421
3505
3422
3506
3423
3507
3424
3508
3425
3509
3426
3510
3427
3511
3428
3512
3429
3513
3430
3514
3431
3515
3432
3516
3433
3517
3434
3518
3435
3519
3436
3520
3437
3521
3438
3522
3439
3523
3440
3524
3441
3525
3442
3526
3443
3527
3444
3528
3445
3529
3446
3530
3447
3531
3448
3532
3449
3533
3450
3534
3451
3535
3452
3536
3453
3537
3454
3538
3455
3539
3456
3540
3457
3541
3458
3542
3459
3543
3460
3544
3461
3545
3462
3546
3463
3547
3464
3548
3465
3549
3466
3550
3467
3551
3468
3552
3469
3553
3470
3554
3471
3555
3472
3556
3473
3557
3474
3558
3475
3559
3476
3560
3477
3561
3478
3562
3479
3563
3480
3564
3481
3565
3482
3566
3483
3567
3484
3568
3569
3486
3570
3487
3571
3488
3572
3489
3573
3490
3574
3491
3575
3492
3576
3493
3577
3494
3578
3495
3579
3496
3580
3497
3581
3498
3582
3499
3583
3500
3584
3501
3585
3502
3586
3503
3587
3504
3588
3505
3589
3506
3590
3507
3591
3508
3592
3509
3593
3510
3594
3511
3595
3512
3596
3513
3597
3514
3598
3515
3599
3516
3600
3517
3601
3518
3602
3519
3603
3520
3604
3521
3605
3522
3606
3523
3607
3524
3608
3525
3609
3526
3610
3527
3611
3528
3612
3529
3613
3530
3614
3531
3615
3532
3616
3533
3617
3534
3618
3535
3619
3536
3620
3537
3621
3538
3622
3539
3623
3540
3624
3541
3625
3542
3626
3543
3627
3544
3628
3545
3629
3546
3630
3547
3631
3548
3632
3549
3633
3550
3634
3551
3635
3552
3636
3553
3637
3554
3638
3555
3639
3556
3640
3557
3641
3558
3642
3559
3643
3560
3644
3561
3645
3562
3646
3563
3647
3564
3648
3565
3649
3566
3650
3567
3651
3568
3652
3569
3653
3654
3571
3655
3572
3656
3573
3657
3574
3658
3575
3659
3576
3660
3577
3661
3578
3662
3579
3663
3580
3664
3581
3665
3582
3666
3583
3667
3584
3668
3585
3669
3586
3670
3587
3671
3588
3672
3589
3673
3590
3674
3591
3675
3592
3676
3593
3677
3594
3678
3595
3679
3596
3680
3597
3681
3598
3682
3599
3683
3600
3684
3601
3685
3602
3686
3603
3687
3604
3688
3605
3689
3606
3690
3607
3691
3608
3692
3609
3693
3610
3694
3611
3695
3612
3696
3613
3697
3614
3698
3615
3699
3616
3700
3617
3701
3618
3702
3619
3703
3620
3704
3621
3705
3622
3706
3623
3707
3624
3708
3625
3709
3626
3710
3627
3711
3628
3712
3629
3713
3630
3714
3631
3715
3632
3716
3633
3717
3634
3718
3635
3719
3636
3720
3637
3721
3638
3722
3639
3723
3640
3724
3641
3725
3642
3726
3643
3727
3644
3728
3645
3729
3646
3730
3647
3731
3648
3732
3649
3733
3650
3734
3651
3735
3652
3736
3653
3737
3654
3738
3739
3656
3740
3657
3741
3658
3742
3659
3743
3660
3744
3661
3745
3662
3746
3663
3747
3664
3748
3665
3749
3666
3750
3667
3751
3668
3752
3669
3753
3670
3754
3671
3755
3672
3756
3673
3757
3674
3758
3675
3759
3676
3760
3677
3761
3678
3762
3679
3763
3680
3764
3681
3765
3682
3766
3683
3767
3684
3768
3685
3769
3686
3770
3687
3771
3688
3772
3689
3773
3690
3774
3691
3775
3692
3776
3693
3777
3694
3778
3695
3779
3696
3780
3697
3781
3698
3782
3699
3783
3700
3784
3701
3785
3702
3786
3703
3787
3704
3788
3705
3789
3706
3790
3707
3791
3708
3792
3709
3793
3710
3794
3711
3795
3712
3796
3713
3797
3714
3798
3715
3799
3716
3800
3717
3801
3718
3802
3719
3803
3720
3804
3721
3805
3722
3806
3723
3807
3724
3808
3725
3809
3726
3810
3727
3811
3728
3812
3729
3813
3730
3814
3731
3815
3732
3816
3733
3817
3734
3818
3735
3819
3736
3820
3737
3821
3738
3822
3739
3823
3824
3741
3825
3742
3826
3743
3827
3744
3828
3745
3829
3746
3830
3747
3831
3748
3832
3749
3833
3750
3834
3751
3835
3752
3836
3753
3837
3754
3838
3755
3839
3756
3840
3757
3841
3758
3842
3759
3843
3760
3844
3761
3845
3762
3846
3763
3847
3764
3848
3765
3849
3766
3850
3767
3851
3768
3852
3769
3853
3770
3854
3771
3855
3772
3856
3773
3857
3774
3858
3775
3859
3776
3860
3777
3861
3778
3862
3779
3863
3780
3864
3781
3865
3782
3866
3783
3867
3784
3868
3785
3869
3786
3870
3787
3871
3788
3872
3789
3873
3790
3874
3791
3875
3792
3876
3793
3877
3794
3878
3795
3879
3796
3880
3797
3881
3798
3882
3799
3883
3800
3884
3801
3885
3802
3886
3803
3887
3804
3888
3805
3889
3806
3890
3807
3891
3808
3892
3809
3893
3810
3894
3811
3895
3812
3896
3813
3897
3814
3898
3815
3899
3816
3900
3817
3901
3818
3902
3819
3903
3820
3904
3821
3905
3822
3906
3823
3907
3824
3908
3909
3826
3910
3827
3911
3828
3912
3829
3913
3830
3914
3831
3915
3832
3916
3833
3917
3834
3918
3835
3919
3836
3920
3837
3921
3838
3922
3839
3923
3840
3924
3841
3925
3842
3926
3843
3927
3844
3928
3845
3929
3846
3930
3847
3931
3848
3932
3849
3933
3850
3934
3851
3935
3852
3936
3853
3937
3854
3938
3855
3939
3856
3940
3857
3941
3858
3942
3859
3943
3860
3944
3861
3945
3862
3946
3863
3947
3864
3948
3865
3949
3866
3950
3867
3951
3868
3952
3869
3953
3870
3954
3871
3955
3872
3956
3873
3957
3874
3958
3875
3959
3876
3960
3877
3961
3878
3962
3879
3963
3880
3964
3881
3965
3882
3966
3883
3967
3884
3968
3885
3969
3886
3970
3887
3971
3888
3972
3889
3973
3890
3974
3891
3975
3892
3976
3893
3977
3894
3978
3895
3979
3896
3980
3897
3981
3898
3982
3899
3983
3900
3984
3901
3985
3902
3986
3903
3987
3904
3988
3905
3989
3906
3990
3907
3991
3908
3992
3909
3993
3994
3911
3995
3912
3996
3913
3997
3914
3998
3915
3999
3916
4000
3917
4001
3918
4002
3919
4003
3920
4004
3921
4005
3922
4006
3923
4007
3924
4008
3925
4009
3926
4010
3927
4011
3928
4012
3929
4013
3930
4014
3931
4015
3932
4016
3933
4017
3934
4018
3935
4019
3936
4020
3937
4021
3938
4022
3939
4023
3940
4024
3941
4025
3942
4026
3943
4027
3944
4028
3945
4029
3946
4030
3947
4031
3948
4032
3949
4033
3950
4034
3951
4035
3952
4036
3953
4037
3954
4038
3955
4039
3956
4040
3957
4041
3958
4042
3959
4043
3960
4044
3961
4045
3962
4046
3963
4047
3964
4048
3965
4049
3966
4050
3967
4051
3968
4052
3969
4053
3970
4054
3971
4055
3972
4056
3973
4057
3974
4058
3975
4059
3976
4060
3977
4061
3978
4062
3979
4063
3980
4064
3981
4065
3982
4066
3983
4067
3984
4068
3985
4069
3986
4070
3987
4071
3988
4072
3989
4073
3990
4074
3991
4075
3992
4076
3993
4077
3994
4078
4079
3996
4080
3997
4081
3998
4082
3999
4083
4000
4084
4001
4085
4002
4086
4003
4087
4004
4088
4005
4089
4006
4090
4007
4091
4008
4092
4009
4093
4010
4094
4011
4095
4012
4096
4013
4097
4014
4098
4015
4099
4016
4100
4017
4101
4018
4102
4019
4103
4020
4104
4021
4105
4022
4106
4023
4107
4024
4108
4025
4109
4026
4110
4027
4111
4028
4112
4029
4113
4030
4114
4031
4115
4032
4116
4033
4117
4034
4118
4035
4119
4036
4120
4037
4121
4038
4122
4039
4123
4040
4124
4041
4125
4042
4126
4043
4127
4044
4128
4045
4129
4046
4130
4047
4131
4048
4132
4049
4133
4050
4134
4051
4135
4052
4136
4053
4137
4054
4138
4055
4139
4056
4140
4057
4141
4058
4142
4059
4143
4060
4144
4061
4145
4062
4146
4063
4147
4064
4148
4065
4149
4066
4150
4067
4151
4068
4152
4069
4153
4070
4154
4071
4155
4072
4156
4073
4157
4074
4158
4075
4159
4076
4160
4077
4161
4078
4162
4079
4163
4164
4081
4165
4082
4166
4083
4167
4084
4168
4085
4169
4086
4170
4087
4171
4088
4172
4089
4173
4090
4174
4091
4175
4092
4176
4093
4177
4094
4178
4095
4179
4096
4180
4097
4181
4098
4182
4099
4183
4100
4184
4101
4185
4102
4186
4103
4187
4104
4188
4105
4189
4106
4190
4107
4191
4108
4192
4109
4193
4110
4194
4111
4195
4112
4196
4113
4197
4114
4198
4115
4199
4116
4200
4117
4201
4118
4202
4119
4203
4120
4204
4121
4205
4122
4206
4123
4207
4124
4208
4125
4209
4126
4210
4127
4211
4128
4212
4129
4213
4130
4214
4131
4215
4132
4216
4133
4217
4134
4218
4135
4219
4136
4220
4137
4221
4138
4222
4139
4223
4140
4224
4141
4225
4142
4226
4143
4227
4144
4228
4145
4229
4146
4230
4147
4231
4148
4232
4149
4233
4150
4234
4151
4235
4152
4236
4153
4237
4154
4238
4155
4239
4156
4240
4157
4241
4158
4242
4159
4243
4160
4244
4161
4245
4162
4246
4163
4247
4164
4248
4249
4166
4250
4167
4251
4168
4252
4169
4253
4170
4254
4171
4255
4172
4256
4173
4257
4174
4258
4175
4259
4176
4260
4177
4261
4178
4262
4179
4263
4180
4264
4181
4265
4182
4266
4183
4267
4184
4268
4185
4269
4186
4270
4187
4271
4188
4272
4189
4273
4190
4274
4191
4275
4192
4276
4193
4277
4194
4278
4195
4279
4196
4280
4197
4281
4198
4282
4199
4283
4200
4284
4201
4285
4202
4286
4203
4287
4204
4288
4205
4289
4206
4290
4207
4291
4208
4292
4209
4293
4210
4294
4211
4295
4212
4296
4213
4297
4214
4298
4215
4299
4216
4300
4217
4301
4218
4302
4219
4303
4220
4304
4221
4305
4222
4306
4223
4307
4224
4308
4225
4309
4226
4310
4227
4311
4228
4312
4229
4313
4230
4314
4231
4315
4232
4316
4233
4317
4234
4318
4235
4319
4236
4320
4237
4321
4238
4322
4239
4323
4240
4324
4241
4325
4242
4326
4243
4327
4244
4328
4245
4329
4246
4330
4247
4331
4248
4332
4249
4333
4334
4251
4335
4252
4336
4253
4337
4254
4338
4255
4339
4256
4340
4257
4341
4258
4342
4259
4343
4260
4344
4261
4345
4262
4346
4263
4347
4264
4348
4265
4349
4266
4350
4267
4351
4268
4352
4269
4353
4270
4354
4271
4355
4272
4356
4273
4357
4274
4358
4275
4359
4276
4360
4277
4361
4278
4362
4279
4363
4280
4364
4281
4365
4282
4366
4283
4367
4284
4368
4285
4369
4286
4370
4287
4371
4288
4372
4289
4373
4290
4374
4291
4375
4292
4376
4293
4377
4294
4378
4295
4379
4296
4380
4297
4381
4298
4382
4299
4383
4300
4384
4301
4385
4302
4386
4303
4387
4304
4388
4305
4389
4306
4390
4307
4391
4308
4392
4309
4393
4310
4394
4311
4395
4312
4396
4313
4397
4314
4398
4315
4399
4316
4400
4317
4401
4318
4402
4319
4403
4320
4404
4321
4405
4322
4406
4323
4407
4324
4408
4325
4409
4326
4410
4327
4411
4328
4412
4329
4413
4330
4414
4331
4415
4332
4416
4333
4417
4334
4418
4419
4336
4420
4337
4421
4338
4422
4339
4423
4340
4424
4341
4425
4342
4426
4343
4427
4344
4428
4345
4429
4346
4430
4347
4431
4348
4432
4349
4433
4350
4434
4351
4435
4352
4436
4353
4437
4354
4438
4355
4439
4356
4440
4357
4441
4358
4442
4359
4443
4360
4444
4361
4445
4362
4446
4363
4447
4364
4448
4365
4449
4366
4450
4367
4451
4368
4452
4369
4453
4370
4454
4371
4455
4372
4456
4373
4457
4374
4458
4375
4459
4376
4460
4377
4461
4378
4462
4379
4463
4380
4464
4381
4465
4382
4466
4383
4467
4384
4468
4385
4469
4386
4470
4387
4471
4388
4472
4389
4473
4390
4474
4391
4475
4392
4476
4393
4477
4394
4478
4395
4479
4396
4480
4397
4481
4398
4482
4399
4483
4400
4484
4401
4485
4402
4486
4403
4487
4404
4488
4405
4489
4406
4490
4407
4491
4408
4492
4409
4493
4410
4494
4411
4495
4412
4496
4413
4497
4414
4498
4415
4499
4416
4500
4417
4501
4418
4502
4419
4503
4504
4421
4505
4422
4506
4423
4507
4424
4508
4425
4509
4426
4510
4427
4511
4428
4512
4429
4513
4430
4514
4431
4515
4432
4516
4433
4517
4434
4518
4435
4519
4436
4520
4437
4521
4438
4522
4439
4523
4440
4524
4441
4525
4442
4526
4443
4527
4444
4528
4445
4529
4446
4530
4447
4531
4448
4532
4449
4533
4450
4534
4451
4535
4452
4536
4453
4537
4454
4538
4455
4539
4456
4540
4457
4541
4458
4542
4459
4543
4460
4544
4461
4545
4462
4546
4463
4547
4464
4548
4465
4549
4466
4550
4467
4551
4468
4552
4469
4553
4470
4554
4471
4555
4472
4556
4473
4557
4474
4558
4475
4559
4476
4560
4477
4561
4478
4562
4479
4563
4480
4564
4481
4565
4482
4566
4483
4567
4484
4568
4485
4569
4486
4570
4487
4571
4488
4572
4489
4573
4490
4574
4491
4575
4492
4576
4493
4577
4494
4578
4495
4579
4496
4580
4497
4581
4498
4582
4499
4583
4500
4584
4501
4585
4502
4586
4503
4587
4504
4588
4589
4506
4590
4507
4591
4508
4592
4509
4593
4510
4594
4511
4595
4512
4596
4513
4597
4514
4598
4515
4599
4516
4600
4517
4601
4518
4602
4519
4603
4520
4604
4521
4605
4522
4606
4523
4607
4524
4608
4525
4609
4526
4610
4527
4611
4528
4612
4529
4613
4530
4614
4531
4615
4532
4616
4533
4617
4534
4618
4535
4619
4536
4620
4537
4621
4538
4622
4539
4623
4540
4624
4541
4625
4542
4626
4543
4627
4544
4628
4545
4629
4546
4630
4547
4631
4548
4632
4549
4633
4550
4634
4551
4635
4552
4636
4553
4637
4554
4638
4555
4639
4556
4640
4557
4641
4558
4642
4559
4643
4560
4644
4561
4645
4562
4646
4563
4647
4564
4648
4565
4649
4566
4650
4567
4651
4568
4652
4569
4653
4570
4654
4571
4655
4572
4656
4573
4657
4574
4658
4575
4659
4576
4660
4577
4661
4578
4662
4579
4663
4580
4664
4581
4665
4582
4666
4583
4667
4584
4668
4585
4669
4586
4670
4587
4671
4588
4672
4589
4673
4674
4591
4675
4592
4676
4593
4677
4594
4678
4595
4679
4596
4680
4597
4681
4598
4682
4599
4683
4600
4684
4601
4685
4602
4686
4603
4687
4604
4688
4605
4689
4606
4690
4607
4691
4608
4692
4609
4693
4610
4694
4611
4695
4612
4696
4613
4697
4614
4698
4615
4699
4616
4700
4617
4701
4618
4702
4619
4703
4620
4704
4621
4705
4622
4706
4623
4707
4624
4708
4625
4709
4626
4710
4627
4711
4628
4712
4629
4713
4630
4714
4631
4715
4632
4716
4633
4717
4634
4718
4635
4719
4636
4720
4637
4721
4638
4722
4639
4723
4640
4724
4641
4725
4642
4726
4643
4727
4644
4728
4645
4729
4646
4730
4647
4731
4648
4732
4649
4733
4650
4734
4651
4735
4652
4736
4653
4737
4654
4738
4655
4739
4656
4740
4657
4741
4658
4742
4659
4743
4660
4744
4661
4745
4662
4746
4663
4747
4664
4748
4665
4749
4666
4750
4667
4751
4668
4752
4669
4753
4670
4754
4671
4755
4672
4756
4673
4757
4674
4758
4759
4676
4760
4677
4761
4678
4762
4679
4763
4680
4764
4681
4765
4682
4766
4683
4767
4684
4768
4685
4769
4686
4770
4687
4771
4688
4772
4689
4773
4690
4774
4691
4775
4692
4776
4693
4777
4694
4778
4695
4779
4696
4780
4697
4781
4698
4782
4699
4783
4700
4784
4701
4785
4702
4786
4703
4787
4704
4788
4705
4789
4706
4790
4707
4791
4708
4792
4709
4793
4710
4794
4711
4795
4712
4796
4713
4797
4714
4798
4715
4799
4716
4800
4717
4801
4718
4802
4719
4803
4720
4804
4721
4805
4722
4806
4723
4807
4724
4808
4725
4809
4726
4810
4727
4811
4728
4812
4729
4813
4730
4814
4731
4815
4732
4816
4733
4817
4734
4818
4735
4819
4736
4820
4737
4821
4738
4822
4739
4823
4740
4824
4741
4825
4742
4826
4743
4827
4744
4828
4745
4829
4746
4830
4747
4831
4748
4832
4749
4833
4750
4834
4751
4835
4752
4836
4753
4837
4754
4838
4755
4839
4756
4840
4757
4841
4758
4842
4759
4843
4844
4761
4845
4762
4846
4763
4847
4764
4848
4765
4849
4766
4850
4767
4851
4768
4852
4769
4853
4770
4854
4771
4855
4772
4856
4773
4857
4774
4858
4775
4859
4776
4860
4777
4861
4778
4862
4779
4863
4780
4864
4781
4865
4782
4866
4783
4867
4784
4868
4785
4869
4786
4870
4787
4871
4788
4872
4789
4873
4790
4874
4791
4875
4792
4876
4793
4877
4794
4878
4795
4879
4796
4880
4797
4881
4798
4882
4799
4883
4800
4884
4801
4885
4802
4886
4803
4887
4804
4888
4805
4889
4806
4890
4807
4891
4808
4892
4809
4893
4810
4894
4811
4895
4812
4896
4813
4897
4814
4898
4815
4899
4816
4900
4817
4901
4818
4902
4819
4903
4820
4904
4821
4905
4822
4906
4823
4907
4824
4908
4825
4909
4826
4910
4827
4911
4828
4912
4829
4913
4830
4914
4831
4915
4832
4916
4833
4917
4834
4918
4835
4919
4836
4920
4837
4921
4838
4922
4839
4923
4840
4924
4841
4925
4842
4926
4843
4927
4844
4928
4929
4846
4930
4847
4931
4848
4932
4849
4933
4850
4934
4851
4935
4852
4936
4853
4937
4854
4938
4855
4939
4856
4940
4857
4941
4858
4942
4859
4943
4860
4944
4861
4945
4862
4946
4863
4947
4864
4948
4865
4949
4866
4950
4867
4951
4868
4952
4869
4953
4870
4954
4871
4955
4872
4956
4873
4957
4874
4958
4875
4959
4876
4960
4877
4961
4878
4962
4879
4963
4880
4964
4881
4965
4882
4966
4883
4967
4884
4968
4885
4969
4886
4970
4887
4971
4888
4972
4889
4973
4890
4974
4891
4975
4892
4976
4893
4977
4894
4978
4895
4979
4896
4980
4897
4981
4898
4982
4899
4983
4900
4984
4901
4985
4902
4986
4903
4987
4904
4988
4905
4989
4906
4990
4907
4991
4908
4992
4909
4993
4910
4994
4911
4995
4912
4996
4913
4997
4914
4998
4915
4999
4916
5000
4917
5001
4918
5002
4919
5003
4920
5004
4921
5005
4922
5006
4923
5007
4924
5008
4925
5009
4926
5010
4927
5011
4928
5012
4929
5013
5014
4931
5015
4932
5016
4933
5017
4934
5018
4935
5019
4936
5020
4937
5021
4938
5022
4939
5023
4940
5024
4941
5025
4942
5026
4943
5027
4944
5028
4945
5029
4946
5030
4947
5031
4948
5032
4949
5033
4950
5034
4951
5035
4952
5036
4953
5037
4954
5038
4955
5039
4956
5040
4957
5041
4958
5042
4959
5043
4960
5044
4961
5045
4962
5046
4963
5047
4964
5048
4965
5049
4966
5050
4967
5051
4968
5052
4969
5053
4970
5054
4971
5055
4972
5056
4973
5057
4974
5058
4975
5059
4976
5060
4977
5061
4978
5062
4979
5063
4980
5064
4981
5065
4982
5066
4983
5067
4984
5068
4985
5069
4986
5070
4987
5071
4988
5072
4989
5073
4990
5074
4991
5075
4992
5076
4993
5077
4994
5078
4995
5079
4996
5080
4997
5081
4998
5082
4999
5083
5000
5084
5001
5085
5002
5086
5003
5087
5004
5088
5005
5089
5006
5090
5007
5091
5008
5092
5009
5093
5010
5094
5011
5095
5012
5096
5013
5097
5014
5098
5099
5016
5100
5017
5101
5018
5102
5019
5103
5020
5104
5021
5105
5022
5106
5023
5107
5024
5108
5025
5109
5026
5110
5027
5111
5028
5112
5029
5113
5030
5114
5031
5115
5032
5116
5033
5117
5034
5118
5035
5119
5036
5120
5037
5121
5038
5122
5039
5123
5040
5124
5041
5125
5042
5126
5043
5127
5044
5128
5045
5129
5046
5130
5047
5131
5048
5132
5049
5133
5050
5134
5051
5135
5052
5136
5053
5137
5054
5138
5055
5139
5056
5140
5057
5141
5058
5142
5059
5143
5060
5144
5061
5145
5062
5146
5063
5147
5064
5148
5065
5149
5066
5150
5067
5151
5068
5152
5069
5153
5070
5154
5071
5155
5072
5156
5073
5157
5074
5158
5075
5159
5076
5160
5077
5161
5078
5162
5079
5163
5080
5164
5081
5165
5082
5166
5083
5167
5084
5168
5085
5169
5086
5170
5087
5171
5088
5172
5089
5173
5090
5174
5091
5175
5092
5176
5093
5177
5094
5178
5095
5179
5096
5180
5097
5181
5098
5182
5099
5183
5184
5101
5185
5102
5186
5103
5187
5104
5188
5105
5189
5106
5190
5107
5191
5108
5192
5109
5193
5110
5194
5111
5195
5112
5196
5113
5197
5114
5198
5115
5199
5116
5200
5117
5201
5118
5202
5119
5203
5120
5204
5121
5205
5122
5206
5123
5207
5124
5208
5125
5209
5126
5210
5127
5211
5128
5212
5129
5213
5130
5214
5131
5215
5132
5216
5133
5217
5134
5218
5135
5219
5136
5220
5137
5221
5138
5222
5139
5223
5140
5224
5141
5225
5142
5226
5143
5227
5144
5228
5145
5229
5146
5230
5147
5231
5148
5232
5149
5233
5150
5234
5151
5235
5152
5236
5153
5237
5154
5238
5155
5239
5156
5240
5157
5241
5158
5242
5159
5243
5160
5244
5161
5245
5162
5246
5163
5247
5164
5248
5165
5249
5166
5250
5167
5251
5168
5252
5169
5253
5170
5254
5171
5255
5172
5256
5173
5257
5174
5258
5175
5259
5176
5260
5177
5261
5178
5262
5179
5263
5180
5264
5181
5265
5182
5266
5183
5267
5184
5268
5269
5186
5270
5187
5271
5188
5272
5189
5273
5190
5274
5191
5275
5192
5276
5193
5277
5194
5278
5195
5279
5196
5280
5197
5281
5198
5282
5199
5283
5200
5284
5201
5285
5202
5286
5203
5287
5204
5288
5205
5289
5206
5290
5207
5291
5208
5292
5209
5293
5210
5294
5211
5295
5212
5296
5213
5297
5214
5298
5215
5299
5216
5300
5217
5301
5218
5302
5219
5303
5220
5304
5221
5305
5222
5306
5223
5307
5224
5308
5225
5309
5226
5310
5227
5311
5228
5312
5229
5313
5230
5314
5231
5315
5232
5316
5233
5317
5234
5318
5235
5319
5236
5320
5237
5321
5238
5322
5239
5323
5240
5324
5241
5325
5242
5326
5243
5327
5244
5328
5245
5329
5246
5330
5247
5331
5248
5332
5249
5333
5250
5334
5251
5335
5252
5336
5253
5337
5254
5338
5255
5339
5256
5340
5257
5341
5258
5342
5259
5343
5260
5344
5261
5345
5262
5346
5263
5347
5264
5348
5265
5349
5266
5350
5267
5351
5268
5352
5269
5353
5354
5271
5355
5272
5356
5273
5357
5274
5358
5275
5359
5276
5360
5277
5361
5278
5362
5279
5363
5280
5364
5281
5365
5282
5366
5283
5367
5284
5368
5285
5369
5286
5370
5287
5371
5288
5372
5289
5373
5290
5374
5291
5375
5292
5376
5293
5377
5294
5378
5295
5379
5296
5380
5297
5381
5298
5382
5299
5383
5300
5384
5301
5385
5302
5386
5303
5387
5304
5388
5305
5389
5306
5390
5307
5391
5308
5392
5309
5393
5310
5394
5311
5395
5312
5396
5313
5397
5314
5398
5315
5399
5316
5400
5317
5401
5318
5402
5319
5403
5320
5404
5321
5405
5322
5406
5323
5407
5324
5408
5325
5409
5326
5410
5327
5411
5328
5412
5329
5413
5330
5414
5331
5415
5332
5416
5333
5417
5334
5418
5335
5419
5336
5420
5337
5421
5338
5422
5339
5423
5340
5424
5341
5425
5342
5426
5343
5427
5344
5428
5345
5429
5346
5430
5347
5431
5348
5432
5349
5433
5350
5434
5351
5435
5352
5436
5353
5437
5354
5438
5439
5356
5440
5357
5441
5358
5442
5359
5443
5360
5444
5361
5445
5362
5446
5363
5447
5364
5448
5365
5449
5366
5450
5367
5451
5368
5452
5369
5453
5370
5454
5371
5455
5372
5456
5373
5457
5374
5458
5375
5459
5376
5460
5377
5461
5378
5462
5379
5463
5380
5464
5381
5465
5382
5466
5383
5467
5384
5468
5385
5469
5386
5470
5387
5471
5388
5472
5389
5473
5390
5474
5391
5475
5392
5476
5393
5477
5394
5478
5395
5479
5396
5480
5397
5481
5398
5482
5399
5483
5400
5484
5401
5485
5402
5486
5403
5487
5404
5488
5405
5489
5406
5490
5407
5491
5408
5492
5409
5493
5410
5494
5411
5495
5412
5496
5413
5497
5414
5498
5415
5499
5416
5500
5417
5501
5418
5502
5419
5503
5420
5504
5421
5505
5422
5506
5423
5507
5424
5508
5425
5509
5426
5510
5427
5511
5428
5512
5429
5513
5430
5514
5431
5515
5432
5516
5433
5517
5434
5518
5435
5519
5436
5520
5437
5521
5438
5522
5439
5523
5524
5441
5525
5442
5526
5443
5527
5444
5528
5445
5529
5446
5530
5447
5531
5448
5532
5449
5533
5450
5534
5451
5535
5452
5536
5453
5537
5454
5538
5455
5539
5456
5540
5457
5541
5458
5542
5459
5543
5460
5544
5461
5545
5462
5546
5463
5547
5464
5548
5465
5549
5466
5550
5467
5551
5468
5552
5469
5553
5470
5554
5471
5555
5472
5556
5473
5557
5474
5558
5475
5559
5476
5560
5477
5561
5478
5562
5479
5563
5480
5564
5481
5565
5482
5566
5483
5567
5484
5568
5485
5569
5486
5570
5487
5571
5488
5572
5489
5573
5490
5574
5491
5575
5492
5576
5493
5577
5494
5578
5495
5579
5496
5580
5497
5581
5498
5582
5499
5583
5500
5584
5501
5585
5502
5586
5503
5587
5504
5588
5505
5589
5506
5590
5507
5591
5508
5592
5509
5593
5510
5594
5511
5595
5512
5596
5513
5597
5514
5598
5515
5599
5516
5600
5517
5601
5518
5602
5519
5603
5520
5604
5521
5605
5522
5606
5523
5607
5524
5608
5609
5526
5610
5527
5611
5528
5612
5529
5613
5530
5614
5531
5615
5532
5616
5533
5617
5534
5618
5535
5619
5536
5620
5537
5621
5538
5622
5539
5623
5540
5624
5541
5625
5542
5626
5543
5627
5544
5628
5545
5629
5546
5630
5547
5631
5548
5632
5549
5633
5550
5634
5551
5635
5552
5636
5553
5637
5554
5638
5555
5639
5556
5640
5557
5641
5558
5642
5559
5643
5560
5644
5561
5645
5562
5646
5563
5647
5564
5648
5565
5649
5566
5650
5567
5651
5568
5652
5569
5653
5570
5654
5571
5655
5572
5656
5573
5657
5574
5658
5575
5659
5576
5660
5577
5661
5578
5662
5579
5663
5580
5664
5581
5665
5582
5666
5583
5667
5584
5668
5585
5669
5586
5670
5587
5671
5588
5672
5589
5673
5590
5674
5591
5675
5592
5676
5593
5677
5594
5678
5595
5679
5596
5680
5597
5681
5598
5682
5599
5683
5600
5684
5601
5685
5602
5686
5603
5687
5604
5688
5605
5689
5606
5690
5607
5691
5608
5692
5609
5693
5694
5611
5695
5612
5696
5613
5697
5614
5698
5615
5699
5616
5700
5617
5701
5618
5702
5619
5703
5620
5704
5621
5705
5622
5706
5623
5707
5624
5708
5625
5709
5626
5710
5627
5711
5628
5712
5629
5713
5630
5714
5631
5715
5632
5716
5633
5717
5634
5718
5635
5719
5636
5720
5637
5721
5638
5722
5639
5723
5640
5724
5641
5725
5642
5726
5643
5727
5644
5728
5645
5729
5646
5730
5647
5731
5648
5732
5649
5733
5650
5734
5651
5735
5652
5736
5653
5737
5654
5738
5655
5739
5656
5740
5657
5741
5658
5742
5659
5743
5660
5744
5661
5745
5662
5746
5663
5747
5664
5748
5665
5749
5666
5750
5667
5751
5668
5752
5669
5753
5670
5754
5671
5755
5672
5756
5673
5757
5674
5758
5675
5759
5676
5760
5677
5761
5678
5762
5679
5763
5680
5764
5681
5765
5682
5766
5683
5767
5684
5768
5685
5769
5686
5770
5687
5771
5688
5772
5689
5773
5690
5774
5691
5775
5692
5776
5693
5777
5694
5778
5779
5696
5780
5697
5781
5698
5782
5699
5783
5700
5784
5701
5785
5702
5786
5703
5787
5704
5788
5705
5789
5706
5790
5707
5791
5708
5792
5709
5793
5710
5794
5711
5795
5712
5796
5713
5797
5714
5798
5715
5799
5716
5800
5717
5801
5718
5802
5719
5803
5720
5804
5721
5805
5722
5806
5723
5807
5724
5808
5725
5809
5726
5810
5727
5811
5728
5812
5729
5813
5730
5814
5731
5815
5732
5816
5733
5817
5734
5818
5735
5819
5736
5820
5737
5821
5738
5822
5739
5823
5740
5824
5741
5825
5742
5826
5743
5827
5744
5828
5745
5829
5746
5830
5747
5831
5748
5832
5749
5833
5750
5834
5751
5835
5752
5836
5753
5837
5754
5838
5755
5839
5756
5840
5757
5841
5758
5842
5759
5843
5760
5844
5761
5845
5762
5846
5763
5847
5764
5848
5765
5849
5766
5850
5767
5851
5768
5852
5769
5853
5770
5854
5771
5855
5772
5856
5773
5857
5774
5858
5775
5859
5776
5860
5777
5861
5778
5862
5779
5863
5864
5781
5865
5782
5866
5783
5867
5784
5868
5785
5869
5786
5870
5787
5871
5788
5872
5789
5873
5790
5874
5791
5875
5792
5876
5793
5877
5794
5878
5795
5879
5796
5880
5797
5881
5798
5882
5799
5883
5800
5884
5801
5885
5802
5886
5803
5887
5804
5888
5805
5889
5806
5890
5807
5891
5808
5892
5809
5893
5810
5894
5811
5895
5812
5896
5813
5897
5814
5898
5815
5899
5816
5900
5817
5901
5818
5902
5819
5903
5820
5904
5821
5905
5822
5906
5823
5907
5824
5908
5825
5909
5826
5910
5827
5911
5828
5912
5829
5913
5830
5914
5831
5915
5832
5916
5833
5917
5834
5918
5835
5919
5836
5920
5837
5921
5838
5922
5839
5923
5840
5924
5841
5925
5842
5926
5843
5927
5844
5928
5845
5929
5846
5930
5847
5931
5848
5932
5849
5933
5850
5934
5851
5935
5852
5936
5853
5937
5854
5938
5855
5939
5856
5940
5857
5941
5858
5942
5859
5943
5860
5944
5861
5945
5862
5946
5863
5947
5864
5948
5949
5866
5950
5867
5951
5868
5952
5869
5953
5870
5954
5871
5955
5872
5956
5873
5957
5874
5958
5875
5959
5876
5960
5877
5961
5878
5962
5879
5963
5880
5964
5881
5965
5882
5966
5883
5967
5884
5968
5885
5969
5886
5970
5887
5971
5888
5972
5889
5973
5890
5974
5891
5975
5892
5976
5893
5977
5894
5978
5895
5979
5896
5980
5897
5981
5898
5982
5899
5983
5900
5984
5901
5985
5902
5986
5903
5987
5904
5988
5905
5989
5906
5990
5907
5991
5908
5992
5909
5993
5910
5994
5911
5995
5912
5996
5913
5997
5914
5998
5915
5999
5916
6000
5917
6001
5918
6002
5919
6003
5920
6004
5921
6005
5922
6006
5923
6007
5924
6008
5925
6009
5926
6010
5927
6011
5928
6012
5929
6013
5930
6014
5931
6015
5932
6016
5933
6017
5934
6018
5935
6019
5936
6020
5937
6021
5938
6022
5939
6023
5940
6024
5941
6025
5942
6026
5943
6027
5944
6028
5945
6029
5946
6030
5947
6031
5948
6032
5949
6033
6034
5951
6035
5952
6036
5953
6037
5954
6038
5955
6039
5956
6040
5957
6041
5958
6042
5959
6043
5960
6044
5961
6045
5962
6046
5963
6047
5964
6048
5965
6049
5966
6050
5967
6051
5968
6052
5969
6053
5970
6054
5971
6055
5972
6056
5973
6057
5974
6058
5975
6059
5976
6060
5977
6061
5978
6062
5979
6063
5980
6064
5981
6065
5982
6066
5983
6067
5984
6068
5985
6069
5986
6070
5987
6071
5988
6072
5989
6073
5990
6074
5991
6075
5992
6076
5993
6077
5994
6078
5995
6079
5996
6080
5997
6081
5998
6082
5999
6083
6000
6084
6001
6085
6002
6086
6003
6087
6004
6088
6005
6089
6006
6090
6007
6091
6008
6092
6009
6093
6010
6094
6011
6095
6012
6096
6013
6097
6014
6098
6015
6099
6016
6100
6017
6101
6018
6102
6019
6103
6020
6104
6021
6105
6022
6106
6023
6107
6024
6108
6025
6109
6026
6110
6027
6111
6028
6112
6029
6113
6030
6114
6031
6115
6032
6116
6033
6117
6034
6118
6119
6036
6120
6037
6121
6038
6122
6039
6123
6040
6124
6041
6125
6042
6126
6043
6127
6044
6128
6045
6129
6046
6130
6047
6131
6048
6132
6049
6133
6050
6134
6051
6135
6052
6136
6053
6137
6054
6138
6055
6139
6056
6140
6057
6141
6058
6142
6059
6143
6060
6144
6061
6145
6062
6146
6063
6147
6064
6148
6065
6149
6066
6150
6067
6151
6068
6152
6069
6153
6070
6154
6071
6155
6072
6156
6073
6157
6074
6158
6075
6159
6076
6160
6077
6161
6078
6162
6079
6163
6080
6164
6081
6165
6082
6166
6083
6167
6084
6168
6085
6169
6086
6170
6087
6171
6088
6172
6089
6173
6090
6174
6091
6175
6092
6176
6093
6177
6094
6178
6095
6179
6096
6180
6097
6181
6098
6182
6099
6183
6100
6184
6101
6185
6102
6186
6103
6187
6104
6188
6105
6189
6106
6190
6107
6191
6108
6192
6109
6193
6110
6194
6111
6195
6112
6196
6113
6197
6114
6198
6115
6199
6116
6200
6117
6201
6118
6202
6119
6203
6204
6121
6205
6122
6206
6123
6207
6124
6208
6125
6209
6126
6210
6127
6211
6128
6212
6129
6213
6130
6214
6131
6215
6132
6216
6133
6217
6134
6218
6135
6219
6136
6220
6137
6221
6138
6222
6139
6223
6140
6224
6141
6225
6142
6226
6143
6227
6144
6228
6145
6229
6146
6230
6147
6231
6148
6232
6149
6233
6150
6234
6151
6235
6152
6236
6153
6237
6154
6238
6155
6239
6156
6240
6157
6241
6158
6242
6159
6243
6160
6244
6161
6245
6162
6246
6163
6247
6164
6248
6165
6249
6166
6250
6167
6251
6168
6252
6169
6253
6170
6254
6171
6255
6172
6256
6173
6257
6174
6258
6175
6259
6176
6260
6177
6261
6178
6262
6179
6263
6180
6264
6181
6265
6182
6266
6183
6267
6184
6268
6185
6269
6186
6270
6187
6271
6188
6272
6189
6273
6190
6274
6191
6275
6192
6276
6193
6277
6194
6278
6195
6279
6196
6280
6197
6281
6198
6282
6199
6283
6200
6284
6201
6285
6202
6286
6203
6287
6204
6288
6289
6206
6290
6207
6291
6208
6292
6209
6293
6210
6294
6211
6295
6212
6296
6213
6297
6214
6298
6215
6299
6216
6300
6217
6301
6218
6302
6219
6303
6220
6304
6221
6305
6222
6306
6223
6307
6224
6308
6225
6309
6226
6310
6227
6311
6228
6312
6229
6313
6230
6314
6231
6315
6232
6316
6233
6317
6234
6318
6235
6319
6236
6320
6237
6321
6238
6322
6239
6323
6240
6324
6241
6325
6242
6326
6243
6327
6244
6328
6245
6329
6246
6330
6247
6331
6248
6332
6249
6333
6250
6334
6251
6335
6252
6336
6253
6337
6254
6338
6255
6339
6256
6340
6257
6341
6258
6342
6259
6343
6260
6344
6261
6345
6262
6346
6263
6347
6264
6348
6265
6349
6266
6350
6267
6351
6268
6352
6269
6353
6270
6354
6271
6355
6272
6356
6273
6357
6274
6358
6275
6359
6276
6360
6277
6361
6278
6362
6279
6363
6280
6364
6281
6365
6282
6366
6283
6367
6284
6368
6285
6369
6286
6370
6287
6371
6288
6372
6289
6373
6374
6291
6375
6292
6376
6293
6377
6294
6378
6295
6379
6296
6380
6297
6381
6298
6382
6299
6383
6300
6384
6301
6385
6302
6386
6303
6387
6304
6388
6305
6389
6306
6390
6307
6391
6308
6392
6309
6393
6310
6394
6311
6395
6312
6396
6313
6397
6314
6398
6315
6399
6316
6400
6317
6401
6318
6402
6319
6403
6320
6404
6321
6405
6322
6406
6323
6407
6324
6408
6325
6409
6326
6410
6327
6411
6328
6412
6329
6413
6330
6414
6331
6415
6332
6416
6333
6417
6334
6418
6335
6419
6336
6420
6337
6421
6338
6422
6339
6423
6340
6424
6341
6425
6342
6426
6343
6427
6344
6428
6345
6429
6346
6430
6347
6431
6348
6432
6349
6433
6350
6434
6351
6435
6352
6436
6353
6437
6354
6438
6355
6439
6356
6440
6357
6441
6358
6442
6359
6443
6360
6444
6361
6445
6362
6446
6363
6447
6364
6448
6365
6449
6366
6450
6367
6451
6368
6452
6369
6453
6370
6454
6371
6455
6372
6456
6373
6457
6374
6458
6459
6376
6460
6377
6461
6378
6462
6379
6463
6380
6464
6381
6465
6382
6466
6383
6467
6384
6468
6385
6469
6386
6470
6387
6471
6388
6472
6389
6473
6390
6474
6391
6475
6392
6476
6393
6477
6394
6478
6395
6479
6396
6480
6397
6481
6398
6482
6399
6483
6400
6484
6401
6485
6402
6486
6403
6487
6404
6488
6405
6489
6406
6490
6407
6491
6408
6492
6409
6493
6410
6494
6411
6495
6412
6496
6413
6497
6414
6498
6415
6499
6416
6500
6417
6501
6418
6502
6419
6503
6420
6504
6421
6505
6422
6506
6423
6507
6424
6508
6425
6509
6426
6510
6427
6511
6428
6512
6429
6513
6430
6514
6431
6515
6432
6516
6433
6517
6434
6518
6435
6519
6436
6520
6437
6521
6438
6522
6439
6523
6440
6524
6441
6525
6442
6526
6443
6527
6444
6528
6445
6529
6446
6530
6447
6531
6448
6532
6449
6533
6450
6534
6451
6535
6452
6536
6453
6537
6454
6538
6455
6539
6456
6540
6457
6541
6458
6542
6459
6543
6544
6461
6545
6462
6546
6463
6547
6464
6548
6465
6549
6466
6550
6467
6551
6468
6552
6469
6553
6470
6554
6471
6555
6472
6556
6473
6557
6474
6558
6475
6559
6476
6560
6477
6561
6478
6562
6479
6563
6480
6564
6481
6565
6482
6566
6483
6567
6484
6568
6485
6569
6486
6570
6487
6571
6488
6572
6489
6573
6490
6574
6491
6575
6492
6576
6493
6577
6494
6578
6495
6579
6496
6580
6497
6581
6498
6582
6499
6583
6500
6584
6501
6585
6502
6586
6503
6587
6504
6588
6505
6589
6506
6590
6507
6591
6508
6592
6509
6593
6510
6594
6511
6595
6512
6596
6513
6597
6514
6598
6515
6599
6516
6600
6517
6601
6518
6602
6519
6603
6520
6604
6521
6605
6522
6606
6523
6607
6524
6608
6525
6609
6526
6610
6527
6611
6528
6612
6529
6613
6530
6614
6531
6615
6532
6616
6533
6617
6534
6618
6535
6619
6536
6620
6537
6621
6538
6622
6539
6623
6540
6624
6541
6625
6542
6626
6543
6627
6544
6628
6629
6546
6630
6547
6631
6548
6632
6549
6633
6550
6634
6551
6635
6552
6636
6553
6637
6554
6638
6555
6639
6556
6640
6557
6641
6558
6642
6559
6643
6560
6644
6561
6645
6562
6646
6563
6647
6564
6648
6565
6649
6566
6650
6567
6651
6568
6652
6569
6653
6570
6654
6571
6655
6572
6656
6573
6657
6574
6658
6575
6659
6576
6660
6577
6661
6578
6662
6579
6663
6580
6664
6581
6665
6582
6666
6583
6667
6584
6668
6585
6669
6586
6670
6587
6671
6588
6672
6589
6673
6590
6674
6591
6675
6592
6676
6593
6677
6594
6678
6595
6679
6596
6680
6597
6681
6598
6682
6599
6683
6600
6684
6601
6685
6602
6686
6603
6687
6604
6688
6605
6689
6606
6690
6607
6691
6608
6692
6609
6693
6610
6694
6611
6695
6612
6696
6613
6697
6614
6698
6615
6699
6616
6700
6617
6701
6618
6702
6619
6703
6620
6704
6621
6705
6622
6706
6623
6707
6624
6708
6625
6709
6626
6710
6627
6711
6628
6712
6629
6713
6714
6631
6715
6632
6716
6633
6717
6634
6718
6635
6719
6636
6720
6637
6721
6638
6722
6639
6723
6640
6724
6641
6725
6642
6726
6643
6727
6644
6728
6645
6729
6646
6730
6647
6731
6648
6732
6649
6733
6650
6734
6651
6735
6652
6736
6653
6737
6654
6738
6655
6739
6656
6740
6657
6741
6658
6742
6659
6743
6660
6744
6661
6745
6662
6746
6663
6747
6664
6748
6665
6749
6666
6750
6667
6751
6668
6752
6669
6753
6670
6754
6671
6755
6672
6756
6673
6757
6674
6758
6675
6759
6676
6760
6677
6761
6678
6762
6679
6763
6680
6764
6681
6765
6682
6766
6683
6767
6684
6768
6685
6769
6686
6770
6687
6771
6688
6772
6689
6773
6690
6774
6691
6775
6692
6776
6693
6777
6694
6778
6695
6779
6696
6780
6697
6781
6698
6782
6699
6783
6700
6784
6701
6785
6702
6786
6703
6787
6704
6788
6705
6789
6706
6790
6707
6791
6708
6792
6709
6793
6710
6794
6711
6795
6712
6796
6713
6797
6714
6798
6799
6716
6800
6717
6801
6718
6802
6719
6803
6720
6804
6721
6805
6722
6806
6723
6807
6724
6808
6725
6809
6726
6810
6727
6811
6728
6812
6729
6813
6730
6814
6731
6815
6732
6816
6733
6817
6734
6818
6735
6819
6736
6820
6737
6821
6738
6822
6739
6823
6740
6824
6741
6825
6742
6826
6743
6827
6744
6828
6745
6829
6746
6830
6747
6831
6748
6832
6749
6833
6750
6834
6751
6835
6752
6836
6753
6837
6754
6838
6755
6839
6756
6840
6757
6841
6758
6842
6759
6843
6760
6844
6761
6845
6762
6846
6763
6847
6764
6848
6765
6849
6766
6850
6767
6851
6768
6852
6769
6853
6770
6854
6771
6855
6772
6856
6773
6857
6774
6858
6775
6859
6776
6860
6777
6861
6778
6862
6779
6863
6780
6864
6781
6865
6782
6866
6783
6867
6784
6868
6785
6869
6786
6870
6787
6871
6788
6872
6789
6873
6790
6874
6791
6875
6792
6876
6793
6877
6794
6878
6795
6879
6796
6880
6797
6881
6798
6882
6799
6883
6884
6801
6885
6802
6886
6803
6887
6804
6888
6805
6889
6806
6890
6807
6891
6808
6892
6809
6893
6810
6894
6811
6895
6812
6896
6813
6897
6814
6898
6815
6899
6816
6900
6817
6901
6818
6902
6819
6903
6820
6904
6821
6905
6822
6906
6823
6907
6824
6908
6825
6909
6826
6910
6827
6911
6828
6912
6829
6913
6830
6914
6831
6915
6832
6916
6833
6917
6834
6918
6835
6919
6836
6920
6837
6921
6838
6922
6839
6923
6840
6924
6841
6925
6842
6926
6843
6927
6844
6928
6845
6929
6846
6930
6847
6931
6848
6932
6849
6933
6850
6934
6851
6935
6852
6936
6853
6937
6854
6938
6855
6939
6856
6940
6857
6941
6858
6942
6859
6943
6860
6944
6861
6945
6862
6946
6863
6947
6864
6948
6865
6949
6866
6950
6867
6951
6868
6952
6869
6953
6870
6954
6871
6955
6872
6956
6873
6957
6874
6958
6875
6959
6876
6960
6877
6961
6878
6962
6879
6963
6880
6964
6881
6965
6882
6966
6883
6967
6884
6968
6969
6886
6970
6887
6971
6888
6972
6889
6973
6890
6974
6891
6975
6892
6976
6893
6977
6894
6978
6895
6979
6896
6980
6897
6981
6898
6982
6899
6983
6900
6984
6901
6985
6902
6986
6903
6987
6904
6988
6905
6989
6906
6990
6907
6991
6908
6992
6909
6993
6910
6994
6911
6995
6912
6996
6913
6997
6914
6998
6915
6999
6916
7000
6917
7001
6918
7002
6919
7003
6920
7004
6921
7005
6922
7006
6923
7007
6924
7008
6925
7009
6926
7010
6927
7011
6928
7012
6929
7013
6930
7014
6931
7015
6932
7016
6933
7017
6934
7018
6935
7019
6936
7020
6937
7021
6938
7022
6939
7023
6940
7024
6941
7025
6942
7026
6943
7027
6944
7028
6945
7029
6946
7030
6947
7031
6948
7032
6949
7033
6950
7034
6951
7035
6952
7036
6953
7037
6954
7038
6955
7039
6956
7040
6957
7041
6958
7042
6959
7043
6960
7044
6961
7045
6962
7046
6963
7047
6964
7048
6965
7049
6966
7050
6967
7051
6968
7052
6969
7053
7054
6971
7055
6972
7056
6973
7057
6974
7058
6975
7059
6976
7060
6977
7061
6978
7062
6979
7063
6980
7064
6981
7065
6982
7066
6983
7067
6984
7068
6985
7069
6986
7070
6987
7071
6988
7072
6989
7073
6990
7074
6991
7075
6992
7076
6993
7077
6994
7078
6995
7079
6996
7080
6997
7081
6998
7082
6999
7083
7000
7084
7001
7085
7002
7086
7003
7087
7004
7088
7005
7089
7006
7090
7007
7091
7008
7092
7009
7093
7010
7094
7011
7095
7012
7096
7013
7097
7014
7098
7015
7099
7016
7100
7017
7101
7018
7102
7019
7103
7020
7104
7021
7105
7022
7106
7023
7107
7024
7108
7025
7109
7026
7110
7027
7111
7028
7112
7029
7113
7030
7114
7031
7115
7032
7116
7033
7117
7034
7118
7035
7119
7036
7120
7037
7121
7038
7122
7039
7123
7040
7124
7041
7125
7042
7126
7043
7127
7044
7128
7045
7129
7046
7130
7047
7131
7048
7132
7049
7133
7050
7134
7051
7135
7052
7136
7053
7137
7054
7138
7139
7056
7140
7057
7141
7058
7142
7059
7143
7060
7144
7061
7145
7062
7146
7063
7147
7064
7148
7065
7149
7066
7150
7067
7151
7068
7152
7069
7153
7070
7154
7071
7155
7072
7156
7073
7157
7074
7158
7075
7159
7076
7160
7077
7161
7078
7162
7079
7163
7080
7164
7081
7165
7082
7166
7083
7167
7084
7168
7085
7169
7086
7170
7087
7171
7088
7172
7089
7173
7090
7174
7091
7175
7092
7176
7093
7177
7094
7178
7095
7179
7096
7180
7097
7181
7098
7182
7099
7183
7100
7184
7101
7185
7102
7186
7103
7187
7104
7188
7105
7189
7106
7190
7107
7191
7108
7192
7109
7193
7110
7194
7111
7195
7112
7196
7113
7197
7114
7198
7115
7199
7116
7200
7117
7201
7118
7202
7119
7203
7120
7204
7121
7205
7122
7206
7123
7207
7124
7208
7125
7209
7126
7210
7127
7211
7128
7212
7129
7213
7130
7214
7131
7215
7132
7216
7133
7217
7134
7218
7135
7219
7136
7220
7137
7221
7138
7222
7139
7223
7224
7141
7225
7142
7226
7143
7227
7144
7228
7145
7229
7146
7230
7147
7231
7148
7232
7149
7233
7150
7234
7151
7235
7152
7236
7153
7237
7154
7238
7155
7239
7156
7240
7157
7241
7158
7242
7159
7243
7160
7244
7161
7245
7162
7246
7163
7247
7164
7248
7165
7249
7166
7250
7167
7251
7168
7252
7169
7253
7170
7254
7171
7255
7172
7256
7173
7257
7174
7258
7175
7259
7176
7260
7177
7261
7178
7262
7179
7263
7180
7264
7181
7265
7182
7266
7183
7267
7184
7268
7185
7269
7186
7270
7187
7271
7188
7272
7189
7273
7190
7274
7191
7275
7192
7276
7193
7277
7194
7278
7195
7279
7196
7280
7197
7281
7198
7282
7199
7283
7200
7284
7201
7285
7202
7286
7203
7287
7204
7288
7205
7289
7206
7290
7207
7291
7208
7292
7209
7293
7210
7294
7211
7295
7212
7296
7213
7297
7214
7298
7215
7299
7216
7300
7217
7301
7218
7302
7219
7303
7220
7304
7221
7305
7222
7306
7223
7307
7224
7308
7309
7226
7310
7227
7311
7228
7312
7229
7313
7230
7314
7231
7315
7232
7316
7233
7317
7234
7318
7235
7319
7236
7320
7237
7321
7238
7322
7239
7323
7240
7324
7241
7325
7242
7326
7243
7327
7244
7328
7245
7329
7246
7330
7247
7331
7248
7332
7249
7333
7250
7334
7251
7335
7252
7336
7253
7337
7254
7338
7255
7339
7256
7340
7257
7341
7258
7342
7259
7343
7260
7344
7261
7345
7262
7346
7263
7347
7264
7348
7265
7349
7266
7350
7267
7351
7268
7352
7269
7353
7270
7354
7271
7355
7272
7356
7273
7357
7274
7358
7275
7359
7276
7360
7277
7361
7278
7362
7279
7363
7280
7364
7281
7365
7282
7366
7283
7367
7284
7368
7285
7369
7286
7370
7287
7371
7288
7372
7289
7373
7290
7374
7291
7375
7292
7376
7293
7377
7294
7378
7295
7379
7296
7380
7297
7381
7298
7382
7299
7383
7300
7384
7301
7385
7302
7386
7303
7387
7304
7388
7305
7389
7306
7390
7307
7391
7308
7392
7309
7393
7394
7311
7395
7312
7396
7313
7397
7314
7398
7315
7399
7316
7400
7317
7401
7318
7402
7319
7403
7320
7404
7321
7405
7322
7406
7323
7407
7324
7408
7325
7409
7326
7410
7327
7411
7328
7412
7329
7413
7330
7414
7331
7415
7332
7416
7333
7417
7334
7418
7335
7419
7336
7420
7337
7421
7338
7422
7339
7423
7340
7424
7341
7425
7342
7426
7343
7427
7344
7428
7345
7429
7346
7430
7347
7431
7348
7432
7349
7433
7350
7434
7351
7435
7352
7436
7353
7437
7354
7438
7355
7439
7356
7440
7357
7441
7358
7442
7359
7443
7360
7444
7361
7445
7362
7446
7363
7447
7364
7448
7365
7449
7366
7450
7367
7451
7368
7452
7369
7453
7370
7454
7371
7455
7372
7456
7373
7457
7374
7458
7375
7459
7376
7460
7377
7461
7378
7462
7379
7463
7380
7464
7381
7465
7382
7466
7383
7467
7384
7468
7385
7469
7386
7470
7387
7471
7388
7472
7389
7473
7390
7474
7391
7475
7392
7476
7393
7477
7394
7478
7479
7396
7480
7397
7481
7398
7482
7399
7483
7400
7484
7401
7485
7402
7486
7403
7487
7404
7488
7405
7489
7406
7490
7407
7491
7408
7492
7409
7493
7410
7494
7411
7495
7412
7496
7413
7497
7414
7498
7415
7499
7416
7500
7417
7501
7418
7502
7419
7503
7420
7504
7421
7505
7422
7506
7423
7507
7424
7508
7425
7509
7426
7510
7427
7511
7428
7512
7429
7513
7430
7514
7431
7515
7432
7516
7433
7517
7434
7518
7435
7519
7436
7520
7437
7521
7438
7522
7439
7523
7440
7524
7441
7525
7442
7526
7443
7527
7444
7528
7445
7529
7446
7530
7447
7531
7448
7532
7449
7533
7450
7534
7451
7535
7452
7536
7453
7537
7454
7538
7455
7539
7456
7540
7457
7541
7458
7542
7459
7543
7460
7544
7461
7545
7462
7546
7463
7547
7464
7548
7465
7549
7466
7550
7467
7551
7468
7552
7469
7553
7470
7554
7471
7555
7472
7556
7473
7557
7474
7558
7475
7559
7476
7560
7477
7561
7478
7562
7479
7563
7564
7481
7565
7482
7566
7483
7567
7484
7568
7485
7569
7486
7570
7487
7571
7488
7572
7489
7573
7490
7574
7491
7575
7492
7576
7493
7577
7494
7578
7495
7579
7496
7580
7497
7581
7498
7582
7499
7583
7500
7584
7501
7585
7502
7586
7503
7587
7504
7588
7505
7589
7506
7590
7507
7591
7508
7592
7509
7593
7510
7594
7511
7595
7512
7596
7513
7597
7514
7598
7515
7599
7516
7600
7517
7601
7518
7602
7519
7603
7520
7604
7521
7605
7522
7606
7523
7607
7524
7608
7525
7609
7526
7610
7527
7611
7528
7612
7529
7613
7530
7614
7531
7615
7532
7616
7533
7617
7534
7618
7535
7619
7536
7620
7537
7621
7538
7622
7539
7623
7540
7624
7541
7625
7542
7626
7543
7627
7544
7628
7545
7629
7546
7630
7547
7631
7548
7632
7549
7633
7550
7634
7551
7635
7552
7636
7553
7637
7554
7638
7555
7639
7556
7640
7557
7641
7558
7642
7559
7643
7560
7644
7561
7645
7562
7646
7563
7647
7564
7648
7649
7566
7650
7567
7651
7568
7652
7569
7653
7570
7654
7571
7655
7572
7656
7573
7657
7574
7658
7575
7659
7576
7660
7577
7661
7578
7662
7579
7663
7580
7664
7581
7665
7582
7666
7583
7667
7584
7668
7585
7669
7586
7670
7587
7671
7588
7672
7589
7673
7590
7674
7591
7675
7592
7676
7593
7677
7594
7678
7595
7679
7596
7680
7597
7681
7598
7682
7599
7683
7600
7684
7601
7685
7602
7686
7603
7687
7604
7688
7605
7689
7606
7690
7607
7691
7608
7692
7609
7693
7610
7694
7611
7695
7612
7696
7613
7697
7614
7698
7615
7699
7616
7700
7617
7701
7618
7702
7619
7703
7620
7704
7621
7705
7622
7706
7623
7707
7624
7708
7625
7709
7626
7710
7627
7711
7628
7712
7629
7713
7630
7714
7631
7715
7632
7716
7633
7717
7634
7718
7635
7719
7636
7720
7637
7721
7638
7722
7639
7723
7640
7724
7641
7725
7642
7726
7643
7727
7644
7728
7645
7729
7646
7730
7647
7731
7648
7732
7649
7733
7734
7651
7735
7652
7736
7653
7737
7654
7738
7655
7739
7656
7740
7657
7741
7658
7742
7659
7743
7660
7744
7661
7745
7662
7746
7663
7747
7664
7748
7665
7749
7666
7750
7667
7751
7668
7752
7669
7753
7670
7754
7671
7755
7672
7756
7673
7757
7674
7758
7675
7759
7676
7760
7677
7761
7678
7762
7679
7763
7680
7764
7681
7765
7682
7766
7683
7767
7684
7768
7685
7769
7686
7770
7687
7771
7688
7772
7689
7773
7690
7774
7691
7775
7692
7776
7693
7777
7694
7778
7695
7779
7696
7780
7697
7781
7698
7782
7699
7783
7700
7784
7701
7785
7702
7786
7703
7787
7704
7788
7705
7789
7706
7790
7707
7791
7708
7792
7709
7793
7710
7794
7711
7795
7712
7796
7713
7797
7714
7798
7715
7799
7716
7800
7717
7801
7718
7802
7719
7803
7720
7804
7721
7805
7722
7806
7723
7807
7724
7808
7725
7809
7726
7810
7727
7811
7728
7812
7729
7813
7730
7814
7731
7815
7732
7816
7733
7817
7734
7818
7819
7736
7820
7737
7821
7738
7822
7739
7823
7740
7824
7741
7825
7742
7826
7743
7827
7744
7828
7745
7829
7746
7830
7747
7831
7748
7832
7749
7833
7750
7834
7751
7835
7752
7836
7753
7837
7754
7838
7755
7839
7756
7840
7757
7841
7758
7842
7759
7843
7760
7844
7761
7845
7762
7846
7763
7847
7764
7848
7765
7849
7766
7850
7767
7851
7768
7852
7769
7853
7770
7854
7771
7855
7772
7856
7773
7857
7774
7858
7775
7859
7776
7860
7777
7861
7778
7862
7779
7863
7780
7864
7781
7865
7782
7866
7783
7867
7784
7868
7785
7869
7786
7870
7787
7871
7788
7872
7789
7873
7790
7874
7791
7875
7792
7876
7793
7877
7794
7878
7795
7879
7796
7880
7797
7881
7798
7882
7799
7883
7800
7884
7801
7885
7802
7886
7803
7887
7804
7888
7805
7889
7806
7890
7807
7891
7808
7892
7809
7893
7810
7894
7811
7895
7812
7896
7813
7897
7814
7898
7815
7899
7816
7900
7817
7901
7818
7902
7819
7903
7904
7821
7905
7822
7906
7823
7907
7824
7908
7825
7909
7826
7910
7827
7911
7828
7912
7829
7913
7830
7914
7831
7915
7832
7916
7833
7917
7834
7918
7835
7919
7836
7920
7837
7921
7838
7922
7839
7923
7840
7924
7841
7925
7842
7926
7843
7927
7844
7928
7845
7929
7846
7930
7847
7931
7848
7932
7849
7933
7850
7934
7851
7935
7852
7936
7853
7937
7854
7938
7855
7939
7856
7940
7857
7941
7858
7942
7859
7943
7860
7944
7861
7945
7862
7946
7863
7947
7864
7948
7865
7949
7866
7950
7867
7951
7868
7952
7869
7953
7870
7954
7871
7955
7872
7956
7873
7957
7874
7958
7875
7959
7876
7960
7877
7961
7878
7962
7879
7963
7880
7964
7881
7965
7882
7966
7883
7967
7884
7968
7885
7969
7886
7970
7887
7971
7888
7972
7889
7973
7890
7974
7891
7975
7892
7976
7893
7977
7894
7978
7895
7979
7896
7980
7897
7981
7898
7982
7899
7983
7900
7984
7901
7985
7902
7986
7903
7987
7904
7988
7989
7906
7990
7907
7991
7908
7992
7909
7993
7910
7994
7911
7995
7912
7996
7913
7997
7914
7998
7915
7999
7916
8000
7917
8001
7918
8002
7919
8003
7920
8004
7921
8005
7922
8006
7923
8007
7924
8008
7925
8009
7926
8010
7927
8011
7928
8012
7929
8013
7930
8014
7931
8015
7932
8016
7933
8017
7934
8018
7935
8019
7936
8020
7937
8021
7938
8022
7939
8023
7940
8024
7941
8025
7942
8026
7943
8027
7944
8028
7945
8029
7946
8030
7947
8031
7948
8032
7949
8033
7950
8034
7951
8035
7952
8036
7953
8037
7954
8038
7955
8039
7956
8040
7957
8041
7958
8042
7959
8043
7960
8044
7961
8045
7962
8046
7963
8047
7964
8048
7965
8049
7966
8050
7967
8051
7968
8052
7969
8053
7970
8054
7971
8055
7972
8056
7973
8057
7974
8058
7975
8059
7976
8060
7977
8061
7978
8062
7979
8063
7980
8064
7981
8065
7982
8066
7983
8067
7984
8068
7985
8069
7986
8070
7987
8071
7988
8072
7989
8073
8074
7991
8075
7992
8076
7993
8077
7994
8078
7995
8079
7996
8080
7997
8081
7998
8082
7999
8083
8000
8084
8001
8085
8002
8086
8003
8087
8004
8088
8005
8089
8006
8090
8007
8091
8008
8092
8009
8093
8010
8094
8011
8095
8012
8096
8013
8097
8014
8098
8015
8099
8016
8100
8017
8101
8018
8102
8019
8103
8020
8104
8021
8105
8022
8106
8023
8107
8024
8108
8025
8109
8026
8110
8027
8111
8028
8112
8029
8113
8030
8114
8031
8115
8032
8116
8033
8117
8034
8118
8035
8119
8036
8120
8037
8121
8038
8122
8039
8123
8040
8124
8041
8125
8042
8126
8043
8127
8044
8128
8045
8129
8046
8130
8047
8131
8048
8132
8049
8133
8050
8134
8051
8135
8052
8136
8053
8137
8054
8138
8055
8139
8056
8140
8057
8141
8058
8142
8059
8143
8060
8144
8061
8145
8062
8146
8063
8147
8064
8148
8065
8149
8066
8150
8067
8151
8068
8152
8069
8153
8070
8154
8071
8155
8072
8156
8073
8157
8074
8158
8159
8076
8160
8077
8161
8078
8162
8079
8163
8080
8164
8081
8165
8082
8166
8083
8167
8084
8168
8085
8169
8086
8170
8087
8171
8088
8172
8089
8173
8090
8174
8091
8175
8092
8176
8093
8177
8094
8178
8095
8179
8096
8180
8097
8181
8098
8182
8099
8183
8100
8184
8101
8185
8102
8186
8103
8187
8104
8188
8105
8189
8106
8190
8107
8191
8108
8192
8109
8193
8110
8194
8111
8195
8112
8196
8113
8197
8114
8198
8115
8199
8116
8200
8117
8201
8118
8202
8119
8203
8120
8204
8121
8205
8122
8206
8123
8207
8124
8208
8125
8209
8126
8210
8127
8211
8128
8212
8129
8213
8130
8214
8131
8215
8132
8216
8133
8217
8134
8218
8135
8219
8136
8220
8137
8221
8138
8222
8139
8223
8140
8224
8141
8225
8142
8226
8143
8227
8144
8228
8145
8229
8146
8230
8147
8231
8148
8232
8149
8233
8150
8234
8151
8235
8152
8236
8153
8237
8154
8238
8155
8239
8156
8240
8157
8241
8158
8242
8159
8243
8244
8161
8245
8162
8246
8163
8247
8164
8248
8165
8249
8166
8250
8167
8251
8168
8252
8169
8253
8170
8254
8171
8255
8172
8256
8173
8257
8174
8258
8175
8259
8176
8260
8177
8261
8178
8262
8179
8263
8180
8264
8181
8265
8182
8266
8183
8267
8184
8268
8185
8269
8186
8270
8187
8271
8188
8272
8189
8273
8190
8274
8191
8275
8192
8276
8193
8277
8194
8278
8195
8279
8196
8280
8197
8281
8198
8282
8199
8283
8200
8284
8201
8285
8202
8286
8203
8287
8204
8288
8205
8289
8206
8290
8207
8291
8208
8292
8209
8293
8210
8294
8211
8295
8212
8296
8213
8297
8214
8298
8215
8299
8216
8300
8217
8301
8218
8302
8219
8303
8220
8304
8221
8305
8222
8306
8223
8307
8224
8308
8225
8309
8226
8310
8227
8311
8228
8312
8229
8313
8230
8314
8231
8315
8232
8316
8233
8317
8234
8318
8235
8319
8236
8320
8237
8321
8238
8322
8239
8323
8240
8324
8241
8325
8242
8326
8243
8327
8244
8328
8329
8246
8330
8247
8331
8248
8332
8249
8333
8250
8334
8251
8335
8252
8336
8253
8337
8254
8338
8255
8339
8256
8340
8257
8341
8258
8342
8259
8343
8260
8344
8261
8345
8262
8346
8263
8347
8264
8348
8265
8349
8266
8350
8267
8351
8268
8352
8269
8353
8270
8354
8271
8355
8272
8356
8273
8357
8274
8358
8275
8359
8276
8360
8277
8361
8278
8362
8279
8363
8280
8364
8281
8365
8282
8366
8283
8367
8284
8368
8285
8369
8286
8370
8287
8371
8288
8372
8289
8373
8290
8374
8291
8375
8292
8376
8293
8377
8294
8378
8295
8379
8296
8380
8297
8381
8298
8382
8299
8383
8300
8384
8301
8385
8302
8386
8303
8387
8304
8388
8305
8389
8306
8390
8307
8391
8308
8392
8309
8393
8310
8394
8311
8395
8312
8396
8313
8397
8314
8398
8315
8399
8316
8400
8317
8401
8318
8402
8319
8403
8320
8404
8321
8405
8322
8406
8323
8407
8324
8408
8325
8409
8326
8410
8327
8411
8328
8412
8329
8413
8414
8331
8415
8332
8416
8333
8417
8334
8418
8335
8419
8336
8420
8337
8421
8338
8422
8339
8423
8340
8424
8341
8425
8342
8426
8343
8427
8344
8428
8345
8429
8346
8430
8347
8431
8348
8432
8349
8433
8350
8434
8351
8435
8352
8436
8353
8437
8354
8438
8355
8439
8356
8440
8357
8441
8358
8442
8359
8443
8360
8444
8361
8445
8362
8446
8363
8447
8364
8448
8365
8449
8366
8450
8367
8451
8368
8452
8369
8453
8370
8454
8371
8455
8372
8456
8373
8457
8374
8458
8375
8459
8376
8460
8377
8461
8378
8462
8379
8463
8380
8464
8381
8465
8382
8466
8383
8467
8384
8468
8385
8469
8386
8470
8387
8471
8388
8472
8389
8473
8390
8474
8391
8475
8392
8476
8393
8477
8394
8478
8395
8479
8396
8480
8397
8481
8398
8482
8399
8483
8400
8484
8401
8485
8402
8486
8403
8487
8404
8488
8405
8489
8406
8490
8407
8491
8408
8492
8409
8493
8410
8494
8411
8495
8412
8496
8413
8497
8414
8498
8499
8416
8500
8417
8501
8418
8502
8419
8503
8420
8504
8421
8505
8422
8506
8423
8507
8424
8508
8425
8509
8426
8510
8427
8511
8428
8512
8429
8513
8430
8514
8431
8515
8432
8516
8433
8517
8434
8518
8435
8519
8436
8520
8437
8521
8438
8522
8439
8523
8440
8524
8441
8525
8442
8526
8443
8527
8444
8528
8445
8529
8446
8530
8447
8531
8448
8532
8449
8533
8450
8534
8451
8535
8452
8536
8453
8537
8454
8538
8455
8539
8456
8540
8457
8541
8458
8542
8459
8543
8460
8544
8461
8545
8462
8546
8463
8547
8464
8548
8465
8549
8466
8550
8467
8551
8468
8552
8469
8553
8470
8554
8471
8555
8472
8556
8473
8557
8474
8558
8475
8559
8476
8560
8477
8561
8478
8562
8479
8563
8480
8564
8481
8565
8482
8566
8483
8567
8484
8568
8485
8569
8486
8570
8487
8571
8488
8572
8489
8573
8490
8574
8491
8575
8492
8576
8493
8577
8494
8578
8495
8579
8496
8580
8497
8581
8498
8582
8499
8583
8584
8501
8585
8502
8586
8503
8587
8504
8588
8505
8589
8506
8590
8507
8591
8508
8592
8509
8593
8510
8594
8511
8595
8512
8596
8513
8597
8514
8598
8515
8599
8516
8600
8517
8601
8518
8602
8519
8603
8520
8604
8521
8605
8522
8606
8523
8607
8524
8608
8525
8609
8526
8610
8527
8611
8528
8612
8529
8613
8530
8614
8531
8615
8532
8616
8533
8617
8534
8618
8535
8619
8536
8620
8537
8621
8538
8622
8539
8623
8540
8624
8541
8625
8542
8626
8543
8627
8544
8628
8545
8629
8546
8630
8547
8631
8548
8632
8549
8633
8550
8634
8551
8635
8552
8636
8553
8637
8554
8638
8555
8639
8556
8640
8557
8641
8558
8642
8559
8643
8560
8644
8561
8645
8562
8646
8563
8647
8564
8648
8565
8649
8566
8650
8567
8651
8568
8652
8569
8653
8570
8654
8571
8655
8572
8656
8573
8657
8574
8658
8575
8659
8576
8660
8577
8661
8578
8662
8579
8663
8580
8664
8581
8665
8582
8666
8583
8667
8584
8668
8669
8586
8670
8587
8671
8588
8672
8589
8673
8590
8674
8591
8675
8592
8676
8593
8677
8594
8678
8595
8679
8596
8680
8597
8681
8598
8682
8599
8683
8600
8684
8601
8685
8602
8686
8603
8687
8604
8688
8605
8689
8606
8690
8607
8691
8608
8692
8609
8693
8610
8694
8611
8695
8612
8696
8613
8697
8614
8698
8615
8699
8616
8700
8617
8701
8618
8702
8619
8703
8620
8704
8621
8705
8622
8706
8623
8707
8624
8708
8625
8709
8626
8710
8627
8711
8628
8712
8629
8713
8630
8714
8631
8715
8632
8716
8633
8717
8634
8718
8635
8719
8636
8720
8637
8721
8638
8722
8639
8723
8640
8724
8641
8725
8642
8726
8643
8727
8644
8728
8645
8729
8646
8730
8647
8731
8648
8732
8649
8733
8650
8734
8651
8735
8652
8736
8653
8737
8654
8738
8655
8739
8656
8740
8657
8741
8658
8742
8659
8743
8660
8744
8661
8745
8662
8746
8663
8747
8664
8748
8665
8749
8666
8750
8667
8751
8668
8752
8669
8753
8754
8671
8755
8672
8756
8673
8757
8674
8758
8675
8759
8676
8760
8677
8761
8678
8762
8679
8763
8680
8764
8681
8765
8682
8766
8683
8767
8684
8768
8685
8769
8686
8770
8687
8771
8688
8772
8689
8773
8690
8774
8691
8775
8692
8776
8693
8777
8694
8778
8695
8779
8696
8780
8697
8781
8698
8782
8699
8783
8700
8784
8701
8785
8702
8786
8703
8787
8704
8788
8705
8789
8706
8790
8707
8791
8708
8792
8709
8793
8710
8794
8711
8795
8712
8796
8713
8797
8714
8798
8715
8799
8716
8800
8717
8801
8718
8802
8719
8803
8720
8804
8721
8805
8722
8806
8723
8807
8724
8808
8725
8809
8726
8810
8727
8811
8728
8812
8729
8813
8730
8814
8731
8815
8732
8816
8733
8817
8734
8818
8735
8819
8736
8820
8737
8821
8738
8822
8739
8823
8740
8824
8741
8825
8742
8826
8743
8827
8744
8828
8745
8829
8746
8830
8747
8831
8748
8832
8749
8833
8750
8834
8751
8835
8752
8836
8753
8837
8754
8838
8839
8756
8840
8757
8841
8758
8842
8759
8843
8760
8844
8761
8845
8762
8846
8763
8847
8764
8848
8765
8849
8766
8850
8767
8851
8768
8852
8769
8853
8770
8854
8771
8855
8772
8856
8773
8857
8774
8858
8775
8859
8776
8860
8777
8861
8778
8862
8779
8863
8780
8864
8781
8865
8782
8866
8783
8867
8784
8868
8785
8869
8786
8870
8787
8871
8788
8872
8789
8873
8790
8874
8791
8875
8792
8876
8793
8877
8794
8878
8795
8879
8796
8880
8797
8881
8798
8882
8799
8883
8800
8884
8801
8885
8802
8886
8803
8887
8804
8888
8805
8889
8806
8890
8807
8891
8808
8892
8809
8893
8810
8894
8811
8895
8812
8896
8813
8897
8814
8898
8815
8899
8816
8900
8817
8901
8818
8902
8819
8903
8820
8904
8821
8905
8822
8906
8823
8907
8824
8908
8825
8909
8826
8910
8827
8911
8828
8912
8829
8913
8830
8914
8831
8915
8832
8916
8833
8917
8834
8918
8835
8919
8836
8920
8837
8921
8838
8922
8839
8923
8924
8841
8925
8842
8926
8843
8927
8844
8928
8845
8929
8846
8930
8847
8931
8848
8932
8849
8933
8850
8934
8851
8935
8852
8936
8853
8937
8854
8938
8855
8939
8856
8940
8857
8941
8858
8942
8859
8943
8860
8944
8861
8945
8862
8946
8863
8947
8864
8948
8865
8949
8866
8950
8867
8951
8868
8952
8869
8953
8870
8954
8871
8955
8872
8956
8873
8957
8874
8958
8875
8959
8876
8960
8877
8961
8878
8962
8879
8963
8880
8964
8881
8965
8882
8966
8883
8967
8884
8968
8885
8969
8886
8970
8887
8971
8888
8972
8889
8973
8890
8974
8891
8975
8892
8976
8893
8977
8894
8978
8895
8979
8896
8980
8897
8981
8898
8982
8899
8983
8900
8984
8901
8985
8902
8986
8903
8987
8904
8988
8905
8989
8906
8990
8907
8991
8908
8992
8909
8993
8910
8994
8911
8995
8912
8996
8913
8997
8914
8998
8915
8999
8916
9000
8917
9001
8918
9002
8919
9003
8920
9004
8921
9005
8922
9006
8923
9007
8924
9008
9009
8926
9010
8927
9011
8928
9012
8929
9013
8930
9014
8931
9015
8932
9016
8933
9017
8934
9018
8935
9019
8936
9020
8937
9021
8938
9022
8939
9023
8940
9024
8941
9025
8942
9026
8943
9027
8944
9028
8945
9029
8946
9030
8947
9031
8948
9032
8949
9033
8950
9034
8951
9035
8952
9036
8953
9037
8954
9038
8955
9039
8956
9040
8957
9041
8958
9042
8959
9043
8960
9044
8961
9045
8962
9046
8963
9047
8964
9048
8965
9049
8966
9050
8967
9051
8968
9052
8969
9053
8970
9054
8971
9055
8972
9056
8973
9057
8974
9058
8975
9059
8976
9060
8977
9061
8978
9062
8979
9063
8980
9064
8981
9065
8982
9066
8983
9067
8984
9068
8985
9069
8986
9070
8987
9071
8988
9072
8989
9073
8990
9074
8991
9075
8992
9076
8993
9077
8994
9078
8995
9079
8996
9080
8997
9081
8998
9082
8999
9083
9000
9084
9001
9085
9002
9086
9003
9087
9004
9088
9005
9089
9006
9090
9007
9091
9008
9092
9009
9093
9094
9011
9095
9012
9096
9013
9097
9014
9098
9015
9099
9016
9100
9017
9101
9018
9102
9019
9103
9020
9104
9021
9105
9022
9106
9023
9107
9024
9108
9025
9109
9026
9110
9027
9111
9028
9112
9029
9113
9030
9114
9031
9115
9032
9116
9033
9117
9034
9118
9035
9119
9036
9120
9037
9121
9038
9122
9039
9123
9040
9124
9041
9125
9042
9126
9043
9127
9044
9128
9045
9129
9046
9130
9047
9131
9048
9132
9049
9133
9050
9134
9051
9135
9052
9136
9053
9137
9054
9138
9055
9139
9056
9140
9057
9141
9058
9142
9059
9143
9060
9144
9061
9145
9062
9146
9063
9147
9064
9148
9065
9149
9066
9150
9067
9151
9068
9152
9069
9153
9070
9154
9071
9155
9072
9156
9073
9157
9074
9158
9075
9159
9076
9160
9077
9161
9078
9162
9079
9163
9080
9164
9081
9165
9082
9166
9083
9167
9084
9168
9085
9169
9086
9170
9087
9171
9088
9172
9089
9173
9090
9174
9091
9175
9092
9176
9093
9177
9094
9178
9179
9096
9180
9097
9181
9098
9182
9099
9183
9100
9184
9101
9185
9102
9186
9103
9187
9104
9188
9105
9189
9106
9190
9107
9191
9108
9192
9109
9193
9110
9194
9111
9195
9112
9196
9113
9197
9114
9198
9115
9199
9116
9200
9117
9201
9118
9202
9119
9203
9120
9204
9121
9205
9122
9206
9123
9207
9124
9208
9125
9209
9126
9210
9127
9211
9128
9212
9129
9213
9130
9214
9131
9215
9132
9216
9133
9217
9134
9218
9135
9219
9136
9220
9137
9221
9138
9222
9139
9223
9140
9224
9141
9225
9142
9226
9143
9227
9144
9228
9145
9229
9146
9230
9147
9231
9148
9232
9149
9233
9150
9234
9151
9235
9152
9236
9153
9237
9154
9238
9155
9239
9156
9240
9157
9241
9158
9242
9159
9243
9160
9244
9161
9245
9162
9246
9163
9247
9164
9248
9165
9249
9166
9250
9167
9251
9168
9252
9169
9253
9170
9254
9171
9255
9172
9256
9173
9257
9174
9258
9175
9259
9176
9260
9177
9261
9178
9262
9179
9263
9264
9181
9265
9182
9266
9183
9267
9184
9268
9185
9269
9186
9270
9187
9271
9188
9272
9189
9273
9190
9274
9191
9275
9192
9276
9193
9277
9194
9278
9195
9279
9196
9280
9197
9281
9198
9282
9199
9283
9200
9284
9201
9285
9202
9286
9203
9287
9204
9288
9205
9289
9206
9290
9207
9291
9208
9292
9209
9293
9210
9294
9211
9295
9212
9296
9213
9297
9214
9298
9215
9299
9216
9300
9217
9301
9218
9302
9219
9303
9220
9304
9221
9305
9222
9306
9223
9307
9224
9308
9225
9309
9226
9310
9227
9311
9228
9312
9229
9313
9230
9314
9231
9315
9232
9316
9233
9317
9234
9318
9235
9319
9236
9320
9237
9321
9238
9322
9239
9323
9240
9324
9241
9325
9242
9326
9243
9327
9244
9328
9245
9329
9246
9330
9247
9331
9248
9332
9249
9333
9250
9334
9251
9335
9252
9336
9253
9337
9254
9338
9255
9339
9256
9340
9257
9341
9258
9342
9259
9343
9260
9344
9261
9345
9262
9346
9263
9347
9264
9348
9349
9266
9350
9267
9351
9268
9352
9269
9353
9270
9354
9271
9355
9272
9356
9273
9357
9274
9358
9275
9359
9276
9360
9277
9361
9278
9362
9279
9363
9280
9364
9281
9365
9282
9366
9283
9367
9284
9368
9285
9369
9286
9370
9287
9371
9288
9372
9289
9373
9290
9374
9291
9375
9292
9376
9293
9377
9294
9378
9295
9379
9296
9380
9297
9381
9298
9382
9299
9383
9300
9384
9301
9385
9302
9386
9303
9387
9304
9388
9305
9389
9306
9390
9307
9391
9308
9392
9309
9393
9310
9394
9311
9395
9312
9396
9313
9397
9314
9398
9315
9399
9316
9400
9317
9401
9318
9402
9319
9403
9320
9404
9321
9405
9322
9406
9323
9407
9324
9408
9325
9409
9326
9410
9327
9411
9328
9412
9329
9413
9330
9414
9331
9415
9332
9416
9333
9417
9334
9418
9335
9419
9336
9420
9337
9421
9338
9422
9339
9423
9340
9424
9341
9425
9342
9426
9343
9427
9344
9428
9345
9429
9346
9430
9347
9431
9348
9432
9349
9433
9434
9351
9435
9352
9436
9353
9437
9354
9438
9355
9439
9356
9440
9357
9441
9358
9442
9359
9443
9360
9444
9361
9445
9362
9446
9363
9447
9364
9448
9365
9449
9366
9450
9367
9451
9368
9452
9369
9453
9370
9454
9371
9455
9372
9456
9373
9457
9374
9458
9375
9459
9376
9460
9377
9461
9378
9462
9379
9463
9380
9464
9381
9465
9382
9466
9383
9467
9384
9468
9385
9469
9386
9470
9387
9471
9388
9472
9389
9473
9390
9474
9391
9475
9392
9476
9393
9477
9394
9478
9395
9479
9396
9480
9397
9481
9398
9482
9399
9483
9400
9484
9401
9485
9402
9486
9403
9487
9404
9488
9405
9489
9406
9490
9407
9491
9408
9492
9409
9493
9410
9494
9411
9495
9412
9496
9413
9497
9414
9498
9415
9499
9416
9500
9417
9501
9418
9502
9419
9503
9420
9504
9421
9505
9422
9506
9423
9507
9424
9508
9425
9509
9426
9510
9427
9511
9428
9512
9429
9513
9430
9514
9431
9515
9432
9516
9433
9517
9434
9518
9519
9436
9520
9437
9521
9438
9522
9439
9523
9440
9524
9441
9525
9442
9526
9443
9527
9444
9528
9445
9529
9446
9530
9447
9531
9448
9532
9449
9533
9450
9534
9451
9535
9452
9536
9453
9537
9454
9538
9455
9539
9456
9540
9457
9541
9458
9542
9459
9543
9460
9544
9461
9545
9462
9546
9463
9547
9464
9548
9465
9549
9466
9550
9467
9551
9468
9552
9469
9553
9470
9554
9471
9555
9472
9556
9473
9557
9474
9558
9475
9559
9476
9560
9477
9561
9478
9562
9479
9563
9480
9564
9481
9565
9482
9566
9483
9567
9484
9568
9485
9569
9486
9570
9487
9571
9488
9572
9489
9573
9490
9574
9491
9575
9492
9576
9493
9577
9494
9578
9495
9579
9496
9580
9497
9581
9498
9582
9499
9583
9500
9584
9501
9585
9502
9586
9503
9587
9504
9588
9505
9589
9506
9590
9507
9591
9508
9592
9509
9593
9510
9594
9511
9595
9512
9596
9513
9597
9514
9598
9515
9599
9516
9600
9517
9601
9518
9602
9519
9603
9604
9521
9605
9522
9606
9523
9607
9524
9608
9525
9609
9526
9610
9527
9611
9528
9612
9529
9613
9530
9614
9531
9615
9532
9616
9533
9617
9534
9618
9535
9619
9536
9620
9537
9621
9538
9622
9539
9623
9540
9624
9541
9625
9542
9626
9543
9627
9544
9628
9545
9629
9546
9630
9547
9631
9548
9632
9549
9633
9550
9634
9551
9635
9552
9636
9553
9637
9554
9638
9555
9639
9556
9640
9557
9641
9558
9642
9559
9643
9560
9644
9561
9645
9562
9646
9563
9647
9564
9648
9565
9649
9566
9650
9567
9651
9568
9652
9569
9653
9570
9654
9571
9655
9572
9656
9573
9657
9574
9658
9575
9659
9576
9660
9577
9661
9578
9662
9579
9663
9580
9664
9581
9665
9582
9666
9583
9667
9584
9668
9585
9669
9586
9670
9587
9671
9588
9672
9589
9673
9590
9674
9591
9675
9592
9676
9593
9677
9594
9678
9595
9679
9596
9680
9597
9681
9598
9682
9599
9683
9600
9684
9601
9685
9602
9686
9603
9687
9604
9688
9689
9606
9690
9607
9691
9608
9692
9609
9693
9610
9694
9611
9695
9612
9696
9613
9697
9614
9698
9615
9699
9616
9700
9617
9701
9618
9702
9619
9703
9620
9704
9621
9705
9622
9706
9623
9707
9624
9708
9625
9709
9626
9710
9627
9711
9628
9712
9629
9713
9630
9714
9631
9715
9632
9716
9633
9717
9634
9718
9635
9719
9636
9720
9637
9721
9638
9722
9639
9723
9640
9724
9641
9725
9642
9726
9643
9727
9644
9728
9645
9729
9646
9730
9647
9731
9648
9732
9649
9733
9650
9734
9651
9735
9652
9736
9653
9737
9654
9738
9655
9739
9656
9740
9657
9741
9658
9742
9659
9743
9660
9744
9661
9745
9662
9746
9663
9747
9664
9748
9665
9749
9666
9750
9667
9751
9668
9752
9669
9753
9670
9754
9671
9755
9672
9756
9673
9757
9674
9758
9675
9759
9676
9760
9677
9761
9678
9762
9679
9763
9680
9764
9681
9765
9682
9766
9683
9767
9684
9768
9685
9769
9686
9770
9687
9771
9688
9772
9689
9773
9774
9691
9775
9692
9776
9693
9777
9694
9778
9695
9779
9696
9780
9697
9781
9698
9782
9699
9783
9700
9784
9701
9785
9702
9786
9703
9787
9704
9788
9705
9789
9706
9790
9707
9791
9708
9792
9709
9793
9710
9794
9711
9795
9712
9796
9713
9797
9714
9798
9715
9799
9716
9800
9717
9801
9718
9802
9719
9803
9720
9804
9721
9805
9722
9806
9723
9807
9724
9808
9725
9809
9726
9810
9727
9811
9728
9812
9729
9813
9730
9814
9731
9815
9732
9816
9733
9817
9734
9818
9735
9819
9736
9820
9737
9821
9738
9822
9739
9823
9740
9824
9741
9825
9742
9826
9743
9827
9744
9828
9745
9829
9746
9830
9747
9831
9748
9832
9749
9833
9750
9834
9751
9835
9752
9836
9753
9837
9754
9838
9755
9839
9756
9840
9757
9841
9758
9842
9759
9843
9760
9844
9761
9845
9762
9846
9763
9847
9764
9848
9765
9849
9766
9850
9767
9851
9768
9852
9769
9853
9770
9854
9771
9855
9772
9856
9773
9857
9774
9858
9859
9776
9860
9777
9861
9778
9862
9779
9863
9780
9864
9781
9865
9782
9866
9783
9867
9784
9868
9785
9869
9786
9870
9787
9871
9788
9872
9789
9873
9790
9874
9791
9875
9792
9876
9793
9877
9794
9878
9795
9879
9796
9880
9797
9881
9798
9882
9799
9883
9800
9884
9801
9885
9802
9886
9803
9887
9804
9888
9805
9889
9806
9890
9807
9891
9808
9892
9809
9893
9810
9894
9811
9895
9812
9896
9813
9897
9814
9898
9815
9899
9816
9900
9817
9901
9818
9902
9819
9903
9820
9904
9821
9905
9822
9906
9823
9907
9824
9908
9825
9909
9826
9910
9827
9911
9828
9912
9829
9913
9830
9914
9831
9915
9832
9916
9833
9917
9834
9918
9835
9919
9836
9920
9837
9921
9838
9922
9839
9923
9840
9924
9841
9925
9842
9926
9843
9927
9844
9928
9845
9929
9846
9930
9847
9931
9848
9932
9849
9933
9850
9934
9851
9935
9852
9936
9853
9937
9854
9938
9855
9939
9856
9940
9857
9941
9858
9942
9859
9943
9944
9861
9945
9862
9946
9863
9947
9864
9948
9865
9949
9866
9950
9867
9951
9868
9952
9869
9953
9870
9954
9871
9955
9872
9956
9873
9957
9874
9958
9875
9959
9876
9960
9877
9961
9878
9962
9879
9963
9880
9964
9881
9965
9882
9966
9883
9967
9884
9968
9885
9969
9886
9970
9887
9971
9888
9972
9889
9973
9890
9974
9891
9975
9892
9976
9893
9977
9894
9978
9895
9979
9896
9980
9897
9981
9898
9982
9899
9983
9900
9984
9901
9985
9902
9986
9903
9987
9904
9988
9905
9989
9906
9990
9907
9991
9908
9992
9909
9993
9910
9994
9911
9995
9912
9996
9913
9997
9914
9998
9915
9999
9916
10000
9917
10001
9918
10002
9919
10003
9920
10004
9921
10005
9922
10006
9923
10007
9924
10008
9925
10009
9926
10010
9927
10011
9928
10012
9929
10013
9930
10014
9931
10015
9932
10016
9933
10017
9934
10018
9935
10019
9936
10020
9937
10021
9938
10022
9939
10023
9940
10024
9941
10025
9942
10026
9943
10027
9944
10028
10029
9946
10030
9947
10031
9948
10032
9949
10033
9950
10034
9951
10035
9952
10036
9953
10037
9954
10038
9955
10039
9956
10040
9957
10041
9958
10042
9959
10043
9960
10044
9961
10045
9962
10046
9963
10047
9964
10048
9965
10049
9966
10050
9967
10051
9968
10052
9969
10053
9970
10054
9971
10055
9972
10056
9973
10057
9974
10058
9975
10059
9976
10060
9977
10061
9978
10062
9979
10063
9980
10064
9981
10065
9982
10066
9983
10067
9984
10068
9985
10069
9986
10070
9987
10071
9988
10072
9989
10073
9990
10074
9991
10075
9992
10076
9993
10077
9994
10078
9995
10079
9996
10080
9997
10081
9998
10082
9999
10083
10000
10084
10001
10085
10002
10086
10003
10087
10004
10088
10005
10089
10006
10090
10007
10091
10008
10092
10009
10093
10010
10094
10011
10095
10012
10096
10013
10097
10014
10098
10015
10099
10016
10100
10017
10101
10018
10102
10019
10103
10020
10104
10021
10105
10022
10106
10023
10107
10024
10108
10025
10109
10026
10110
10027
10111
10028
10112
10029
10113
10114
10031
10115
10032
10116
10033
10117
10034
10118
10035
10119
10036
10120
10037
10121
10038
10122
10039
10123
10040
10124
10041
10125
10042
10126
10043
10127
10044
10128
10045
10129
10046
10130
10047
10131
10048
10132
10049
10133
10050
10134
10051
10135
10052
10136
10053
10137
10054
10138
10055
10139
10056
10140
10057
10141
10058
10142
10059
10143
10060
10144
10061
10145
10062
10146
10063
10147
10064
10148
10065
10149
10066
10150
10067
10151
10068
10152
10069
10153
10070
10154
10071
10155
10072
10156
10073
10157
10074
10158
10075
10159
10076
10160
10077
10161
10078
10162
10079
10163
10080
10164
10081
10165
10082
10166
10083
10167
10084
10168
10085
10169
10086
10170
10087
10171
10088
10172
10089
10173
10090
10174
10091
10175
10092
10176
10093
10177
10094
10178
10095
10179
10096
10180
10097
10181
10098
10182
10099
10183
10100
10184
10101
10185
10102
10186
10103
10187
10104
10188
10105
10189
10106
10190
10107
10191
10108
10192
10109
10193
10110
10194
10111
10195
10112
10196
10113
10197
10114
10198
10199
10116
10200
10117
10201
10118
10202
10119
10203
10120
10204
10121
10205
10122
10206
10123
10207
10124
10208
10125
10209
10126
10210
10127
10211
10128
10212
10129
10213
10130
10214
10131
10215
10132
10216
10133
10217
10134
10218
10135
10219
10136
10220
10137
10221
10138
10222
10139
10223
10140
10224
10141
10225
10142
10226
10143
10227
10144
10228
10145
10229
10146
10230
10147
10231
10148
10232
10149
10233
10150
10234
10151
10235
10152
10236
10153
10237
10154
10238
10155
10239
10156
10240
10157
10241
10158
10242
10159
10243
10160
10244
10161
10245
10162
10246
10163
10247
10164
10248
10165
10249
10166
10250
10167
10251
10168
10252
10169
10253
10170
10254
10171
10255
10172
10256
10173
10257
10174
10258
10175
10259
10176
10260
10177
10261
10178
10262
10179
10263
10180
10264
10181
10265
10182
10266
10183
10267
10184
10268
10185
10269
10186
10270
10187
10271
10188
10272
10189
10273
10190
10274
10191
10275
10192
10276
10193
10277
10194
10278
10195
10279
10196
10280
10197
10281
10198
10282
10199
10283
10284
10201
10285
10202
10286
10203
10287
10204
10288
10205
10289
10206
10290
10207
10291
10208
10292
10209
10293
10210
10294
10211
10295
10212
10296
10213
10297
10214
10298
10215
10299
10216
10300
10217
10301
10218
10302
10219
10303
10220
10304
10221
10305
10222
10306
10223
10307
10224
10308
10225
10309
10226
10310
10227
10311
10228
10312
10229
10313
10230
10314
10231
10315
10232
10316
10233
10317
10234
10318
10235
10319
10236
10320
10237
10321
10238
10322
10239
10323
10240
10324
10241
10325
10242
10326
10243
10327
10244
10328
10245
10329
10246
10330
10247
10331
10248
10332
10249
10333
10250
10334
10251
10335
10252
10336
10253
10337
10254
10338
10255
10339
10256
10340
10257
10341
10258
10342
10259
10343
10260
10344
10261
10345
10262
10346
10263
10347
10264
10348
10265
10349
10266
10350
10267
10351
10268
10352
10269
10353
10270
10354
10271
10355
10272
10356
10273
10357
10274
10358
10275
10359
10276
10360
10277
10361
10278
10362
10279
10363
10280
10364
10281
10365
10282
10366
10283
10367
10284
10368
10369
10286
10370
10287
10371
10288
10372
10289
10373
10290
10374
10291
10375
10292
10376
10293
10377
10294
10378
10295
10379
10296
10380
10297
10381
10298
10382
10299
10383
10300
10384
10301
10385
10302
10386
10303
10387
10304
10388
10305
10389
10306
10390
10307
10391
10308
10392
10309
10393
10310
10394
10311
10395
10312
10396
10313
10397
10314
10398
10315
10399
10316
10400
10317
10401
10318
10402
10319
10403
10320
10404
10321
10405
10322
10406
10323
10407
10324
10408
10325
10409
10326
10410
10327
10411
10328
10412
10329
10413
10330
10414
10331
10415
10332
10416
10333
10417
10334
10418
10335
10419
10336
10420
10337
10421
10338
10422
10339
10423
10340
10424
10341
10425
10342
10426
10343
10427
10344
10428
10345
10429
10346
10430
10347
10431
10348
10432
10349
10433
10350
10434
10351
10435
10352
10436
10353
10437
10354
10438
10355
10439
10356
10440
10357
10441
10358
10442
10359
10443
10360
10444
10361
10445
10362
10446
10363
10447
10364
10448
10365
10449
10366
10450
10367
10451
10368
10452
10369
10453
10454
10371
10455
10372
10456
10373
10457
10374
10458
10375
10459
10376
10460
10377
10461
10378
10462
10379
10463
10380
10464
10381
10465
10382
10466
10383
10467
10384
10468
10385
10469
10386
10470
10387
10471
10388
10472
10389
10473
10390
10474
10391
10475
10392
10476
10393
10477
10394
10478
10395
10479
10396
10480
10397
10481
10398
10482
10399
10483
10400
10484
10401
10485
10402
10486
10403
10487
10404
10488
10405
10489
10406
10490
10407
10491
10408
10492
10409
10493
10410
10494
10411
10495
10412
10496
10413
10497
10414
10498
10415
10499
10416
10500
10417
10501
10418
10502
10419
10503
10420
10504
10421
10505
10422
10506
10423
10507
10424
10508
10425
10509
10426
10510
10427
10511
10428
10512
10429
10513
10430
10514
10431
10515
10432
10516
10433
10517
10434
10518
10435
10519
10436
10520
10437
10521
10438
10522
10439
10523
10440
10524
10441
10525
10442
10526
10443
10527
10444
10528
10445
10529
10446
10530
10447
10531
10448
10532
10449
10533
10450
10534
10451
10535
10452
10536
10453
10537
10454
10538
10539
10456
10540
10457
10541
10458
10542
10459
10543
10460
10544
10461
10545
10462
10546
10463
10547
10464
10548
10465
10549
10466
10550
10467
10551
10468
10552
10469
10553
10470
10554
10471
10555
10472
10556
10473
10557
10474
10558
10475
10559
10476
10560
10477
10561
10478
10562
10479
10563
10480
10564
10481
10565
10482
10566
10483
10567
10484
10568
10485
10569
10486
10570
10487
10571
10488
10572
10489
10573
10490
10574
10491
10575
10492
10576
10493
10577
10494
10578
10495
10579
10496
10580
10497
10581
10498
10582
10499
10583
10500
10584
10501
10585
10502
10586
10503
10587
10504
10588
10505
10589
10506
10590
10507
10591
10508
10592
10509
10593
10510
10594
10511
10595
10512
10596
10513
10597
10514
10598
10515
10599
10516
10600
10517
10601
10518
10602
10519
10603
10520
10604
10521
10605
10522
10606
10523
10607
10524
10608
10525
10609
10526
10610
10527
10611
10528
10612
10529
10613
10530
10614
10531
10615
10532
10616
10533
10617
10534
10618
10535
10619
10536
10620
10537
10621
10538
10622
10539
10623
10624
10541
10625
10542
10626
10543
10627
10544
10628
10545
10629
10546
10630
10547
10631
10548
10632
10549
10633
10550
10634
10551
10635
10552
10636
10553
10637
10554
10638
10555
10639
10556
10640
10557
10641
10558
10642
10559
10643
10560
10644
10561
10645
10562
10646
10563
10647
10564
10648
10565
10649
10566
10650
10567
10651
10568
10652
10569
10653
10570
10654
10571
10655
10572
10656
10573
10657
10574
10658
10575
10659
10576
10660
10577
10661
10578
10662
10579
10663
10580
10664
10581
10665
10582
10666
10583
10667
10584
10668
10585
10669
10586
10670
10587
10671
10588
10672
10589
10673
10590
10674
10591
10675
10592
10676
10593
10677
10594
10678
10595
10679
10596
10680
10597
10681
10598
10682
10599
10683
10600
10684
10601
10685
10602
10686
10603
10687
10604
10688
10605
10689
10606
10690
10607
10691
10608
10692
10609
10693
10610
10694
10611
10695
10612
10696
10613
10697
10614
10698
10615
10699
10616
10700
10617
10701
10618
10702
10619
10703
10620
10704
10621
10705
10622
10706
10623
10707
10624
10708
10709
10626
10710
10627
10711
10628
10712
10629
10713
10630
10714
10631
10715
10632
10716
10633
10717
10634
10718
10635
10719
10636
10720
10637
10721
10638
10722
10639
10723
10640
10724
10641
10725
10642
10726
10643
10727
10644
10728
10645
10729
10646
10730
10647
10731
10648
10732
10649
10733
10650
10734
10651
10735
10652
10736
10653
10737
10654
10738
10655
10739
10656
10740
10657
10741
10658
10742
10659
10743
10660
10744
10661
10745
10662
10746
10663
10747
10664
10748
10665
10749
10666
10750
10667
10751
10668
10752
10669
10753
10670
10754
10671
10755
10672
10756
10673
10757
10674
10758
10675
10759
10676
10760
10677
10761
10678
10762
10679
10763
10680
10764
10681
10765
10682
10766
10683
10767
10684
10768
10685
10769
10686
10770
10687
10771
10688
10772
10689
10773
10690
10774
10691
10775
10692
10776
10693
10777
10694
10778
10695
10779
10696
10780
10697
10781
10698
10782
10699
10783
10700
10784
10701
10785
10702
10786
10703
10787
10704
10788
10705
10789
10706
10790
10707
10791
10708
10792
10709
10793
10794
10711
10795
10712
10796
10713
10797
10714
10798
10715
10799
10716
10800
10717
10801
10718
10802
10719
10803
10720
10804
10721
10805
10722
10806
10723
10807
10724
10808
10725
10809
10726
10810
10727
10811
10728
10812
10729
10813
10730
10814
10731
10815
10732
10816
10733
10817
10734
10818
10735
10819
10736
10820
10737
10821
10738
10822
10739
10823
10740
10824
10741
10825
10742
10826
10743
10827
10744
10828
10745
10829
10746
10830
10747
10831
10748
10832
10749
10833
10750
10834
10751
10835
10752
10836
10753
10837
10754
10838
10755
10839
10756
10840
10757
10841
10758
10842
10759
10843
10760
10844
10761
10845
10762
10846
10763
10847
10764
10848
10765
10849
10766
10850
10767
10851
10768
10852
10769
10853
10770
10854
10771
10855
10772
10856
10773
10857
10774
10858
10775
10859
10776
10860
10777
10861
10778
10862
10779
10863
10780
10864
10781
10865
10782
10866
10783
10867
10784
10868
10785
10869
10786
10870
10787
10871
10788
10872
10789
10873
10790
10874
10791
10875
10792
10876
10793
10877
10794
10878
10879
10796
10880
10797
10881
10798
10882
10799
10883
10800
10884
10801
10885
10802
10886
10803
10887
10804
10888
10805
10889
10806
10890
10807
10891
10808
10892
10809
10893
10810
10894
10811
10895
10812
10896
10813
10897
10814
10898
10815
10899
10816
10900
10817
10901
10818
10902
10819
10903
10820
10904
10821
10905
10822
10906
10823
10907
10824
10908
10825
10909
10826
10910
10827
10911
10828
10912
10829
10913
10830
10914
10831
10915
10832
10916
10833
10917
10834
10918
10835
10919
10836
10920
10837
10921
10838
10922
10839
10923
10840
10924
10841
10925
10842
10926
10843
10927
10844
10928
10845
10929
10846
10930
10847
10931
10848
10932
10849
10933
10850
10934
10851
10935
10852
10936
10853
10937
10854
10938
10855
10939
10856
10940
10857
10941
10858
10942
10859
10943
10860
10944
10861
10945
10862
10946
10863
10947
10864
10948
10865
10949
10866
10950
10867
10951
10868
10952
10869
10953
10870
10954
10871
10955
10872
10956
10873
10957
10874
10958
10875
10959
10876
10960
10877
10961
10878
10962
10879
10963
10964
10881
10965
10882
10966
10883
10967
10884
10968
10885
10969
10886
10970
10887
10971
10888
10972
10889
10973
10890
10974
10891
10975
10892
10976
10893
10977
10894
10978
10895
10979
10896
10980
10897
10981
10898
10982
10899
10983
10900
10984
10901
10985
10902
10986
10903
10987
10904
10988
10905
10989
10906
10990
10907
10991
10908
10992
10909
10993
10910
10994
10911
10995
10912
10996
10913
10997
10914
10998
10915
10999
10916
11000
10917
11001
10918
11002
10919
11003
10920
11004
10921
11005
10922
11006
10923
11007
10924
11008
10925
11009
10926
11010
10927
11011
10928
11012
10929
11013
10930
11014
10931
11015
10932
11016
10933
11017
10934
11018
10935
11019
10936
11020
10937
11021
10938
11022
10939
11023
10940
11024
10941
11025
10942
11026
10943
11027
10944
11028
10945
11029
10946
11030
10947
11031
10948
11032
10949
11033
10950
11034
10951
11035
10952
11036
10953
11037
10954
11038
10955
11039
10956
11040
10957
11041
10958
11042
10959
11043
10960
11044
10961
11045
10962
11046
10963
11047
10964
11048
11049
10966
11050
10967
11051
10968
11052
10969
11053
10970
11054
10971
11055
10972
11056
10973
11057
10974
11058
10975
11059
10976
11060
10977
11061
10978
11062
10979
11063
10980
11064
10981
11065
10982
11066
10983
11067
10984
11068
10985
11069
10986
11070
10987
11071
10988
11072
10989
11073
10990
11074
10991
11075
10992
11076
10993
11077
10994
11078
10995
11079
10996
11080
10997
11081
10998
11082
10999
11083
11000
11084
11001
11085
11002
11086
11003
11087
11004
11088
11005
11089
11006
11090
11007
11091
11008
11092
11009
11093
11010
11094
11011
11095
11012
11096
11013
11097
11014
11098
11015
11099
11016
11100
11017
11101
11018
11102
11019
11103
11020
11104
11021
11105
11022
11106
11023
11107
11024
11108
11025
11109
11026
11110
11027
11111
11028
11112
11029
11113
11030
11114
11031
11115
11032
11116
11033
11117
11034
11118
11035
11119
11036
11120
11037
11121
11038
11122
11039
11123
11040
11124
11041
11125
11042
11126
11043
11127
11044
11128
11045
11129
11046
11130
11047
11131
11048
11132
11049
11133
11134
11051
11135
11052
11136
11053
11137
11054
11138
11055
11139
11056
11140
11057
11141
11058
11142
11059
11143
11060
11144
11061
11145
11062
11146
11063
11147
11064
11148
11065
11149
11066
11150
11067
11151
11068
11152
11069
11153
11070
11154
11071
11155
11072
11156
11073
11157
11074
11158
11075
11159
11076
11160
11077
11161
11078
11162
11079
11163
11080
11164
11081
11165
11082
11166
11083
11167
11084
11168
11085
11169
11086
11170
11087
11171
11088
11172
11089
11173
11090
11174
11091
11175
11092
11176
11093
11177
11094
11178
11095
11179
11096
11180
11097
11181
11098
11182
11099
11183
11100
11184
11101
11185
11102
11186
11103
11187
11104
11188
11105
11189
11106
11190
11107
11191
11108
11192
11109
11193
11110
11194
11111
11195
11112
11196
11113
11197
11114
11198
11115
11199
11116
11200
11117
11201
11118
11202
11119
11203
11120
11204
11121
11205
11122
11206
11123
11207
11124
11208
11125
11209
11126
11210
11127
11211
11128
11212
11129
11213
11130
11214
11131
11215
11132
11216
11133
11217
11134
11218
11219
11136
11220
11137
11221
11138
11222
11139
11223
11140
11224
11141
11225
11142
11226
11143
11227
11144
11228
11145
11229
11146
11230
11147
11231
11148
11232
11149
11233
11150
11234
11151
11235
11152
11236
11153
11237
11154
11238
11155
11239
11156
11240
11157
11241
11158
11242
11159
11243
11160
11244
11161
11245
11162
11246
11163
11247
11164
11248
11165
11249
11166
11250
11167
11251
11168
11252
11169
11253
11170
11254
11171
11255
11172
11256
11173
11257
11174
11258
11175
11259
11176
11260
11177
11261
11178
11262
11179
11263
11180
11264
11181
11265
11182
11266
11183
11267
11184
11268
11185
11269
11186
11270
11187
11271
11188
11272
11189
11273
11190
11274
11191
11275
11192
11276
11193
11277
11194
11278
11195
11279
11196
11280
11197
11281
11198
11282
11199
11283
11200
11284
11201
11285
11202
11286
11203
11287
11204
11288
11205
11289
11206
11290
11207
11291
11208
11292
11209
11293
11210
11294
11211
11295
11212
11296
11213
11297
11214
11298
11215
11299
11216
11300
11217
11301
11218
11302
11219
11303
11304
11221
11305
11222
11306
11223
11307
11224
11308
11225
11309
11226
11310
11227
11311
11228
11312
11229
11313
11230
11314
11231
11315
11232
11316
11233
11317
11234
11318
11235
11319
11236
11320
11237
11321
11238
11322
11239
11323
11240
11324
11241
11325
11242
11326
11243
11327
11244
11328
11245
11329
11246
11330
11247
11331
11248
11332
11249
11333
11250
11334
11251
11335
11252
11336
11253
11337
11254
11338
11255
11339
11256
11340
11257
11341
11258
11342
11259
11343
11260
11344
11261
11345
11262
11346
11263
11347
11264
11348
11265
11349
11266
11350
11267
11351
11268
11352
11269
11353
11270
11354
11271
11355
11272
11356
11273
11357
11274
11358
11275
11359
11276
11360
11277
11361
11278
11362
11279
11363
11280
11364
11281
11365
11282
11366
11283
11367
11284
11368
11285
11369
11286
11370
11287
11371
11288
11372
11289
11373
11290
11374
11291
11375
11292
11376
11293
11377
11294
11378
11295
11379
11296
11380
11297
11381
11298
11382
11299
11383
11300
11384
11301
11385
11302
11386
11303
11387
11304
11388
11389
11306
11390
11307
11391
11308
11392
11309
11393
11310
11394
11311
11395
11312
11396
11313
11397
11314
11398
11315
11399
11316
11400
11317
11401
11318
11402
11319
11403
11320
11404
11321
11405
11322
11406
11323
11407
11324
11408
11325
11409
11326
11410
11327
11411
11328
11412
11329
11413
11330
11414
11331
11415
11332
11416
11333
11417
11334
11418
11335
11419
11336
11420
11337
11421
11338
11422
11339
11423
11340
11424
11341
11425
11342
11426
11343
11427
11344
11428
11345
11429
11346
11430
11347
11431
11348
11432
11349
11433
11350
11434
11351
11435
11352
11436
11353
11437
11354
11438
11355
11439
11356
11440
11357
11441
11358
11442
11359
11443
11360
11444
11361
11445
11362
11446
11363
11447
11364
11448
11365
11449
11366
11450
11367
11451
11368
11452
11369
11453
11370
11454
11371
11455
11372
11456
11373
11457
11374
11458
11375
11459
11376
11460
11377
11461
11378
11462
11379
11463
11380
11464
11381
11465
11382
11466
11383
11467
11384
11468
11385
11469
11386
11470
11387
11471
11388
11472
11389
11473
11474
11391
11475
11392
11476
11393
11477
11394
11478
11395
11479
11396
11480
11397
11481
11398
11482
11399
11483
11400
11484
11401
11485
11402
11486
11403
11487
11404
11488
11405
11489
11406
11490
11407
11491
11408
11492
11409
11493
11410
11494
11411
11495
11412
11496
11413
11497
11414
11498
11415
11499
11416
11500
11417
11501
11418
11502
11419
11503
11420
11504
11421
11505
11422
11506
11423
11507
11424
11508
11425
11509
11426
11510
11427
11511
11428
11512
11429
11513
11430
11514
11431
11515
11432
11516
11433
11517
11434
11518
11435
11519
11436
11520
11437
11521
11438
11522
11439
11523
11440
11524
11441
11525
11442
11526
11443
11527
11444
11528
11445
11529
11446
11530
11447
11531
11448
11532
11449
11533
11450
11534
11451
11535
11452
11536
11453
11537
11454
11538
11455
11539
11456
11540
11457
11541
11458
11542
11459
11543
11460
11544
11461
11545
11462
11546
11463
11547
11464
11548
11465
11549
11466
11550
11467
11551
11468
11552
11469
11553
11470
11554
11471
11555
11472
11556
11473
11557
11474
11558
11559
11476
11560
11477
11561
11478
11562
11479
11563
11480
11564
11481
11565
11482
11566
11483
11567
11484
11568
11485
11569
11486
11570
11487
11571
11488
11572
11489
11573
11490
11574
11491
11575
11492
11576
11493
11577
11494
11578
11495
11579
11496
11580
11497
11581
11498
11582
11499
11583
11500
11584
11501
11585
11502
11586
11503
11587
11504
11588
11505
11589
11506
11590
11507
11591
11508
11592
11509
11593
11510
11594
11511
11595
11512
11596
11513
11597
11514
11598
11515
11599
11516
11600
11517
11601
11518
11602
11519
11603
11520
11604
11521
11605
11522
11606
11523
11607
11524
11608
11525
11609
11526
11610
11527
11611
11528
11612
11529
11613
11530
11614
11531
11615
11532
11616
11533
11617
11534
11618
11535
11619
11536
11620
11537
11621
11538
11622
11539
11623
11540
11624
11541
11625
11542
11626
11543
11627
11544
11628
11545
11629
11546
11630
11547
11631
11548
11632
11549
11633
11550
11634
11551
11635
11552
11636
11553
11637
11554
11638
11555
11639
11556
11640
11557
11641
11558
11642
11559
11643
11644
11561
11645
11562
11646
11563
11647
11564
11648
11565
11649
11566
11650
11567
11651
11568
11652
11569
11653
11570
11654
11571
11655
11572
11656
11573
11657
11574
11658
11575
11659
11576
11660
11577
11661
11578
11662
11579
11663
11580
11664
11581
11665
11582
11666
11583
11667
11584
11668
11585
11669
11586
11670
11587
11671
11588
11672
11589
11673
11590
11674
11591
11675
11592
11676
11593
11677
11594
11678
11595
11679
11596
11680
11597
11681
11598
11682
11599
11683
11600
11684
11601
11685
11602
11686
11603
11687
11604
11688
11605
11689
11606
11690
11607
11691
11608
11692
11609
11693
11610
11694
11611
11695
11612
11696
11613
11697
11614
11698
11615
11699
11616
11700
11617
11701
11618
11702
11619
11703
11620
11704
11621
11705
11622
11706
11623
11707
11624
11708
11625
11709
11626
11710
11627
11711
11628
11712
11629
11713
11630
11714
11631
11715
11632
11716
11633
11717
11634
11718
11635
11719
11636
11720
11637
11721
11638
11722
11639
11723
11640
11724
11641
11725
11642
11726
11643
11727
11644
11728
11729
11646
11730
11647
11731
11648
11732
11649
11733
11650
11734
11651
11735
11652
11736
11653
11737
11654
11738
11655
11739
11656
11740
11657
11741
11658
11742
11659
11743
11660
11744
11661
11745
11662
11746
11663
11747
11664
11748
11665
11749
11666
11750
11667
11751
11668
11752
11669
11753
11670
11754
11671
11755
11672
11756
11673
11757
11674
11758
11675
11759
11676
11760
11677
11761
11678
11762
11679
11763
11680
11764
11681
11765
11682
11766
11683
11767
11684
11768
11685
11769
11686
11770
11687
11771
11688
11772
11689
11773
11690
11774
11691
11775
11692
11776
11693
11777
11694
11778
11695
11779
11696
11780
11697
11781
11698
11782
11699
11783
11700
11784
11701
11785
11702
11786
11703
11787
11704
11788
11705
11789
11706
11790
11707
11791
11708
11792
11709
11793
11710
11794
11711
11795
11712
11796
11713
11797
11714
11798
11715
11799
11716
11800
11717
11801
11718
11802
11719
11803
11720
11804
11721
11805
11722
11806
11723
11807
11724
11808
11725
11809
11726
11810
11727
11811
11728
11812
11729
11813
11814
11731
11815
11732
11816
11733
11817
11734
11818
11735
11819
11736
11820
11737
11821
11738
11822
11739
11823
11740
11824
11741
11825
11742
11826
11743
11827
11744
11828
11745
11829
11746
11830
11747
11831
11748
11832
11749
11833
11750
11834
11751
11835
11752
11836
11753
11837
11754
11838
11755
11839
11756
11840
11757
11841
11758
11842
11759
11843
11760
11844
11761
11845
11762
11846
11763
11847
11764
11848
11765
11849
11766
11850
11767
11851
11768
11852
11769
11853
11770
11854
11771
11855
11772
11856
11773
11857
11774
11858
11775
11859
11776
11860
11777
11861
11778
11862
11779
11863
11780
11864
11781
11865
11782
11866
11783
11867
11784
11868
11785
11869
11786
11870
11787
11871
11788
11872
11789
11873
11790
11874
11791
11875
11792
11876
11793
11877
11794
11878
11795
11879
11796
11880
11797
11881
11798
11882
11799
11883
11800
11884
11801
11885
11802
11886
11803
11887
11804
11888
11805
11889
11806
11890
11807
11891
11808
11892
11809
11893
11810
11894
11811
11895
11812
11896
11813
11897
11814
11898
11899
11816
11900
11817
11901
11818
11902
11819
11903
11820
11904
11821
11905
11822
11906
11823
11907
11824
11908
11825
11909
11826
11910
11827
11911
11828
11912
11829
11913
11830
11914
11831
11915
11832
11916
11833
11917
11834
11918
11835
11919
11836
11920
11837
11921
11838
11922
11839
11923
11840
11924
11841
11925
11842
11926
11843
11927
11844
11928
11845
11929
11846
11930
11847
11931
11848
11932
11849
11933
11850
11934
11851
11935
11852
11936
11853
11937
11854
11938
11855
11939
11856
11940
11857
11941
11858
11942
11859
11943
11860
11944
11861
11945
11862
11946
11863
11947
11864
11948
11865
11949
11866
11950
11867
11951
11868
11952
11869
11953
11870
11954
11871
11955
11872
11956
11873
11957
11874
11958
11875
11959
11876
11960
11877
11961
11878
11962
11879
11963
11880
11964
11881
11965
11882
11966
11883
11967
11884
11968
11885
11969
11886
11970
11887
11971
11888
11972
11889
11973
11890
11974
11891
11975
11892
11976
11893
11977
11894
11978
11895
11979
11896
11980
11897
11981
11898
11982
11899
11983
11984
11901
11985
11902
11986
11903
11987
11904
11988
11905
11989
11906
11990
11907
11991
11908
11992
11909
11993
11910
11994
11911
11995
11912
11996
11913
11997
11914
11998
11915
11999
11916
12000
11917
12001
11918
12002
11919
12003
11920
12004
11921
12005
11922
12006
11923
12007
11924
12008
11925
12009
11926
12010
11927
12011
11928
12012
11929
12013
11930
12014
11931
12015
11932
12016
11933
12017
11934
12018
11935
12019
11936
12020
11937
12021
11938
12022
11939
12023
11940
12024
11941
12025
11942
12026
11943
12027
11944
12028
11945
12029
11946
12030
11947
12031
11948
12032
11949
12033
11950
12034
11951
12035
11952
12036
11953
12037
11954
12038
11955
12039
11956
12040
11957
12041
11958
12042
11959
12043
11960
12044
11961
12045
11962
12046
11963
12047
11964
12048
11965
12049
11966
12050
11967
12051
11968
12052
11969
12053
11970
12054
11971
12055
11972
12056
11973
12057
11974
12058
11975
12059
11976
12060
11977
12061
11978
12062
11979
12063
11980
12064
11981
12065
11982
12066
11983
12067
11984
12068
12069
11986
12070
11987
12071
11988
12072
11989
12073
11990
12074
11991
12075
11992
12076
11993
12077
11994
12078
11995
12079
11996
12080
11997
12081
11998
12082
11999
12083
12000
12084
12001
12085
12002
12086
12003
12087
12004
12088
12005
12089
12006
12090
12007
12091
12008
12092
12009
12093
12010
12094
12011
12095
12012
12096
12013
12097
12014
12098
12015
12099
12016
12100
12017
12101
12018
12102
12019
12103
12020
12104
12021
12105
12022
12106
12023
12107
12024
12108
12025
12109
12026
12110
12027
12111
12028
12112
12029
12113
12030
12114
12031
12115
12032
12116
12033
12117
12034
12118
12035
12119
12036
12120
12037
12121
12038
12122
12039
12123
12040
12124
12041
12125
12042
12126
12043
12127
12044
12128
12045
12129
12046
12130
12047
12131
12048
12132
12049
12133
12050
12134
12051
12135
12052
12136
12053
12137
12054
12138
12055
12139
12056
12140
12057
12141
12058
12142
12059
12143
12060
12144
12061
12145
12062
12146
12063
12147
12064
12148
12065
12149
12066
12150
12067
12151
12068
12152
12069
12153
12154
12071
12155
12072
12156
12073
12157
12074
12158
12075
12159
12076
12160
12077
12161
12078
12162
12079
12163
12080
12164
12081
12165
12082
12166
12083
12167
12084
12168
12085
12169
12086
12170
12087
12171
12088
12172
12089
12173
12090
12174
12091
12175
12092
12176
12093
12177
12094
12178
12095
12179
12096
12180
12097
12181
12098
12182
12099
12183
12100
12184
12101
12185
12102
12186
12103
12187
12104
12188
12105
12189
12106
12190
12107
12191
12108
12192
12109
12193
12110
12194
12111
12195
12112
12196
12113
12197
12114
12198
12115
12199
12116
12200
12117
12201
12118
12202
12119
12203
12120
12204
12121
12205
12122
12206
12123
12207
12124
12208
12125
12209
12126
12210
12127
12211
12128
12212
12129
12213
12130
12214
12131
12215
12132
12216
12133
12217
12134
12218
12135
12219
12136
12220
12137
12221
12138
12222
12139
12223
12140
12224
12141
12225
12142
12226
12143
12227
12144
12228
12145
12229
12146
12230
12147
12231
12148
12232
12149
12233
12150
12234
12151
12235
12152
12236
12153
12237
12154
12238
12239
12156
12240
12157
12241
12158
12242
12159
12243
12160
12244
12161
12245
12162
12246
12163
12247
12164
12248
12165
12249
12166
12250
12167
12251
12168
12252
12169
12253
12170
12254
12171
12255
12172
12256
12173
12257
12174
12258
12175
12259
12176
12260
12177
12261
12178
12262
12179
12263
12180
12264
12181
12265
12182
12266
12183
12267
12184
12268
12185
12269
12186
12270
12187
12271
12188
12272
12189
12273
12190
12274
12191
12275
12192
12276
12193
12277
12194
12278
12195
12279
12196
12280
12197
12281
12198
12282
12199
12283
12200
12284
12201
12285
12202
12286
12203
12287
12204
12288
12205
12289
12206
12290
12207
12291
12208
12292
12209
12293
12210
12294
12211
12295
12212
12296
12213
12297
12214
12298
12215
12299
12216
12300
12217
12301
12218
12302
12219
12303
12220
12304
12221
12305
12222
12306
12223
12307
12224
12308
12225
12309
12226
12310
12227
12311
12228
12312
12229
12313
12230
12314
12231
12315
12232
12316
12233
12317
12234
12318
12235
12319
12236
12320
12237
12321
12238
12322
12239
12323
12324
12241
12325
12242
12326
12243
12327
12244
12328
12245
12329
12246
12330
12247
12331
12248
12332
12249
12333
12250
12334
12251
12335
12252
12336
12253
12337
12254
12338
12255
12339
12256
12340
12257
12341
12258
12342
12259
12343
12260
12344
12261
12345
12262
12346
12263
12347
12264
12348
12265
12349
12266
12350
12267
12351
12268
12352
12269
12353
12270
12354
12271
12355
12272
12356
12273
12357
12274
12358
12275
12359
12276
12360
12277
12361
12278
12362
12279
12363
12280
12364
12281
12365
12282
12366
12283
12367
12284
12368
12285
12369
12286
12370
12287
12371
12288
12372
12289
12373
12290
12374
12291
12375
12292
12376
12293
12377
12294
12378
12295
12379
12296
12380
12297
12381
12298
12382
12299
12383
12300
12384
12301
12385
12302
12386
12303
12387
12304
12388
12305
12389
12306
12390
12307
12391
12308
12392
12309
12393
12310
12394
12311
12395
12312
12396
12313
12397
12314
12398
12315
12399
12316
12400
12317
12401
12318
12402
12319
12403
12320
12404
12321
12405
12322
12406
12323
12407
12324
12408
12409
12326
12410
12327
12411
12328
12412
12329
12413
12330
12414
12331
12415
12332
12416
12333
12417
12334
12418
12335
12419
12336
12420
12337
12421
12338
12422
12339
12423
12340
12424
12341
12425
12342
12426
12343
12427
12344
12428
12345
12429
12346
12430
12347
12431
12348
12432
12349
12433
12350
12434
12351
12435
12352
12436
12353
12437
12354
12438
12355
12439
12356
12440
12357
12441
12358
12442
12359
12443
12360
12444
12361
12445
12362
12446
12363
12447
12364
12448
12365
12449
12366
12450
12367
12451
12368
12452
12369
12453
12370
12454
12371
12455
12372
12456
12373
12457
12374
12458
12375
12459
12376
12460
12377
12461
12378
12462
12379
12463
12380
12464
12381
12465
12382
12466
12383
12467
12384
12468
12385
12469
12386
12470
12387
12471
12388
12472
12389
12473
12390
12474
12391
12475
12392
12476
12393
12477
12394
12478
12395
12479
12396
12480
12397
12481
12398
12482
12399
12483
12400
12484
12401
12485
12402
12486
12403
12487
12404
12488
12405
12489
12406
12490
12407
12491
12408
12492
12409
12493
12494
12411
12495
12412
12496
12413
12497
12414
12498
12415
12499
12416
12500
12417
12501
12418
12502
12419
12503
12420
12504
12421
12505
12422
12506
12423
12507
12424
12508
12425
12509
12426
12510
12427
12511
12428
12512
12429
12513
12430
12514
12431
12515
12432
12516
12433
12517
12434
12518
12435
12519
12436
12520
12437
12521
12438
12522
12439
12523
12440
12524
12441
12525
12442
12526
12443
12527
12444
12528
12445
12529
12446
12530
12447
12531
12448
12532
12449
12533
12450
12534
12451
12535
12452
12536
12453
12537
12454
12538
12455
12539
12456
12540
12457
12541
12458
12542
12459
12543
12460
12544
12461
12545
12462
12546
12463
12547
12464
12548
12465
12549
12466
12550
12467
12551
12468
12552
12469
12553
12470
12554
12471
12555
12472
12556
12473
12557
12474
12558
12475
12559
12476
12560
12477
12561
12478
12562
12479
12563
12480
12564
12481
12565
12482
12566
12483
12567
12484
12568
12485
12569
12486
12570
12487
12571
12488
12572
12489
12573
12490
12574
12491
12575
12492
12576
12493
12577
12494
12578
12579
12496
12580
12497
12581
12498
12582
12499
12583
12500
12584
12501
12585
12502
12586
12503
12587
12504
12588
12505
12589
12506
12590
12507
12591
12508
12592
12509
12593
12510
12594
12511
12595
12512
12596
12513
12597
12514
12598
12515
12599
12516
12600
12517
12601
12518
12602
12519
12603
12520
12604
12521
12605
12522
12606
12523
12607
12524
12608
12525
12609
12526
12610
12527
12611
12528
12612
12529
12613
12530
12614
12531
12615
12532
12616
12533
12617
12534
12618
12535
12619
12536
12620
12537
12621
12538
12622
12539
12623
12540
12624
12541
12625
12542
12626
12543
12627
12544
12628
12545
12629
12546
12630
12547
12631
12548
12632
12549
12633
12550
12634
12551
12635
12552
12636
12553
12637
12554
12638
12555
12639
12556
12640
12557
12641
12558
12642
12559
12643
12560
12644
12561
12645
12562
12646
12563
12647
12564
12648
12565
12649
12566
12650
12567
12651
12568
12652
12569
12653
12570
12654
12571
12655
12572
12656
12573
12657
12574
12658
12575
12659
12576
12660
12577
12661
12578
12662
12579
12663
12664
12581
12665
12582
12666
12583
12667
12584
12668
12585
12669
12586
12670
12587
12671
12588
12672
12589
12673
12590
12674
12591
12675
12592
12676
12593
12677
12594
12678
12595
12679
12596
12680
12597
12681
12598
12682
12599
12683
12600
12684
12601
12685
12602
12686
12603
12687
12604
12688
12605
12689
12606
12690
12607
12691
12608
12692
12609
12693
12610
12694
12611
12695
12612
12696
12613
12697
12614
12698
12615
12699
12616
12700
12617
12701
12618
12702
12619
12703
12620
12704
12621
12705
12622
12706
12623
12707
12624
12708
12625
12709
12626
12710
12627
12711
12628
12712
12629
12713
12630
12714
12631
12715
12632
12716
12633
12717
12634
12718
12635
12719
12636
12720
12637
12721
12638
12722
12639
12723
12640
12724
12641
12725
12642
12726
12643
12727
12644
12728
12645
12729
12646
12730
12647
12731
12648
12732
12649
12733
12650
12734
12651
12735
12652
12736
12653
12737
12654
12738
12655
12739
12656
12740
12657
12741
12658
12742
12659
12743
12660
12744
12661
12745
12662
12746
12663
12747
12664
12748
12749
12666
12750
12667
12751
12668
12752
12669
12753
12670
12754
12671
12755
12672
12756
12673
12757
12674
12758
12675
12759
12676
12760
12677
12761
12678
12762
12679
12763
12680
12764
12681
12765
12682
12766
12683
12767
12684
12768
12685
12769
12686
12770
12687
12771
12688
12772
12689
12773
12690
12774
12691
12775
12692
12776
12693
12777
12694
12778
12695
12779
12696
12780
12697
12781
12698
12782
12699
12783
12700
12784
12701
12785
12702
12786
12703
12787
12704
12788
12705
12789
12706
12790
12707
12791
12708
12792
12709
12793
12710
12794
12711
12795
12712
12796
12713
12797
12714
12798
12715
12799
12716
12800
12717
12801
12718
12802
12719
12803
12720
12804
12721
12805
12722
12806
12723
12807
12724
12808
12725
12809
12726
12810
12727
12811
12728
12812
12729
12813
12730
12814
12731
12815
12732
12816
12733
12817
12734
12818
12735
12819
12736
12820
12737
12821
12738
12822
12739
12823
12740
12824
12741
12825
12742
12826
12743
12827
12744
12828
12745
12829
12746
12830
12747
12831
12748
12832
12749
12833
12834
12751
12835
12752
12836
12753
12837
12754
12838
12755
12839
12756
12840
12757
12841
12758
12842
12759
12843
12760
12844
12761
12845
12762
12846
12763
12847
12764
12848
12765
12849
12766
12850
12767
12851
12768
12852
12769
12853
12770
12854
12771
12855
12772
12856
12773
12857
12774
12858
12775
12859
12776
12860
12777
12861
12778
12862
12779
12863
12780
12864
12781
12865
12782
12866
12783
12867
12784
12868
12785
12869
12786
12870
12787
12871
12788
12872
12789
12873
12790
12874
12791
12875
12792
12876
12793
12877
12794
12878
12795
12879
12796
12880
12797
12881
12798
12882
12799
12883
12800
12884
12801
12885
12802
12886
12803
12887
12804
12888
12805
12889
12806
12890
12807
12891
12808
12892
12809
12893
12810
12894
12811
12895
12812
12896
12813
12897
12814
12898
12815
12899
12816
12900
12817
12901
12818
12902
12819
12903
12820
12904
12821
12905
12822
12906
12823
12907
12824
12908
12825
12909
12826
12910
12827
12911
12828
12912
12829
12913
12830
12914
12831
12915
12832
12916
12833
12917
12834
12918
12919
12836
12920
12837
12921
12838
12922
12839
12923
12840
12924
12841
12925
12842
12926
12843
12927
12844
12928
12845
12929
12846
12930
12847
12931
12848
12932
12849
12933
12850
12934
12851
12935
12852
12936
12853
12937
12854
12938
12855
12939
12856
12940
12857
12941
12858
12942
12859
12943
12860
12944
12861
12945
12862
12946
12863
12947
12864
12948
12865
12949
12866
12950
12867
12951
12868
12952
12869
12953
12870
12954
12871
12955
12872
12956
12873
12957
12874
12958
12875
12959
12876
12960
12877
12961
12878
12962
12879
12963
12880
12964
12881
12965
12882
12966
12883
12967
12884
12968
12885
12969
12886
12970
12887
12971
12888
12972
12889
12973
12890
12974
12891
12975
12892
12976
12893
12977
12894
12978
12895
12979
12896
12980
12897
12981
12898
12982
12899
12983
12900
12984
12901
12985
12902
12986
12903
12987
12904
12988
12905
12989
12906
12990
12907
12991
12908
12992
12909
12993
12910
12994
12911
12995
12912
12996
12913
12997
12914
12998
12915
12999
12916
13000
12917
13001
12918
13002
12919
13003
13004
12921
13005
12922
13006
12923
13007
12924
13008
12925
13009
12926
13010
12927
13011
12928
13012
12929
13013
12930
13014
12931
13015
12932
13016
12933
13017
12934
13018
12935
13019
12936
13020
12937
13021
12938
13022
12939
13023
12940
13024
12941
13025
12942
13026
12943
13027
12944
13028
12945
13029
12946
13030
12947
13031
12948
13032
12949
13033
12950
13034
12951
13035
12952
13036
12953
13037
12954
13038
12955
13039
12956
13040
12957
13041
12958
13042
12959
13043
12960
13044
12961
13045
12962
13046
12963
13047
12964
13048
12965
13049
12966
13050
12967
13051
12968
13052
12969
13053
12970
13054
12971
13055
12972
13056
12973
13057
12974
13058
12975
13059
12976
13060
12977
13061
12978
13062
12979
13063
12980
13064
12981
13065
12982
13066
12983
13067
12984
13068
12985
13069
12986
13070
12987
13071
12988
13072
12989
13073
12990
13074
12991
13075
12992
13076
12993
13077
12994
13078
12995
13079
12996
13080
12997
13081
12998
13082
12999
13083
13000
13084
13001
13085
13002
13086
13003
13087
13004
13088
13089
13006
13090
13007
13091
13008
13092
13009
13093
13010
13094
13011
13095
13012
13096
13013
13097
13014
13098
13015
13099
13016
13100
13017
13101
13018
13102
13019
13103
13020
13104
13021
13105
13022
13106
13023
13107
13024
13108
13025
13109
13026
13110
13027
13111
13028
13112
13029
13113
13030
13114
13031
13115
13032
13116
13033
13117
13034
13118
13035
13119
13036
13120
13037
13121
13038
13122
13039
13123
13040
13124
13041
13125
13042
13126
13043
13127
13044
13128
13045
13129
13046
13130
13047
13131
13048
13132
13049
13133
13050
13134
13051
13135
13052
13136
13053
13137
13054
13138
13055
13139
13056
13140
13057
13141
13058
13142
13059
13143
13060
13144
13061
13145
13062
13146
13063
13147
13064
13148
13065
13149
13066
13150
13067
13151
13068
13152
13069
13153
13070
13154
13071
13155
13072
13156
13073
13157
13074
13158
13075
13159
13076
13160
13077
13161
13078
13162
13079
13163
13080
13164
13081
13165
13082
13166
13083
13167
13084
13168
13085
13169
13086
13170
13087
13171
13088
13172
13089
13173
13174
13091
13175
13092
13176
13093
13177
13094
13178
13095
13179
13096
13180
13097
13181
13098
13182
13099
13183
13100
13184
13101
13185
13102
13186
13103
13187
13104
13188
13105
13189
13106
13190
13107
13191
13108
13192
13109
13193
13110
13194
13111
13195
13112
13196
13113
13197
13114
13198
13115
13199
13116
13200
13117
13201
13118
13202
13119
13203
13120
13204
13121
13205
13122
13206
13123
13207
13124
13208
13125
13209
13126
13210
13127
13211
13128
13212
13129
13213
13130
13214
13131
13215
13132
13216
13133
13217
13134
13218
13135
13219
13136
13220
13137
13221
13138
13222
13139
13223
13140
13224
13141
13225
13142
13226
13143
13227
13144
13228
13145
13229
13146
13230
13147
13231
13148
13232
13149
13233
13150
13234
13151
13235
13152
13236
13153
13237
13154
13238
13155
13239
13156
13240
13157
13241
13158
13242
13159
13243
13160
13244
13161
13245
13162
13246
13163
13247
13164
13248
13165
13249
13166
13250
13167
13251
13168
13252
13169
13253
13170
13254
13171
13255
13172
13256
13173
13257
13174
13258
13259
13176
13260
13177
13261
13178
13262
13179
13263
13180
13264
13181
13265
13182
13266
13183
13267
13184
13268
13185
13269
13186
13270
13187
13271
13188
13272
13189
13273
13190
13274
13191
13275
13192
13276
13193
13277
13194
13278
13195
13279
13196
13280
13197
13281
13198
13282
13199
13283
13200
13284
13201
13285
13202
13286
13203
13287
13204
13288
13205
13289
13206
13290
13207
13291
13208
13292
13209
13293
13210
13294
13211
13295
13212
13296
13213
13297
13214
13298
13215
13299
13216
13300
13217
13301
13218
13302
13219
13303
13220
13304
13221
13305
13222
13306
13223
13307
13224
13308
13225
13309
13226
13310
13227
13311
13228
13312
13229
13313
13230
13314
13231
13315
13232
13316
13233
13317
13234
13318
13235
13319
13236
13320
13237
13321
13238
13322
13239
13323
13240
13324
13241
13325
13242
13326
13243
13327
13244
13328
13245
13329
13246
13330
13247
13331
13248
13332
13249
13333
13250
13334
13251
13335
13252
13336
13253
13337
13254
13338
13255
13339
13256
13340
13257
13341
13258
13342
13259
13343
13344
13261
13345
13262
13346
13263
13347
13264
13348
13265
13349
13266
13350
13267
13351
13268
13352
13269
13353
13270
13354
13271
13355
13272
13356
13273
13357
13274
13358
13275
13359
13276
13360
13277
13361
13278
13362
13279
13363
13280
13364
13281
13365
13282
13366
13283
13367
13284
13368
13285
13369
13286
13370
13287
13371
13288
13372
13289
13373
13290
13374
13291
13375
13292
13376
13293
13377
13294
13378
13295
13379
13296
13380
13297
13381
13298
13382
13299
13383
13300
13384
13301
13385
13302
13386
13303
13387
13304
13388
13305
13389
13306
13390
13307
13391
13308
13392
13309
13393
13310
13394
13311
13395
13312
13396
13313
13397
13314
13398
13315
13399
13316
13400
13317
13401
13318
13402
13319
13403
13320
13404
13321
13405
13322
13406
13323
13407
13324
13408
13325
13409
13326
13410
13327
13411
13328
13412
13329
13413
13330
13414
13331
13415
13332
13416
13333
13417
13334
13418
13335
13419
13336
13420
13337
13421
13338
13422
13339
13423
13340
13424
13341
13425
13342
13426
13343
13427
13344
13428
13429
13346
13430
13347
13431
13348
13432
13349
13433
13350
13434
13351
13435
13352
13436
13353
13437
13354
13438
13355
13439
13356
13440
13357
13441
13358
13442
13359
13443
13360
13444
13361
13445
13362
13446
13363
13447
13364
13448
13365
13449
13366
13450
13367
13451
13368
13452
13369
13453
13370
13454
13371
13455
13372
13456
13373
13457
13374
13458
13375
13459
13376
13460
13377
13461
13378
13462
13379
13463
13380
13464
13381
13465
13382
13466
13383
13467
13384
13468
13385
13469
13386
13470
13387
13471
13388
13472
13389
13473
13390
13474
13391
13475
13392
13476
13393
13477
13394
13478
13395
13479
13396
13480
13397
13481
13398
13482
13399
13483
13400
13484
13401
13485
13402
13486
13403
13487
13404
13488
13405
13489
13406
13490
13407
13491
13408
13492
13409
13493
13410
13494
13411
13495
13412
13496
13413
13497
13414
13498
13415
13499
13416
13500
13417
13501
13418
13502
13419
13503
13420
13504
13421
13505
13422
13506
13423
13507
13424
13508
13425
13509
13426
13510
13427
13511
13428
13512
13429
13513
13514
13431
13515
13432
13516
13433
13517
13434
13518
13435
13519
13436
13520
13437
13521
13438
13522
13439
13523
13440
13524
13441
13525
13442
13526
13443
13527
13444
13528
13445
13529
13446
13530
13447
13531
13448
13532
13449
13533
13450
13534
13451
13535
13452
13536
13453
13537
13454
13538
13455
13539
13456
13540
13457
13541
13458
13542
13459
13543
13460
13544
13461
13545
13462
13546
13463
13547
13464
13548
13465
13549
13466
13550
13467
13551
13468
13552
13469
13553
13470
13554
13471
13555
13472
13556
13473
13557
13474
13558
13475
13559
13476
13560
13477
13561
13478
13562
13479
13563
13480
13564
13481
13565
13482
13566
13483
13567
13484
13568
13485
13569
13486
13570
13487
13571
13488
13572
13489
13573
13490
13574
13491
13575
13492
13576
13493
13577
13494
13578
13495
13579
13496
13580
13497
13581
13498
13582
13499
13583
13500
13584
13501
13585
13502
13586
13503
13587
13504
13588
13505
13589
13506
13590
13507
13591
13508
13592
13509
13593
13510
13594
13511
13595
13512
13596
13513
13597
13514
13598
13599
13516
13600
13517
13601
13518
13602
13519
13603
13520
13604
13521
13605
13522
13606
13523
13607
13524
13608
13525
13609
13526
13610
13527
13611
13528
13612
13529
13613
13530
13614
13531
13615
13532
13616
13533
13617
13534
13618
13535
13619
13536
13620
13537
13621
13538
13622
13539
13623
13540
13624
13541
13625
13542
13626
13543
13627
13544
13628
13545
13629
13546
13630
13547
13631
13548
13632
13549
13633
13550
13634
13551
13635
13552
13636
13553
13637
13554
13638
13555
13639
13556
13640
13557
13641
13558
13642
13559
13643
13560
13644
13561
13645
13562
13646
13563
13647
13564
13648
13565
13649
13566
13650
13567
13651
13568
13652
13569
13653
13570
13654
13571
13655
13572
13656
13573
13657
13574
13658
13575
13659
13576
13660
13577
13661
13578
13662
13579
13663
13580
13664
13581
13665
13582
13666
13583
13667
13584
13668
13585
13669
13586
13670
13587
13671
13588
13672
13589
13673
13590
13674
13591
13675
13592
13676
13593
13677
13594
13678
13595
13679
13596
13680
13597
13681
13598
13682
13599
13683
13684
13601
13685
13602
13686
13603
13687
13604
13688
13605
13689
13606
13690
13607
13691
13608
13692
13609
13693
13610
13694
13611
13695
13612
13696
13613
13697
13614
13698
13615
13699
13616
13700
13617
13701
13618
13702
13619
13703
13620
13704
13621
13705
13622
13706
13623
13707
13624
13708
13625
13709
13626
13710
13627
13711
13628
13712
13629
13713
13630
13714
13631
13715
13632
13716
13633
13717
13634
13718
13635
13719
13636
13720
13637
13721
13638
13722
13639
13723
13640
13724
13641
13725
13642
13726
13643
13727
13644
13728
13645
13729
13646
13730
13647
13731
13648
13732
13649
13733
13650
13734
13651
13735
13652
13736
13653
13737
13654
13738
13655
13739
13656
13740
13657
13741
13658
13742
13659
13743
13660
13744
13661
13745
13662
13746
13663
13747
13664
13748
13665
13749
13666
13750
13667
13751
13668
13752
13669
13753
13670
13754
13671
13755
13672
13756
13673
13757
13674
13758
13675
13759
13676
13760
13677
13761
13678
13762
13679
13763
13680
13764
13681
13765
13682
13766
13683
13767
13684
13768
13769
13686
13770
13687
13771
13688
13772
13689
13773
13690
13774
13691
13775
13692
13776
13693
13777
13694
13778
13695
13779
13696
13780
13697
13781
13698
13782
13699
13783
13700
13784
13701
13785
13702
13786
13703
13787
13704
13788
13705
13789
13706
13790
13707
13791
13708
13792
13709
13793
13710
13794
13711
13795
13712
13796
13713
13797
13714
13798
13715
13799
13716
13800
13717
13801
13718
13802
13719
13803
13720
13804
13721
13805
13722
13806
13723
13807
13724
13808
13725
13809
13726
13810
13727
13811
13728
13812
13729
13813
13730
13814
13731
13815
13732
13816
13733
13817
13734
13818
13735
13819
13736
13820
13737
13821
13738
13822
13739
13823
13740
13824
13741
13825
13742
13826
13743
13827
13744
13828
13745
13829
13746
13830
13747
13831
13748
13832
13749
13833
13750
13834
13751
13835
13752
13836
13753
13837
13754
13838
13755
13839
13756
13840
13757
13841
13758
13842
13759
13843
13760
13844
13761
13845
13762
13846
13763
13847
13764
13848
13765
13849
13766
13850
13767
13851
13768
13852
13769
13853
13854
13771
13855
13772
13856
13773
13857
13774
13858
13775
13859
13776
13860
13777
13861
13778
13862
13779
13863
13780
13864
13781
13865
13782
13866
13783
13867
13784
13868
13785
13869
13786
13870
13787
13871
13788
13872
13789
13873
13790
13874
13791
13875
13792
13876
13793
13877
13794
13878
13795
13879
13796
13880
13797
13881
13798
13882
13799
13883
13800
13884
13801
13885
13802
13886
13803
13887
13804
13888
13805
13889
13806
13890
13807
13891
13808
13892
13809
13893
13810
13894
13811
13895
13812
13896
13813
13897
13814
13898
13815
13899
13816
13900
13817
13901
13818
13902
13819
13903
13820
13904
13821
13905
13822
13906
13823
13907
13824
13908
13825
13909
13826
13910
13827
13911
13828
13912
13829
13913
13830
13914
13831
13915
13832
13916
13833
13917
13834
13918
13835
13919
13836
13920
13837
13921
13838
13922
13839
13923
13840
13924
13841
13925
13842
13926
13843
13927
13844
13928
13845
13929
13846
13930
13847
13931
13848
13932
13849
13933
13850
13934
13851
13935
13852
13936
13853
13937
13854
13938
13939
13856
13940
13857
13941
13858
13942
13859
13943
13860
13944
13861
13945
13862
13946
13863
13947
13864
13948
13865
13949
13866
13950
13867
13951
13868
13952
13869
13953
13870
13954
13871
13955
13872
13956
13873
13957
13874
13958
13875
13959
13876
13960
13877
13961
13878
13962
13879
13963
13880
13964
13881
13965
13882
13966
13883
13967
13884
13968
13885
13969
13886
13970
13887
13971
13888
13972
13889
13973
13890
13974
13891
13975
13892
13976
13893
13977
13894
13978
13895
13979
13896
13980
13897
13981
13898
13982
13899
13983
13900
13984
13901
13985
13902
13986
13903
13987
13904
13988
13905
13989
13906
13990
13907
13991
13908
13992
13909
13993
13910
13994
13911
13995
13912
13996
13913
13997
13914
13998
13915
13999
13916
14000
13917
14001
13918
14002
13919
14003
13920
14004
13921
14005
13922
14006
13923
14007
13924
14008
13925
14009
13926
14010
13927
14011
13928
14012
13929
14013
13930
14014
13931
14015
13932
14016
13933
14017
13934
14018
13935
14019
13936
14020
13937
14021
13938
14022
13939
14023
14024
13941
14025
13942
14026
13943
14027
13944
14028
13945
14029
13946
14030
13947
14031
13948
14032
13949
14033
13950
14034
13951
14035
13952
14036
13953
14037
13954
14038
13955
14039
13956
14040
13957
14041
13958
14042
13959
14043
13960
14044
13961
14045
13962
14046
13963
14047
13964
14048
13965
14049
13966
14050
13967
14051
13968
14052
13969
14053
13970
14054
13971
14055
13972
14056
13973
14057
13974
14058
13975
14059
13976
14060
13977
14061
13978
14062
13979
14063
13980
14064
13981
14065
13982
14066
13983
14067
13984
14068
13985
14069
13986
14070
13987
14071
13988
14072
13989
14073
13990
14074
13991
14075
13992
14076
13993
14077
13994
14078
13995
14079
13996
14080
13997
14081
13998
14082
13999
14083
14000
14084
14001
14085
14002
14086
14003
14087
14004
14088
14005
14089
14006
14090
14007
14091
14008
14092
14009
14093
14010
14094
14011
14095
14012
14096
14013
14097
14014
14098
14015
14099
14016
14100
14017
14101
14018
14102
14019
14103
14020
14104
14021
14105
14022
14106
14023
14107
14024
14108
14109
14026
14110
14027
14111
14028
14112
14029
14113
14030
14114
14031
14115
14032
14116
14033
14117
14034
14118
14035
14119
14036
14120
14037
14121
14038
14122
14039
14123
14040
14124
14041
14125
14042
14126
14043
14127
14044
14128
14045
14129
14046
14130
14047
14131
14048
14132
14049
14133
14050
14134
14051
14135
14052
14136
14053
14137
14054
14138
14055
14139
14056
14140
14057
14141
14058
14142
14059
14143
14060
14144
14061
14145
14062
14146
14063
14147
14064
14148
14065
14149
14066
14150
14067
14151
14068
14152
14069
14153
14070
14154
14071
14155
14072
14156
14073
14157
14074
14158
14075
14159
14076
14160
14077
14161
14078
14162
14079
14163
14080
14164
14081
14165
14082
14166
14083
14167
14084
14168
14085
14169
14086
14170
14087
14171
14088
14172
14089
14173
14090
14174
14091
14175
14092
14176
14093
14177
14094
14178
14095
14179
14096
14180
14097
14181
14098
14182
14099
14183
14100
14184
14101
14185
14102
14186
14103
14187
14104
14188
14105
14189
14106
14190
14107
14191
14108
14192
14109
14193
14194
14111
14195
14112
14196
14113
14197
14114
14198
14115
14199
14116
14200
14117
14201
14118
14202
14119
14203
14120
14204
14121
14205
14122
14206
14123
14207
14124
14208
14125
14209
14126
14210
14127
14211
14128
14212
14129
14213
14130
14214
14131
14215
14132
14216
14133
14217
14134
14218
14135
14219
14136
14220
14137
14221
14138
14222
14139
14223
14140
14224
14141
14225
14142
14226
14143
14227
14144
14228
14145
14229
14146
14230
14147
14231
14148
14232
14149
14233
14150
14234
14151
14235
14152
14236
14153
14237
14154
14238
14155
14239
14156
14240
14157
14241
14158
14242
14159
14243
14160
14244
14161
14245
14162
14246
14163
14247
14164
14248
14165
14249
14166
14250
14167
14251
14168
14252
14169
14253
14170
14254
14171
14255
14172
14256
14173
14257
14174
14258
14175
14259
14176
14260
14177
14261
14178
14262
14179
14263
14180
14264
14181
14265
14182
14266
14183
14267
14184
14268
14185
14269
14186
14270
14187
14271
14188
14272
14189
14273
14190
14274
14191
14275
14192
14276
14193
14277
14194
14278
14279
14196
14280
14197
14281
14198
14282
14199
14283
14200
14284
14201
14285
14202
14286
14203
14287
14204
14288
14205
14289
14206
14290
14207
14291
14208
14292
14209
14293
14210
14294
14211
14295
14212
14296
14213
14297
14214
14298
14215
14299
14216
14300
14217
14301
14218
14302
14219
14303
14220
14304
14221
14305
14222
14306
14223
14307
14224
14308
14225
14309
14226
14310
14227
14311
14228
14312
14229
14313
14230
14314
14231
14315
14232
14316
14233
14317
14234
14318
14235
14319
14236
14320
14237
14321
14238
14322
14239
14323
14240
14324
14241
14325
14242
14326
14243
14327
14244
14328
14245
14329
14246
14330
14247
14331
14248
14332
14249
14333
14250
14334
14251
14335
14252
14336
14253
14337
14254
14338
14255
14339
14256
14340
14257
14341
14258
14342
14259
14343
14260
14344
14261
14345
14262
14346
14263
14347
14264
14348
14265
14349
14266
14350
14267
14351
14268
14352
14269
14353
14270
14354
14271
14355
14272
14356
14273
14357
14274
14358
14275
14359
14276
14360
14277
14361
14278
14362
14279
14363
14364
14281
14365
14282
14366
14283
14367
14284
14368
14285
14369
14286
14370
14287
14371
14288
14372
14289
14373
14290
14374
14291
14375
14292
14376
14293
14377
14294
14378
14295
14379
14296
14380
14297
14381
14298
14382
14299
14383
14300
14384
14301
14385
14302
14386
14303
14387
14304
14388
14305
14389
14306
14390
14307
14391
14308
14392
14309
14393
14310
14394
14311
14395
14312
14396
14313
14397
14314
14398
14315
14399
14316
14400
14317
14401
14318
14402
14319
14403
14320
14404
14321
14405
14322
14406
14323
14407
14324
14408
14325
14409
14326
14410
14327
14411
14328
14412
14329
14413
14330
14414
14331
14415
14332
14416
14333
14417
14334
14418
14335
14419
14336
14420
14337
14421
14338
14422
14339
14423
14340
14424
14341
14425
14342
14426
14343
14427
14344
14428
14345
14429
14346
14430
14347
14431
14348
14432
14349
14433
14350
14434
14351
14435
14352
14436
14353
14437
14354
14438
14355
14439
14356
14440
14357
14441
14358
14442
14359
14443
14360
14444
14361
14445
14362
14446
14363
14447
14364
14448
14449
14366
14450
14367
14451
14368
14452
14369
14453
14370
14454
14371
14455
14372
14456
14373
14457
14374
14458
14375
14459
14376
14460
14377
14461
14378
14462
14379
14463
14380
14464
14381
14465
14382
14466
14383
14467
14384
14468
14385
14469
14386
14470
14387
14471
14388
14472
14389
14473
14390
14474
14391
14475
14392
14476
14393
14477
14394
14478
14395
14479
14396
14480
14397
14481
14398
14482
14399
14483
14400
14484
14401
14485
14402
14486
14403
14487
14404
14488
14405
14489
14406
14490
14407
14491
14408
14492
14409
14493
14410
14494
14411
14495
14412
14496
14413
14497
14414
14498
14415
14499
14416
14500
14417
14501
14418
14502
14419
14503
14420
14504
14421
14505
14422
14506
14423
14507
14424
14508
14425
14509
14426
14510
14427
14511
14428
14512
14429
14513
14430
14514
14431
14515
14432
14516
14433
14517
14434
14518
14435
14519
14436
14520
14437
14521
14438
14522
14439
14523
14440
14524
14441
14525
14442
14526
14443
14527
14444
14528
14445
14529
14446
14530
14447
14531
14448
14532
14449
14533
14534
14451
14535
14452
14536
14453
14537
14454
14538
14455
14539
14456
14540
14457
14541
14458
14542
14459
14543
14460
14544
14461
14545
14462
14546
14463
14547
14464
14548
14465
14549
14466
14550
14467
14551
14468
14552
14469
14553
14470
14554
14471
14555
14472
14556
14473
14557
14474
14558
14475
14559
14476
14560
14477
14561
14478
14562
14479
14563
14480
14564
14481
14565
14482
14566
14483
14567
14484
14568
14485
14569
14486
14570
14487
14571
14488
14572
14489
14573
14490
14574
14491
14575
14492
14576
14493
14577
14494
14578
14495
14579
14496
14580
14497
14581
14498
14582
14499
14583
14500
14584
14501
14585
14502
14586
14503
14587
14504
14588
14505
14589
14506
14590
14507
14591
14508
14592
14509
14593
14510
14594
14511
14595
14512
14596
14513
14597
14514
14598
14515
14599
14516
14600
14517
14601
14518
14602
14519
14603
14520
14604
14521
14605
14522
14606
14523
14607
14524
14608
14525
14609
14526
14610
14527
14611
14528
14612
14529
14613
14530
14614
14531
14615
14532
14616
14533
14617
14534
14618
14619
14536
14620
14537
14621
14538
14622
14539
14623
14540
14624
14541
14625
14542
14626
14543
14627
14544
14628
14545
14629
14546
14630
14547
14631
14548
14632
14549
14633
14550
14634
14551
14635
14552
14636
14553
14637
14554
14638
14555
14639
14556
14640
14557
14641
14558
14642
14559
14643
14560
14644
14561
14645
14562
14646
14563
14647
14564
14648
14565
14649
14566
14650
14567
14651
14568
14652
14569
14653
14570
14654
14571
14655
14572
14656
14573
14657
14574
14658
14575
14659
14576
14660
14577
14661
14578
14662
14579
14663
14580
14664
14581
14665
14582
14666
14583
14667
14584
14668
14585
14669
14586
14670
14587
14671
14588
14672
14589
14673
14590
14674
14591
14675
14592
14676
14593
14677
14594
14678
14595
14679
14596
14680
14597
14681
14598
14682
14599
14683
14600
14684
14601
14685
14602
14686
14603
14687
14604
14688
14605
14689
14606
14690
14607
14691
14608
14692
14609
14693
14610
14694
14611
14695
14612
14696
14613
14697
14614
14698
14615
14699
14616
14700
14617
14701
14618
14702
14619
14703
14704
14621
14705
14622
14706
14623
14707
14624
14708
14625
14709
14626
14710
14627
14711
14628
14712
14629
14713
14630
14714
14631
14715
14632
14716
14633
14717
14634
14718
14635
14719
14636
14720
14637
14721
14638
14722
14639
14723
14640
14724
14641
14725
14642
14726
14643
14727
14644
14728
14645
14729
14646
14730
14647
14731
14648
14732
14649
14733
14650
14734
14651
14735
14652
14736
14653
14737
14654
14738
14655
14739
14656
14740
14657
14741
14658
14742
14659
14743
14660
14744
14661
14745
14662
14746
14663
14747
14664
14748
14665
14749
14666
14750
14667
14751
14668
14752
14669
14753
14670
14754
14671
14755
14672
14756
14673
14757
14674
14758
14675
14759
14676
14760
14677
14761
14678
14762
14679
14763
14680
14764
14681
14765
14682
14766
14683
14767
14684
14768
14685
14769
14686
14770
14687
14771
14688
14772
14689
14773
14690
14774
14691
14775
14692
14776
14693
14777
14694
14778
14695
14779
14696
14780
14697
14781
14698
14782
14699
14783
14700
14784
14701
14785
14702
14786
14703
14787
14704
14788
14789
14706
14790
14707
14791
14708
14792
14709
14793
14710
14794
14711
14795
14712
14796
14713
14797
14714
14798
14715
14799
14716
14800
14717
14801
14718
14802
14719
14803
14720
14804
14721
14805
14722
14806
14723
14807
14724
14808
14725
14809
14726
14810
14727
14811
14728
14812
14729
14813
14730
14814
14731
14815
14732
14816
14733
14817
14734
14818
14735
14819
14736
14820
14737
14821
14738
14822
14739
14823
14740
14824
14741
14825
14742
14826
14743
14827
14744
14828
14745
14829
14746
14830
14747
14831
14748
14832
14749
14833
14750
14834
14751
14835
14752
14836
14753
14837
14754
14838
14755
14839
14756
14840
14757
14841
14758
14842
14759
14843
14760
14844
14761
14845
14762
14846
14763
14847
14764
14848
14765
14849
14766
14850
14767
14851
14768
14852
14769
14853
14770
14854
14771
14855
14772
14856
14773
14857
14774
14858
14775
14859
14776
14860
14777
14861
14778
14862
14779
14863
14780
14864
14781
14865
14782
14866
14783
14867
14784
14868
14785
14869
14786
14870
14787
14871
14788
14872
14789
14873
14874
14791
14875
14792
14876
14793
14877
14794
14878
14795
14879
14796
14880
14797
14881
14798
14882
14799
14883
14800
14884
14801
14885
14802
14886
14803
14887
14804
14888
14805
14889
14806
14890
14807
14891
14808
14892
14809
14893
14810
14894
14811
14895
14812
14896
14813
14897
14814
14898
14815
14899
14816
14900
14817
14901
14818
14902
14819
14903
14820
14904
14821
14905
14822
14906
14823
14907
14824
14908
14825
14909
14826
14910
14827
14911
14828
14912
14829
14913
14830
14914
14831
14915
14832
14916
14833
14917
14834
14918
14835
14919
14836
14920
14837
14921
14838
14922
14839
14923
14840
14924
14841
14925
14842
14926
14843
14927
14844
14928
14845
14929
14846
14930
14847
14931
14848
14932
14849
14933
14850
14934
14851
14935
14852
14936
14853
14937
14854
14938
14855
14939
14856
14940
14857
14941
14858
14942
14859
14943
14860
14944
14861
14945
14862
14946
14863
14947
14864
14948
14865
14949
14866
14950
14867
14951
14868
14952
14869
14953
14870
14954
14871
14955
14872
14956
14873
14957
14874
14958
14959
14876
14960
14877
14961
14878
14962
14879
14963
14880
14964
14881
14965
14882
14966
14883
14967
14884
14968
14885
14969
14886
14970
14887
14971
14888
14972
14889
14973
14890
14974
14891
14975
14892
14976
14893
14977
14894
14978
14895
14979
14896
14980
14897
14981
14898
14982
14899
14983
14900
14984
14901
14985
14902
14986
14903
14987
14904
14988
14905
14989
14906
14990
14907
14991
14908
14992
14909
14993
14910
14994
14911
14995
14912
14996
14913
14997
14914
14998
14915
14999
14916
15000
14917
15001
14918
15002
14919
15003
14920
15004
14921
15005
14922
15006
14923
15007
14924
15008
14925
15009
14926
15010
14927
15011
14928
15012
14929
15013
14930
15014
14931
15015
14932
15016
14933
15017
14934
15018
14935
15019
14936
15020
14937
15021
14938
15022
14939
15023
14940
15024
14941
15025
14942
15026
14943
15027
14944
15028
14945
15029
14946
15030
14947
15031
14948
15032
14949
15033
14950
15034
14951
15035
14952
15036
14953
15037
14954
15038
14955
15039
14956
15040
14957
15041
14958
15042
14959
15043
15044
14961
15045
14962
15046
14963
15047
14964
15048
14965
15049
14966
15050
14967
15051
14968
15052
14969
15053
14970
15054
14971
15055
14972
15056
14973
15057
14974
15058
14975
15059
14976
15060
14977
15061
14978
15062
14979
15063
14980
15064
14981
15065
14982
15066
14983
15067
14984
15068
14985
15069
14986
15070
14987
15071
14988
15072
14989
15073
14990
15074
14991
15075
14992
15076
14993
15077
14994
15078
14995
15079
14996
15080
14997
15081
14998
15082
14999
15083
15000
15084
15001
15085
15002
15086
15003
15087
15004
15088
15005
15089
15006
15090
15007
15091
15008
15092
15009
15093
15010
15094
15011
15095
15012
15096
15013
15097
15014
15098
15015
15099
15016
15100
15017
15101
15018
15102
15019
15103
15020
15104
15021
15105
15022
15106
15023
15107
15024
15108
15025
15109
15026
15110
15027
15111
15028
15112
15029
15113
15030
15114
15031
15115
15032
15116
15033
15117
15034
15118
15035
15119
15036
15120
15037
15121
15038
15122
15039
15123
15040
15124
15041
15125
15042
15126
15043
15127
15044
15128
15129
15046
15130
15047
15131
15048
15132
15049
15133
15050
15134
15051
15135
15052
15136
15053
15137
15054
15138
15055
15139
15056
15140
15057
15141
15058
15142
15059
15143
15060
15144
15061
15145
15062
15146
15063
15147
15064
15148
15065
15149
15066
15150
15067
15151
15068
15152
15069
15153
15070
15154
15071
15155
15072
15156
15073
15157
15074
15158
15075
15159
15076
15160
15077
15161
15078
15162
15079
15163
15080
15164
15081
15165
15082
15166
15083
15167
15084
15168
15085
15169
15086
15170
15087
15171
15088
15172
15089
15173
15090
15174
15091
15175
15092
15176
15093
15177
15094
15178
15095
15179
15096
15180
15097
15181
15098
15182
15099
15183
15100
15184
15101
15185
15102
15186
15103
15187
15104
15188
15105
15189
15106
15190
15107
15191
15108
15192
15109
15193
15110
15194
15111
15195
15112
15196
15113
15197
15114
15198
15115
15199
15116
15200
15117
15201
15118
15202
15119
15203
15120
15204
15121
15205
15122
15206
15123
15207
15124
15208
15125
15209
15126
15210
15127
15211
15128
15212
15129
15213
15214
15131
15215
15132
15216
15133
15217
15134
15218
15135
15219
15136
15220
15137
15221
15138
15222
15139
15223
15140
15224
15141
15225
15142
15226
15143
15227
15144
15228
15145
15229
15146
15230
15147
15231
15148
15232
15149
15233
15150
15234
15151
15235
15152
15236
15153
15237
15154
15238
15155
15239
15156
15240
15157
15241
15158
15242
15159
15243
15160
15244
15161
15245
15162
15246
15163
15247
15164
15248
15165
15249
15166
15250
15167
15251
15168
15252
15169
15253
15170
15254
15171
15255
15172
15256
15173
15257
15174
15258
15175
15259
15176
15260
15177
15261
15178
15262
15179
15263
15180
15264
15181
15265
15182
15266
15183
15267
15184
15268
15185
15269
15186
15270
15187
15271
15188
15272
15189
15273
15190
15274
15191
15275
15192
15276
15193
15277
15194
15278
15195
15279
15196
15280
15197
15281
15198
15282
15199
15283
15200
15284
15201
15285
15202
15286
15203
15287
15204
15288
15205
15289
15206
15290
15207
15291
15208
15292
15209
15293
15210
15294
15211
15295
15212
15296
15213
15297
15214
15298
15299
15216
15300
15217
15301
15218
15302
15219
15303
15220
15304
15221
15305
15222
15306
15223
15307
15224
15308
15225
15309
15226
15310
15227
15311
15228
15312
15229
15313
15230
15314
15231
15315
15232
15316
15233
15317
15234
15318
15235
15319
15236
15320
15237
15321
15238
15322
15239
15323
15240
15324
15241
15325
15242
15326
15243
15327
15244
15328
15245
15329
15246
15330
15247
15331
15248
15332
15249
15333
15250
15334
15251
15335
15252
15336
15253
15337
15254
15338
15255
15339
15256
15340
15257
15341
15258
15342
15259
15343
15260
15344
15261
15345
15262
15346
15263
15347
15264
15348
15265
15349
15266
15350
15267
15351
15268
15352
15269
15353
15270
15354
15271
15355
15272
15356
15273
15357
15274
15358
15275
15359
15276
15360
15277
15361
15278
15362
15279
15363
15280
15364
15281
15365
15282
15366
15283
15367
15284
15368
15285
15369
15286
15370
15287
15371
15288
15372
15289
15373
15290
15374
15291
15375
15292
15376
15293
15377
15294
15378
15295
15379
15296
15380
15297
15381
15298
15382
15299
15383
15384
15301
15385
15302
15386
15303
15387
15304
15388
15305
15389
15306
15390
15307
15391
15308
15392
15309
15393
15310
15394
15311
15395
15312
15396
15313
15397
15314
15398
15315
15399
15316
15400
15317
15401
15318
15402
15319
15403
15320
15404
15321
15405
15322
15406
15323
15407
15324
15408
15325
15409
15326
15410
15327
15411
15328
15412
15329
15413
15330
15414
15331
15415
15332
15416
15333
15417
15334
15418
15335
15419
15336
15420
15337
15421
15338
15422
15339
15423
15340
15424
15341
15425
15342
15426
15343
15427
15344
15428
15345
15429
15346
15430
15347
15431
15348
15432
15349
15433
15350
15434
15351
15435
15352
15436
15353
15437
15354
15438
15355
15439
15356
15440
15357
15441
15358
15442
15359
15443
15360
15444
15361
15445
15362
15446
15363
15447
15364
15448
15365
15449
15366
15450
15367
15451
15368
15452
15369
15453
15370
15454
15371
15455
15372
15456
15373
15457
15374
15458
15375
15459
15376
15460
15377
15461
15378
15462
15379
15463
15380
15464
15381
15465
15382
15466
15383
15467
15384
15468
15469
15386
15470
15387
15471
15388
15472
15389
15473
15390
15474
15391
15475
15392
15476
15393
15477
15394
15478
15395
15479
15396
15480
15397
15481
15398
15482
15399
15483
15400
15484
15401
15485
15402
15486
15403
15487
15404
15488
15405
15489
15406
15490
15407
15491
15408
15492
15409
15493
15410
15494
15411
15495
15412
15496
15413
15497
15414
15498
15415
15499
15416
15500
15417
15501
15418
15502
15419
15503
15420
15504
15421
15505
15422
15506
15423
15507
15424
15508
15425
15509
15426
15510
15427
15511
15428
15512
15429
15513
15430
15514
15431
15515
15432
15516
15433
15517
15434
15518
15435
15519
15436
15520
15437
15521
15438
15522
15439
15523
15440
15524
15441
15525
15442
15526
15443
15527
15444
15528
15445
15529
15446
15530
15447
15531
15448
15532
15449
15533
15450
15534
15451
15535
15452
15536
15453
15537
15454
15538
15455
15539
15456
15540
15457
15541
15458
15542
15459
15543
15460
15544
15461
15545
15462
15546
15463
15547
15464
15548
15465
15549
15466
15550
15467
15551
15468
15552
15469
15553
15554
15471
15555
15472
15556
15473
15557
15474
15558
15475
15559
15476
15560
15477
15561
15478
15562
15479
15563
15480
15564
15481
15565
15482
15566
15483
15567
15484
15568
15485
15569
15486
15570
15487
15571
15488
15572
15489
15573
15490
15574
15491
15575
15492
15576
15493
15577
15494
15578
15495
15579
15496
15580
15497
15581
15498
15582
15499
15583
15500
15584
15501
15585
15502
15586
15503
15587
15504
15588
15505
15589
15506
15590
15507
15591
15508
15592
15509
15593
15510
15594
15511
15595
15512
15596
15513
15597
15514
15598
15515
15599
15516
15600
15517
15601
15518
15602
15519
15603
15520
15604
15521
15605
15522
15606
15523
15607
15524
15608
15525
15609
15526
15610
15527
15611
15528
15612
15529
15613
15530
15614
15531
15615
15532
15616
15533
15617
15534
15618
15535
15619
15536
15620
15537
15621
15538
15622
15539
15623
15540
15624
15541
15625
15542
15626
15543
15627
15544
15628
15545
15629
15546
15630
15547
15631
15548
15632
15549
15633
15550
15634
15551
15635
15552
15636
15553
15637
15554
15638
15639
15556
15640
15557
15641
15558
15642
15559
15643
15560
15644
15561
15645
15562
15646
15563
15647
15564
15648
15565
15649
15566
15650
15567
15651
15568
15652
15569
15653
15570
15654
15571
15655
15572
15656
15573
15657
15574
15658
15575
15659
15576
15660
15577
15661
15578
15662
15579
15663
15580
15664
15581
15665
15582
15666
15583
15667
15584
15668
15585
15669
15586
15670
15587
15671
15588
15672
15589
15673
15590
15674
15591
15675
15592
15676
15593
15677
15594
15678
15595
15679
15596
15680
15597
15681
15598
15682
15599
15683
15600
15684
15601
15685
15602
15686
15603
15687
15604
15688
15605
15689
15606
15690
15607
15691
15608
15692
15609
15693
15610
15694
15611
15695
15612
15696
15613
15697
15614
15698
15615
15699
15616
15700
15617
15701
15618
15702
15619
15703
15620
15704
15621
15705
15622
15706
15623
15707
15624
15708
15625
15709
15626
15710
15627
15711
15628
15712
15629
15713
15630
15714
15631
15715
15632
15716
15633
15717
15634
15718
15635
15719
15636
15720
15637
15721
15638
15722
15639
15723
15724
15641
15725
15642
15726
15643
15727
15644
15728
15645
15729
15646
15730
15647
15731
15648
15732
15649
15733
15650
15734
15651
15735
15652
15736
15653
15737
15654
15738
15655
15739
15656
15740
15657
15741
15658
15742
15659
15743
15660
15744
15661
15745
15662
15746
15663
15747
15664
15748
15665
15749
15666
15750
15667
15751
15668
15752
15669
15753
15670
15754
15671
15755
15672
15756
15673
15757
15674
15758
15675
15759
15676
15760
15677
15761
15678
15762
15679
15763
15680
15764
15681
15765
15682
15766
15683
15767
15684
15768
15685
15769
15686
15770
15687
15771
15688
15772
15689
15773
15690
15774
15691
15775
15692
15776
15693
15777
15694
15778
15695
15779
15696
15780
15697
15781
15698
15782
15699
15783
15700
15784
15701
15785
15702
15786
15703
15787
15704
15788
15705
15789
15706
15790
15707
15791
15708
15792
15709
15793
15710
15794
15711
15795
15712
15796
15713
15797
15714
15798
15715
15799
15716
15800
15717
15801
15718
15802
15719
15803
15720
15804
15721
15805
15722
15806
15723
15807
15724
15808
15809
15726
15810
15727
15811
15728
15812
15729
15813
15730
15814
15731
15815
15732
15816
15733
15817
15734
15818
15735
15819
15736
15820
15737
15821
15738
15822
15739
15823
15740
15824
15741
15825
15742
15826
15743
15827
15744
15828
15745
15829
15746
15830
15747
15831
15748
15832
15749
15833
15750
15834
15751
15835
15752
15836
15753
15837
15754
15838
15755
15839
15756
15840
15757
15841
15758
15842
15759
15843
15760
15844
15761
15845
15762
15846
15763
15847
15764
15848
15765
15849
15766
15850
15767
15851
15768
15852
15769
15853
15770
15854
15771
15855
15772
15856
15773
15857
15774
15858
15775
15859
15776
15860
15777
15861
15778
15862
15779
15863
15780
15864
15781
15865
15782
15866
15783
15867
15784
15868
15785
15869
15786
15870
15787
15871
15788
15872
15789
15873
15790
15874
15791
15875
15792
15876
15793
15877
15794
15878
15795
15879
15796
15880
15797
15881
15798
15882
15799
15883
15800
15884
15801
15885
15802
15886
15803
15887
15804
15888
15805
15889
15806
15890
15807
15891
15808
15892
15809
15893
15894
15811
15895
15812
15896
15813
15897
15814
15898
15815
15899
15816
15900
15817
15901
15818
15902
15819
15903
15820
15904
15821
15905
15822
15906
15823
15907
15824
15908
15825
15909
15826
15910
15827
15911
15828
15912
15829
15913
15830
15914
15831
15915
15832
15916
15833
15917
15834
15918
15835
15919
15836
15920
15837
15921
15838
15922
15839
15923
15840
15924
15841
15925
15842
15926
15843
15927
15844
15928
15845
15929
15846
15930
15847
15931
15848
15932
15849
15933
15850
15934
15851
15935
15852
15936
15853
15937
15854
15938
15855
15939
15856
15940
15857
15941
15858
15942
15859
15943
15860
15944
15861
15945
15862
15946
15863
15947
15864
15948
15865
15949
15866
15950
15867
15951
15868
15952
15869
15953
15870
15954
15871
15955
15872
15956
15873
15957
15874
15958
15875
15959
15876
15960
15877
15961
15878
15962
15879
15963
15880
15964
15881
15965
15882
15966
15883
15967
15884
15968
15885
15969
15886
15970
15887
15971
15888
15972
15889
15973
15890
15974
15891
15975
15892
15976
15893
15977
15894
15978
15979
15896
15980
15897
15981
15898
15982
15899
15983
15900
15984
15901
15985
15902
15986
15903
15987
15904
15988
15905
15989
15906
15990
15907
15991
15908
15992
15909
15993
15910
15994
15911
15995
15912
15996
15913
15997
15914
15998
15915
15999
15916
16000
15917
16001
15918
16002
15919
16003
15920
16004
15921
16005
15922
16006
15923
16007
15924
16008
15925
16009
15926
16010
15927
16011
15928
16012
15929
16013
15930
16014
15931
16015
15932
16016
15933
16017
15934
16018
15935
16019
15936
16020
15937
16021
15938
16022
15939
16023
15940
16024
15941
16025
15942
16026
15943
16027
15944
16028
15945
16029
15946
16030
15947
16031
15948
16032
15949
16033
15950
16034
15951
16035
15952
16036
15953
16037
15954
16038
15955
16039
15956
16040
15957
16041
15958
16042
15959
16043
15960
16044
15961
16045
15962
16046
15963
16047
15964
16048
15965
16049
15966
16050
15967
16051
15968
16052
15969
16053
15970
16054
15971
16055
15972
16056
15973
16057
15974
16058
15975
16059
15976
16060
15977
16061
15978
16062
15979
16063
16064
15981
16065
15982
16066
15983
16067
15984
16068
15985
16069
15986
16070
15987
16071
15988
16072
15989
16073
15990
16074
15991
16075
15992
16076
15993
16077
15994
16078
15995
16079
15996
16080
15997
16081
15998
16082
15999
16083
16000
16084
16001
16085
16002
16086
16003
16087
16004
16088
16005
16089
16006
16090
16007
16091
16008
16092
16009
16093
16010
16094
16011
16095
16012
16096
16013
16097
16014
16098
16015
16099
16016
16100
16017
16101
16018
16102
16019
16103
16020
16104
16021
16105
16022
16106
16023
16107
16024
16108
16025
16109
16026
16110
16027
16111
16028
16112
16029
16113
16030
16114
16031
16115
16032
16116
16033
16117
16034
16118
16035
16119
16036
16120
16037
16121
16038
16122
16039
16123
16040
16124
16041
16125
16042
16126
16043
16127
16044
16128
16045
16129
16046
16130
16047
16131
16048
16132
16049
16133
16050
16134
16051
16135
16052
16136
16053
16137
16054
16138
16055
16139
16056
16140
16057
16141
16058
16142
16059
16143
16060
16144
16061
16145
16062
16146
16063
16147
16064
16148
16149
16066
16150
16067
16151
16068
16152
16069
16153
16070
16154
16071
16155
16072
16156
16073
16157
16074
16158
16075
16159
16076
16160
16077
16161
16078
16162
16079
16163
16080
16164
16081
16165
16082
16166
16083
16167
16084
16168
16085
16169
16086
16170
16087
16171
16088
16172
16089
16173
16090
16174
16091
16175
16092
16176
16093
16177
16094
16178
16095
16179
16096
16180
16097
16181
16098
16182
16099
16183
16100
16184
16101
16185
16102
16186
16103
16187
16104
16188
16105
16189
16106
16190
16107
16191
16108
16192
16109
16193
16110
16194
16111
16195
16112
16196
16113
16197
16114
16198
16115
16199
16116
16200
16117
16201
16118
16202
16119
16203
16120
16204
16121
16205
16122
16206
16123
16207
16124
16208
16125
16209
16126
16210
16127
16211
16128
16212
16129
16213
16130
16214
16131
16215
16132
16216
16133
16217
16134
16218
16135
16219
16136
16220
16137
16221
16138
16222
16139
16223
16140
16224
16141
16225
16142
16226
16143
16227
16144
16228
16145
16229
16146
16230
16147
16231
16148
16232
16149
16233
16234
16151
16235
16152
16236
16153
16237
16154
16238
16155
16239
16156
16240
16157
16241
16158
16242
16159
16243
16160
16244
16161
16245
16162
16246
16163
16247
16164
16248
16165
16249
16166
16250
16167
16251
16168
16252
16169
16253
16170
16254
16171
16255
16172
16256
16173
16257
16174
16258
16175
16259
16176
16260
16177
16261
16178
16262
16179
16263
16180
16264
16181
16265
16182
16266
16183
16267
16184
16268
16185
16269
16186
16270
16187
16271
16188
16272
16189
16273
16190
16274
16191
16275
16192
16276
16193
16277
16194
16278
16195
16279
16196
16280
16197
16281
16198
16282
16199
16283
16200
16284
16201
16285
16202
16286
16203
16287
16204
16288
16205
16289
16206
16290
16207
16291
16208
16292
16209
16293
16210
16294
16211
16295
16212
16296
16213
16297
16214
16298
16215
16299
16216
16300
16217
16301
16218
16302
16219
16303
16220
16304
16221
16305
16222
16306
16223
16307
16224
16308
16225
16309
16226
16310
16227
16311
16228
16312
16229
16313
16230
16314
16231
16315
16232
16316
16233
16317
16234
16318
16319
16236
16320
16237
16321
16238
16322
16239
16323
16240
16324
16241
16325
16242
16326
16243
16327
16244
16328
16245
16329
16246
16330
16247
16331
16248
16332
16249
16333
16250
16334
16251
16335
16252
16336
16253
16337
16254
16338
16255
16339
16256
16340
16257
16341
16258
16342
16259
16343
16260
16344
16261
16345
16262
16346
16263
16347
16264
16348
16265
16349
16266
16350
16267
16351
16268
16352
16269
16353
16270
16354
16271
16355
16272
16356
16273
16357
16274
16358
16275
16359
16276
16360
16277
16361
16278
16362
16279
16363
16280
16364
16281
16365
16282
16366
16283
16367
16284
16368
16285
16369
16286
16370
16287
16371
16288
16372
16289
16373
16290
16374
16291
16375
16292
16376
16293
16377
16294
16378
16295
16379
16296
16380
16297
16381
16298
16382
16299
16383
16300
16384
16301
16385
16302
16386
16303
16387
16304
16388
16305
16389
16306
16390
16307
16391
16308
16392
16309
16393
16310
16394
16311
16395
16312
16396
16313
16397
16314
16398
16315
16399
16316
16400
16317
16401
16318
16402
16319
16403
16404
16321
16405
16322
16406
16323
16407
16324
16408
16325
16409
16326
16410
16327
16411
16328
16412
16329
16413
16330
16414
16331
16415
16332
16416
16333
16417
16334
16418
16335
16419
16336
16420
16337
16421
16338
16422
16339
16423
16340
16424
16341
16425
16342
16426
16343
16427
16344
16428
16345
16429
16346
16430
16347
16431
16348
16432
16349
16433
16350
16434
16351
16435
16352
16436
16353
16437
16354
16438
16355
16439
16356
16440
16357
16441
16358
16442
16359
16443
16360
16444
16361
16445
16362
16446
16363
16447
16364
16448
16365
16449
16366
16450
16367
16451
16368
16452
16369
16453
16370
16454
16371
16455
16372
16456
16373
16457
16374
16458
16375
16459
16376
16460
16377
16461
16378
16462
16379
16463
16380
16464
16381
16465
16382
16466
16383
16467
16384
16468
16385
16469
16386
16470
16387
16471
16388
16472
16389
16473
16390
16474
16391
16475
16392
16476
16393
16477
16394
16478
16395
16479
16396
16480
16397
16481
16398
16482
16399
16483
16400
16484
16401
16485
16402
16486
16403
16487
16404
16488
16489
16406
16490
16407
16491
16408
16492
16409
16493
16410
16494
16411
16495
16412
16496
16413
16497
16414
16498
16415
16499
16416
16500
16417
16501
16418
16502
16419
16503
16420
16504
16421
16505
16422
16506
16423
16507
16424
16508
16425
16509
16426
16510
16427
16511
16428
16512
16429
16513
16430
16514
16431
16515
16432
16516
16433
16517
16434
16518
16435
16519
16436
16520
16437
16521
16438
16522
16439
16523
16440
16524
16441
16525
16442
16526
16443
16527
16444
16528
16445
16529
16446
16530
16447
16531
16448
16532
16449
16533
16450
16534
16451
16535
16452
16536
16453
16537
16454
16538
16455
16539
16456
16540
16457
16541
16458
16542
16459
16543
16460
16544
16461
16545
16462
16546
16463
16547
16464
16548
16465
16549
16466
16550
16467
16551
16468
16552
16469
16553
16470
16554
16471
16555
16472
16556
16473
16557
16474
16558
16475
16559
16476
16560
16477
16561
16478
16562
16479
16563
16480
16564
16481
16565
16482
16566
16483
16567
16484
16568
16485
16569
16486
16570
16487
16571
16488
16572
16489
16573
16574
16491
16575
16492
16576
16493
16577
16494
16578
16495
16579
16496
16580
16497
16581
16498
16582
16499
16583
16500
16584
16501
16585
16502
16586
16503
16587
16504
16588
16505
16589
16506
16590
16507
16591
16508
16592
16509
16593
16510
16594
16511
16595
16512
16596
16513
16597
16514
16598
16515
16599
16516
16600
16517
16601
16518
16602
16519
16603
16520
16604
16521
16605
16522
16606
16523
16607
16524
16608
16525
16609
16526
16610
16527
16611
16528
16612
16529
16613
16530
16614
16531
16615
16532
16616
16533
16617
16534
16618
16535
16619
16536
16620
16537
16621
16538
16622
16539
16623
16540
16624
16541
16625
16542
16626
16543
16627
16544
16628
16545
16629
16546
16630
16547
16631
16548
16632
16549
16633
16550
16634
16551
16635
16552
16636
16553
16637
16554
16638
16555
16639
16556
16640
16557
16641
16558
16642
16559
16643
16560
16644
16561
16645
16562
16646
16563
16647
16564
16648
16565
16649
16566
16650
16567
16651
16568
16652
16569
16653
16570
16654
16571
16655
16572
16656
16573
16657
16574
16658
16659
16576
16660
16577
16661
16578
16662
16579
16663
16580
16664
16581
16665
16582
16666
16583
16667
16584
16668
16585
16669
16586
16670
16587
16671
16588
16672
16589
16673
16590
16674
16591
16675
16592
16676
16593
16677
16594
16678
16595
16679
16596
16680
16597
16681
16598
16682
16599
16683
16600
16684
16601
16685
16602
16686
16603
16687
16604
16688
16605
16689
16606
16690
16607
16691
16608
16692
16609
16693
16610
16694
16611
16695
16612
16696
16613
16697
16614
16698
16615
16699
16616
16700
16617
16701
16618
16702
16619
16703
16620
16704
16621
16705
16622
16706
16623
16707
16624
16708
16625
16709
16626
16710
16627
16711
16628
16712
16629
16713
16630
16714
16631
16715
16632
16716
16633
16717
16634
16718
16635
16719
16636
16720
16637
16721
16638
16722
16639
16723
16640
16724
16641
16725
16642
16726
16643
16727
16644
16728
16645
16729
16646
16730
16647
16731
16648
16732
16649
16733
16650
16734
16651
16735
16652
16736
16653
16737
16654
16738
16655
16739
16656
16740
16657
16741
16658
16742
16659
16743
16744
16661
16745
16662
16746
16663
16747
16664
16748
16665
16749
16666
16750
16667
16751
16668
16752
16669
16753
16670
16754
16671
16755
16672
16756
16673
16757
16674
16758
16675
16759
16676
16760
16677
16761
16678
16762
16679
16763
16680
16764
16681
16765
16682
16766
16683
16767
16684
16768
16685
16769
16686
16770
16687
16771
16688
16772
16689
16773
16690
16774
16691
16775
16692
16776
16693
16777
16694
16778
16695
16779
16696
16780
16697
16781
16698
16782
16699
16783
16700
16784
16701
16785
16702
16786
16703
16787
16704
16788
16705
16789
16706
16790
16707
16791
16708
16792
16709
16793
16710
16794
16711
16795
16712
16796
16713
16797
16714
16798
16715
16799
16716
16800
16717
16801
16718
16802
16719
16803
16720
16804
16721
16805
16722
16806
16723
16807
16724
16808
16725
16809
16726
16810
16727
16811
16728
16812
16729
16813
16730
16814
16731
16815
16732
16816
16733
16817
16734
16818
16735
16819
16736
16820
16737
16821
16738
16822
16739
16823
16740
16824
16741
16825
16742
16826
16743
16827
16744
16828
16829
16746
16830
16747
16831
16748
16832
16749
16833
16750
16834
16751
16835
16752
16836
16753
16837
16754
16838
16755
16839
16756
16840
16757
16841
16758
16842
16759
16843
16760
16844
16761
16845
16762
16846
16763
16847
16764
16848
16765
16849
16766
16850
16767
16851
16768
16852
16769
16853
16770
16854
16771
16855
16772
16856
16773
16857
16774
16858
16775
16859
16776
16860
16777
16861
16778
16862
16779
16863
16780
16864
16781
16865
16782
16866
16783
16867
16784
16868
16785
16869
16786
16870
16787
16871
16788
16872
16789
16873
16790
16874
16791
16875
16792
16876
16793
16877
16794
16878
16795
16879
16796
16880
16797
16881
16798
16882
16799
16883
16800
16884
16801
16885
16802
16886
16803
16887
16804
16888
16805
16889
16806
16890
16807
16891
16808
16892
16809
16893
16810
16894
16811
16895
16812
16896
16813
16897
16814
16898
16815
16899
16816
16900
16817
16901
16818
16902
16819
16903
16820
16904
16821
16905
16822
16906
16823
16907
16824
16908
16825
16909
16826
16910
16827
16911
16828
16912
16829
16913
16914
16831
16915
16832
16916
16833
16917
16834
16918
16835
16919
16836
16920
16837
16921
16838
16922
16839
16923
16840
16924
16841
16925
16842
16926
16843
16927
16844
16928
16845
16929
16846
16930
16847
16931
16848
16932
16849
16933
16850
16934
16851
16935
16852
16936
16853
16937
16854
16938
16855
16939
16856
16940
16857
16941
16858
16942
16859
16943
16860
16944
16861
16945
16862
16946
16863
16947
16864
16948
16865
16949
16866
16950
16867
16951
16868
16952
16869
16953
16870
16954
16871
16955
16872
16956
16873
16957
16874
16958
16875
16959
16876
16960
16877
16961
16878
16962
16879
16963
16880
16964
16881
16965
16882
16966
16883
16967
16884
16968
16885
16969
16886
16970
16887
16971
16888
16972
16889
16973
16890
16974
16891
16975
16892
16976
16893
16977
16894
16978
16895
16979
16896
16980
16897
16981
16898
16982
16899
16983
16900
16984
16901
16985
16902
16986
16903
16987
16904
16988
16905
16989
16906
16990
16907
16991
16908
16992
16909
16993
16910
16994
16911
16995
16912
16996
16913
16997
16914
16998
16999
16916
17000
16917
17001
16918
17002
16919
17003
16920
17004
16921
17005
16922
17006
16923
17007
16924
17008
16925
17009
16926
17010
16927
17011
16928
17012
16929
17013
16930
17014
16931
17015
16932
17016
16933
17017
16934
17018
16935
17019
16936
17020
16937
17021
16938
17022
16939
17023
16940
17024
16941
17025
16942
17026
16943
17027
16944
17028
16945
17029
16946
17030
16947
17031
16948
17032
16949
17033
16950
17034
16951
17035
16952
17036
16953
17037
16954
17038
16955
17039
16956
17040
16957
17041
16958
17042
16959
17043
16960
17044
16961
17045
16962
17046
16963
17047
16964
17048
16965
17049
16966
17050
16967
17051
16968
17052
16969
17053
16970
17054
16971
17055
16972
17056
16973
17057
16974
17058
16975
17059
16976
17060
16977
17061
16978
17062
16979
17063
16980
17064
16981
17065
16982
17066
16983
17067
16984
17068
16985
17069
16986
17070
16987
17071
16988
17072
16989
17073
16990
17074
16991
17075
16992
17076
16993
17077
16994
17078
16995
17079
16996
17080
16997
17081
16998
17082
16999
17083
17084
17001
17085
17002
17086
17003
17087
17004
17088
17005
17089
17006
17090
17007
17091
17008
17092
17009
17093
17010
17094
17011
17095
17012
17096
17013
17097
17014
17098
17015
17099
17016
17100
17017
17101
17018
17102
17019
17103
17020
17104
17021
17105
17022
17106
17023
17107
17024
17108
17025
17109
17026
17110
17027
17111
17028
17112
17029
17113
17030
17114
17031
17115
17032
17116
17033
17117
17034
17118
17035
17119
17036
17120
17037
17121
17038
17122
17039
17123
17040
17124
17041
17125
17042
17126
17043
17127
17044
17128
17045
17129
17046
17130
17047
17131
17048
17132
17049
17133
17050
17134
17051
17135
17052
17136
17053
17137
17054
17138
17055
17139
17056
17140
17057
17141
17058
17142
17059
17143
17060
17144
17061
17145
17062
17146
17063
17147
17064
17148
17065
17149
17066
17150
17067
17151
17068
17152
17069
17153
17070
17154
17071
17155
17072
17156
17073
17157
17074
17158
17075
17159
17076
17160
17077
17161
17078
17162
17079
17163
17080
17164
17081
17165
17082
17166
17083
17167
17084
17168
17169
17086
17170
17087
17171
17088
17172
17089
17173
17090
17174
17091
17175
17092
17176
17093
17177
17094
17178
17095
17179
17096
17180
17097
17181
17098
17182
17099
17183
17100
17184
17101
17185
17102
17186
17103
17187
17104
17188
17105
17189
17106
17190
17107
17191
17108
17192
17109
17193
17110
17194
17111
17195
17112
17196
17113
17197
17114
17198
17115
17199
17116
17200
17117
17201
17118
17202
17119
17203
17120
17204
17121
17205
17122
17206
17123
17207
17124
17208
17125
17209
17126
17210
17127
17211
17128
17212
17129
17213
17130
17214
17131
17215
17132
17216
17133
17217
17134
17218
17135
17219
17136
17220
17137
17221
17138
17222
17139
17223
17140
17224
17141
17225
17142
17226
17143
17227
17144
17228
17145
17229
17146
17230
17147
17231
17148
17232
17149
17233
17150
17234
17151
17235
17152
17236
17153
17237
17154
17238
17155
17239
17156
17240
17157
17241
17158
17242
17159
17243
17160
17244
17161
17245
17162
17246
17163
17247
17164
17248
17165
17249
17166
17250
17167
17251
17168
17252
17169
17253
17254
17171
17255
17172
17256
17173
17257
17174
17258
17175
17259
17176
17260
17177
17261
17178
17262
17179
17263
17180
17264
17181
17265
17182
17266
17183
17267
17184
17268
17185
17269
17186
17270
17187
17271
17188
17272
17189
17273
17190
17274
17191
17275
17192
17276
17193
17277
17194
17278
17195
17279
17196
17280
17197
17281
17198
17282
17199
17283
17200
17284
17201
17285
17202
17286
17203
17287
17204
17288
17205
17289
17206
17290
17207
17291
17208
17292
17209
17293
17210
17294
17211
17295
17212
17296
17213
17297
17214
17298
17215
17299
17216
17300
17217
17301
17218
17302
17219
17303
17220
17304
17221
17305
17222
17306
17223
17307
17224
17308
17225
17309
17226
17310
17227
17311
17228
17312
17229
17313
17230
17314
17231
17315
17232
17316
17233
17317
17234
17318
17235
17319
17236
17320
17237
17321
17238
17322
17239
17323
17240
17324
17241
17325
17242
17326
17243
17327
17244
17328
17245
17329
17246
17330
17247
17331
17248
17332
17249
17333
17250
17334
17251
17335
17252
17336
17253
17337
17254
17338
17339
17256
17340
17257
17341
17258
17342
17259
17343
17260
17344
17261
17345
17262
17346
17263
17347
17264
17348
17265
17349
17266
17350
17267
17351
17268
17352
17269
17353
17270
17354
17271
17355
17272
17356
17273
17357
17274
17358
17275
17359
17276
17360
17277
17361
17278
17362
17279
17363
17280
17364
17281
17365
17282
17366
17283
17367
17284
17368
17285
17369
17286
17370
17287
17371
17288
17372
17289
17373
17290
17374
17291
17375
17292
17376
17293
17377
17294
17378
17295
17379
17296
17380
17297
17381
17298
17382
17299
17383
17300
17384
17301
17385
17302
17386
17303
17387
17304
17388
17305
17389
17306
17390
17307
17391
17308
17392
17309
17393
17310
17394
17311
17395
17312
17396
17313
17397
17314
17398
17315
17399
17316
17400
17317
17401
17318
17402
17319
17403
17320
17404
17321
17405
17322
17406
17323
17407
17324
17408
17325
17409
17326
17410
17327
17411
17328
17412
17329
17413
17330
17414
17331
17415
17332
17416
17333
17417
17334
17418
17335
17419
17336
17420
17337
17421
17338
17422
17339
17423
17424
17341
17425
17342
17426
17343
17427
17344
17428
17345
17429
17346
17430
17347
17431
17348
17432
17349
17433
17350
17434
17351
17435
17352
17436
17353
17437
17354
17438
17355
17439
17356
17440
17357
17441
17358
17442
17359
17443
17360
17444
17361
17445
17362
17446
17363
17447
17364
17448
17365
17449
17366
17450
17367
17451
17368
17452
17369
17453
17370
17454
17371
17455
17372
17456
17373
17457
17374
17458
17375
17459
17376
17460
17377
17461
17378
17462
17379
17463
17380
17464
17381
17465
17382
17466
17383
17467
17384
17468
17385
17469
17386
17470
17387
17471
17388
17472
17389
17473
17390
17474
17391
17475
17392
17476
17393
17477
17394
17478
17395
17479
17396
17480
17397
17481
17398
17482
17399
17483
17400
17484
17401
17485
17402
17486
17403
17487
17404
17488
17405
17489
17406
17490
17407
17491
17408
17492
17409
17493
17410
17494
17411
17495
17412
17496
17413
17497
17414
17498
17415
17499
17416
17500
17417
17501
17418
17502
17419
17503
17420
17504
17421
17505
17422
17506
17423
17507
17424
17508
17509
17426
17510
17427
17511
17428
17512
17429
17513
17430
17514
17431
17515
17432
17516
17433
17517
17434
17518
17435
17519
17436
17520
17437
17521
17438
17522
17439
17523
17440
17524
17441
17525
17442
17526
17443
17527
17444
17528
17445
17529
17446
17530
17447
17531
17448
17532
17449
17533
17450
17534
17451
17535
17452
17536
17453
17537
17454
17538
17455
17539
17456
17540
17457
17541
17458
17542
17459
17543
17460
17544
17461
17545
17462
17546
17463
17547
17464
17548
17465
17549
17466
17550
17467
17551
17468
17552
17469
17553
17470
17554
17471
17555
17472
17556
17473
17557
17474
17558
17475
17559
17476
17560
17477
17561
17478
17562
17479
17563
17480
17564
17481
17565
17482
17566
17483
17567
17484
17568
17485
17569
17486
17570
17487
17571
17488
17572
17489
17573
17490
17574
17491
17575
17492
17576
17493
17577
17494
17578
17495
17579
17496
17580
17497
17581
17498
17582
17499
17583
17500
17584
17501
17585
17502
17586
17503
17587
17504
17588
17505
17589
17506
17590
17507
17591
17508
17592
17509
17593
17594
17511
17595
17512
17596
17513
17597
17514
17598
17515
17599
17516
17600
17517
17601
17518
17602
17519
17603
17520
17604
17521
17605
17522
17606
17523
17607
17524
17608
17525
17609
17526
17610
17527
17611
17528
17612
17529
17613
17530
17614
17531
17615
17532
17616
17533
17617
17534
17618
17535
17619
17536
17620
17537
17621
17538
17622
17539
17623
17540
17624
17541
17625
17542
17626
17543
17627
17544
17628
17545
17629
17546
17630
17547
17631
17548
17632
17549
17633
17550
17634
17551
17635
17552
17636
17553
17637
17554
17638
17555
17639
17556
17640
17557
17641
17558
17642
17559
17643
17560
17644
17561
17645
17562
17646
17563
17647
17564
17648
17565
17649
17566
17650
17567
17651
17568
17652
17569
17653
17570
17654
17571
17655
17572
17656
17573
17657
17574
17658
17575
17659
17576
17660
17577
17661
17578
17662
17579
17663
17580
17664
17581
17665
17582
17666
17583
17667
17584
17668
17585
17669
17586
17670
17587
17671
17588
17672
17589
17673
17590
17674
17591
17675
17592
17676
17593
17677
17594
17678
17679
17596
17680
17597
17681
17598
17682
17599
17683
17600
17684
17601
17685
17602
17686
17603
17687
17604
17688
17605
17689
17606
17690
17607
17691
17608
17692
17609
17693
17610
17694
17611
17695
17612
17696
17613
17697
17614
17698
17615
17699
17616
17700
17617
17701
17618
17702
17619
17703
17620
17704
17621
17705
17622
17706
17623
17707
17624
17708
17625
17709
17626
17710
17627
17711
17628
17712
17629
17713
17630
17714
17631
17715
17632
17716
17633
17717
17634
17718
17635
17719
17636
17720
17637
17721
17638
17722
17639
17723
17640
17724
17641
17725
17642
17726
17643
17727
17644
17728
17645
17729
17646
17730
17647
17731
17648
17732
17649
17733
17650
17734
17651
17735
17652
17736
17653
17737
17654
17738
17655
17739
17656
17740
17657
17741
17658
17742
17659
17743
17660
17744
17661
17745
17662
17746
17663
17747
17664
17748
17665
17749
17666
17750
17667
17751
17668
17752
17669
17753
17670
17754
17671
17755
17672
17756
17673
17757
17674
17758
17675
17759
17676
17760
17677
17761
17678
17762
17679
17763
17764
17681
17765
17682
17766
17683
17767
17684
17768
17685
17769
17686
17770
17687
17771
17688
17772
17689
17773
17690
17774
17691
17775
17692
17776
17693
17777
17694
17778
17695
17779
17696
17780
17697
17781
17698
17782
17699
17783
17700
17784
17701
17785
17702
17786
17703
17787
17704
17788
17705
17789
17706
17790
17707
17791
17708
17792
17709
17793
17710
17794
17711
17795
17712
17796
17713
17797
17714
17798
17715
17799
17716
17800
17717
17801
17718
17802
17719
17803
17720
17804
17721
17805
17722
17806
17723
17807
17724
17808
17725
17809
17726
17810
17727
17811
17728
17812
17729
17813
17730
17814
17731
17815
17732
17816
17733
17817
17734
17818
17735
17819
17736
17820
17737
17821
17738
17822
17739
17823
17740
17824
17741
17825
17742
17826
17743
17827
17744
17828
17745
17829
17746
17830
17747
17831
17748
17832
17749
17833
17750
17834
17751
17835
17752
17836
17753
17837
17754
17838
17755
17839
17756
17840
17757
17841
17758
17842
17759
17843
17760
17844
17761
17845
17762
17846
17763
17847
17764
17848
17849
17766
17850
17767
17851
17768
17852
17769
17853
17770
17854
17771
17855
17772
17856
17773
17857
17774
17858
17775
17859
17776
17860
17777
17861
17778
17862
17779
17863
17780
17864
17781
17865
17782
17866
17783
17867
17784
17868
17785
17869
17786
17870
17787
17871
17788
17872
17789
17873
17790
17874
17791
17875
17792
17876
17793
17877
17794
17878
17795
17879
17796
17880
17797
17881
17798
17882
17799
17883
17800
17884
17801
17885
17802
17886
17803
17887
17804
17888
17805
17889
17806
17890
17807
17891
17808
17892
17809
17893
17810
17894
17811
17895
17812
17896
17813
17897
17814
17898
17815
17899
17816
17900
17817
17901
17818
17902
17819
17903
17820
17904
17821
17905
17822
17906
17823
17907
17824
17908
17825
17909
17826
17910
17827
17911
17828
17912
17829
17913
17830
17914
17831
17915
17832
17916
17833
17917
17834
17918
17835
17919
17836
17920
17837
17921
17838
17922
17839
17923
17840
17924
17841
17925
17842
17926
17843
17927
17844
17928
17845
17929
17846
17930
17847
17931
17848
17932
17849
17933
17934
17851
17935
17852
17936
17853
17937
17854
17938
17855
17939
17856
17940
17857
17941
17858
17942
17859
17943
17860
17944
17861
17945
17862
17946
17863
17947
17864
17948
17865
17949
17866
17950
17867
17951
17868
17952
17869
17953
17870
17954
17871
17955
17872
17956
17873
17957
17874
17958
17875
17959
17876
17960
17877
17961
17878
17962
17879
17963
17880
17964
17881
17965
17882
17966
17883
17967
17884
17968
17885
17969
17886
17970
17887
17971
17888
17972
17889
17973
17890
17974
17891
17975
17892
17976
17893
17977
17894
17978
17895
17979
17896
17980
17897
17981
17898
17982
17899
17983
17900
17984
17901
17985
17902
17986
17903
17987
17904
17988
17905
17989
17906
17990
17907
17991
17908
17992
17909
17993
17910
17994
17911
17995
17912
17996
17913
17997
17914
17998
17915
17999
17916
18000
17917
18001
17918
18002
17919
18003
17920
18004
17921
18005
17922
18006
17923
18007
17924
18008
17925
18009
17926
18010
17927
18011
17928
18012
17929
18013
17930
18014
17931
18015
17932
18016
17933
18017
17934
18018
18019
17936
18020
17937
18021
17938
18022
17939
18023
17940
18024
17941
18025
17942
18026
17943
18027
17944
18028
17945
18029
17946
18030
17947
18031
17948
18032
17949
18033
17950
18034
17951
18035
17952
18036
17953
18037
17954
18038
17955
18039
17956
18040
17957
18041
17958
18042
17959
18043
17960
18044
17961
18045
17962
18046
17963
18047
17964
18048
17965
18049
17966
18050
17967
18051
17968
18052
17969
18053
17970
18054
17971
18055
17972
18056
17973
18057
17974
18058
17975
18059
17976
18060
17977
18061
17978
18062
17979
18063
17980
18064
17981
18065
17982
18066
17983
18067
17984
18068
17985
18069
17986
18070
17987
18071
17988
18072
17989
18073
17990
18074
17991
18075
17992
18076
17993
18077
17994
18078
17995
18079
17996
18080
17997
18081
17998
18082
17999
18083
18000
18084
18001
18085
18002
18086
18003
18087
18004
18088
18005
18089
18006
18090
18007
18091
18008
18092
18009
18093
18010
18094
18011
18095
18012
18096
18013
18097
18014
18098
18015
18099
18016
18100
18017
18101
18018
18102
18019
18103
18104
18021
18105
18022
18106
18023
18107
18024
18108
18025
18109
18026
18110
18027
18111
18028
18112
18029
18113
18030
18114
18031
18115
18032
18116
18033
18117
18034
18118
18035
18119
18036
18120
18037
18121
18038
18122
18039
18123
18040
18124
18041
18125
18042
18126
18043
18127
18044
18128
18045
18129
18046
18130
18047
18131
18048
18132
18049
18133
18050
18134
18051
18135
18052
18136
18053
18137
18054
18138
18055
18139
18056
18140
18057
18141
18058
18142
18059
18143
18060
18144
18061
18145
18062
18146
18063
18147
18064
18148
18065
18149
18066
18150
18067
18151
18068
18152
18069
18153
18070
18154
18071
18155
18072
18156
18073
18157
18074
18158
18075
18159
18076
18160
18077
18161
18078
18162
18079
18163
18080
18164
18081
18165
18082
18166
18083
18167
18084
18168
18085
18169
18086
18170
18087
18171
18088
18172
18089
18173
18090
18174
18091
18175
18092
18176
18093
18177
18094
18178
18095
18179
18096
18180
18097
18181
18098
18182
18099
18183
18100
18184
18101
18185
18102
18186
18103
18187
18104
18188
18189
18106
18107
18108
18109
18110
18111
18112
18113
18114
18115
18116
18117
18118
18119
18120
18121
18122
18123
18124
18125
18126
18127
18128
18129
18130
18131
18132
18133
18134
18135
18136
18137
18138
18139
18140
18141
18142
18143
18144
18145
18146
18147
18148
18149
18150
18151
18152
18153
18154
18155
18156
18157
18158
18159
18160
18161
18162
18163
18164
18165
18166
18167
18168
18169
18170
18171
18172
18173
18174
18175
18176
18177
18178
18179
18180
18181
18182
18183
18184
18185
18186
18187
18188
18189
)


// ************************************************************************* //
